latitude,longitude,acq_datetime,frp,confidence,brightness,satellite,instrument,daynight,facility_id,facility_name,facility_type,role,power,man_made,industrial,distance_to_industry_km
26.5233,90.5319,2026-09-03 06:40:00,5.37,n,340.13,N21,VIIRS,D,97895213,Bongaigaon Refinery,Industrial / refinery,FACILITY,,,refinery,0.0
27.98609,95.93691,2026-09-03 06:40:00,8.26,n,333.62,N21,VIIRS,D,1013194650,Khangkio Tea Factory,Industrial / factory,FACILITY,,,factory,34.195
27.32438,95.27836,2026-09-03 06:40:00,2.0,n,330.51,N21,VIIRS,D,732551572,Unnamed facility,Industrial / oil,FACILITY,,,oil,4.22
7.46132,81.61855,2026-09-03 07:29:00,5.54,n,331.29,N20,VIIRS,D,1033490635,Unnamed facility,Industrial Component / storage_tank,COMPONENT,,storage_tank,,329.133
7.52379,81.09198,2026-09-03 07:29:00,17.96,l,332.6,N20,VIIRS,D,1033490635,Unnamed facility,Industrial Component / storage_tank,COMPONENT,,storage_tank,,280.611
7.55572,81.30218,2026-09-03 07:29:00,5.41,n,331.63,N20,VIIRS,D,1033490635,Unnamed facility,Industrial Component / storage_tank,COMPONENT,,storage_tank,,295.288
7.62007,80.96745,2026-09-03 07:29:00,5.49,n,331.9,N20,VIIRS,D,1033490635,Unnamed facility,Industrial Component / storage_tank,COMPONENT,,storage_tank,,263.166
7.68068,81.63508,2026-09-03 07:29:00,4.17,n,337.95,N20,VIIRS,D,1554800372,Unnamed facility,Power / generator,FACILITY,generator,,,315.896
7.6815,80.17891,2026-09-03 07:29:00,4.12,n,333.59,N20,VIIRS,D,1033490635,Unnamed facility,Industrial Component / storage_tank,COMPONENT,,storage_tank,,204.773
7.73792,81.0778,2026-09-03 07:29:00,8.03,n,333.06,N20,VIIRS,D,1033490635,Unnamed facility,Industrial Component / storage_tank,COMPONENT,,storage_tank,,263.015
7.88585,80.66019,2026-09-03 07:29:00,4.49,n,331.07,N20,VIIRS,D,1033490635,Unnamed facility,Industrial Component / storage_tank,COMPONENT,,storage_tank,,217.908
7.96085,79.96597,2026-09-03 07:29:00,2.68,n,333.06,N20,VIIRS,D,1033490635,Unnamed facility,Industrial Component / storage_tank,COMPONENT,,storage_tank,,165.996
8.10204,80.72932,2026-09-03 07:29:00,9.87,n,335.97,N20,VIIRS,D,1033490635,Unnamed facility,Industrial Component / storage_tank,COMPONENT,,storage_tank,,206.918
8.10524,80.73309,2026-09-03 07:29:00,8.29,n,337.22,N20,VIIRS,D,1033490635,Unnamed facility,Industrial Component / storage_tank,COMPONENT,,storage_tank,,207.009
8.19926,81.06908,2026-09-03 07:29:00,15.8,n,341.79,N20,VIIRS,D,1554800372,Unnamed facility,Power / generator,FACILITY,generator,,,230.962
8.24832,80.14695,2026-09-03 07:29:00,6.75,n,348.24,N20,VIIRS,D,1033490635,Unnamed facility,Industrial Component / storage_tank,COMPONENT,,storage_tank,,149.51
8.26462,80.15033,2026-09-03 07:29:00,6.57,n,342.57,N20,VIIRS,D,1033490635,Unnamed facility,Industrial Component / storage_tank,COMPONENT,,storage_tank,,148.324
8.28586,80.21172,2026-09-03 07:29:00,3.29,n,336.6,N20,VIIRS,D,1033490635,Unnamed facility,Industrial Component / storage_tank,COMPONENT,,storage_tank,,150.968
8.30271,80.59719,2026-09-03 07:29:00,6.62,n,339.21,N20,VIIRS,D,1033490635,Unnamed facility,Industrial Component / storage_tank,COMPONENT,,storage_tank,,181.318
8.30449,80.19914,2026-09-03 07:29:00,2.36,n,332.88,N20,VIIRS,D,1033490635,Unnamed facility,Industrial Component / storage_tank,COMPONENT,,storage_tank,,148.474
8.33746,81.01548,2026-09-03 07:29:00,10.77,n,353.3,N20,VIIRS,D,1554800372,Unnamed facility,Power / generator,FACILITY,generator,,,217.701
8.36755,81.04775,2026-09-03 07:29:00,10.25,n,332.21,N20,VIIRS,D,1554800372,Unnamed facility,Power / generator,FACILITY,generator,,,219.131
8.44509,81.09625,2026-09-03 07:29:00,3.59,n,341.54,N20,VIIRS,D,1554800372,Unnamed facility,Power / generator,FACILITY,generator,,,219.818
7.45927,81.3151,2026-09-03 07:29:00,7.11,n,334.62,N20,VIIRS,D,1033490635,Unnamed facility,Industrial Component / storage_tank,COMPONENT,,storage_tank,,303.582
7.44981,81.31694,2026-09-03 07:29:00,9.76,n,337.83,N20,VIIRS,D,1033490635,Unnamed facility,Industrial Component / storage_tank,COMPONENT,,storage_tank,,304.451
6.21886,80.84835,2026-09-03 07:29:00,12.97,n,352.86,N20,VIIRS,D,1033490635,Unnamed facility,Industrial Component / storage_tank,COMPONENT,,storage_tank,,384.711
7.44196,81.56097,2026-09-03 07:29:00,10.29,n,340.72,N20,VIIRS,D,1033490635,Unnamed facility,Industrial Component / storage_tank,COMPONENT,,storage_tank,,325.52
6.26443,81.08537,2026-09-03 07:29:00,6.89,n,332.67,N20,VIIRS,D,1033490635,Unnamed facility,Industrial Component / storage_tank,COMPONENT,,storage_tank,,392.784
7.4489,81.31174,2026-09-03 07:29:00,10.37,n,331.01,N20,VIIRS,D,1033490635,Unnamed facility,Industrial Component / storage_tank,COMPONENT,,storage_tank,,304.095
6.21936,80.85124,2026-09-03 07:29:00,12.37,h,367.0,N20,VIIRS,D,1033490635,Unnamed facility,Industrial Component / storage_tank,COMPONENT,,storage_tank,,384.805
6.8228,81.47654,2026-09-03 07:29:00,4.03,n,337.9,N20,VIIRS,D,1033490635,Unnamed facility,Industrial Component / storage_tank,COMPONENT,,storage_tank,,367.317
6.92909,81.49213,2026-09-03 07:29:00,3.2,n,334.14,N20,VIIRS,D,1033490635,Unnamed facility,Industrial Component / storage_tank,COMPONENT,,storage_tank,,359.604
6.93327,81.49461,2026-09-03 07:29:00,5.26,n,334.15,N20,VIIRS,D,1033490635,Unnamed facility,Industrial Component / storage_tank,COMPONENT,,storage_tank,,359.446
7.0019,81.49043,2026-09-03 07:29:00,7.65,n,331.99,N20,VIIRS,D,1033490635,Unnamed facility,Industrial Component / storage_tank,COMPONENT,,storage_tank,,353.508
7.09881,81.30836,2026-09-03 07:29:00,6.88,n,338.99,N20,VIIRS,D,1033490635,Unnamed facility,Industrial Component / storage_tank,COMPONENT,,storage_tank,,331.751
7.13218,80.92467,2026-09-03 07:29:00,7.09,n,338.65,N20,VIIRS,D,1033490635,Unnamed facility,Industrial Component / storage_tank,COMPONENT,,storage_tank,,301.67
7.13368,80.92213,2026-09-03 07:29:00,13.75,n,344.79,N20,VIIRS,D,1033490635,Unnamed facility,Industrial Component / storage_tank,COMPONENT,,storage_tank,,301.366
7.13717,80.92435,2026-09-03 07:29:00,8.33,n,332.22,N20,VIIRS,D,1033490635,Unnamed facility,Industrial Component / storage_tank,COMPONENT,,storage_tank,,301.2
6.8227,81.4789,2026-09-03 07:29:00,4.65,n,340.14,N20,VIIRS,D,1033490635,Unnamed facility,Industrial Component / storage_tank,COMPONENT,,storage_tank,,367.499
7.21505,81.83522,2026-09-03 07:29:00,3.23,n,341.64,N20,VIIRS,D,1033490635,Unnamed facility,Industrial Component / storage_tank,COMPONENT,,storage_tank,,365.276
7.14319,81.56036,2026-09-03 07:29:00,3.38,n,331.83,N20,VIIRS,D,1033490635,Unnamed facility,Industrial Component / storage_tank,COMPONENT,,storage_tank,,347.763
7.40801,81.64283,2026-09-03 07:29:00,3.69,n,337.1,N20,VIIRS,D,1033490635,Unnamed facility,Industrial Component / storage_tank,COMPONENT,,storage_tank,,334.987
7.38198,81.81867,2026-09-03 07:29:00,4.29,n,335.02,N20,VIIRS,D,1033490635,Unnamed facility,Industrial Component / storage_tank,COMPONENT,,storage_tank,,352.179
7.37235,81.60337,2026-09-03 07:29:00,7.97,n,337.78,N20,VIIRS,D,1033490635,Unnamed facility,Industrial Component / storage_tank,COMPONENT,,storage_tank,,334.146
7.37384,81.60008,2026-09-03 07:29:00,6.02,n,337.83,N20,VIIRS,D,1033490635,Unnamed facility,Industrial Component / storage_tank,COMPONENT,,storage_tank,,333.758
7.36477,81.10838,2026-09-03 07:29:00,7.86,l,331.17,N20,VIIRS,D,1033490635,Unnamed facility,Industrial Component / storage_tank,COMPONENT,,storage_tank,,294.714
7.36392,81.54081,2026-09-03 07:29:00,6.1,n,330.09,N20,VIIRS,D,1033490635,Unnamed facility,Industrial Component / storage_tank,COMPONENT,,storage_tank,,329.462
7.30812,81.85378,2026-09-03 07:29:00,4.9,n,330.62,N20,VIIRS,D,1033490635,Unnamed facility,Industrial Component / storage_tank,COMPONENT,,storage_tank,,360.342
7.30715,81.8511,2026-09-03 07:29:00,3.47,n,330.92,N20,VIIRS,D,1033490635,Unnamed facility,Industrial Component / storage_tank,COMPONENT,,storage_tank,,360.175
7.36666,81.54342,2026-09-03 07:29:00,7.58,n,337.55,N20,VIIRS,D,1033490635,Unnamed facility,Industrial Component / storage_tank,COMPONENT,,storage_tank,,329.481
9.40643,80.27791,2026-09-03 07:31:00,11.41,n,342.51,N20,VIIRS,D,1554800372,Unnamed facility,Power / generator,FACILITY,generator,,,105.961
9.45518,80.50696,2026-09-03 07:31:00,8.3,n,344.57,N20,VIIRS,D,1554246470,Unnamed facility,Power / generator,FACILITY,generator,,,120.034
9.40674,80.45943,2026-09-03 07:31:00,8.78,n,337.9,N20,VIIRS,D,1554246470,Unnamed facility,Power / generator,FACILITY,generator,,,121.163
9.42708,80.41814,2026-09-03 07:31:00,8.81,n,332.15,N20,VIIRS,D,1554246470,Unnamed facility,Power / generator,FACILITY,generator,,,116.645
9.43313,80.38053,2026-09-03 07:31:00,8.46,n,343.61,N20,VIIRS,D,1554246470,Unnamed facility,Power / generator,FACILITY,generator,,,113.756
9.43566,80.38232,2026-09-03 07:31:00,3.98,n,342.04,N20,VIIRS,D,1554246470,Unnamed facility,Power / generator,FACILITY,generator,,,113.625
9.4573,80.46156,2026-09-03 07:31:00,5.33,n,331.23,N20,VIIRS,D,1554246470,Unnamed facility,Power / generator,FACILITY,generator,,,116.716
12.44623,79.14983,2026-09-03 07:31:00,3.06,n,338.77,N20,VIIRS,D,4958347476,Sugar factory,Industrial Infrastructure / works,FACILITY,,works,,7.341
9.65259,78.06654,2026-09-03 07:31:00,6.03,n,335.92,N20,VIIRS,D,1268380495,Unnamed facility,Power / plant,FACILITY,plant,,,4.285
9.7496,78.01988,2026-09-03 07:31:00,9.94,n,342.77,N20,VIIRS,D,202523660,Unnamed facility,Mining / quarry,FACILITY,,,,2.652
9.75129,78.01684,2026-09-03 07:31:00,10.6,n,343.09,N20,VIIRS,D,202523660,Unnamed facility,Mining / quarry,FACILITY,,,,2.735
10.49617,79.46641,2026-09-03 07:31:00,3.94,n,343.03,N20,VIIRS,D,341599763,Thirumakotai Power Station,Power / plant,FACILITY,plant,,,5.145
12.74508,78.65624,2026-09-03 07:31:00,4.03,n,335.06,N20,VIIRS,D,1539560683,Unnamed facility,Mining / quarry,FACILITY,,,,4.512
14.10816,77.59407,2026-09-03 07:31:00,3.39,n,330.93,N20,VIIRS,D,9096790574,Unnamed facility,Power / generator,FACILITY,generator,,,2.014
9.40467,80.27582,2026-09-03 07:31:00,7.92,n,344.59,N20,VIIRS,D,1554800372,Unnamed facility,Power / generator,FACILITY,generator,,,105.711
9.65053,78.06663,2026-09-03 07:31:00,5.67,n,343.52,N20,VIIRS,D,1268380495,Unnamed facility,Power / plant,FACILITY,plant,,,4.122
9.22214,80.69701,2026-09-03 07:31:00,8.65,n,335.77,N20,VIIRS,D,1554800372,Unnamed facility,Power / generator,FACILITY,generator,,,152.528
8.6308,80.4159,2026-09-03 07:31:00,2.74,n,333.51,N20,VIIRS,D,1554800372,Unnamed facility,Power / generator,FACILITY,generator,,,143.535
9.13227,80.27708,2026-09-03 07:31:00,4.0,n,340.2,N20,VIIRS,D,1554800372,Unnamed facility,Power / generator,FACILITY,generator,,,107.46
8.34383,80.22264,2026-09-03 07:31:00,10.95,n,350.25,N20,VIIRS,D,1033490635,Unnamed facility,Industrial Component / storage_tank,COMPONENT,,storage_tank,,147.027
8.34437,80.22562,2026-09-03 07:31:00,10.95,n,342.36,N20,VIIRS,D,1033490635,Unnamed facility,Industrial Component / storage_tank,COMPONENT,,storage_tank,,147.214
8.35971,80.2533,2026-09-03 07:31:00,2.35,n,335.5,N20,VIIRS,D,1033490635,Unnamed facility,Industrial Component / storage_tank,COMPONENT,,storage_tank,,148.161
8.41501,80.3905,2026-09-03 07:31:00,8.63,h,367.0,N20,VIIRS,D,1033490635,Unnamed facility,Industrial Component / storage_tank,COMPONENT,,storage_tank,,155.422
8.46256,80.36608,2026-09-03 07:31:00,3.73,n,333.5,N20,VIIRS,D,1033490635,Unnamed facility,Industrial Component / storage_tank,COMPONENT,,storage_tank,,149.964
8.49436,77.96617,2026-09-03 07:31:00,3.34,n,330.46,N20,VIIRS,D,1468877017,Unnamed facility,Power / plant,FACILITY,plant,,,6.484
8.51105,80.40782,2026-09-03 07:31:00,3.29,n,331.08,N20,VIIRS,D,1033490635,Unnamed facility,Industrial Component / storage_tank,COMPONENT,,storage_tank,,150.434
8.52967,80.84583,2026-09-03 07:31:00,5.39,n,335.62,N20,VIIRS,D,1554800372,Unnamed facility,Power / generator,FACILITY,generator,,,190.669
9.20978,80.65526,2026-09-03 07:31:00,6.78,n,338.21,N20,VIIRS,D,1554800372,Unnamed facility,Power / generator,FACILITY,generator,,,148.001
8.53348,80.84363,2026-09-03 07:31:00,9.06,n,336.45,N20,VIIRS,D,1554800372,Unnamed facility,Power / generator,FACILITY,generator,,,190.252
8.72508,80.47949,2026-09-03 07:31:00,15.27,n,344.74,N20,VIIRS,D,1554800372,Unnamed facility,Power / generator,FACILITY,generator,,,144.334
8.79795,80.4024,2026-09-03 07:31:00,12.78,n,343.66,N20,VIIRS,D,1554800372,Unnamed facility,Power / generator,FACILITY,generator,,,132.97
8.79975,80.40611,2026-09-03 07:31:00,8.46,n,331.81,N20,VIIRS,D,1554800372,Unnamed facility,Power / generator,FACILITY,generator,,,133.251
8.86345,78.08493,2026-09-03 07:31:00,2.28,n,338.14,N20,VIIRS,D,8925887725,Unnamed facility,Power / generator,FACILITY,generator,,,0.685
8.9091,80.35435,2026-09-03 07:31:00,6.05,n,339.55,N20,VIIRS,D,1554800372,Unnamed facility,Power / generator,FACILITY,generator,,,122.969
8.94823,80.79115,2026-09-03 07:31:00,4.58,n,333.54,N20,VIIRS,D,1554800372,Unnamed facility,Power / generator,FACILITY,generator,,,167.884
8.995,78.11643,2026-09-03 07:31:00,3.27,n,341.06,N20,VIIRS,D,8925887753,Unnamed facility,Power / generator,FACILITY,generator,,,1.355
8.58942,80.82306,2026-09-03 07:31:00,6.13,n,334.19,N20,VIIRS,D,1554800372,Unnamed facility,Power / generator,FACILITY,generator,,,185.354
23.78796,85.55418,2026-09-03 07:33:00,2.83,n,332.27,N20,VIIRS,D,65251416,West Bokaro Coal Mine,Mining / quarry,FACILITY,,,,0.236
23.78466,85.55476,2026-09-03 07:33:00,2.83,n,332.14,N20,VIIRS,D,65251416,West Bokaro Coal Mine,Mining / quarry,FACILITY,,,,0.587
21.16354,72.67133,2026-09-03 07:33:00,5.44,n,338.1,N20,VIIRS,D,661885047,Reliance,Industrial Infrastructure / works,FACILITY,,works,,0.0
23.77443,86.36435,2026-09-03 07:33:00,4.56,n,340.16,N20,VIIRS,D,825940050,Unnamed facility,Mining / quarry,FACILITY,,,,0.0
23.77833,86.3914,2026-09-03 07:33:00,5.61,n,333.93,N20,VIIRS,D,117695917,Cluster 11 and Cluster 7 (BCCL) Coal Mines,Mining / quarry,FACILITY,,,,0.0
21.10291,72.64852,2026-09-03 07:33:00,9.08,n,334.62,N20,VIIRS,D,104647203,ArcelorMittal Nippon Steel India,Industrial Infrastructure / works,FACILITY,,works,,0.0
22.36557,87.30296,2026-09-03 07:33:00,9.64,n,343.37,N20,VIIRS,D,661053493,Unnamed facility,Industrial Infrastructure / works,FACILITY,,works,,4.578
23.66255,87.15377,2026-09-03 07:33:00,3.12,n,330.63,N20,VIIRS,D,988893570,Belbaid,Industrial / mine,FACILITY,,,mine,1.001
27.9844,95.93944,2026-09-03 07:35:00,7.85,n,348.14,N20,VIIRS,D,1013194650,Khangkio Tea Factory,Industrial / factory,FACILITY,,,factory,33.847
29.90034,70.05103,2026-09-03 07:37:00,2.92,n,335.7,N20,VIIRS,D,999202780,Unnamed facility,Power / plant,FACILITY,plant,,,296.746
31.36748,72.16143,2026-09-03 07:37:00,2.41,n,330.66,N20,VIIRS,D,637580388,Unnamed facility,Industrial / brickyard,FACILITY,,,brickyard,240.912
31.98055,72.40473,2026-09-03 07:37:00,3.05,n,337.52,N20,VIIRS,D,498946093,Unnamed facility,Industrial / brickworks,FACILITY,,,brickworks,245.01
31.98557,72.40307,2026-09-03 07:37:00,2.79,n,331.06,N20,VIIRS,D,498946093,Unnamed facility,Industrial / brickworks,FACILITY,,,brickworks,245.307
35.70685,73.66389,2026-09-03 07:37:00,8.0,n,339.6,N20,VIIRS,D,13575141453,Unnamed facility,Industrial Component / storage_tank,COMPONENT,,storage_tank,,170.03
28.80634,71.15429,2026-09-03 07:37:00,11.08,h,367.0,N20,VIIRS,D,1431799822,Unnamed facility,Power / plant,FACILITY,plant,,,141.85
7.62325,80.96835,2026-09-03 08:16:00,8.76,n,335.3,N21,VIIRS,D,1033490635,Unnamed facility,Industrial Component / storage_tank,COMPONENT,,storage_tank,,262.982
7.86326,79.96407,2026-09-03 08:16:00,3.04,n,331.68,N21,VIIRS,D,1033490635,Unnamed facility,Industrial Component / storage_tank,COMPONENT,,storage_tank,,175.805
7.85638,80.04802,2026-09-03 08:16:00,2.72,n,333.4,N21,VIIRS,D,1033490635,Unnamed facility,Industrial Component / storage_tank,COMPONENT,,storage_tank,,180.594
7.85264,80.04858,2026-09-03 08:16:00,7.95,n,334.57,N21,VIIRS,D,1033490635,Unnamed facility,Industrial Component / storage_tank,COMPONENT,,storage_tank,,180.997
7.73774,80.84113,2026-09-03 08:16:00,7.68,n,335.96,N21,VIIRS,D,1033490635,Unnamed facility,Industrial Component / storage_tank,COMPONENT,,storage_tank,,243.881
7.72421,81.08974,2026-09-03 08:16:00,2.74,n,337.96,N21,VIIRS,D,1033490635,Unnamed facility,Industrial Component / storage_tank,COMPONENT,,storage_tank,,265.031
7.66577,81.45068,2026-09-03 08:16:00,5.64,n,339.69,N21,VIIRS,D,1033490635,Unnamed facility,Industrial Component / storage_tank,COMPONENT,,storage_tank,,300.283
7.60967,80.6478,2026-09-03 08:16:00,4.39,n,331.72,N21,VIIRS,D,1033490635,Unnamed facility,Industrial Component / storage_tank,COMPONENT,,storage_tank,,240.391
7.48285,81.36305,2026-09-03 08:16:00,6.87,n,343.72,N21,VIIRS,D,1033490635,Unnamed facility,Industrial Component / storage_tank,COMPONENT,,storage_tank,,305.779
7.38834,81.06092,2026-09-03 08:16:00,7.7,n,338.64,N21,VIIRS,D,1033490635,Unnamed facility,Industrial Component / storage_tank,COMPONENT,,storage_tank,,289.185
7.55352,81.30081,2026-09-03 08:16:00,9.55,n,350.83,N21,VIIRS,D,1033490635,Unnamed facility,Industrial Component / storage_tank,COMPONENT,,storage_tank,,295.335
7.55303,81.29726,2026-09-03 08:16:00,11.53,n,345.16,N21,VIIRS,D,1033490635,Unnamed facility,Industrial Component / storage_tank,COMPONENT,,storage_tank,,295.075
7.52646,81.40805,2026-09-03 08:16:00,5.95,n,335.13,N21,VIIRS,D,1033490635,Unnamed facility,Industrial Component / storage_tank,COMPONENT,,storage_tank,,306.37
7.86806,81.46723,2026-09-03 08:16:00,7.53,n,342.3,N21,VIIRS,D,1554800372,Unnamed facility,Power / generator,FACILITY,generator,,,288.506
7.46059,81.61513,2026-09-03 08:16:00,5.81,n,339.89,N21,VIIRS,D,1033490635,Unnamed facility,Industrial Component / storage_tank,COMPONENT,,storage_tank,,328.886
7.44659,81.28069,2026-09-03 08:16:00,5.42,n,333.29,N21,VIIRS,D,1033490635,Unnamed facility,Industrial Component / storage_tank,COMPONENT,,storage_tank,,301.742
7.44384,81.55708,2026-09-03 08:16:00,9.25,n,352.87,N21,VIIRS,D,1033490635,Unnamed facility,Industrial Component / storage_tank,COMPONENT,,storage_tank,,325.051
7.39849,81.65063,2026-09-03 08:16:00,3.54,n,336.81,N21,VIIRS,D,1033490635,Unnamed facility,Industrial Component / storage_tank,COMPONENT,,storage_tank,,336.335
7.55756,81.30028,2026-09-03 08:16:00,9.55,n,345.11,N21,VIIRS,D,1033490635,Unnamed facility,Industrial Component / storage_tank,COMPONENT,,storage_tank,,294.992
7.8992,80.0442,2026-09-03 08:16:00,1.93,n,332.09,N21,VIIRS,D,1033490635,Unnamed facility,Industrial Component / storage_tank,COMPONENT,,storage_tank,,176.132
8.052,81.29865,2026-09-03 08:16:00,5.76,n,343.17,N21,VIIRS,D,1554800372,Unnamed facility,Power / generator,FACILITY,generator,,,261.414
8.04111,80.36721,2026-09-03 08:16:00,4.65,n,335.65,N21,VIIRS,D,1033490635,Unnamed facility,Industrial Component / storage_tank,COMPONENT,,storage_tank,,183.091
8.3034,80.67529,2026-09-03 08:16:00,7.93,n,336.16,N21,VIIRS,D,1033490635,Unnamed facility,Industrial Component / storage_tank,COMPONENT,,storage_tank,,188.246
8.30173,80.23722,2026-09-03 08:16:00,6.4,n,335.24,N21,VIIRS,D,1033490635,Unnamed facility,Industrial Component / storage_tank,COMPONENT,,storage_tank,,151.576
8.29792,80.23779,2026-09-03 08:16:00,8.52,n,338.58,N21,VIIRS,D,1033490635,Unnamed facility,Industrial Component / storage_tank,COMPONENT,,storage_tank,,151.932
8.26189,80.14746,2026-09-03 08:16:00,9.88,n,337.03,N21,VIIRS,D,1033490635,Unnamed facility,Industrial Component / storage_tank,COMPONENT,,storage_tank,,148.36
8.25367,80.14391,2026-09-03 08:16:00,3.79,n,331.71,N21,VIIRS,D,1033490635,Unnamed facility,Industrial Component / storage_tank,COMPONENT,,storage_tank,,148.829
8.24988,80.14448,2026-09-03 08:16:00,3.79,n,330.46,N21,VIIRS,D,1033490635,Unnamed facility,Industrial Component / storage_tank,COMPONENT,,storage_tank,,149.201
8.19903,81.06994,2026-09-03 08:16:00,19.69,n,352.69,N21,VIIRS,D,1554800372,Unnamed facility,Power / generator,FACILITY,generator,,,231.057
8.18848,80.68414,2026-09-03 08:16:00,4.73,n,335.38,N21,VIIRS,D,1033490635,Unnamed facility,Industrial Component / storage_tank,COMPONENT,,storage_tank,,196.865
8.15971,81.32464,2026-09-03 08:16:00,6.7,n,337.61,N21,VIIRS,D,1554800372,Unnamed facility,Power / generator,FACILITY,generator,,,257.502
7.97694,80.23997,2026-09-03 08:16:00,3.84,n,340.4,N21,VIIRS,D,1033490635,Unnamed facility,Industrial Component / storage_tank,COMPONENT,,storage_tank,,180.113
8.15791,80.28943,2026-09-03 08:16:00,1.95,n,332.48,N21,VIIRS,D,1033490635,Unnamed facility,Industrial Component / storage_tank,COMPONENT,,storage_tank,,167.483
8.15193,80.6235,2026-09-03 08:16:00,7.31,n,337.53,N21,VIIRS,D,1033490635,Unnamed facility,Industrial Component / storage_tank,COMPONENT,,storage_tank,,194.313
8.14853,81.33372,2026-09-03 08:16:00,8.24,n,336.72,N21,VIIRS,D,1554800372,Unnamed facility,Power / generator,FACILITY,generator,,,259.011
8.14016,80.30169,2026-09-03 08:16:00,5.64,n,338.92,N21,VIIRS,D,1033490635,Unnamed facility,Industrial Component / storage_tank,COMPONENT,,storage_tank,,169.886
8.13681,80.30009,2026-09-03 08:16:00,4.52,n,339.45,N21,VIIRS,D,1033490635,Unnamed facility,Industrial Component / storage_tank,COMPONENT,,storage_tank,,170.055
8.10851,80.26566,2026-09-03 08:16:00,6.21,n,335.08,N21,VIIRS,D,1033490635,Unnamed facility,Industrial Component / storage_tank,COMPONENT,,storage_tank,,170.045
8.05456,80.64538,2026-09-03 08:16:00,5.1,n,333.86,N21,VIIRS,D,1033490635,Unnamed facility,Industrial Component / storage_tank,COMPONENT,,storage_tank,,203.436
8.04928,81.42581,2026-09-03 08:16:00,9.67,n,339.38,N21,VIIRS,D,1554800372,Unnamed facility,Power / generator,FACILITY,generator,,,273.548
8.04166,80.36526,2026-09-03 08:16:00,6.25,n,337.12,N21,VIIRS,D,1033490635,Unnamed facility,Industrial Component / storage_tank,COMPONENT,,storage_tank,,182.904
8.04131,81.28174,2026-09-03 08:16:00,4.32,n,338.65,N21,VIIRS,D,1554800372,Unnamed facility,Power / generator,FACILITY,generator,,,260.499
8.153,80.60322,2026-09-03 08:16:00,6.47,n,335.11,N21,VIIRS,D,1033490635,Unnamed facility,Industrial Component / storage_tank,COMPONENT,,storage_tank,,192.534
7.38729,81.05939,2026-09-03 08:16:00,8.78,n,339.39,N21,VIIRS,D,1033490635,Unnamed facility,Industrial Component / storage_tank,COMPONENT,,storage_tank,,289.157
6.8188,81.81318,2026-09-03 08:16:00,6.43,n,339.04,N21,VIIRS,D,1033490635,Unnamed facility,Industrial Component / storage_tank,COMPONENT,,storage_tank,,393.313
7.38393,81.77567,2026-09-03 08:16:00,4.79,n,335.15,N21,VIIRS,D,1033490635,Unnamed facility,Industrial Component / storage_tank,COMPONENT,,storage_tank,,348.253
7.07992,81.51616,2026-09-03 08:16:00,6.16,n,337.69,N21,VIIRS,D,1033490635,Unnamed facility,Industrial Component / storage_tank,COMPONENT,,storage_tank,,349.225
7.07902,81.80709,2026-09-03 08:16:00,7.79,n,335.5,N21,VIIRS,D,1033490635,Unnamed facility,Industrial Component / storage_tank,COMPONENT,,storage_tank,,372.831
7.07427,81.24828,2026-09-03 08:16:00,4.3,n,330.03,N21,VIIRS,D,1033490635,Unnamed facility,Industrial Component / storage_tank,COMPONENT,,storage_tank,,329.363
7.0714,81.11739,2026-09-03 08:16:00,11.72,n,338.2,N21,VIIRS,D,1033490635,Unnamed facility,Industrial Component / storage_tank,COMPONENT,,storage_tank,,320.23
7.07129,81.51371,2026-09-03 08:16:00,3.01,n,335.23,N21,VIIRS,D,1033490635,Unnamed facility,Industrial Component / storage_tank,COMPONENT,,storage_tank,,349.721
7.07054,81.11572,2026-09-03 08:16:00,8.72,n,338.27,N21,VIIRS,D,1033490635,Unnamed facility,Industrial Component / storage_tank,COMPONENT,,storage_tank,,320.187
7.04438,81.46957,2026-09-03 08:16:00,4.56,n,337.2,N21,VIIRS,D,1033490635,Unnamed facility,Industrial Component / storage_tank,COMPONENT,,storage_tank,,348.457
6.99152,81.596,2026-09-03 08:16:00,5.38,n,342.93,N21,VIIRS,D,1033490635,Unnamed facility,Industrial Component / storage_tank,COMPONENT,,storage_tank,,362.524
6.82495,81.47689,2026-09-03 08:16:00,3.11,n,340.18,N21,VIIRS,D,1033490635,Unnamed facility,Industrial Component / storage_tank,COMPONENT,,storage_tank,,367.162
8.30373,80.67332,2026-09-03 08:16:00,3.46,n,338.45,N21,VIIRS,D,1033490635,Unnamed facility,Industrial Component / storage_tank,COMPONENT,,storage_tank,,188.046
6.79974,81.47322,2026-09-03 08:16:00,6.41,n,339.7,N21,VIIRS,D,1033490635,Unnamed facility,Industrial Component / storage_tank,COMPONENT,,storage_tank,,369.026
6.79854,81.47297,2026-09-03 08:16:00,6.69,n,337.44,N21,VIIRS,D,1033490635,Unnamed facility,Industrial Component / storage_tank,COMPONENT,,storage_tank,,369.109
6.7477,81.52042,2026-09-03 08:16:00,13.48,n,347.23,N21,VIIRS,D,1033490635,Unnamed facility,Industrial Component / storage_tank,COMPONENT,,storage_tank,,376.875
6.74365,81.52097,2026-09-03 08:16:00,13.48,n,346.74,N21,VIIRS,D,1033490635,Unnamed facility,Industrial Component / storage_tank,COMPONENT,,storage_tank,,377.259
6.66724,80.90286,2026-09-03 08:16:00,8.62,n,333.59,N21,VIIRS,D,1033490635,Unnamed facility,Industrial Component / storage_tank,COMPONENT,,storage_tank,,343.612
8.34712,81.14988,2026-09-03 08:16:00,7.74,n,345.83,N21,VIIRS,D,1554800372,Unnamed facility,Power / generator,FACILITY,generator,,,230.201
6.58789,81.0489,2026-09-03 08:16:00,8.7,n,345.94,N21,VIIRS,D,1033490635,Unnamed facility,Industrial Component / storage_tank,COMPONENT,,storage_tank,,359.757
6.37186,81.13629,2026-09-03 08:16:00,13.79,n,335.24,N21,VIIRS,D,1033490635,Unnamed facility,Industrial Component / storage_tank,COMPONENT,,storage_tank,,385.414
6.30033,80.96992,2026-09-03 08:16:00,3.65,n,332.42,N21,VIIRS,D,1033490635,Unnamed facility,Industrial Component / storage_tank,COMPONENT,,storage_tank,,382.935
7.11715,81.66013,2026-09-03 08:16:00,3.05,n,336.34,N21,VIIRS,D,1033490635,Unnamed facility,Industrial Component / storage_tank,COMPONENT,,storage_tank,,357.847
7.12232,81.66699,2026-09-03 08:16:00,4.78,n,339.79,N21,VIIRS,D,1033490635,Unnamed facility,Industrial Component / storage_tank,COMPONENT,,storage_tank,,358.013
7.13533,80.92245,2026-09-03 08:16:00,15.3,n,338.84,N21,VIIRS,D,1033490635,Unnamed facility,Industrial Component / storage_tank,COMPONENT,,storage_tank,,301.239
7.13598,80.92695,2026-09-03 08:16:00,12.17,n,345.51,N21,VIIRS,D,1033490635,Unnamed facility,Industrial Component / storage_tank,COMPONENT,,storage_tank,,301.48
7.37362,81.18336,2026-09-03 08:16:00,25.05,h,367.0,N21,VIIRS,D,1033490635,Unnamed facility,Industrial Component / storage_tank,COMPONENT,,storage_tank,,299.75
7.36681,81.07967,2026-09-03 08:16:00,7.25,n,335.93,N21,VIIRS,D,1033490635,Unnamed facility,Industrial Component / storage_tank,COMPONENT,,storage_tank,,292.377
7.35865,81.19258,2026-09-03 08:16:00,11.3,n,347.12,N21,VIIRS,D,1033490635,Unnamed facility,Industrial Component / storage_tank,COMPONENT,,storage_tank,,301.67
7.35566,81.2002,2026-09-03 08:16:00,10.86,n,341.69,N21,VIIRS,D,1033490635,Unnamed facility,Industrial Component / storage_tank,COMPONENT,,storage_tank,,302.502
7.34618,81.19084,2026-09-03 08:16:00,8.8,n,346.82,N21,VIIRS,D,1033490635,Unnamed facility,Industrial Component / storage_tank,COMPONENT,,storage_tank,,302.541
7.34219,81.19138,2026-09-03 08:16:00,6.82,l,337.22,N21,VIIRS,D,1033490635,Unnamed facility,Industrial Component / storage_tank,COMPONENT,,storage_tank,,302.906
7.301,81.23346,2026-09-03 08:16:00,3.8,n,332.7,N21,VIIRS,D,1033490635,Unnamed facility,Industrial Component / storage_tank,COMPONENT,,storage_tank,,309.485
7.30049,81.22999,2026-09-03 08:16:00,3.8,n,336.47,N21,VIIRS,D,1033490635,Unnamed facility,Industrial Component / storage_tank,COMPONENT,,storage_tank,,309.258
7.30011,81.12302,2026-09-03 08:16:00,5.34,n,351.18,N21,VIIRS,D,1033490635,Unnamed facility,Industrial Component / storage_tank,COMPONENT,,storage_tank,,301.16
7.38626,81.77528,2026-09-03 08:16:00,5.8,n,346.98,N21,VIIRS,D,1033490635,Unnamed facility,Industrial Component / storage_tank,COMPONENT,,storage_tank,,348.059
7.30001,81.15145,2026-09-03 08:16:00,10.09,n,341.73,N21,VIIRS,D,1033490635,Unnamed facility,Industrial Component / storage_tank,COMPONENT,,storage_tank,,303.304
7.29364,81.76534,2026-09-03 08:16:00,3.71,n,337.04,N21,VIIRS,D,1033490635,Unnamed facility,Industrial Component / storage_tank,COMPONENT,,storage_tank,,353.668
7.29186,81.17072,2026-09-03 08:16:00,3.75,l,331.1,N21,VIIRS,D,1033490635,Unnamed facility,Industrial Component / storage_tank,COMPONENT,,storage_tank,,305.432
7.28111,81.67522,2026-09-03 08:16:00,6.25,n,344.64,N21,VIIRS,D,1033490635,Unnamed facility,Industrial Component / storage_tank,COMPONENT,,storage_tank,,346.867
7.26847,81.12136,2026-09-03 08:16:00,3.0,n,335.42,N21,VIIRS,D,1033490635,Unnamed facility,Industrial Component / storage_tank,COMPONENT,,storage_tank,,303.675
7.2456,81.1597,2026-09-03 08:16:00,3.45,n,336.53,N21,VIIRS,D,1033490635,Unnamed facility,Industrial Component / storage_tank,COMPONENT,,storage_tank,,308.436
7.19135,81.77625,2026-09-03 08:16:00,2.59,n,336.12,N21,VIIRS,D,1033490635,Unnamed facility,Industrial Component / storage_tank,COMPONENT,,storage_tank,,361.96
7.18519,81.55346,2026-09-03 08:16:00,11.39,n,343.53,N21,VIIRS,D,1033490635,Unnamed facility,Industrial Component / storage_tank,COMPONENT,,storage_tank,,343.961
7.15302,81.79263,2026-09-03 08:16:00,3.52,n,337.19,N21,VIIRS,D,1033490635,Unnamed facility,Industrial Component / storage_tank,COMPONENT,,storage_tank,,366.147
7.13922,80.92181,2026-09-03 08:16:00,22.59,n,344.99,N21,VIIRS,D,1033490635,Unnamed facility,Industrial Component / storage_tank,COMPONENT,,storage_tank,,300.847
7.29952,81.1479,2026-09-03 08:16:00,9.08,n,341.39,N21,VIIRS,D,1033490635,Unnamed facility,Industrial Component / storage_tank,COMPONENT,,storage_tank,,303.077
8.3043,80.59915,2026-09-03 08:16:00,5.36,n,345.28,N21,VIIRS,D,1033490635,Unnamed facility,Industrial Component / storage_tank,COMPONENT,,storage_tank,,181.382
9.21627,78.64738,2026-09-03 08:16:00,11.12,n,335.65,N21,VIIRS,D,1222109664,Unnamed facility,Power / plant,FACILITY,plant,,,13.464
8.30825,81.16636,2026-09-03 08:16:00,11.38,n,342.98,N21,VIIRS,D,1554800372,Unnamed facility,Power / generator,FACILITY,generator,,,233.912
8.6019,80.48138,2026-09-03 08:16:00,11.17,n,334.03,N21,VIIRS,D,1554800372,Unnamed facility,Power / generator,FACILITY,generator,,,151.433
8.60403,80.47799,2026-09-03 08:16:00,14.05,n,339.18,N21,VIIRS,D,1554800372,Unnamed facility,Power / generator,FACILITY,generator,,,150.986
8.60675,77.96529,2026-09-03 08:16:00,4.94,n,339.2,N21,VIIRS,D,7819024365,Unnamed facility,Industrial Component / storage_tank,COMPONENT,,storage_tank,,2.102
8.6072,80.47253,2026-09-03 08:16:00,9.22,n,342.52,N21,VIIRS,D,1554800372,Unnamed facility,Power / generator,FACILITY,generator,,,150.281
8.60831,80.47046,2026-09-03 08:16:00,5.32,n,337.84,N21,VIIRS,D,1554800372,Unnamed facility,Power / generator,FACILITY,generator,,,150.02
8.61016,77.96478,2026-09-03 08:16:00,3.89,n,338.69,N21,VIIRS,D,7819024365,Unnamed facility,Industrial Component / storage_tank,COMPONENT,,storage_tank,,2.136
8.6202,77.77351,2026-09-03 08:16:00,23.1,n,354.2,N21,VIIRS,D,409780584,Unnamed facility,Mining / quarry,FACILITY,,,,3.209
8.62075,77.77719,2026-09-03 08:16:00,31.99,n,348.05,N21,VIIRS,D,409780584,Unnamed facility,Mining / quarry,FACILITY,,,,2.825
8.63179,80.41209,2026-09-03 08:16:00,15.23,n,348.45,N21,VIIRS,D,1554800372,Unnamed facility,Power / generator,FACILITY,generator,,,143.118
8.63298,80.56284,2026-09-03 08:16:00,10.25,n,338.38,N21,VIIRS,D,1554800372,Unnamed facility,Power / generator,FACILITY,generator,,,157.436
8.68898,81.06744,2026-09-03 08:16:00,5.13,n,339.73,N21,VIIRS,D,1554800372,Unnamed facility,Power / generator,FACILITY,generator,,,205.968
8.68968,81.0641,2026-09-03 08:16:00,4.74,n,334.83,N21,VIIRS,D,1554800372,Unnamed facility,Power / generator,FACILITY,generator,,,205.592
8.69017,81.06768,2026-09-03 08:16:00,4.74,n,342.04,N21,VIIRS,D,1554800372,Unnamed facility,Power / generator,FACILITY,generator,,,205.947
8.74555,80.33832,2026-09-03 08:16:00,5.26,n,334.07,N21,VIIRS,D,1554800372,Unnamed facility,Power / generator,FACILITY,generator,,,129.443
8.7707,80.86471,2026-09-03 08:16:00,7.98,n,340.44,N21,VIIRS,D,1554800372,Unnamed facility,Power / generator,FACILITY,generator,,,181.613
8.77469,80.86414,2026-09-03 08:16:00,4.96,n,338.22,N21,VIIRS,D,1554800372,Unnamed facility,Power / generator,FACILITY,generator,,,181.401
8.79248,80.99432,2026-09-03 08:16:00,2.69,l,330.07,N21,VIIRS,D,1554800372,Unnamed facility,Power / generator,FACILITY,generator,,,194.483
8.79916,80.5211,2026-09-03 08:16:00,5.07,n,332.55,N21,VIIRS,D,1554800372,Unnamed facility,Power / generator,FACILITY,generator,,,144.892
8.81242,78.05347,2026-09-03 08:16:00,8.02,n,342.91,N21,VIIRS,D,6478298905,Unnamed facility,Power / generator,FACILITY,generator,,,1.278
8.5717,80.36332,2026-09-03 08:16:00,7.65,n,336.6,N21,VIIRS,D,1554800372,Unnamed facility,Power / generator,FACILITY,generator,,,142.465
8.55477,80.80865,2026-09-03 08:16:00,14.01,n,337.77,N21,VIIRS,D,1554800372,Unnamed facility,Power / generator,FACILITY,generator,,,185.691
8.54,80.81329,2026-09-03 08:16:00,5.66,n,337.89,N21,VIIRS,D,1554800372,Unnamed facility,Power / generator,FACILITY,generator,,,186.923
8.53964,80.81607,2026-09-03 08:16:00,8.03,n,338.5,N21,VIIRS,D,1554800372,Unnamed facility,Power / generator,FACILITY,generator,,,187.215
8.36731,81.38072,2026-09-03 08:16:00,4.62,n,334.99,N21,VIIRS,D,1554800372,Unnamed facility,Power / generator,FACILITY,generator,,,252.135
8.39262,80.62502,2026-09-03 08:16:00,5.5,n,336.5,N21,VIIRS,D,1554800372,Unnamed facility,Power / generator,FACILITY,generator,,,177.881
8.42092,80.62338,2026-09-03 08:16:00,10.66,n,346.94,N21,VIIRS,D,1554800372,Unnamed facility,Power / generator,FACILITY,generator,,,175.884
8.42389,80.58739,2026-09-03 08:16:00,4.99,n,335.04,N21,VIIRS,D,1554800372,Unnamed facility,Power / generator,FACILITY,generator,,,172.425
8.42403,80.67662,2026-09-03 08:16:00,7.34,n,340.3,N21,VIIRS,D,1554800372,Unnamed facility,Power / generator,FACILITY,generator,,,180.572
8.42463,80.67908,2026-09-03 08:16:00,5.65,n,338.89,N21,VIIRS,D,1554800372,Unnamed facility,Power / generator,FACILITY,generator,,,180.761
8.43117,80.5259,2026-09-03 08:16:00,5.36,n,337.4,N21,VIIRS,D,1033490635,Unnamed facility,Industrial Component / storage_tank,COMPONENT,,storage_tank,,166.357
8.44062,80.85381,2026-09-03 08:16:00,8.78,n,338.43,N21,VIIRS,D,1554800372,Unnamed facility,Power / generator,FACILITY,generator,,,196.305
8.44197,80.85606,2026-09-03 08:16:00,9.15,n,336.3,N21,VIIRS,D,1554800372,Unnamed facility,Power / generator,FACILITY,generator,,,196.445
8.82861,80.53207,2026-09-03 08:16:00,3.5,n,331.5,N21,VIIRS,D,1554800372,Unnamed facility,Power / generator,FACILITY,generator,,,144.713
8.44774,81.09569,2026-09-03 08:16:00,4.94,n,341.48,N21,VIIRS,D,1554800372,Unnamed facility,Power / generator,FACILITY,generator,,,219.629
8.46589,81.10767,2026-09-03 08:16:00,4.34,n,337.52,N21,VIIRS,D,1554800372,Unnamed facility,Power / generator,FACILITY,generator,,,219.924
8.47183,80.29427,2026-09-03 08:16:00,4.33,n,333.81,N21,VIIRS,D,1033490635,Unnamed facility,Industrial Component / storage_tank,COMPONENT,,storage_tank,,143.082
8.49929,80.78248,2026-09-03 08:16:00,15.09,n,346.58,N21,VIIRS,D,1554800372,Unnamed facility,Power / generator,FACILITY,generator,,,186.128
8.51937,80.66792,2026-09-03 08:16:00,3.92,n,330.46,N21,VIIRS,D,1554800372,Unnamed facility,Power / generator,FACILITY,generator,,,173.985
8.51943,80.67055,2026-09-03 08:16:00,5.48,n,334.63,N21,VIIRS,D,1554800372,Unnamed facility,Power / generator,FACILITY,generator,,,174.233
8.52321,80.6138,2026-09-03 08:16:00,5.81,n,334.61,N21,VIIRS,D,1554800372,Unnamed facility,Power / generator,FACILITY,generator,,,168.628
8.52398,80.58556,2026-09-03 08:16:00,8.44,n,334.34,N21,VIIRS,D,1554800372,Unnamed facility,Power / generator,FACILITY,generator,,,165.925
8.52421,80.61604,2026-09-03 08:16:00,4.66,n,333.04,N21,VIIRS,D,1554800372,Unnamed facility,Power / generator,FACILITY,generator,,,168.779
8.52691,80.46416,2026-09-03 08:16:00,16.67,n,335.64,N21,VIIRS,D,1554800372,Unnamed facility,Power / generator,FACILITY,generator,,,154.524
8.46447,80.79271,2026-09-03 08:16:00,6.43,l,330.12,N21,VIIRS,D,1554800372,Unnamed facility,Power / generator,FACILITY,generator,,,189.08
8.83073,80.51394,2026-09-03 08:16:00,8.97,n,334.67,N21,VIIRS,D,1554800372,Unnamed facility,Power / generator,FACILITY,generator,,,142.758
8.83873,77.68748,2026-09-03 08:16:00,7.33,n,339.97,N21,VIIRS,D,3147422928,Unnamed facility,Power / generator,FACILITY,generator,,,0.27
8.86602,78.08418,2026-09-03 08:16:00,13.83,n,348.47,N21,VIIRS,D,8925887725,Unnamed facility,Power / generator,FACILITY,generator,,,0.821
10.11128,77.65968,2026-09-03 08:16:00,6.72,n,349.06,N21,VIIRS,D,13550867,Unnamed facility,Power / generator,FACILITY,generator,,,0.0
10.11128,77.65968,2026-09-03 08:16:00,6.72,n,349.06,N21,VIIRS,D,986260253,Unnamed facility,Power / plant,FACILITY,plant,,,0.0
10.11183,77.66344,2026-09-03 08:16:00,6.72,n,343.37,N21,VIIRS,D,986260253,Unnamed facility,Power / plant,FACILITY,plant,,,0.0
10.11921,77.66613,2026-09-03 08:16:00,8.07,n,342.56,N21,VIIRS,D,13550867,Unnamed facility,Power / generator,FACILITY,generator,,,0.0
10.11921,77.66613,2026-09-03 08:16:00,8.07,n,342.56,N21,VIIRS,D,986260253,Unnamed facility,Power / plant,FACILITY,plant,,,0.0
10.23588,79.19627,2026-09-03 08:16:00,9.69,n,338.92,N21,VIIRS,D,5893838819,Thasim Rice Mil,Industrial Infrastructure / works,FACILITY,,works,,23.66
10.67869,78.942,2026-09-03 08:16:00,7.36,n,335.66,N21,VIIRS,D,560347053,Unnamed facility,Mining / quarry,FACILITY,,,,7.673
10.74984,78.97149,2026-09-03 08:16:00,3.0,n,332.9,N21,VIIRS,D,4442170450,Apex Steel Technology Ltd,Industrial / factory,FACILITY,,,factory,12.587
10.78625,77.79347,2026-09-03 08:16:00,9.5,n,343.36,N21,VIIRS,D,11846394089,Unnamed facility,Power / generator,FACILITY,generator,,,0.19
10.82759,77.76785,2026-09-03 08:16:00,2.88,n,337.1,N21,VIIRS,D,11846394096,Unnamed facility,Power / generator,FACILITY,generator,,,0.25
10.84841,78.50124,2026-09-03 08:16:00,10.66,n,347.91,N21,VIIRS,D,1017720847,Unnamed facility,Power / plant,FACILITY,plant,,,7.51
9.99129,78.08318,2026-09-03 08:16:00,6.7,n,338.8,N21,VIIRS,D,850010015,JK Fenner,Industrial / factory,FACILITY,,,factory,6.285
11.00386,79.25903,2026-09-03 08:16:00,2.95,n,335.16,N21,VIIRS,D,1216322364,Thirumandangudi Mill,Power / plant,FACILITY,plant,,,6.341
11.39026,78.14157,2026-09-03 08:16:00,3.98,n,341.79,N21,VIIRS,D,9760881882,Jaihind spinning Mills,Industrial Infrastructure / works,FACILITY,,works,,2.334
11.45467,77.59742,2026-09-03 08:16:00,2.43,n,332.46,N21,VIIRS,D,1003158336,Unnamed facility,Power / plant,FACILITY,plant,,,6.383
11.50959,79.52499,2026-09-03 08:16:00,5.71,n,333.9,N21,VIIRS,D,56146167,Neyveli III Coal Mine,Mining / quarry,FACILITY,,,,0.901
8.34293,80.22649,2026-09-03 08:16:00,8.01,n,335.59,N21,VIIRS,D,1033490635,Unnamed facility,Industrial Component / storage_tank,COMPONENT,,storage_tank,,147.398
8.33996,81.01351,2026-09-03 08:16:00,2.12,n,331.78,N21,VIIRS,D,1554800372,Unnamed facility,Power / generator,FACILITY,generator,,,217.369
8.31947,81.01282,2026-09-03 08:16:00,3.4,l,330.72,N21,VIIRS,D,1554800372,Unnamed facility,Power / generator,FACILITY,generator,,,218.481
8.31279,81.16936,2026-09-03 08:16:00,16.03,n,341.01,N21,VIIRS,D,1554800372,Unnamed facility,Power / generator,FACILITY,generator,,,233.956
8.31229,81.16579,2026-09-03 08:16:00,11.38,n,342.1,N21,VIIRS,D,1554800372,Unnamed facility,Power / generator,FACILITY,generator,,,233.636
8.30875,81.16994,2026-09-03 08:16:00,16.03,n,340.74,N21,VIIRS,D,1554800372,Unnamed facility,Power / generator,FACILITY,generator,,,234.233
11.18612,79.70135,2026-09-03 08:16:00,5.73,n,330.95,N21,VIIRS,D,472383902,Unnamed facility,Industrial Component / wastewater_plant,COMPONENT,,wastewater_plant,,8.595
8.30514,80.59699,2026-09-03 08:16:00,9.56,n,349.11,N21,VIIRS,D,1033490635,Unnamed facility,Industrial Component / storage_tank,COMPONENT,,storage_tank,,181.134
9.97086,78.1619,2026-09-03 08:16:00,10.42,n,338.94,N21,VIIRS,D,202529585,Unnamed facility,Mining / quarry,FACILITY,,,,2.96
9.96128,78.07182,2026-09-03 08:16:00,4.62,n,336.64,N21,VIIRS,D,850010015,JK Fenner,Industrial / factory,FACILITY,,,factory,3.384
8.90981,80.42682,2026-09-03 08:16:00,6.22,n,337.02,N21,VIIRS,D,1554800372,Unnamed facility,Power / generator,FACILITY,generator,,,130.455
8.91155,80.35648,2026-09-03 08:16:00,8.92,n,343.79,N21,VIIRS,D,1554800372,Unnamed facility,Power / generator,FACILITY,generator,,,123.086
8.91308,80.35413,2026-09-03 08:16:00,7.77,n,342.71,N21,VIIRS,D,1554800372,Unnamed facility,Power / generator,FACILITY,generator,,,122.779
8.94545,77.81496,2026-09-03 08:16:00,17.83,n,344.36,N21,VIIRS,D,964184651,Unnamed facility,Power / plant,FACILITY,plant,,,1.429
8.9933,78.1157,2026-09-03 08:16:00,5.51,n,337.51,N21,VIIRS,D,8925887753,Unnamed facility,Power / generator,FACILITY,generator,,,1.183
8.99674,78.11518,2026-09-03 08:16:00,5.51,n,340.06,N21,VIIRS,D,9118075098,Unnamed facility,Power / generator,FACILITY,generator,,,1.227
9.03737,80.6734,2026-09-03 08:16:00,4.43,n,330.14,N21,VIIRS,D,1554800372,Unnamed facility,Power / generator,FACILITY,generator,,,152.829
9.09089,79.79725,2026-09-03 08:16:00,47.93,n,345.69,N21,VIIRS,D,1554800372,Unnamed facility,Power / generator,FACILITY,generator,,,57.951
9.1417,80.27109,2026-09-03 08:16:00,5.97,n,339.59,N21,VIIRS,D,1554800372,Unnamed facility,Power / generator,FACILITY,generator,,,106.602
9.96184,78.0757,2026-09-03 08:16:00,4.62,n,340.11,N21,VIIRS,D,850010015,JK Fenner,Industrial / factory,FACILITY,,,factory,3.234
9.25096,77.98447,2026-09-03 08:16:00,48.71,n,343.73,N21,VIIRS,D,1003158316,Unnamed facility,Power / plant,FACILITY,plant,,,3.84
9.40306,80.45114,2026-09-03 08:16:00,17.65,n,344.19,N21,VIIRS,D,1554246470,Unnamed facility,Power / generator,FACILITY,generator,,,120.967
9.40516,80.46627,2026-09-03 08:16:00,11.33,n,340.88,N21,VIIRS,D,1554246470,Unnamed facility,Power / generator,FACILITY,generator,,,121.752
9.40838,80.46066,2026-09-03 08:16:00,8.48,n,339.16,N21,VIIRS,D,1554246470,Unnamed facility,Power / generator,FACILITY,generator,,,121.093
9.40985,78.81035,2026-09-03 08:16:00,5.62,n,339.93,N21,VIIRS,D,310430065,Unnamed facility,Power / plant,FACILITY,plant,,,10.584
9.42013,80.45897,2026-09-03 08:16:00,8.46,n,336.83,N21,VIIRS,D,1554246470,Unnamed facility,Power / generator,FACILITY,generator,,,119.908
9.45867,80.50513,2026-09-03 08:16:00,7.59,n,341.24,N21,VIIRS,D,1554246470,Unnamed facility,Power / generator,FACILITY,generator,,,119.6
9.46056,80.46106,2026-09-03 08:16:00,5.32,n,333.75,N21,VIIRS,D,1554246470,Unnamed facility,Power / generator,FACILITY,generator,,,116.39
9.73456,77.55122,2026-09-03 08:16:00,6.46,n,337.71,N21,VIIRS,D,9101497943,Unnamed facility,Power / generator,FACILITY,generator,,,15.348
9.85865,78.18647,2026-09-03 08:16:00,9.4,n,337.09,N21,VIIRS,D,726539282,Unnamed facility,Industrial Infrastructure / works,FACILITY,,works,,0.359
9.38139,78.7643,2026-09-03 08:16:00,4.09,n,336.4,N21,VIIRS,D,310430065,Unnamed facility,Power / plant,FACILITY,plant,,,14.576
8.83035,80.51655,2026-09-03 08:16:00,6.69,n,335.8,N21,VIIRS,D,1554800372,Unnamed facility,Power / generator,FACILITY,generator,,,143.042
6.59339,80.97704,2026-09-03 08:16:00,2.4,n,330.21,N21,VIIRS,D,1033490635,Unnamed facility,Industrial Component / storage_tank,COMPONENT,,storage_tank,,354.979
8.34346,81.00942,2026-09-03 08:16:00,6.01,n,333.19,N21,VIIRS,D,1554800372,Unnamed facility,Power / generator,FACILITY,generator,,,216.777
14.78736,79.80198,2026-09-03 08:18:00,3.45,n,330.46,N21,VIIRS,D,12462462562,Unnamed facility,Industrial Component / storage_tank,COMPONENT,,storage_tank,,21.639
16.46553,79.58845,2026-09-03 08:18:00,2.66,n,331.47,N21,VIIRS,D,1001156460,Unnamed facility,Mining / quarry,FACILITY,,,,16.273
18.24572,75.4022,2026-09-03 08:18:00,4.06,n,336.99,N21,VIIRS,D,1254266026,Unnamed facility,Industrial Component / storage_tank,COMPONENT,,storage_tank,,17.247
18.5062,74.34609,2026-09-03 08:18:00,5.6,n,343.88,N21,VIIRS,D,923955968,Unnamed facility,Industrial Infrastructure / works,FACILITY,,works,,7.384
18.65981,74.60452,2026-09-03 08:18:00,2.45,l,333.35,N21,VIIRS,D,849915742,Unnamed facility,Mining / quarry,FACILITY,,,,10.155
13.943,76.36328,2026-09-03 08:18:00,3.33,n,332.79,N21,VIIRS,D,9104286461,Unnamed facility,Power / generator,FACILITY,generator,,,4.01
13.24685,76.39126,2026-09-03 08:18:00,5.27,n,339.05,N21,VIIRS,D,13409490,Rudrapura,Power / plant,FACILITY,plant,,,16.345
21.10691,72.6467,2026-09-03 08:20:00,9.19,n,353.0,N21,VIIRS,D,104647203,ArcelorMittal Nippon Steel India,Industrial Infrastructure / works,FACILITY,,works,,0.0
23.30886,69.4185,2026-09-03 08:20:00,5.76,n,333.65,N21,VIIRS,D,11822810853,Unnamed facility,Power / generator,FACILITY,generator,,,1.118
22.92924,70.1059,2026-09-03 08:20:00,8.52,l,335.84,N21,VIIRS,D,789029429,Unnamed facility,Industrial Infrastructure / works,FACILITY,,works,,11.493
19.41619,74.73562,2026-09-03 08:20:00,4.98,n,335.63,N21,VIIRS,D,967365484,Unnamed facility,Industrial Component / storage_tank,COMPONENT,,storage_tank,,10.017
21.10192,72.63627,2026-09-03 08:20:00,9.64,n,339.66,N21,VIIRS,D,104647203,ArcelorMittal Nippon Steel India,Industrial Infrastructure / works,FACILITY,,works,,0.0
21.10363,72.64727,2026-09-03 08:20:00,9.19,n,341.64,N21,VIIRS,D,104647203,ArcelorMittal Nippon Steel India,Industrial Infrastructure / works,FACILITY,,works,,0.0
22.92853,70.10656,2026-09-03 08:20:00,7.14,l,332.86,N21,VIIRS,D,789029429,Unnamed facility,Industrial Infrastructure / works,FACILITY,,works,,11.557
21.1085,72.63512,2026-09-03 08:20:00,6.92,n,338.53,N21,VIIRS,D,104647203,ArcelorMittal Nippon Steel India,Industrial Infrastructure / works,FACILITY,,works,,0.0
21.16552,72.67063,2026-09-03 08:20:00,5.56,n,343.59,N21,VIIRS,D,661885047,Reliance,Industrial Infrastructure / works,FACILITY,,works,,0.0
31.10242,72.35428,2026-09-03 08:22:00,2.71,l,332.57,N21,VIIRS,D,637580388,Unnamed facility,Industrial / brickyard,FACILITY,,,brickyard,205.966
31.104,72.20413,2026-09-03 08:22:00,2.47,l,330.16,N21,VIIRS,D,637580388,Unnamed facility,Industrial / brickyard,FACILITY,,,brickyard,221.348
31.16984,75.04272,2026-09-03 08:22:00,4.87,n,335.59,N21,VIIRS,D,981964335,Unnamed facility,Power / generator,FACILITY,generator,,,17.986
33.63013,73.01676,2026-09-03 08:22:00,2.46,n,333.4,N21,VIIRS,D,4190775708,Uri II,Power / plant,FACILITY,plant,,,124.388
31.23119,72.16363,2026-09-03 08:22:00,4.06,n,342.05,N21,VIIRS,D,637580388,Unnamed facility,Industrial / brickyard,FACILITY,,,brickyard,232.328
31.46605,74.61465,2026-09-03 08:22:00,4.63,n,336.94,N21,VIIRS,D,999982168,Chhina Bidhi Chand,Power / plant,FACILITY,plant,,,5.588
31.52391,72.13649,2026-09-03 08:22:00,3.33,n,337.67,N21,VIIRS,D,637580388,Unnamed facility,Industrial / brickyard,FACILITY,,,brickyard,254.039
31.62567,74.98903,2026-09-03 08:22:00,4.15,n,332.14,N21,VIIRS,D,919685802,Unnamed facility,Industrial Infrastructure / works,FACILITY,,works,,7.159
31.81754,74.59283,2026-09-03 08:22:00,6.08,n,340.73,N21,VIIRS,D,498946077,Unnamed facility,Industrial / brickworks,FACILITY,,,brickworks,14.689
31.04139,72.04004,2026-09-03 08:22:00,6.25,n,334.94,N21,VIIRS,D,637580388,Unnamed facility,Industrial / brickyard,FACILITY,,,brickyard,235.465
31.03563,74.41142,2026-09-03 08:22:00,3.55,n,335.51,N21,VIIRS,D,1336000164,PUDA office Ferozepur,Industrial Infrastructure / works,FACILITY,,works,,24.771
29.43228,69.87639,2026-09-03 08:22:00,1.14,l,335.88,N21,VIIRS,D,999202780,Unnamed facility,Power / plant,FACILITY,plant,,,249.697
30.57886,74.04327,2026-09-03 08:22:00,2.89,n,330.83,N21,VIIRS,D,985439964,Unnamed facility,Industrial Infrastructure / works,FACILITY,,works,,12.511
30.57868,72.3315,2026-09-03 08:22:00,1.84,n,332.74,N21,VIIRS,D,1431799854,Unnamed facility,Power / plant,FACILITY,plant,,,172.734
29.43558,69.87576,2026-09-03 08:22:00,2.43,l,334.18,N21,VIIRS,D,999202780,Unnamed facility,Power / plant,FACILITY,plant,,,250.101
33.26638,72.17457,2026-09-03 08:22:00,2.1,l,333.0,N21,VIIRS,D,4190775708,Uri II,Power / plant,FACILITY,plant,,,229.859
30.78766,73.98348,2026-09-03 08:22:00,15.24,n,333.83,N21,VIIRS,D,985439964,Unnamed facility,Industrial Infrastructure / works,FACILITY,,works,,39.577
25.67347,68.72453,2026-09-03 09:15:00,1.64,n,330.05,N20,VIIRS,D,1273382001,Khavda Renewable Energy Park,Power / plant,FACILITY,plant,,,196.823
25.38581,68.58442,2026-09-03 09:15:00,1.58,n,330.2,N20,VIIRS,D,1273382001,Khavda Renewable Energy Park,Power / plant,FACILITY,plant,,,170.513
21.16206,72.674,2026-09-03 09:15:00,6.29,n,341.15,N20,VIIRS,D,661885047,Reliance,Industrial Infrastructure / works,FACILITY,,works,,0.0
30.06881,96.98002,2026-09-03 19:04:00,1.7,n,305.55,N21,VIIRS,N,5187607450,Awapani Hydel Power,Power / generator,FACILITY,generator,,,193.966
23.80364,86.32647,2026-09-03 19:06:00,1.82,n,301.69,N21,VIIRS,N,117807506,Amalgamated Keshalpur-West Mudidih (AKWMC) Coal Mine,Mining / quarry,FACILITY,,,,0.0
24.11562,86.86095,2026-09-03 19:06:00,1.61,n,304.07,N21,VIIRS,N,661607505,Chitra East Coal Mine,Mining / quarry,FACILITY,,,,0.0
23.79543,86.35154,2026-09-03 19:06:00,2.98,n,312.86,N21,VIIRS,N,117695916,Tetulmari coal mine,Mining / quarry,FACILITY,,,,0.0
23.55742,87.24039,2026-09-03 19:06:00,3.03,n,312.47,N21,VIIRS,N,974481211,Unnamed facility,Industrial Infrastructure / works,FACILITY,,works,,0.629
23.79538,86.34803,2026-09-03 19:06:00,2.37,n,304.5,N21,VIIRS,N,117695916,Tetulmari coal mine,Mining / quarry,FACILITY,,,,0.0
23.795,86.35329,2026-09-03 19:06:00,1.73,n,302.7,N21,VIIRS,N,117695916,Tetulmari coal mine,Mining / quarry,FACILITY,,,,0.0
23.78024,86.38665,2026-09-03 19:06:00,2.3,n,305.68,N21,VIIRS,N,117695917,Cluster 11 and Cluster 7 (BCCL) Coal Mines,Mining / quarry,FACILITY,,,,0.29
23.77984,86.39172,2026-09-03 19:06:00,2.3,n,314.52,N21,VIIRS,N,117695917,Cluster 11 and Cluster 7 (BCCL) Coal Mines,Mining / quarry,FACILITY,,,,0.0
23.77573,86.3653,2026-09-03 19:06:00,3.08,n,316.44,N21,VIIRS,N,825940050,Unnamed facility,Mining / quarry,FACILITY,,,,0.0
23.77547,86.20876,2026-09-03 19:06:00,2.54,n,305.42,N21,VIIRS,N,117858814,Unnamed facility,Mining / quarry,FACILITY,,,,0.0
23.7741,86.38596,2026-09-03 19:06:00,2.68,n,304.86,N21,VIIRS,N,117695917,Cluster 11 and Cluster 7 (BCCL) Coal Mines,Mining / quarry,FACILITY,,,,0.0
23.77282,85.99427,2026-09-03 19:06:00,1.41,n,298.26,N21,VIIRS,N,134530465,Dhori Group Coal Mine,Mining / quarry,FACILITY,,,,0.0
23.76677,86.40059,2026-09-03 19:06:00,3.92,n,304.12,N21,VIIRS,N,117695917,Cluster 11 and Cluster 7 (BCCL) Coal Mines,Mining / quarry,FACILITY,,,,0.0
23.76635,86.40579,2026-09-03 19:06:00,4.16,n,319.98,N21,VIIRS,N,117695917,Cluster 11 and Cluster 7 (BCCL) Coal Mines,Mining / quarry,FACILITY,,,,0.0
23.76062,86.39999,2026-09-03 19:06:00,4.13,n,309.65,N21,VIIRS,N,117695917,Cluster 11 and Cluster 7 (BCCL) Coal Mines,Mining / quarry,FACILITY,,,,0.0
23.76022,86.40524,2026-09-03 19:06:00,2.26,n,301.39,N21,VIIRS,N,117695917,Cluster 11 and Cluster 7 (BCCL) Coal Mines,Mining / quarry,FACILITY,,,,0.103
23.73945,86.43385,2026-09-03 19:06:00,2.52,n,311.62,N21,VIIRS,N,117807504,Cluster 8 and Cluster 9 Coal Mines,Mining / quarry,FACILITY,,,,0.0
23.73829,85.00842,2026-09-03 19:06:00,2.02,n,296.96,N21,VIIRS,N,660217414,Ashoka Coal Mine,Mining / quarry,FACILITY,,,,0.0
23.73333,86.43322,2026-09-03 19:06:00,2.85,n,306.07,N21,VIIRS,N,117807504,Cluster 8 and Cluster 9 Coal Mines,Mining / quarry,FACILITY,,,,0.0
23.71572,86.42124,2026-09-03 19:06:00,3.45,n,309.72,N21,VIIRS,N,988918471,Unnamed facility,Mining / quarry,FACILITY,,,,0.87
23.71524,86.422,2026-09-03 19:06:00,3.55,n,309.37,N21,VIIRS,N,988918471,Unnamed facility,Mining / quarry,FACILITY,,,,0.775
23.7134,86.4518,2026-09-03 19:06:00,1.76,n,307.77,N21,VIIRS,N,117807504,Cluster 8 and Cluster 9 Coal Mines,Mining / quarry,FACILITY,,,,0.0
23.71272,86.45254,2026-09-03 19:06:00,1.88,n,306.22,N21,VIIRS,N,117807504,Cluster 8 and Cluster 9 Coal Mines,Mining / quarry,FACILITY,,,,0.0
23.69064,87.12126,2026-09-03 19:06:00,4.43,n,317.22,N21,VIIRS,N,20810432,Unnamed facility,Power / generator,FACILITY,generator,,,0.55
23.68696,86.39274,2026-09-03 19:06:00,2.9,n,304.28,N21,VIIRS,N,117807509,Unnamed facility,Mining / quarry,FACILITY,,,,0.0
23.68665,86.39375,2026-09-03 19:06:00,1.76,n,303.02,N21,VIIRS,N,117807509,Unnamed facility,Mining / quarry,FACILITY,,,,0.093
23.68044,86.39726,2026-09-03 19:06:00,2.2,n,305.35,N21,VIIRS,N,117807509,Unnamed facility,Mining / quarry,FACILITY,,,,0.019
23.68011,86.3982,2026-09-03 19:06:00,1.98,n,305.86,N21,VIIRS,N,117807509,Unnamed facility,Mining / quarry,FACILITY,,,,0.042
23.67398,86.39745,2026-09-03 19:06:00,1.98,n,304.41,N21,VIIRS,N,117807509,Unnamed facility,Mining / quarry,FACILITY,,,,0.274
23.66418,87.1554,2026-09-03 19:06:00,2.19,n,311.03,N21,VIIRS,N,988893570,Belbaid,Industrial / mine,FACILITY,,,mine,1.245
23.6325,86.83428,2026-09-03 19:06:00,1.12,n,304.83,N21,VIIRS,N,440768835,Chinakuri Power Station,Power / plant,FACILITY,plant,,,5.981
23.80322,86.3317,2026-09-03 19:06:00,1.82,n,311.37,N21,VIIRS,N,117807506,Amalgamated Keshalpur-West Mudidih (AKWMC) Coal Mine,Mining / quarry,FACILITY,,,,0.137
23.58093,86.72375,2026-09-03 19:06:00,1.53,n,297.7,N21,VIIRS,N,316973340,Raghunathpur Thermal Power Station,Power / plant,FACILITY,plant,,,7.17
23.80305,86.3282,2026-09-03 19:06:00,3.29,n,312.09,N21,VIIRS,N,117807506,Amalgamated Keshalpur-West Mudidih (AKWMC) Coal Mine,Mining / quarry,FACILITY,,,,0.0
23.612,86.78971,2026-09-03 19:06:00,1.86,n,308.97,N21,VIIRS,N,1036348714,Panchet hydroelectric power station,Power / plant,FACILITY,plant,,,9.535
23.78556,85.55293,2026-09-03 19:06:00,1.09,n,302.25,N21,VIIRS,N,65251416,West Bokaro Coal Mine,Mining / quarry,FACILITY,,,,0.375
20.09703,94.79616,2026-09-03 19:08:00,1.5,n,303.98,N21,VIIRS,N,1454598795,Unnamed facility,Power / generator,FACILITY,generator,,,370.851
20.9703,86.02133,2026-09-03 19:08:00,3.2,n,307.25,N21,VIIRS,N,1508890366,Unnamed facility,Power / plant,FACILITY,plant,,,0.987
20.97102,86.02231,2026-09-03 19:08:00,2.33,n,301.24,N21,VIIRS,N,1508890366,Unnamed facility,Power / plant,FACILITY,plant,,,0.956
23.64927,85.43691,2026-09-03 19:08:00,5.08,n,316.21,N21,VIIRS,N,116955130,Unnamed facility,Mining / quarry,FACILITY,,,,0.0
23.64955,85.43758,2026-09-03 19:08:00,4.68,n,318.4,N21,VIIRS,N,116955130,Unnamed facility,Mining / quarry,FACILITY,,,,0.0
23.65697,85.508,2026-09-03 19:08:00,1.18,n,301.57,N21,VIIRS,N,1021404296,Unnamed facility,Industrial Component / kiln,COMPONENT,,kiln,,4.395
23.66802,84.99591,2026-09-03 19:08:00,3.24,n,300.08,N21,VIIRS,N,982838079,KDH coal mine,Mining / quarry,FACILITY,,,,0.113
7.38443,80.83474,2026-09-03 19:13:00,2.04,n,300.26,N21,VIIRS,N,1033490635,Unnamed facility,Industrial Component / storage_tank,COMPONENT,,storage_tank,,273.138
6.81261,81.61962,2026-09-03 19:13:00,3.31,n,306.94,N21,VIIRS,N,1033490635,Unnamed facility,Industrial Component / storage_tank,COMPONENT,,storage_tank,,378.828
6.81508,81.6179,2026-09-03 19:13:00,2.2,n,309.08,N21,VIIRS,N,1033490635,Unnamed facility,Industrial Component / storage_tank,COMPONENT,,storage_tank,,378.495
23.66284,87.15459,2026-09-03 20:02:00,3.1,n,323.26,N20,VIIRS,N,988893570,Belbaid,Industrial / mine,FACILITY,,,mine,1.099
23.66344,84.99948,2026-09-03 20:02:00,0.92,n,306.55,N20,VIIRS,N,982838079,KDH coal mine,Mining / quarry,FACILITY,,,,0.058
23.66433,86.91784,2026-09-03 20:02:00,1.07,n,306.56,N20,VIIRS,N,20592204,Unnamed facility,Power / generator,FACILITY,generator,,,1.262
23.66554,87.1591,2026-09-03 20:02:00,0.9,n,308.6,N20,VIIRS,N,988893567,Unnamed facility,Mining / quarry,FACILITY,,,,1.163
23.65641,85.50684,2026-09-03 20:02:00,0.98,n,310.37,N20,VIIRS,N,1021404296,Unnamed facility,Industrial Component / kiln,COMPONENT,,kiln,,4.249
23.78161,85.57585,2026-09-03 20:02:00,1.39,n,304.27,N20,VIIRS,N,525917540,Unnamed facility,Mining / quarry,FACILITY,,,,0.0
23.66732,84.99632,2026-09-03 20:02:00,0.92,n,303.53,N20,VIIRS,N,982838079,KDH coal mine,Mining / quarry,FACILITY,,,,0.11
23.67437,86.3989,2026-09-03 20:02:00,1.25,n,303.78,N20,VIIRS,N,117807509,Unnamed facility,Mining / quarry,FACILITY,,,,0.183
23.67766,86.39953,2026-09-03 20:02:00,1.25,n,312.42,N20,VIIRS,N,117807509,Unnamed facility,Mining / quarry,FACILITY,,,,0.0
23.67827,86.39577,2026-09-03 20:02:00,0.87,n,306.12,N20,VIIRS,N,117807509,Unnamed facility,Mining / quarry,FACILITY,,,,0.0
23.67887,86.39201,2026-09-03 20:02:00,0.87,n,304.49,N20,VIIRS,N,117807509,Unnamed facility,Mining / quarry,FACILITY,,,,0.0
23.68316,87.13036,2026-09-03 20:02:00,1.98,n,310.17,N20,VIIRS,N,9140151403,Unnamed facility,Industrial Component / kiln,COMPONENT,,kiln,,0.537
23.68547,86.39327,2026-09-03 20:02:00,4.04,n,327.45,N20,VIIRS,N,117807509,Unnamed facility,Mining / quarry,FACILITY,,,,0.04
23.68607,86.38953,2026-09-03 20:02:00,2.12,n,306.72,N20,VIIRS,N,117807509,Unnamed facility,Mining / quarry,FACILITY,,,,0.0
23.68842,87.11951,2026-09-03 20:02:00,3.08,n,317.5,N20,VIIRS,N,20810432,Unnamed facility,Power / generator,FACILITY,generator,,,0.87
23.69164,87.1003,2026-09-03 20:02:00,1.63,n,306.55,N20,VIIRS,N,9138052461,Unnamed facility,Industrial Component / kiln,COMPONENT,,kiln,,2.602
23.69175,87.12016,2026-09-03 20:02:00,1.08,n,305.18,N20,VIIRS,N,20810432,Unnamed facility,Power / generator,FACILITY,generator,,,0.605
23.6924,87.11631,2026-09-03 20:02:00,1.93,n,305.7,N20,VIIRS,N,20810432,Unnamed facility,Power / generator,FACILITY,generator,,,1.014
23.69433,87.10479,2026-09-03 20:02:00,1.14,n,306.35,N20,VIIRS,N,20810432,Unnamed facility,Power / generator,FACILITY,generator,,,2.296
23.66618,87.15525,2026-09-03 20:02:00,0.9,n,304.39,N20,VIIRS,N,988893567,Unnamed facility,Mining / quarry,FACILITY,,,,1.351
23.65043,85.43652,2026-09-03 20:02:00,1.64,n,320.82,N20,VIIRS,N,116955130,Unnamed facility,Mining / quarry,FACILITY,,,,0.0
23.5834,86.7272,2026-09-03 20:02:00,1.11,n,310.78,N20,VIIRS,N,316973340,Raghunathpur Thermal Power Station,Power / plant,FACILITY,plant,,,7.373
23.64655,85.43964,2026-09-03 20:02:00,2.11,n,323.37,N20,VIIRS,N,116955130,Unnamed facility,Mining / quarry,FACILITY,,,,0.0
29.91132,74.94312,2026-09-03 20:02:00,0.8,n,306.14,N20,VIIRS,N,546111308,Guru Gobind Singh Refinery,Industrial / refinery,FACILITY,,,refinery,0.531
29.91007,74.94244,2026-09-03 20:02:00,1.02,n,304.52,N20,VIIRS,N,546111308,Guru Gobind Singh Refinery,Industrial / refinery,FACILITY,,,refinery,0.641
23.78113,86.39088,2026-09-03 20:02:00,1.05,n,309.56,N20,VIIRS,N,117695917,Cluster 11 and Cluster 7 (BCCL) Coal Mines,Mining / quarry,FACILITY,,,,0.0
29.48014,76.85374,2026-09-03 20:02:00,0.73,n,305.02,N20,VIIRS,N,259662844,Panipat Refinery,Industrial / refinery,FACILITY,,,refinery,0.366
29.47757,76.85374,2026-09-03 20:02:00,9.46,h,367.0,N20,VIIRS,N,259662844,Panipat Refinery,Industrial / refinery,FACILITY,,,refinery,0.361
29.47725,76.85763,2026-09-03 20:02:00,6.79,n,310.55,N20,VIIRS,N,259662844,Panipat Refinery,Industrial / refinery,FACILITY,,,refinery,0.0
29.47475,76.85314,2026-09-03 20:02:00,8.36,h,367.0,N20,VIIRS,N,259662844,Panipat Refinery,Industrial / refinery,FACILITY,,,refinery,0.433
29.47446,76.85703,2026-09-03 20:02:00,5.44,n,309.14,N20,VIIRS,N,259662844,Panipat Refinery,Industrial / refinery,FACILITY,,,refinery,0.081
23.64714,85.43591,2026-09-03 20:02:00,1.38,n,312.95,N20,VIIRS,N,116955130,Unnamed facility,Mining / quarry,FACILITY,,,,0.078
28.74499,76.92669,2026-09-03 20:02:00,2.1,n,296.37,N20,VIIRS,N,4976496445,Mini Power Stataion,Power / plant,FACILITY,plant,,,3.749
26.7609,83.19978,2026-09-03 20:02:00,3.62,n,308.37,N20,VIIRS,N,316333955,Unnamed facility,Industrial Component / storage_tank,COMPONENT,,storage_tank,,17.322
26.52291,90.5325,2026-09-03 20:02:00,5.79,n,328.03,N20,VIIRS,N,97895213,Bongaigaon Refinery,Industrial / refinery,FACILITY,,,refinery,0.0
25.94085,72.18671,2026-09-03 20:02:00,2.0,n,305.68,N20,VIIRS,N,1074869813,Barmer Refinery,Industrial / refinery,FACILITY,,,refinery,0.187
24.11976,86.86308,2026-09-03 20:02:00,1.25,n,311.02,N20,VIIRS,N,661607505,Chitra East Coal Mine,Mining / quarry,FACILITY,,,,0.0
23.58009,86.72656,2026-09-03 20:02:00,1.11,n,308.13,N20,VIIRS,N,316973340,Raghunathpur Thermal Power Station,Power / plant,FACILITY,plant,,,7.493
23.69442,85.37145,2026-09-03 20:02:00,1.11,n,311.67,N20,VIIRS,N,526139561,Unnamed facility,Mining / quarry,FACILITY,,,,0.003
23.60976,85.67492,2026-09-03 20:02:00,0.81,n,309.37,N20,VIIRS,N,65253295,Rajappa Coal Mine,Mining / quarry,FACILITY,,,,0.0
23.6138,86.7917,2026-09-03 20:02:00,1.37,n,311.92,N20,VIIRS,N,1036348714,Panchet hydroelectric power station,Power / plant,FACILITY,plant,,,9.459
28.71685,76.8332,2026-09-03 20:02:00,1.13,n,299.98,N20,VIIRS,N,919824628,Unnamed facility,Industrial Infrastructure / works,FACILITY,,works,,2.692
23.69444,87.12463,2026-09-03 20:02:00,1.08,n,308.89,N20,VIIRS,N,20810432,Unnamed facility,Power / generator,FACILITY,generator,,,0.144
23.61443,86.78787,2026-09-03 20:02:00,1.32,n,309.85,N20,VIIRS,N,1036348714,Panchet hydroelectric power station,Power / plant,FACILITY,plant,,,9.177
23.6953,86.07877,2026-09-03 20:02:00,0.53,n,302.86,N20,VIIRS,N,936986288,Bokaro Works Power Plant,Power / plant,FACILITY,plant,,,1.352
23.75785,85.85593,2026-09-03 20:02:00,0.89,n,305.14,N20,VIIRS,N,134530459,Kathara coal mine,Mining / quarry,FACILITY,,,,0.0
23.75844,85.8522,2026-09-03 20:02:00,0.89,n,310.78,N20,VIIRS,N,134530459,Kathara coal mine,Mining / quarry,FACILITY,,,,0.15
23.75893,86.40212,2026-09-03 20:02:00,0.96,n,302.01,N20,VIIRS,N,117695917,Cluster 11 and Cluster 7 (BCCL) Coal Mines,Mining / quarry,FACILITY,,,,0.0
23.76222,86.40276,2026-09-03 20:02:00,1.1,n,308.28,N20,VIIRS,N,117695917,Cluster 11 and Cluster 7 (BCCL) Coal Mines,Mining / quarry,FACILITY,,,,0.0
23.76552,86.40339,2026-09-03 20:02:00,1.1,n,312.99,N20,VIIRS,N,117695917,Cluster 11 and Cluster 7 (BCCL) Coal Mines,Mining / quarry,FACILITY,,,,0.0
23.76881,86.40401,2026-09-03 20:02:00,0.93,n,303.73,N20,VIIRS,N,117695917,Cluster 11 and Cluster 7 (BCCL) Coal Mines,Mining / quarry,FACILITY,,,,0.0
23.77119,86.19974,2026-09-03 20:02:00,0.99,n,304.78,N20,VIIRS,N,117858814,Unnamed facility,Mining / quarry,FACILITY,,,,0.114
23.77179,86.196,2026-09-03 20:02:00,1.67,n,308.84,N20,VIIRS,N,117858814,Unnamed facility,Mining / quarry,FACILITY,,,,0.0
23.77548,86.36273,2026-09-03 20:02:00,0.87,n,301.78,N20,VIIRS,N,825940050,Unnamed facility,Mining / quarry,FACILITY,,,,0.0
23.77783,86.39025,2026-09-03 20:02:00,1.05,n,303.92,N20,VIIRS,N,117695917,Cluster 11 and Cluster 7 (BCCL) Coal Mines,Mining / quarry,FACILITY,,,,0.0
23.77986,86.20908,2026-09-03 20:02:00,2.21,n,318.46,N20,VIIRS,N,117858814,Unnamed facility,Mining / quarry,FACILITY,,,,0.0
23.75515,85.85158,2026-09-03 20:02:00,0.89,n,308.36,N20,VIIRS,N,134530459,Kathara coal mine,Mining / quarry,FACILITY,,,,0.0
24.11708,86.85863,2026-09-03 20:02:00,1.12,n,316.11,N20,VIIRS,N,661607505,Chitra East Coal Mine,Mining / quarry,FACILITY,,,,0.0
23.84145,86.50287,2026-09-03 20:02:00,0.52,n,303.98,N20,VIIRS,N,800350391,Unnamed facility,Industrial Component / storage_tank,COMPONENT,,storage_tank,,5.292
23.69508,87.1208,2026-09-03 20:02:00,1.08,n,310.26,N20,VIIRS,N,20810432,Unnamed facility,Power / generator,FACILITY,generator,,,0.55
23.82555,84.93825,2026-09-03 20:02:00,0.5,n,303.94,N20,VIIRS,N,733855328,Magadh coal mine,Mining / quarry,FACILITY,,,,4.902
23.82467,85.49529,2026-09-03 20:02:00,0.92,n,302.86,N20,VIIRS,N,525922584,Tapin coal mine,Mining / quarry,FACILITY,,,,0.0
23.82409,85.49904,2026-09-03 20:02:00,0.92,n,302.51,N20,VIIRS,N,525922584,Tapin coal mine,Mining / quarry,FACILITY,,,,0.0
23.81538,86.57941,2026-09-03 20:02:00,0.58,n,309.89,N20,VIIRS,N,989914124,Unnamed facility,Industrial Component / spoil_heap,COMPONENT,,spoil_heap,,9.462
23.80459,86.32961,2026-09-03 20:02:00,2.12,n,328.48,N20,VIIRS,N,117807506,Amalgamated Keshalpur-West Mudidih (AKWMC) Coal Mine,Mining / quarry,FACILITY,,,,0.042
23.80129,86.32899,2026-09-03 20:02:00,2.12,n,305.52,N20,VIIRS,N,117807506,Amalgamated Keshalpur-West Mudidih (AKWMC) Coal Mine,Mining / quarry,FACILITY,,,,0.0
23.79767,86.3515,2026-09-03 20:02:00,1.82,n,314.18,N20,VIIRS,N,117695916,Tetulmari coal mine,Mining / quarry,FACILITY,,,,0.0
23.78841,85.55404,2026-09-03 20:02:00,1.41,n,308.98,N20,VIIRS,N,65251416,West Bokaro Coal Mine,Mining / quarry,FACILITY,,,,0.183
23.78512,85.55343,2026-09-03 20:02:00,0.94,n,308.22,N20,VIIRS,N,65251416,West Bokaro Coal Mine,Mining / quarry,FACILITY,,,,0.45
23.85833,86.33572,2026-09-03 20:02:00,0.5,n,309.39,N20,VIIRS,N,1014169171,Unnamed facility,Industrial Component / kiln,COMPONENT,,kiln,,1.235
23.75456,85.85532,2026-09-03 20:02:00,0.89,n,309.18,N20,VIIRS,N,134530459,Kathara coal mine,Mining / quarry,FACILITY,,,,0.0
23.84097,84.94881,2026-09-03 20:02:00,0.55,n,303.34,N20,VIIRS,N,733855328,Magadh coal mine,Mining / quarry,FACILITY,,,,3.343
23.74545,85.50378,2026-09-03 20:02:00,0.59,n,301.96,N20,VIIRS,N,1018654260,Unnamed facility,Mining / quarry,FACILITY,,,,0.81
23.69766,87.10545,2026-09-03 20:02:00,1.14,n,306.8,N20,VIIRS,N,20810432,Unnamed facility,Power / generator,FACILITY,generator,,,2.281
23.69829,85.36831,2026-09-03 20:02:00,1.17,n,310.07,N20,VIIRS,N,526139561,Unnamed facility,Mining / quarry,FACILITY,,,,0.103
23.70932,85.42812,2026-09-03 20:02:00,0.45,n,303.85,N20,VIIRS,N,116955126,Unnamed facility,Mining / quarry,FACILITY,,,,4.501
23.71023,86.45091,2026-09-03 20:02:00,1.04,n,306.45,N20,VIIRS,N,117807504,Cluster 8 and Cluster 9 Coal Mines,Mining / quarry,FACILITY,,,,0.0
23.71049,85.2896,2026-09-03 20:02:00,0.48,n,302.26,N20,VIIRS,N,982859676,Unnamed facility,Mining / quarry,FACILITY,,,,0.228
23.71084,86.44715,2026-09-03 20:02:00,2.49,n,322.03,N20,VIIRS,N,117807504,Cluster 8 and Cluster 9 Coal Mines,Mining / quarry,FACILITY,,,,0.0
23.71121,86.424,2026-09-03 20:02:00,1.27,n,305.78,N20,VIIRS,N,988918471,Unnamed facility,Mining / quarry,FACILITY,,,,0.25
23.71353,86.45154,2026-09-03 20:02:00,2.89,n,330.73,N20,VIIRS,N,117807504,Cluster 8 and Cluster 9 Coal Mines,Mining / quarry,FACILITY,,,,0.0
23.71511,86.42087,2026-09-03 20:02:00,1.27,n,306.05,N20,VIIRS,N,988918471,Unnamed facility,Mining / quarry,FACILITY,,,,0.836
23.71841,86.4215,2026-09-03 20:02:00,1.67,n,305.64,N20,VIIRS,N,117807504,Cluster 8 and Cluster 9 Coal Mines,Mining / quarry,FACILITY,,,,1.082
23.69672,85.29093,2026-09-03 20:02:00,0.87,n,307.13,N20,VIIRS,N,665608931,North Urimari Birsa Coal Mine,Mining / quarry,FACILITY,,,,0.0
23.69626,87.09328,2026-09-03 20:02:00,1.31,n,312.84,N20,VIIRS,N,9138052461,Unnamed facility,Industrial Component / kiln,COMPONENT,,kiln,,2.217
23.6973,85.28718,2026-09-03 20:02:00,0.87,n,306.02,N20,VIIRS,N,665608931,North Urimari Birsa Coal Mine,Mining / quarry,FACILITY,,,,0.0
23.69674,85.35646,2026-09-03 20:02:00,0.59,n,304.52,N20,VIIRS,N,116955125,Unnamed facility,Mining / quarry,FACILITY,,,,0.0
23.7532,86.41651,2026-09-03 20:02:00,1.06,n,307.79,N20,VIIRS,N,117807504,Cluster 8 and Cluster 9 Coal Mines,Mining / quarry,FACILITY,,,,0.012
23.74027,86.43341,2026-09-03 20:02:00,3.28,n,309.02,N20,VIIRS,N,117807504,Cluster 8 and Cluster 9 Coal Mines,Mining / quarry,FACILITY,,,,0.0
23.74007,85.00873,2026-09-03 20:02:00,2.7,n,317.46,N20,VIIRS,N,660217414,Ashoka Coal Mine,Mining / quarry,FACILITY,,,,0.167
23.73758,86.42902,2026-09-03 20:02:00,1.41,n,312.53,N20,VIIRS,N,117807504,Cluster 8 and Cluster 9 Coal Mines,Mining / quarry,FACILITY,,,,0.113
23.73697,86.43278,2026-09-03 20:02:00,3.28,n,341.06,N20,VIIRS,N,117807504,Cluster 8 and Cluster 9 Coal Mines,Mining / quarry,FACILITY,,,,0.0
23.725,86.42276,2026-09-03 20:02:00,1.75,n,313.03,N20,VIIRS,N,117807504,Cluster 8 and Cluster 9 Coal Mines,Mining / quarry,FACILITY,,,,0.576
23.7255,85.52321,2026-09-03 20:02:00,0.25,n,301.47,N20,VIIRS,N,1018654250,Unnamed facility,Mining / quarry,FACILITY,,,,2.876
23.71965,85.0089,2026-09-03 20:02:00,0.69,n,304.95,N20,VIIRS,N,660217414,Ashoka Coal Mine,Mining / quarry,FACILITY,,,,0.0
23.71866,86.4409,2026-09-03 20:02:00,1.28,n,314.11,N20,VIIRS,N,117807504,Cluster 8 and Cluster 9 Coal Mines,Mining / quarry,FACILITY,,,,0.0
23.72257,86.43778,2026-09-03 20:02:00,2.16,n,308.92,N20,VIIRS,N,117807504,Cluster 8 and Cluster 9 Coal Mines,Mining / quarry,FACILITY,,,,0.0
17.60372,83.19993,2026-09-03 20:04:00,1.9,n,309.65,N20,VIIRS,N,801380978,Unnamed facility,Industrial Infrastructure / works,FACILITY,,works,,0.0
17.60372,83.19993,2026-09-03 20:04:00,1.9,n,309.65,N20,VIIRS,N,395219953,Visakhapatnam Steel Plant,Industrial / steelmaking,FACILITY,,,steelmaking,0.0
17.60983,83.20471,2026-09-03 20:04:00,2.31,n,326.65,N20,VIIRS,N,801380978,Unnamed facility,Industrial Infrastructure / works,FACILITY,,works,,0.0
17.60983,83.20471,2026-09-03 20:04:00,2.31,n,326.65,N20,VIIRS,N,395219953,Visakhapatnam Steel Plant,Industrial / steelmaking,FACILITY,,,steelmaking,0.0
17.69188,83.24426,2026-09-03 20:04:00,1.77,n,318.58,N20,VIIRS,N,280178624,Hindustan Petroleum Corporation Limited,Industrial / refinery,FACILITY,,,refinery,0.0
16.87099,80.02061,2026-09-03 20:04:00,2.28,n,306.16,N20,VIIRS,N,155023223,UltraTech Cement Ltd Factory,Industrial Infrastructure / works,FACILITY,,works,,0.0
17.35811,76.87943,2026-09-03 20:04:00,1.05,n,303.69,N20,VIIRS,N,657903283,Unnamed facility,Mining / quarry,FACILITY,,,,8.368
17.96308,83.15963,2026-09-03 20:04:00,1.55,n,306.04,N20,VIIRS,N,1243694990,Unnamed facility,Mining / quarry,FACILITY,,,,3.459
17.59818,83.19147,2026-09-03 20:04:00,1.29,n,307.48,N20,VIIRS,N,801380979,Unnamed facility,Power / plant,FACILITY,plant,,,0.0
17.59818,83.19147,2026-09-03 20:04:00,1.29,n,307.48,N20,VIIRS,N,395219953,Visakhapatnam Steel Plant,Industrial / steelmaking,FACILITY,,,steelmaking,0.0
17.60705,83.20048,2026-09-03 20:04:00,2.31,n,314.98,N20,VIIRS,N,395219953,Visakhapatnam Steel Plant,Industrial / steelmaking,FACILITY,,,steelmaking,0.0
15.17583,76.65791,2026-09-03 20:06:00,3.54,n,312.3,N20,VIIRS,N,285680302,Jindal Steel Works,Industrial Infrastructure / works,FACILITY,,works,steel_mill,0.0
15.2287,76.76014,2026-09-03 20:06:00,1.69,n,318.43,N20,VIIRS,N,19280842,KPCL Bellary Thermal Power Plant,Power / plant,FACILITY,plant,,,3.616
15.22415,76.75953,2026-09-03 20:06:00,1.9,n,308.39,N20,VIIRS,N,19280842,KPCL Bellary Thermal Power Plant,Power / plant,FACILITY,plant,,,3.204
15.18437,76.66389,2026-09-03 20:06:00,4.2,n,316.88,N20,VIIRS,N,285680302,Jindal Steel Works,Industrial Infrastructure / works,FACILITY,,works,steel_mill,0.0
15.18437,76.66389,2026-09-03 20:06:00,4.2,n,316.88,N20,VIIRS,N,822601316,Vijayanagar Toranagallu Power Station,Power / plant,FACILITY,plant,,,0.0
15.18376,76.66869,2026-09-03 20:06:00,3.3,n,317.37,N20,VIIRS,N,285680302,Jindal Steel Works,Industrial Infrastructure / works,FACILITY,,works,steel_mill,0.0
15.18315,76.67349,2026-09-03 20:06:00,3.3,n,309.9,N20,VIIRS,N,285680302,Jindal Steel Works,Industrial Infrastructure / works,FACILITY,,works,steel_mill,0.0
15.18254,76.67829,2026-09-03 20:06:00,2.6,n,306.64,N20,VIIRS,N,285680302,Jindal Steel Works,Industrial Infrastructure / works,FACILITY,,works,steel_mill,0.0
15.17711,77.10126,2026-09-03 20:06:00,0.93,n,300.53,N20,VIIRS,N,1002431141,Unnamed facility,Power / plant,FACILITY,plant,,,1.854
15.17644,76.6531,2026-09-03 20:06:00,2.15,n,311.26,N20,VIIRS,N,285680302,Jindal Steel Works,Industrial Infrastructure / works,FACILITY,,works,steel_mill,0.0
15.17367,76.78399,2026-09-03 20:06:00,1.27,n,303.2,N20,VIIRS,N,1158804984,Unnamed facility,Mining / quarry,FACILITY,,,,4.401
15.13724,76.70645,2026-09-03 20:06:00,0.62,n,303.86,N20,VIIRS,N,1230631682,Unnamed facility,Mining / quarry,FACILITY,,,,2.69
15.06992,76.86325,2026-09-03 20:06:00,1.13,n,298.07,N20,VIIRS,N,363697813,Unnamed facility,Mining / quarry,FACILITY,,,,7.71
15.02509,78.01545,2026-09-03 20:06:00,1.15,n,308.47,N20,VIIRS,N,829079273,Unnamed facility,Industrial Component / goods_conveyor,COMPONENT,,goods_conveyor,,0.13
13.412,78.25958,2026-09-03 20:06:00,0.43,n,303.36,N20,VIIRS,N,1002543774,Srinivasapura,Power / plant,FACILITY,plant,,,12.427
15.02147,78.0108,2026-09-03 20:06:00,1.15,n,299.92,N20,VIIRS,N,829079271,Unnamed facility,Industrial Component / goods_conveyor,COMPONENT,,goods_conveyor,,0.369
10.61815,77.42112,2026-09-03 20:06:00,0.77,n,308.73,N20,VIIRS,N,3163247181,Unnamed facility,Power / generator,FACILITY,generator,,,0.17
9.73645,77.55113,2026-09-03 20:06:00,1.08,n,310.68,N20,VIIRS,N,9101497943,Unnamed facility,Power / generator,FACILITY,generator,,,15.237
9.55857,77.51196,2026-09-03 20:06:00,0.19,n,300.32,N20,VIIRS,N,1018276477,Janakiram Mills,Industrial / factory,FACILITY,,,factory,11.845
9.54934,77.51951,2026-09-03 20:06:00,2.15,n,315.78,N20,VIIRS,N,1018276477,Janakiram Mills,Industrial / factory,FACILITY,,,factory,10.52
9.54893,77.52233,2026-09-03 20:06:00,3.0,n,328.06,N20,VIIRS,N,1018276477,Janakiram Mills,Industrial / factory,FACILITY,,,factory,10.324
11.17709,79.08981,2026-09-03 20:06:00,0.88,n,308.03,N20,VIIRS,N,1468887795,Unnamed facility,Power / plant,FACILITY,plant,,,1.636
6.81165,81.62,2026-09-03 20:08:00,0.8,n,316.81,N20,VIIRS,N,1033490635,Unnamed facility,Industrial Component / storage_tank,COMPONENT,,storage_tank,,378.936
8.75604,80.98608,2026-09-03 20:08:00,1.08,n,313.55,N20,VIIRS,N,1554800372,Unnamed facility,Power / generator,FACILITY,generator,,,194.905
8.62789,80.36659,2026-09-03 20:08:00,1.72,n,306.31,N20,VIIRS,N,1554800372,Unnamed facility,Power / generator,FACILITY,generator,,,139.127
8.57341,80.40363,2026-09-03 20:08:00,1.53,n,308.8,N20,VIIRS,N,1554800372,Unnamed facility,Power / generator,FACILITY,generator,,,146.001
8.29983,81.0357,2026-09-03 20:08:00,0.73,n,306.92,N20,VIIRS,N,1554800372,Unnamed facility,Power / generator,FACILITY,generator,,,221.803
7.38341,80.83238,2026-09-03 20:08:00,0.95,n,302.19,N20,VIIRS,N,1033490635,Unnamed facility,Industrial Component / storage_tank,COMPONENT,,storage_tank,,273.064
8.26514,80.19796,2026-09-03 20:08:00,2.41,n,315.75,N20,VIIRS,N,1033490635,Unnamed facility,Industrial Component / storage_tank,COMPONENT,,storage_tank,,151.701
6.8327,81.33623,2026-09-03 20:08:00,0.89,n,310.17,N20,VIIRS,N,1033490635,Unnamed facility,Industrial Component / storage_tank,COMPONENT,,storage_tank,,356.372
6.82885,81.33916,2026-09-03 20:08:00,2.22,n,322.19,N20,VIIRS,N,1033490635,Unnamed facility,Industrial Component / storage_tank,COMPONENT,,storage_tank,,356.913
6.81495,81.62053,2026-09-03 20:08:00,0.8,n,305.42,N20,VIIRS,N,1033490635,Unnamed facility,Industrial Component / storage_tank,COMPONENT,,storage_tank,,378.705
8.26856,80.19849,2026-09-03 20:08:00,2.07,n,324.56,N20,VIIRS,N,1033490635,Unnamed facility,Industrial Component / storage_tank,COMPONENT,,storage_tank,,151.449
6.81549,81.61707,2026-09-03 20:08:00,1.05,n,309.32,N20,VIIRS,N,1033490635,Unnamed facility,Industrial Component / storage_tank,COMPONENT,,storage_tank,,378.398
23.30512,70.47572,2026-09-03 20:46:00,1.37,n,306.69,N21,VIIRS,N,9248414030,Unnamed facility,Power / generator,FACILITY,generator,,,4.794
31.67875,73.96751,2026-09-03 20:46:00,0.86,n,309.0,N21,VIIRS,N,498946093,Unnamed facility,Industrial / brickworks,FACILITY,,,brickworks,67.365
28.42566,69.70036,2026-09-03 20:46:00,1.9,n,316.08,N21,VIIRS,N,457973221,Unnamed facility,Mining / quarry,FACILITY,,,,137.875
27.28808,73.84085,2026-09-03 20:46:00,0.68,n,313.3,N21,VIIRS,N,1482923481,Nagaur Wastewater Urban Unit,Industrial Component / wastewater_plant,COMPONENT,,wastewater_plant,,16.184
26.87844,73.5161,2026-09-03 20:46:00,2.37,n,307.83,N21,VIIRS,N,1068597645,Unnamed facility,Mining / quarry,FACILITY,,,,0.24
26.87514,73.51547,2026-09-03 20:46:00,2.07,n,309.26,N21,VIIRS,N,1068597510,Unnamed facility,Mining / quarry,FACILITY,,,,0.573
26.60381,73.68258,2026-09-03 20:46:00,0.86,n,305.3,N21,VIIRS,N,1002380415,Unnamed facility,Power / plant,FACILITY,plant,,,1.049
23.31438,70.48576,2026-09-03 20:46:00,1.63,n,309.94,N21,VIIRS,N,9248414030,Unnamed facility,Power / generator,FACILITY,generator,,,5.921
23.30852,71.92302,2026-09-03 20:46:00,0.58,n,302.05,N21,VIIRS,N,435850473,Savda,Power / plant,FACILITY,plant,,,15.954
23.1201,70.08562,2026-09-03 20:46:00,4.11,n,326.09,N21,VIIRS,N,20994946,Unnamed facility,Power / generator,FACILITY,generator,,,0.504
32.1031,74.17751,2026-09-03 20:46:00,2.92,n,309.36,N21,VIIRS,N,498946093,Unnamed facility,Industrial / brickworks,FACILITY,,,brickworks,73.388
23.11955,70.08704,2026-09-03 20:46:00,3.51,n,324.6,N21,VIIRS,N,20994946,Unnamed facility,Power / generator,FACILITY,generator,,,0.385
32.88831,71.6187,2026-09-03 20:46:00,3.26,n,309.34,N21,VIIRS,N,1468062508,Unnamed facility,Power / plant,FACILITY,plant,,,308.253
22.93496,69.69643,2026-09-03 20:46:00,2.03,n,307.76,N21,VIIRS,N,1002375165,Unnamed facility,Power / plant,FACILITY,plant,,,0.682
22.93436,69.70084,2026-09-03 20:46:00,2.03,n,309.93,N21,VIIRS,N,1002375165,Unnamed facility,Power / plant,FACILITY,plant,,,0.239
22.93139,69.69586,2026-09-03 20:46:00,3.15,n,308.31,N21,VIIRS,N,1002375165,Unnamed facility,Power / plant,FACILITY,plant,,,0.705
22.92464,69.82479,2026-09-03 20:46:00,2.91,n,305.3,N21,VIIRS,N,10809332947,Unnamed facility,Power / generator,FACILITY,generator,,,3.391
22.41513,69.03777,2026-09-03 20:46:00,3.19,n,309.75,N21,VIIRS,N,1312188870,Unnamed facility,Industrial Component / silo,COMPONENT,,silo,,2.315
22.39963,69.01791,2026-09-03 20:46:00,3.18,n,305.54,N21,VIIRS,N,1546500041,Unnamed facility,Industrial Component / storage_tank,COMPONENT,,storage_tank,,0.288
22.33877,69.8551,2026-09-03 20:46:00,4.3,n,308.15,N21,VIIRS,N,91585872,Reliance Refinery,Industrial / refinery,FACILITY,,,refinery,0.0
21.62968,72.911,2026-09-03 20:46:00,0.25,n,299.73,N21,VIIRS,N,849281492,Unnamed facility,Industrial Component / wastewater_plant,COMPONENT,,wastewater_plant,,8.18
21.16664,72.67046,2026-09-03 20:46:00,3.7,n,322.83,N21,VIIRS,N,661885047,Reliance,Industrial Infrastructure / works,FACILITY,,works,,0.0
21.11061,72.63454,2026-09-03 20:46:00,2.17,n,307.53,N21,VIIRS,N,104647203,ArcelorMittal Nippon Steel India,Industrial Infrastructure / works,FACILITY,,works,,0.0
21.10831,72.64921,2026-09-03 20:46:00,2.7,n,307.64,N21,VIIRS,N,104647203,ArcelorMittal Nippon Steel India,Industrial Infrastructure / works,FACILITY,,works,,0.0
21.10674,72.63763,2026-09-03 20:46:00,2.86,n,308.49,N21,VIIRS,N,104647203,ArcelorMittal Nippon Steel India,Industrial Infrastructure / works,FACILITY,,works,,0.0
21.10559,72.64497,2026-09-03 20:46:00,5.98,n,336.85,N21,VIIRS,N,104647203,ArcelorMittal Nippon Steel India,Industrial Infrastructure / works,FACILITY,,works,,0.0
21.10502,72.64862,2026-09-03 20:46:00,5.98,n,318.53,N21,VIIRS,N,104647203,ArcelorMittal Nippon Steel India,Industrial Infrastructure / works,FACILITY,,works,,0.0
21.10345,72.63704,2026-09-03 20:46:00,2.86,n,333.77,N21,VIIRS,N,104647203,ArcelorMittal Nippon Steel India,Industrial Infrastructure / works,FACILITY,,works,,0.0
21.10016,72.63646,2026-09-03 20:46:00,6.12,n,332.79,N21,VIIRS,N,104647203,ArcelorMittal Nippon Steel India,Industrial Infrastructure / works,FACILITY,,works,,0.102
20.91031,71.45869,2026-09-03 20:46:00,1.67,n,316.39,N21,VIIRS,N,226111719,GSPC Pipavav Power Company Ltd.,Power / plant,FACILITY,plant,,,0.889
20.86645,70.5637,2026-09-03 20:46:00,1.05,n,309.83,N21,VIIRS,N,657217573,Unnamed facility,Mining / quarry,FACILITY,,,,0.567
29.47605,76.85793,2026-09-03 20:46:00,4.09,n,329.76,N21,VIIRS,N,259662844,Panipat Refinery,Industrial / refinery,FACILITY,,,refinery,0.0
22.96819,72.55517,2026-09-03 20:46:00,0.4,n,307.07,N21,VIIRS,N,4483635589,"Chiripal industries ,pirana",Industrial Infrastructure / works,FACILITY,,works,,0.354
32.57489,72.56052,2026-09-03 20:46:00,3.2,n,309.8,N21,VIIRS,N,1318203266,Unnamed facility,Power / plant,FACILITY,plant,,,226.717
31.61502,74.37548,2026-09-03 20:46:00,0.8,n,308.84,N21,VIIRS,N,498946093,Unnamed facility,Industrial / brickworks,FACILITY,,,brickworks,22.46
33.29784,71.18603,2026-09-03 20:46:00,1.22,n,306.2,N21,VIIRS,N,1468709568,Unnamed facility,Power / plant,FACILITY,plant,,,324.057
33.68841,72.71086,2026-09-03 20:46:00,3.11,n,309.78,N21,VIIRS,N,4190775708,Uri II,Power / plant,FACILITY,plant,,,151.611
17.61118,83.20664,2026-09-03 20:49:00,1.76,n,307.79,N21,VIIRS,N,801380978,Unnamed facility,Industrial Infrastructure / works,FACILITY,,works,,0.0
17.61118,83.20664,2026-09-03 20:49:00,1.76,n,307.79,N21,VIIRS,N,395219953,Visakhapatnam Steel Plant,Industrial / steelmaking,FACILITY,,,steelmaking,0.0
15.18064,76.66591,2026-09-03 20:49:00,2.2,n,324.76,N21,VIIRS,N,285680302,Jindal Steel Works,Industrial Infrastructure / works,FACILITY,,works,steel_mill,0.0
15.17996,76.66974,2026-09-03 20:49:00,2.2,n,305.7,N21,VIIRS,N,285680302,Jindal Steel Works,Industrial Infrastructure / works,FACILITY,,works,steel_mill,0.0
15.1786,76.6774,2026-09-03 20:49:00,2.62,n,304.63,N21,VIIRS,N,285680302,Jindal Steel Works,Industrial Infrastructure / works,FACILITY,,works,steel_mill,0.0
15.17859,76.65359,2026-09-03 20:49:00,1.04,n,305.26,N21,VIIRS,N,285680302,Jindal Steel Works,Industrial Infrastructure / works,FACILITY,,works,steel_mill,0.0
15.17791,76.65741,2026-09-03 20:49:00,1.81,n,326.69,N21,VIIRS,N,285680302,Jindal Steel Works,Industrial Infrastructure / works,FACILITY,,works,steel_mill,0.0
15.17699,77.10145,2026-09-03 20:49:00,1.21,n,303.07,N21,VIIRS,N,1002431141,Unnamed facility,Power / plant,FACILITY,plant,,,1.853
15.17451,76.67654,2026-09-03 20:49:00,1.13,n,305.63,N21,VIIRS,N,285680302,Jindal Steel Works,Industrial Infrastructure / works,FACILITY,,works,steel_mill,0.0
15.1745,76.65276,2026-09-03 20:49:00,1.04,n,305.33,N21,VIIRS,N,285680302,Jindal Steel Works,Industrial Infrastructure / works,FACILITY,,works,steel_mill,0.0
15.17382,76.65658,2026-09-03 20:49:00,1.81,n,306.57,N21,VIIRS,N,285680302,Jindal Steel Works,Industrial Infrastructure / works,FACILITY,,works,steel_mill,0.0
15.17314,76.6604,2026-09-03 20:49:00,1.81,n,303.5,N21,VIIRS,N,285680302,Jindal Steel Works,Industrial Infrastructure / works,FACILITY,,works,steel_mill,0.0
15.17179,76.69175,2026-09-03 20:49:00,1.18,n,307.81,N21,VIIRS,N,285680302,Jindal Steel Works,Industrial Infrastructure / works,FACILITY,,works,steel_mill,0.0
15.1614,76.37529,2026-09-03 20:49:00,0.52,n,298.67,N21,VIIRS,N,1186902443,Danapuram BMM Captive Power Plant 1,Power / plant,FACILITY,plant,,,0.988
15.1614,76.37529,2026-09-03 20:49:00,0.52,n,298.67,N21,VIIRS,N,16053036,Danapuram BMM Captive Power Plants,Power / plant,FACILITY,plant,,,0.988
15.07199,76.86526,2026-09-03 20:49:00,1.11,n,301.83,N21,VIIRS,N,363697813,Unnamed facility,Mining / quarry,FACILITY,,,,7.436
15.02284,78.01471,2026-09-03 20:49:00,1.34,n,303.58,N21,VIIRS,N,829079274,Unnamed facility,Industrial Component / goods_conveyor,COMPONENT,,goods_conveyor,,0.06
14.87435,78.05117,2026-09-03 20:49:00,2.81,n,321.22,N21,VIIRS,N,1539138421,Unnamed facility,Power / plant,FACILITY,plant,,,1.118
13.89939,76.5644,2026-09-03 20:49:00,1.15,n,304.03,N21,VIIRS,N,1670706045,Unnamed facility,Power / generator,FACILITY,generator,,,8.806
15.18609,76.65908,2026-09-03 20:49:00,1.64,n,306.28,N21,VIIRS,N,285680302,Jindal Steel Works,Industrial Infrastructure / works,FACILITY,,works,steel_mill,0.0
17.60034,83.19914,2026-09-03 20:49:00,2.14,n,304.38,N21,VIIRS,N,801380978,Unnamed facility,Industrial Infrastructure / works,FACILITY,,works,,0.0
17.60034,83.19914,2026-09-03 20:49:00,2.14,n,304.38,N21,VIIRS,N,395219953,Visakhapatnam Steel Plant,Industrial / steelmaking,FACILITY,,,steelmaking,0.0
23.69308,87.10843,2026-09-03 20:49:00,6.47,n,301.74,N21,VIIRS,N,20810432,Unnamed facility,Power / generator,FACILITY,generator,,,1.887
23.70964,86.44592,2026-09-03 20:49:00,2.9,n,302.83,N21,VIIRS,N,117807504,Cluster 8 and Cluster 9 Coal Mines,Mining / quarry,FACILITY,,,,0.0
17.69013,83.24277,2026-09-03 20:49:00,1.13,n,307.09,N21,VIIRS,N,280178624,Hindustan Petroleum Corporation Limited,Industrial / refinery,FACILITY,,,refinery,0.0
17.69266,83.2471,2026-09-03 20:49:00,3.47,n,313.2,N21,VIIRS,N,280178624,Hindustan Petroleum Corporation Limited,Industrial / refinery,FACILITY,,,refinery,0.0
18.67889,73.03624,2026-09-03 20:49:00,2.73,n,314.72,N21,VIIRS,N,1228954771,Unnamed facility,Power / plant,FACILITY,plant,,,0.972
18.68221,73.03683,2026-09-03 20:49:00,5.42,n,331.89,N21,VIIRS,N,1228954771,Unnamed facility,Power / plant,FACILITY,plant,,,0.639
18.68341,73.02945,2026-09-03 20:49:00,1.67,n,308.6,N21,VIIRS,N,1228954771,Unnamed facility,Power / plant,FACILITY,plant,,,1.344
18.68674,73.03004,2026-09-03 20:49:00,1.67,n,319.05,N21,VIIRS,N,219877153,Unnamed facility,Industrial Component / goods_conveyor,COMPONENT,,goods_conveyor,,1.146
18.69219,73.03861,2026-09-03 20:49:00,2.04,n,308.87,N21,VIIRS,N,1228954771,Unnamed facility,Power / plant,FACILITY,plant,,,0.675
19.36892,71.35392,2026-09-03 20:49:00,3.1,n,315.14,N21,VIIRS,N,331427518,Tarapur Atomic Power Station,Power / plant,FACILITY,plant,,,154.834
19.57132,71.36473,2026-09-03 20:49:00,3.08,n,309.3,N21,VIIRS,N,983693307,Unnamed facility,Power / plant,FACILITY,plant,,,141.934
17.60314,83.20052,2026-09-03 20:49:00,1.59,n,309.35,N21,VIIRS,N,801380978,Unnamed facility,Industrial Infrastructure / works,FACILITY,,works,,0.0
17.60314,83.20052,2026-09-03 20:49:00,1.59,n,309.35,N21,VIIRS,N,395219953,Visakhapatnam Steel Plant,Industrial / steelmaking,FACILITY,,,steelmaking,0.0
23.61539,86.79142,2026-09-03 20:49:00,1.86,n,302.16,N21,VIIRS,N,1036348714,Panchet hydroelectric power station,Power / plant,FACILITY,plant,,,9.278
25.94356,72.19094,2026-09-03 20:49:00,3.76,n,331.2,N21,VIIRS,N,1074869813,Barmer Refinery,Industrial / refinery,FACILITY,,,refinery,0.0
24.69003,73.00208,2026-09-03 20:49:00,1.68,n,312.72,N21,VIIRS,N,386432635,Unnamed facility,Mining / quarry,FACILITY,,,,0.755
23.80544,86.33025,2026-09-03 20:49:00,2.41,n,301.68,N21,VIIRS,N,117807506,Amalgamated Keshalpur-West Mudidih (AKWMC) Coal Mine,Mining / quarry,FACILITY,,,,0.084
23.79371,86.35073,2026-09-03 20:49:00,1.06,n,297.17,N21,VIIRS,N,117695916,Tetulmari coal mine,Mining / quarry,FACILITY,,,,0.0
23.78815,85.55396,2026-09-03 20:49:00,1.97,n,298.36,N21,VIIRS,N,65251416,West Bokaro Coal Mine,Mining / quarry,FACILITY,,,,0.203
23.76123,86.40075,2026-09-03 20:49:00,2.55,n,303.17,N21,VIIRS,N,117695917,Cluster 11 and Cluster 7 (BCCL) Coal Mines,Mining / quarry,FACILITY,,,,0.0
23.74199,85.00803,2026-09-03 20:49:00,1.42,n,304.62,N21,VIIRS,N,660217414,Ashoka Coal Mine,Mining / quarry,FACILITY,,,,0.352
23.741,85.00602,2026-09-03 20:49:00,1.68,n,300.73,N21,VIIRS,N,660217414,Ashoka Coal Mine,Mining / quarry,FACILITY,,,,0.349
17.60904,83.20199,2026-09-03 20:49:00,3.25,n,309.25,N21,VIIRS,N,395219953,Visakhapatnam Steel Plant,Industrial / steelmaking,FACILITY,,,steelmaking,0.0
19.67412,71.67126,2026-09-03 20:49:00,1.64,n,305.61,N21,VIIRS,N,331427518,Tarapur Atomic Power Station,Power / plant,FACILITY,plant,,,111.038
23.61643,86.78899,2026-09-03 20:49:00,1.6,n,302.57,N21,VIIRS,N,1036348714,Panchet hydroelectric power station,Power / plant,FACILITY,plant,,,9.03
23.68988,87.121,2026-09-03 20:49:00,6.27,n,303.36,N21,VIIRS,N,20810432,Unnamed facility,Power / generator,FACILITY,generator,,,0.628
11.10315,77.76294,2026-09-03 20:51:00,0.94,n,306.76,N21,VIIRS,N,1431998765,Unnamed facility,Power / plant,FACILITY,plant,,,5.468
9.73405,77.55091,2026-09-03 20:51:00,2.6,n,312.29,N21,VIIRS,N,9101497943,Unnamed facility,Power / generator,FACILITY,generator,,,15.346
9.5471,77.52013,2026-09-03 20:51:00,2.79,n,308.51,N21,VIIRS,N,1018276477,Janakiram Mills,Industrial / factory,FACILITY,,,factory,10.267
8.11158,80.80983,2026-09-03 20:51:00,2.37,n,314.66,N21,VIIRS,N,1033490635,Unnamed facility,Industrial Component / storage_tank,COMPONENT,,storage_tank,,213.199
8.11056,80.81093,2026-09-03 20:51:00,1.78,n,315.49,N21,VIIRS,N,1033490635,Unnamed facility,Industrial Component / storage_tank,COMPONENT,,storage_tank,,213.366
7.89997,80.61448,2026-09-03 20:51:00,0.72,n,306.98,N21,VIIRS,N,1033490635,Unnamed facility,Industrial Component / storage_tank,COMPONENT,,storage_tank,,213.255
7.81611,80.62204,2026-09-03 20:51:00,1.22,n,307.15,N21,VIIRS,N,1033490635,Unnamed facility,Industrial Component / storage_tank,COMPONENT,,storage_tank,,220.784
11.18059,79.10029,2026-09-03 20:51:00,1.28,n,313.59,N21,VIIRS,N,1468887795,Unnamed facility,Power / plant,FACILITY,plant,,,0.57
32.72236,72.92319,2026-09-03 21:40:00,0.9,n,303.06,N20,VIIRS,N,1318203266,Unnamed facility,Power / plant,FACILITY,plant,,,181.955
32.64611,72.97604,2026-09-03 21:40:00,1.06,n,305.0,N20,VIIRS,N,14097342530,Coal Mine Metka,Mining / coal,CONTEXT,,adit,,181.942
33.29866,71.1848,2026-09-03 21:40:00,1.0,n,308.47,N20,VIIRS,N,1468709568,Unnamed facility,Power / plant,FACILITY,plant,,,324.131
32.88735,71.617,2026-09-03 21:40:00,3.17,n,307.21,N20,VIIRS,N,1468062508,Unnamed facility,Power / plant,FACILITY,plant,,,308.476
29.47375,76.85448,2026-09-03 21:42:00,3.16,n,316.52,N20,VIIRS,N,259662844,Panipat Refinery,Industrial / refinery,FACILITY,,,refinery,0.35
29.47193,76.86103,2026-09-03 21:42:00,3.16,n,313.99,N20,VIIRS,N,259662844,Panipat Refinery,Industrial / refinery,FACILITY,,,refinery,0.02
28.42469,69.70127,2026-09-03 21:42:00,1.58,n,308.89,N20,VIIRS,N,457973221,Unnamed facility,Mining / quarry,FACILITY,,,,137.726
25.94423,72.19559,2026-09-03 21:42:00,1.92,n,310.82,N20,VIIRS,N,1074869813,Barmer Refinery,Industrial / refinery,FACILITY,,,refinery,0.0
25.94266,72.1937,2026-09-03 21:42:00,1.66,n,315.55,N20,VIIRS,N,1074869813,Barmer Refinery,Industrial / refinery,FACILITY,,,refinery,0.0
29.47733,76.8575,2026-09-03 21:42:00,5.4,n,334.66,N20,VIIRS,N,259662844,Panipat Refinery,Industrial / refinery,FACILITY,,,refinery,0.0
29.90804,74.94972,2026-09-03 21:42:00,0.96,n,304.42,N20,VIIRS,N,546111308,Guru Gobind Singh Refinery,Industrial / refinery,FACILITY,,,refinery,0.0
21.11042,72.64252,2026-09-03 21:44:00,1.64,n,302.58,N20,VIIRS,N,104647203,ArcelorMittal Nippon Steel India,Industrial Infrastructure / works,FACILITY,,works,,0.0
23.49735,68.57843,2026-09-03 21:44:00,1.13,n,305.16,N20,VIIRS,N,944917515,SANGHIPURAM CEMENT,Power / plant,FACILITY,plant,,,0.204
21.1702,72.67035,2026-09-03 21:44:00,2.07,n,302.88,N20,VIIRS,N,661885047,Reliance,Industrial Infrastructure / works,FACILITY,,works,,0.0
21.16396,72.66865,2026-09-03 21:44:00,2.07,n,320.12,N20,VIIRS,N,661885047,Reliance,Industrial Infrastructure / works,FACILITY,,works,,0.134
21.1091,72.64794,2026-09-03 21:44:00,1.64,n,303.32,N20,VIIRS,N,104647203,ArcelorMittal Nippon Steel India,Industrial Infrastructure / works,FACILITY,,works,,0.0
21.10634,72.64722,2026-09-03 21:44:00,1.48,n,303.47,N20,VIIRS,N,104647203,ArcelorMittal Nippon Steel India,Industrial Infrastructure / works,FACILITY,,works,,0.0
21.10505,72.65266,2026-09-03 21:44:00,1.48,n,303.05,N20,VIIRS,N,104647203,ArcelorMittal Nippon Steel India,Industrial Infrastructure / works,FACILITY,,works,,0.0
20.36032,72.94863,2026-09-03 21:44:00,1.27,n,300.96,N20,VIIRS,N,661908677,Unnamed facility,Industrial Infrastructure / works,FACILITY,,works,,0.802
28.50743,97.02318,2026-09-04 06:22:00,4.49,n,330.67,N21,VIIRS,D,5187607450,Awapani Hydel Power,Power / generator,FACILITY,generator,,,124.993
28.50004,97.02452,2026-09-04 06:22:00,6.77,n,334.58,N21,VIIRS,D,5187607450,Awapani Hydel Power,Power / generator,FACILITY,generator,,,125.448
28.48533,97.02769,2026-09-04 06:22:00,4.56,n,330.4,N21,VIIRS,D,5187607450,Awapani Hydel Power,Power / generator,FACILITY,generator,,,126.424
6.89503,81.66534,2026-09-04 07:12:00,15.69,n,333.26,N20,VIIRS,D,1033490635,Unnamed facility,Industrial Component / storage_tank,COMPONENT,,storage_tank,,375.65
6.82742,81.33201,2026-09-04 07:12:00,0.98,n,333.12,N20,VIIRS,D,1033490635,Unnamed facility,Industrial Component / storage_tank,COMPONENT,,storage_tank,,356.532
6.82668,81.33308,2026-09-04 07:12:00,2.93,n,341.49,N20,VIIRS,D,1033490635,Unnamed facility,Industrial Component / storage_tank,COMPONENT,,storage_tank,,356.672
8.54235,80.3744,2026-09-04 07:12:00,4.67,n,337.36,N20,VIIRS,D,1033490635,Unnamed facility,Industrial Component / storage_tank,COMPONENT,,storage_tank,,145.364
8.54459,80.37231,2026-09-04 07:12:00,6.86,n,347.07,N20,VIIRS,D,1033490635,Unnamed facility,Industrial Component / storage_tank,COMPONENT,,storage_tank,,145.029
8.54552,80.85181,2026-09-04 07:12:00,7.65,n,330.25,N20,VIIRS,D,1554800372,Unnamed facility,Power / generator,FACILITY,generator,,,190.436
6.896,81.67058,2026-09-04 07:12:00,9.7,n,332.33,N20,VIIRS,D,1033490635,Unnamed facility,Industrial Component / storage_tank,COMPONENT,,storage_tank,,375.981
7.4607,81.24904,2026-09-04 07:12:00,3.69,n,333.01,N20,VIIRS,D,1033490635,Unnamed facility,Industrial Component / storage_tank,COMPONENT,,storage_tank,,298.092
7.707,81.09916,2026-09-04 07:12:00,4.47,n,334.77,N20,VIIRS,D,1033490635,Unnamed facility,Industrial Component / storage_tank,COMPONENT,,storage_tank,,267.097
7.70815,81.10244,2026-09-04 07:12:00,3.81,n,330.64,N20,VIIRS,D,1033490635,Unnamed facility,Industrial Component / storage_tank,COMPONENT,,storage_tank,,267.285
8.01449,81.27029,2026-09-04 07:12:00,8.57,n,338.06,N20,VIIRS,D,1554800372,Unnamed facility,Power / generator,FACILITY,generator,,,261.12
8.20375,81.32036,2026-09-04 07:12:00,10.19,n,343.82,N20,VIIRS,D,1554800372,Unnamed facility,Power / generator,FACILITY,generator,,,254.615
8.20534,81.31903,2026-09-04 07:12:00,16.61,n,340.42,N20,VIIRS,D,1554800372,Unnamed facility,Power / generator,FACILITY,generator,,,254.398
8.39582,81.08801,2026-09-04 07:12:00,8.45,n,331.14,N20,VIIRS,D,1554800372,Unnamed facility,Power / generator,FACILITY,generator,,,221.543
7.49698,81.7366,2026-09-04 07:12:00,3.05,n,332.32,N20,VIIRS,D,1033490635,Unnamed facility,Industrial Component / storage_tank,COMPONENT,,storage_tank,,337.115
8.40456,81.06378,2026-09-04 07:12:00,7.44,n,334.76,N20,VIIRS,D,1554800372,Unnamed facility,Power / generator,FACILITY,generator,,,218.7
7.43091,81.71309,2026-09-04 07:12:00,6.07,n,329.71,N20,VIIRS,D,1033490635,Unnamed facility,Industrial Component / storage_tank,COMPONENT,,storage_tank,,339.517
7.29266,81.82796,2026-09-04 07:12:00,5.6,n,344.67,N20,VIIRS,D,1033490635,Unnamed facility,Industrial Component / storage_tank,COMPONENT,,storage_tank,,359.162
7.16258,81.81094,2026-09-04 07:12:00,5.04,n,334.7,N20,VIIRS,D,1033490635,Unnamed facility,Industrial Component / storage_tank,COMPONENT,,storage_tank,,366.993
7.29266,81.13496,2026-09-04 07:12:00,7.34,n,333.31,N20,VIIRS,D,1033490635,Unnamed facility,Industrial Component / storage_tank,COMPONENT,,storage_tank,,302.673
8.40722,80.73176,2026-09-04 07:12:00,7.11,n,337.36,N20,VIIRS,D,1554800372,Unnamed facility,Power / generator,FACILITY,generator,,,186.731
7.43366,81.71141,2026-09-04 07:12:00,6.1,n,333.44,N20,VIIRS,D,1033490635,Unnamed facility,Industrial Component / storage_tank,COMPONENT,,storage_tank,,339.18
17.60935,82.68137,2026-09-04 07:14:00,4.0,n,336.49,N20,VIIRS,D,801649560,Unnamed facility,Industrial Infrastructure / works,FACILITY,,works,,6.972
28.49755,97.02412,2026-09-04 07:16:00,7.47,n,338.75,N20,VIIRS,D,5187607450,Awapani Hydel Power,Power / generator,FACILITY,generator,,,125.514
28.49703,97.02219,2026-09-04 07:16:00,7.02,n,341.2,N20,VIIRS,D,5187607450,Awapani Hydel Power,Power / generator,FACILITY,generator,,,125.335
20.88834,84.98114,2026-09-04 07:16:00,2.35,n,329.15,N20,VIIRS,D,1012595669,Angul Steel Power Plant,Power / plant,FACILITY,plant,,,0.873
21.74705,83.8432,2026-09-04 07:16:00,7.19,n,333.02,N20,VIIRS,D,648728222,Belpahar Coal Mine,Mining / quarry,FACILITY,,,,0.0
26.99477,87.50374,2026-09-04 07:16:00,2.81,n,337.89,N20,VIIRS,D,1463429343,Unnamed facility,Power / plant,FACILITY,plant,,,65.831
23.69273,87.12243,2026-09-04 07:16:00,5.66,l,331.45,N20,VIIRS,D,20810432,Unnamed facility,Power / generator,FACILITY,generator,,,0.332
23.71243,86.45306,2026-09-04 07:16:00,6.0,l,334.05,N20,VIIRS,D,117807504,Cluster 8 and Cluster 9 Coal Mines,Mining / quarry,FACILITY,,,,0.0
7.41481,81.14605,2026-09-04 07:56:00,6.04,n,340.24,N21,VIIRS,D,1033490635,Unnamed facility,Industrial Component / storage_tank,COMPONENT,,storage_tank,,293.54
7.20063,81.01414,2026-09-04 07:56:00,5.86,l,337.55,N21,VIIRS,D,1033490635,Unnamed facility,Industrial Component / storage_tank,COMPONENT,,storage_tank,,301.73
7.28636,81.71537,2026-09-04 07:56:00,2.55,n,331.1,N21,VIIRS,D,1033490635,Unnamed facility,Industrial Component / storage_tank,COMPONENT,,storage_tank,,349.901
7.28966,81.71487,2026-09-04 07:56:00,3.28,n,335.03,N21,VIIRS,D,1033490635,Unnamed facility,Industrial Component / storage_tank,COMPONENT,,storage_tank,,349.62
7.31458,81.15795,2026-09-04 07:56:00,4.84,l,331.07,N21,VIIRS,D,1033490635,Unnamed facility,Industrial Component / storage_tank,COMPONENT,,storage_tank,,302.597
7.33481,81.56585,2026-09-04 07:56:00,2.59,l,330.77,N21,VIIRS,D,1033490635,Unnamed facility,Industrial Component / storage_tank,COMPONENT,,storage_tank,,333.709
7.33858,81.72524,2026-09-04 07:56:00,4.96,l,334.11,N21,VIIRS,D,1033490635,Unnamed facility,Industrial Component / storage_tank,COMPONENT,,storage_tank,,347.021
7.36531,81.83537,2026-09-04 07:56:00,2.34,n,332.57,N21,VIIRS,D,1033490635,Unnamed facility,Industrial Component / storage_tank,COMPONENT,,storage_tank,,354.793
7.36872,81.74561,2026-09-04 07:56:00,4.81,n,335.28,N21,VIIRS,D,1033490635,Unnamed facility,Industrial Component / storage_tank,COMPONENT,,storage_tank,,346.674
7.38195,81.74361,2026-09-04 07:56:00,7.79,n,338.74,N21,VIIRS,D,1033490635,Unnamed facility,Industrial Component / storage_tank,COMPONENT,,storage_tank,,345.579
7.18345,81.80295,2026-09-04 07:56:00,10.47,n,340.18,N21,VIIRS,D,1033490635,Unnamed facility,Industrial Component / storage_tank,COMPONENT,,storage_tank,,364.798
7.17065,81.02296,2026-09-04 07:56:00,3.92,l,336.04,N21,VIIRS,D,1033490635,Unnamed facility,Industrial Component / storage_tank,COMPONENT,,storage_tank,,304.962
6.82348,81.55391,2026-09-04 07:56:00,11.56,n,344.29,N21,VIIRS,D,1033490635,Unnamed facility,Industrial Component / storage_tank,COMPONENT,,storage_tank,,372.986
7.1319,80.92328,2026-09-04 07:56:00,21.59,n,338.76,N21,VIIRS,D,1033490635,Unnamed facility,Industrial Component / storage_tank,COMPONENT,,storage_tank,,301.603
7.08992,81.78862,2026-09-04 07:56:00,10.49,n,341.64,N21,VIIRS,D,1033490635,Unnamed facility,Industrial Component / storage_tank,COMPONENT,,storage_tank,,370.482
7.01437,81.60546,2026-09-04 07:56:00,10.62,n,347.78,N21,VIIRS,D,1033490635,Unnamed facility,Industrial Component / storage_tank,COMPONENT,,storage_tank,,361.453
7.01385,81.602,2026-09-04 07:56:00,6.18,l,336.09,N21,VIIRS,D,1033490635,Unnamed facility,Industrial Component / storage_tank,COMPONENT,,storage_tank,,361.221
6.99614,81.61886,2026-09-04 07:56:00,7.11,n,335.82,N21,VIIRS,D,1033490635,Unnamed facility,Industrial Component / storage_tank,COMPONENT,,storage_tank,,363.953
6.94629,81.60164,2026-09-04 07:56:00,5.79,n,337.15,N21,VIIRS,D,1033490635,Unnamed facility,Industrial Component / storage_tank,COMPONENT,,storage_tank,,366.584
6.8893,81.63238,2026-09-04 07:56:00,10.01,n,339.24,N21,VIIRS,D,1033490635,Unnamed facility,Industrial Component / storage_tank,COMPONENT,,storage_tank,,373.555
6.88057,81.55229,2026-09-04 07:56:00,6.26,n,337.68,N21,VIIRS,D,1033490635,Unnamed facility,Industrial Component / storage_tank,COMPONENT,,storage_tank,,368.144
6.72797,81.30743,2026-09-04 07:56:00,6.67,n,336.76,N21,VIIRS,D,1033490635,Unnamed facility,Industrial Component / storage_tank,COMPONENT,,storage_tank,,363.547
6.34658,81.12452,2026-09-04 07:56:00,151.07,n,332.91,N21,VIIRS,D,1033490635,Unnamed facility,Industrial Component / storage_tank,COMPONENT,,storage_tank,,387.132
6.28038,80.98396,2026-09-04 07:56:00,2.44,n,332.67,N21,VIIRS,D,1033490635,Unnamed facility,Industrial Component / storage_tank,COMPONENT,,storage_tank,,385.647
7.44885,81.62225,2026-09-04 07:56:00,2.72,n,336.07,N21,VIIRS,D,1033490635,Unnamed facility,Industrial Component / storage_tank,COMPONENT,,storage_tank,,330.328
7.15772,81.07076,2026-09-04 07:56:00,3.87,l,333.46,N21,VIIRS,D,1033490635,Unnamed facility,Industrial Component / storage_tank,COMPONENT,,storage_tank,,309.446
7.48911,81.68732,2026-09-04 07:56:00,3.93,n,344.36,N21,VIIRS,D,1033490635,Unnamed facility,Industrial Component / storage_tank,COMPONENT,,storage_tank,,333.26
7.80802,81.49847,2026-09-04 07:56:00,7.98,n,347.86,N21,VIIRS,D,1554800372,Unnamed facility,Power / generator,FACILITY,generator,,,295.212
7.5063,81.66331,2026-09-04 07:56:00,3.55,n,336.75,N21,VIIRS,D,1033490635,Unnamed facility,Industrial Component / storage_tank,COMPONENT,,storage_tank,,329.964
8.39051,80.33973,2026-09-04 07:56:00,6.3,n,349.25,N21,VIIRS,D,1033490635,Unnamed facility,Industrial Component / storage_tank,COMPONENT,,storage_tank,,152.866
8.40062,81.05363,2026-09-04 07:56:00,13.29,n,339.8,N21,VIIRS,D,1554800372,Unnamed facility,Power / generator,FACILITY,generator,,,217.913
8.41521,81.08327,2026-09-04 07:56:00,4.06,n,332.94,N21,VIIRS,D,1554800372,Unnamed facility,Power / generator,FACILITY,generator,,,220.06
8.45161,80.60664,2026-09-04 07:56:00,1.83,n,334.12,N21,VIIRS,D,1554800372,Unnamed facility,Power / generator,FACILITY,generator,,,172.383
8.46263,80.5023,2026-09-04 07:56:00,1.55,n,336.81,N21,VIIRS,D,1033490635,Unnamed facility,Industrial Component / storage_tank,COMPONENT,,storage_tank,,162.175
8.46592,80.50179,2026-09-04 07:56:00,5.01,n,344.01,N21,VIIRS,D,1033490635,Unnamed facility,Industrial Component / storage_tank,COMPONENT,,storage_tank,,161.918
8.50317,80.85683,2026-09-04 07:56:00,2.19,n,337.52,N21,VIIRS,D,1554800372,Unnamed facility,Power / generator,FACILITY,generator,,,193.153
8.53555,80.84832,2026-09-04 07:56:00,3.38,n,335.22,N21,VIIRS,D,1554800372,Unnamed facility,Power / generator,FACILITY,generator,,,190.607
8.56557,80.39687,2026-09-04 07:56:00,3.96,n,333.19,N21,VIIRS,D,1554800372,Unnamed facility,Power / generator,FACILITY,generator,,,145.897
8.58052,80.82632,2026-09-04 07:56:00,4.99,n,342.18,N21,VIIRS,D,1554800372,Unnamed facility,Power / generator,FACILITY,generator,,,186.125
8.62883,80.81182,2026-09-04 07:56:00,5.85,n,337.33,N21,VIIRS,D,1554800372,Unnamed facility,Power / generator,FACILITY,generator,,,182.3
8.62977,80.75155,2026-09-04 07:56:00,8.72,n,337.31,N21,VIIRS,D,1554800372,Unnamed facility,Power / generator,FACILITY,generator,,,176.206
8.62998,80.41513,2026-09-04 07:56:00,7.79,n,343.79,N21,VIIRS,D,1554800372,Unnamed facility,Power / generator,FACILITY,generator,,,143.513
8.63109,80.71597,2026-09-04 07:56:00,6.35,l,334.85,N21,VIIRS,D,1554800372,Unnamed facility,Power / generator,FACILITY,generator,,,172.591
8.66461,80.39914,2026-09-04 07:56:00,5.09,n,342.22,N21,VIIRS,D,1554800372,Unnamed facility,Power / generator,FACILITY,generator,,,139.928
8.66645,80.25687,2026-09-04 07:56:00,6.17,n,338.37,N21,VIIRS,D,1554800372,Unnamed facility,Power / generator,FACILITY,generator,,,126.613
8.66974,80.25637,2026-09-04 07:56:00,6.17,n,346.19,N21,VIIRS,D,1554800372,Unnamed facility,Power / generator,FACILITY,generator,,,126.353
8.78873,80.87485,2026-09-04 07:56:00,4.35,n,332.71,N21,VIIRS,D,1554800372,Unnamed facility,Power / generator,FACILITY,generator,,,181.999
8.80511,80.9609,2026-09-04 07:56:00,7.58,l,333.87,N21,VIIRS,D,1554800372,Unnamed facility,Power / generator,FACILITY,generator,,,190.507
8.80604,80.56779,2026-09-04 07:56:00,5.36,n,338.63,N21,VIIRS,D,1554800372,Unnamed facility,Power / generator,FACILITY,generator,,,149.361
8.8539,80.49944,2026-09-04 07:56:00,4.22,n,336.49,N21,VIIRS,D,1554800372,Unnamed facility,Power / generator,FACILITY,generator,,,140.275
8.38897,80.66645,2026-09-04 07:56:00,2.18,n,334.27,N21,VIIRS,D,1554800372,Unnamed facility,Power / generator,FACILITY,generator,,,181.874
8.36302,80.78355,2026-09-04 07:56:00,3.93,n,337.0,N21,VIIRS,D,1554800372,Unnamed facility,Power / generator,FACILITY,generator,,,194.283
8.34787,81.00182,2026-09-04 07:56:00,9.24,n,338.8,N21,VIIRS,D,1554800372,Unnamed facility,Power / generator,FACILITY,generator,,,215.797
8.23799,80.32517,2026-09-04 07:56:00,0.89,n,332.47,N21,VIIRS,D,1033490635,Unnamed facility,Industrial Component / storage_tank,COMPONENT,,storage_tank,,163.521
7.52764,81.5356,2026-09-04 07:56:00,4.73,n,342.13,N21,VIIRS,D,1033490635,Unnamed facility,Industrial Component / storage_tank,COMPONENT,,storage_tank,,317.271
7.58536,81.69408,2026-09-04 07:56:00,4.06,n,345.45,N21,VIIRS,D,1033490635,Unnamed facility,Industrial Component / storage_tank,COMPONENT,,storage_tank,,327.44
7.58866,81.69358,2026-09-04 07:56:00,4.06,n,336.75,N21,VIIRS,D,1033490635,Unnamed facility,Industrial Component / storage_tank,COMPONENT,,storage_tank,,327.179
7.62607,80.81576,2026-09-04 07:56:00,5.95,n,334.23,N21,VIIRS,D,1033490635,Unnamed facility,Industrial Component / storage_tank,COMPONENT,,storage_tank,,251.075
7.65317,81.60113,2026-09-04 07:56:00,3.26,n,335.59,N21,VIIRS,D,1033490635,Unnamed facility,Industrial Component / storage_tank,COMPONENT,,storage_tank,,314.593
7.67421,81.5837,2026-09-04 07:56:00,5.82,n,342.52,N21,VIIRS,D,1033490635,Unnamed facility,Industrial Component / storage_tank,COMPONENT,,storage_tank,,311.64
7.69832,81.58286,2026-09-04 07:56:00,2.51,n,337.35,N21,VIIRS,D,1033490635,Unnamed facility,Industrial Component / storage_tank,COMPONENT,,storage_tank,,309.999
7.82094,80.04519,2026-09-04 07:56:00,3.31,n,335.12,N21,VIIRS,D,1033490635,Unnamed facility,Industrial Component / storage_tank,COMPONENT,,storage_tank,,184.002
7.85959,81.43733,2026-09-04 07:56:00,11.42,n,346.53,N21,VIIRS,D,1554800372,Unnamed facility,Power / generator,FACILITY,generator,,,286.312
7.88555,80.61863,2026-09-04 07:56:00,5.87,n,333.91,N21,VIIRS,D,1033490635,Unnamed facility,Industrial Component / storage_tank,COMPONENT,,storage_tank,,214.755
7.49081,81.53765,2026-09-04 07:56:00,3.71,l,330.07,N21,VIIRS,D,1033490635,Unnamed facility,Industrial Component / storage_tank,COMPONENT,,storage_tank,,320.038
7.91103,80.85941,2026-09-04 07:56:00,8.69,n,337.76,N21,VIIRS,D,1033490635,Unnamed facility,Industrial Component / storage_tank,COMPONENT,,storage_tank,,231.92
7.95397,80.11404,2026-09-04 07:56:00,5.83,l,332.68,N21,VIIRS,D,1033490635,Unnamed facility,Industrial Component / storage_tank,COMPONENT,,storage_tank,,174.596
7.95904,81.44292,2026-09-04 07:56:00,1.73,n,335.76,N21,VIIRS,D,1554800372,Unnamed facility,Power / generator,FACILITY,generator,,,280.574
8.02827,80.35555,2026-09-04 07:56:00,5.42,n,342.88,N21,VIIRS,D,1033490635,Unnamed facility,Industrial Component / storage_tank,COMPONENT,,storage_tank,,183.365
8.04136,81.401,2026-09-04 07:56:00,5.83,n,339.65,N21,VIIRS,D,1554800372,Unnamed facility,Power / generator,FACILITY,generator,,,271.667
8.04398,81.41837,2026-09-04 07:56:00,8.55,n,351.82,N21,VIIRS,D,1554800372,Unnamed facility,Power / generator,FACILITY,generator,,,273.155
8.04439,80.61527,2026-09-04 07:56:00,1.41,n,338.81,N21,VIIRS,D,1033490635,Unnamed facility,Industrial Component / storage_tank,COMPONENT,,storage_tank,,201.778
8.04833,81.42481,2026-09-04 07:56:00,11.83,n,348.08,N21,VIIRS,D,1554800372,Unnamed facility,Power / generator,FACILITY,generator,,,273.509
8.05559,80.66657,2026-09-04 07:56:00,18.67,h,367.0,N21,VIIRS,D,1033490635,Unnamed facility,Industrial Component / storage_tank,COMPONENT,,storage_tank,,205.094
8.06257,80.69025,2026-09-04 07:56:00,8.88,n,351.53,N21,VIIRS,D,1033490635,Unnamed facility,Industrial Component / storage_tank,COMPONENT,,storage_tank,,206.528
8.21197,80.57375,2026-09-04 07:56:00,8.3,n,342.94,N21,VIIRS,D,1033490635,Unnamed facility,Industrial Component / storage_tank,COMPONENT,,storage_tank,,185.711
7.91331,80.55775,2026-09-04 07:56:00,8.51,n,347.18,N21,VIIRS,D,1033490635,Unnamed facility,Industrial Component / storage_tank,COMPONENT,,storage_tank,,207.874
8.04345,81.41489,2026-09-04 07:56:00,8.55,n,338.87,N21,VIIRS,D,1554800372,Unnamed facility,Power / generator,FACILITY,generator,,,272.856
8.67037,77.99406,2026-09-04 07:58:00,6.68,l,336.26,N21,VIIRS,D,1268305324,Unnamed facility,Power / plant,FACILITY,plant,,,5.285
8.91448,80.54321,2026-09-04 07:58:00,4.63,l,333.78,N21,VIIRS,D,1554800372,Unnamed facility,Power / generator,FACILITY,generator,,,142.483
15.31594,75.73133,2026-09-04 07:58:00,8.92,l,334.48,N21,VIIRS,D,13369382118,Unnamed facility,Power / generator,FACILITY,generator,,,0.854
15.24046,76.69371,2026-09-04 07:58:00,2.23,l,332.44,N21,VIIRS,D,19280842,KPCL Bellary Thermal Power Plant,Power / plant,FACILITY,plant,,,3.391
15.1836,76.64207,2026-09-04 07:58:00,6.27,n,340.29,N21,VIIRS,D,285680302,Jindal Steel Works,Industrial Infrastructure / works,FACILITY,,works,steel_mill,0.0
14.58262,78.69115,2026-09-04 07:58:00,2.62,n,332.81,N21,VIIRS,D,1230519602,Unnamed facility,Mining / quarry,FACILITY,,,,11.494
14.14273,76.50105,2026-09-04 07:58:00,7.06,l,334.52,N21,VIIRS,D,2624032072,Unnamed facility,Power / generator,FACILITY,generator,,,5.239
10.87023,79.84801,2026-09-04 07:58:00,3.23,n,337.26,N21,VIIRS,D,1483758237,Unnamed facility,Industrial / chemical,FACILITY,,works,chemical,2.523
10.23521,79.19682,2026-09-04 07:58:00,5.05,l,336.6,N21,VIIRS,D,5893838819,Thasim Rice Mil,Industrial Infrastructure / works,FACILITY,,works,,23.644
9.82879,78.55407,2026-09-04 07:58:00,2.01,l,334.45,N21,VIIRS,D,999684605,Sivaganga,Power / plant,FACILITY,plant,,,11.752
9.82854,77.56429,2026-09-04 07:58:00,5.62,n,338.99,N21,VIIRS,D,9790689875,Unnamed facility,Power / generator,FACILITY,generator,,,7.604
9.72387,78.35549,2026-09-04 07:58:00,5.33,l,334.19,N21,VIIRS,D,727316888,Unnamed facility,Industrial / brickyard,FACILITY,,,brickyard,4.954
9.44964,80.48254,2026-09-04 07:58:00,8.56,n,345.3,N21,VIIRS,D,1554246470,Unnamed facility,Power / generator,FACILITY,generator,,,118.827
8.89498,80.50372,2026-09-04 07:58:00,5.51,n,340.17,N21,VIIRS,D,1554800372,Unnamed facility,Power / generator,FACILITY,generator,,,139.062
9.40687,80.29053,2026-09-04 07:58:00,13.9,n,344.61,N21,VIIRS,D,1554800372,Unnamed facility,Power / generator,FACILITY,generator,,,107.364
9.40358,80.29104,2026-09-04 07:58:00,7.0,n,344.85,N21,VIIRS,D,1554800372,Unnamed facility,Power / generator,FACILITY,generator,,,107.387
9.39895,80.43722,2026-09-04 07:58:00,5.29,n,335.38,N21,VIIRS,D,1554246470,Unnamed facility,Power / generator,FACILITY,generator,,,120.464
9.39725,80.44811,2026-09-04 07:58:00,6.58,n,344.19,N21,VIIRS,D,1554246470,Unnamed facility,Power / generator,FACILITY,generator,,,121.311
9.35835,78.81918,2026-09-04 07:58:00,3.34,l,335.56,N21,VIIRS,D,310430065,Unnamed facility,Power / plant,FACILITY,plant,,,8.385
9.14391,78.26399,2026-09-04 07:58:00,4.67,l,338.19,N21,VIIRS,D,13370043494,Unnamed facility,Power / generator,FACILITY,generator,,,6.37
9.14291,78.26405,2026-09-04 07:58:00,4.73,l,337.37,N21,VIIRS,D,13370043494,Unnamed facility,Power / generator,FACILITY,generator,,,6.29
9.10257,80.2827,2026-09-04 07:58:00,2.8,n,333.98,N21,VIIRS,D,1554800372,Unnamed facility,Power / generator,FACILITY,generator,,,108.772
9.03487,80.21505,2026-09-04 07:58:00,2.6,n,332.04,N21,VIIRS,D,1554800372,Unnamed facility,Power / generator,FACILITY,generator,,,103.539
8.98223,80.83372,2026-09-04 07:58:00,7.3,l,333.13,N21,VIIRS,D,1554800372,Unnamed facility,Power / generator,FACILITY,generator,,,171.592
8.92298,80.40017,2026-09-04 07:58:00,3.13,n,340.83,N21,VIIRS,D,1554800372,Unnamed facility,Power / generator,FACILITY,generator,,,127.156
9.42775,80.38309,2026-09-04 07:58:00,4.79,n,338.73,N21,VIIRS,D,1554246470,Unnamed facility,Power / generator,FACILITY,generator,,,114.42
23.67067,86.93721,2026-09-04 08:01:00,3.42,n,328.62,N21,VIIRS,D,755638886,Unnamed facility,Industrial Infrastructure / works,FACILITY,,works,,0.775
21.80368,83.89217,2026-09-04 08:01:00,4.49,n,332.23,N21,VIIRS,D,91005918,Samaleswari Coal Mine,Mining / quarry,FACILITY,,,,0.0
21.75494,83.84254,2026-09-04 08:01:00,8.02,n,343.12,N21,VIIRS,D,648728222,Belpahar Coal Mine,Mining / quarry,FACILITY,,,,0.0
21.75491,83.84193,2026-09-04 08:01:00,6.72,n,335.54,N21,VIIRS,D,648728222,Belpahar Coal Mine,Mining / quarry,FACILITY,,,,0.0
17.36039,81.81102,2026-09-04 08:01:00,2.81,n,332.31,N21,VIIRS,D,1069251512,Power House,Power / plant,FACILITY,plant,,,17.549
21.74218,83.84354,2026-09-04 08:01:00,7.2,n,342.51,N21,VIIRS,D,648728222,Belpahar Coal Mine,Mining / quarry,FACILITY,,,,0.0
21.10447,72.64493,2026-09-04 08:01:00,26.51,n,344.27,N21,VIIRS,D,104647203,ArcelorMittal Nippon Steel India,Industrial Infrastructure / works,FACILITY,,works,,0.0
21.10295,72.63681,2026-09-04 08:01:00,26.3,n,342.12,N21,VIIRS,D,104647203,ArcelorMittal Nippon Steel India,Industrial Infrastructure / works,FACILITY,,works,,0.0
17.08758,79.68736,2026-09-04 08:01:00,3.75,n,338.48,N21,VIIRS,D,1098711422,Unnamed facility,Industrial Component / wastewater_plant,COMPONENT,,wastewater_plant,,2.255
21.74643,83.84301,2026-09-04 08:01:00,7.2,n,341.48,N21,VIIRS,D,648728222,Belpahar Coal Mine,Mining / quarry,FACILITY,,,,0.0
28.45172,68.14643,2026-09-04 08:03:00,8.53,n,339.79,N21,VIIRS,D,457973221,Unnamed facility,Mining / quarry,FACILITY,,,,256.549
28.45281,68.15152,2026-09-04 08:03:00,8.53,n,333.9,N21,VIIRS,D,457973221,Unnamed facility,Mining / quarry,FACILITY,,,,256.137
27.68697,68.91329,2026-09-04 08:03:00,4.96,n,337.46,N21,VIIRS,D,457973222,Unnamed facility,Mining / quarry,FACILITY,,,,138.781
27.68594,68.91248,2026-09-04 08:03:00,2.38,n,336.17,N21,VIIRS,D,457973222,Unnamed facility,Mining / quarry,FACILITY,,,,138.832
23.70967,86.44809,2026-09-04 08:03:00,5.2,n,332.23,N21,VIIRS,D,117807504,Cluster 8 and Cluster 9 Coal Mines,Mining / quarry,FACILITY,,,,0.0
23.69337,87.12283,2026-09-04 08:03:00,4.18,n,328.2,N21,VIIRS,D,20810432,Unnamed facility,Power / generator,FACILITY,generator,,,0.285
23.69087,87.12269,2026-09-04 08:03:00,5.68,n,328.83,N21,VIIRS,D,20810432,Unnamed facility,Power / generator,FACILITY,generator,,,0.407
32.43508,71.37002,2026-09-04 08:05:00,4.53,n,332.32,N21,VIIRS,D,1318203266,Unnamed facility,Power / plant,FACILITY,plant,,,355.022
32.43423,71.36531,2026-09-04 08:05:00,4.53,n,332.68,N21,VIIRS,D,1318203266,Unnamed facility,Power / plant,FACILITY,plant,,,355.551
31.5513,74.73685,2026-09-04 08:05:00,9.12,n,337.88,N21,VIIRS,D,643996716,Unnamed facility,Industrial / brickyard,FACILITY,,,brickyard,3.407
29.33518,69.01418,2026-09-04 08:05:00,2.18,n,341.68,N21,VIIRS,D,457973221,Unnamed facility,Mining / quarry,FACILITY,,,,274.466
29.80614,68.75408,2026-09-04 08:05:00,3.02,n,337.48,N21,VIIRS,D,457973221,Unnamed facility,Mining / quarry,FACILITY,,,,341.331
9.45251,80.50063,2026-09-04 08:52:00,4.9,n,331.41,N20,VIIRS,D,1554246470,Unnamed facility,Power / generator,FACILITY,generator,,,119.825
9.40713,80.29379,2026-09-04 08:52:00,5.73,n,340.05,N20,VIIRS,D,1554800372,Unnamed facility,Power / generator,FACILITY,generator,,,107.728
9.32813,77.77109,2026-09-04 08:52:00,2.23,n,344.38,N20,VIIRS,D,1227449162,Unnamed facility,Power / plant,FACILITY,plant,,,2.255
9.227,77.50995,2026-09-04 08:52:00,5.08,n,333.23,N20,VIIRS,D,986279200,Unnamed facility,Power / plant,FACILITY,plant,,,5.359
8.84704,77.70026,2026-09-04 08:52:00,10.59,n,350.85,N20,VIIRS,D,9118032771,Unnamed facility,Power / generator,FACILITY,generator,,,1.068
8.84148,77.70094,2026-09-04 08:52:00,8.48,n,352.84,N20,VIIRS,D,3147422927,Unnamed facility,Power / generator,FACILITY,generator,,,0.783
8.83588,77.99625,2026-09-04 08:52:00,2.09,n,330.84,N20,VIIRS,D,9122454253,Unnamed facility,Power / generator,FACILITY,generator,,,0.672
8.73432,77.86235,2026-09-04 08:52:00,1.87,n,336.58,N20,VIIRS,D,11014632379,Unnamed facility,Power / generator,FACILITY,generator,,,3.504
8.69732,80.86606,2026-09-04 08:52:00,11.01,n,339.0,N20,VIIRS,D,1554800372,Unnamed facility,Power / generator,FACILITY,generator,,,184.723
8.69493,80.86718,2026-09-04 08:52:00,7.3,n,335.13,N20,VIIRS,D,1554800372,Unnamed facility,Power / generator,FACILITY,generator,,,184.941
8.56839,80.39928,2026-09-04 08:52:00,6.46,n,336.02,N20,VIIRS,D,1554800372,Unnamed facility,Power / generator,FACILITY,generator,,,145.931
8.55636,80.87636,2026-09-04 08:52:00,11.72,n,348.62,N20,VIIRS,D,1554800372,Unnamed facility,Power / generator,FACILITY,generator,,,192.324
8.53726,77.82267,2026-09-04 08:52:00,5.15,h,367.0,N20,VIIRS,D,590285272,Munanjipatti,Power / plant,FACILITY,plant,,,2.35
8.53678,77.81892,2026-09-04 08:52:00,5.15,n,339.01,N20,VIIRS,D,590285272,Munanjipatti,Power / plant,FACILITY,plant,,,1.93
8.43013,80.51373,2026-09-04 08:52:00,8.06,n,335.6,N20,VIIRS,D,1033490635,Unnamed facility,Industrial Component / storage_tank,COMPONENT,,storage_tank,,165.32
9.84708,78.08351,2026-09-04 08:52:00,2.27,n,330.17,N20,VIIRS,D,1105110242,Madurai Airport Solar Farm,Power / plant,FACILITY,plant,,,0.537
8.42327,77.67912,2026-09-04 08:52:00,3.6,n,342.48,N20,VIIRS,D,1032969712,Unnamed facility,Mining / quarry,FACILITY,,,,4.511
8.23217,80.60614,2026-09-04 08:52:00,3.61,n,334.29,N20,VIIRS,D,1033490635,Unnamed facility,Industrial Component / storage_tank,COMPONENT,,storage_tank,,187.024
8.2301,80.60484,2026-09-04 08:52:00,7.86,n,344.58,N20,VIIRS,D,1033490635,Unnamed facility,Industrial Component / storage_tank,COMPONENT,,storage_tank,,187.059
7.91409,80.55795,2026-09-04 08:52:00,13.66,n,353.42,N20,VIIRS,D,1033490635,Unnamed facility,Industrial Component / storage_tank,COMPONENT,,storage_tank,,207.824
7.90929,80.56167,2026-09-04 08:52:00,14.95,n,348.28,N20,VIIRS,D,1033490635,Unnamed facility,Industrial Component / storage_tank,COMPONENT,,storage_tank,,208.502
7.71155,79.86526,2026-09-04 08:52:00,3.33,n,331.96,N20,VIIRS,D,1033490635,Unnamed facility,Industrial Component / storage_tank,COMPONENT,,storage_tank,,187.484
7.70872,79.86331,2026-09-04 08:52:00,3.61,n,330.47,N20,VIIRS,D,1033490635,Unnamed facility,Industrial Component / storage_tank,COMPONENT,,storage_tank,,187.712
7.70602,81.09903,2026-09-04 08:52:00,8.43,n,330.59,N20,VIIRS,D,1033490635,Unnamed facility,Industrial Component / storage_tank,COMPONENT,,storage_tank,,267.16
7.44237,81.24368,2026-09-04 08:52:00,39.68,h,367.0,N20,VIIRS,D,1033490635,Unnamed facility,Industrial Component / storage_tank,COMPONENT,,storage_tank,,299.08
6.79202,81.54022,2026-09-04 08:52:00,8.68,n,340.2,N20,VIIRS,D,1033490635,Unnamed facility,Industrial Component / storage_tank,COMPONENT,,storage_tank,,374.594
8.4311,80.50901,2026-09-04 08:52:00,11.13,n,344.77,N20,VIIRS,D,1033490635,Unnamed facility,Industrial Component / storage_tank,COMPONENT,,storage_tank,,164.829
8.42943,80.50793,2026-09-04 08:52:00,8.06,n,335.1,N20,VIIRS,D,1033490635,Unnamed facility,Industrial Component / storage_tank,COMPONENT,,storage_tank,,164.841
6.79195,81.54296,2026-09-04 08:52:00,8.57,n,336.55,N20,VIIRS,D,1033490635,Unnamed facility,Industrial Component / storage_tank,COMPONENT,,storage_tank,,374.802
13.90252,78.07291,2026-09-04 08:54:00,2.74,n,330.71,N20,VIIRS,D,1001138170,Unnamed facility,Mining / quarry,FACILITY,,,,6.842
22.92564,70.10651,2026-09-04 08:56:00,6.03,l,330.89,N20,VIIRS,D,789029429,Unnamed facility,Industrial Infrastructure / works,FACILITY,,works,,11.898
29.33545,69.01601,2026-09-04 08:58:00,4.74,n,350.1,N20,VIIRS,D,457973221,Unnamed facility,Mining / quarry,FACILITY,,,,274.406
29.90779,74.95393,2026-09-04 08:58:00,3.63,n,334.59,N20,VIIRS,D,546111308,Guru Gobind Singh Refinery,Industrial / refinery,FACILITY,,,refinery,0.0
28.45271,68.15234,2026-09-04 08:58:00,7.33,n,338.37,N20,VIIRS,D,457973221,Unnamed facility,Mining / quarry,FACILITY,,,,256.052
28.45206,68.1468,2026-09-04 08:58:00,7.33,n,334.78,N20,VIIRS,D,457973221,Unnamed facility,Mining / quarry,FACILITY,,,,256.536
26.26703,68.71362,2026-09-04 08:58:00,6.71,n,344.71,N20,VIIRS,D,457973237,Unnamed facility,Mining / quarry,FACILITY,,,,205.898
25.80554,72.25489,2026-09-04 08:58:00,2.74,n,332.06,N20,VIIRS,D,589528954,Bithuja,Power / plant,FACILITY,plant,,,3.52
26.22089,68.72581,2026-09-04 08:58:00,7.33,n,347.03,N20,VIIRS,D,457973237,Unnamed facility,Mining / quarry,FACILITY,,,,208.383
25.69429,68.37287,2026-09-04 08:58:00,9.16,n,346.32,N20,VIIRS,D,1273382001,Khavda Renewable Energy Park,Power / plant,FACILITY,plant,,,215.198
25.60187,68.655,2026-09-04 08:58:00,5.99,n,334.98,N20,VIIRS,D,1273382001,Khavda Renewable Energy Park,Power / plant,FACILITY,plant,,,191.299
24.46648,68.4707,2026-09-04 08:58:00,2.73,n,332.04,N20,VIIRS,D,138602374,Akrimota Thermal Power Station,Power / plant,FACILITY,plant,,,85.853
23.32104,68.85722,2026-09-04 08:58:00,9.54,n,336.7,N20,VIIRS,D,13367647754,Unnamed facility,Power / generator,FACILITY,generator,,,7.897
25.80458,72.25359,2026-09-04 08:58:00,3.59,n,333.21,N20,VIIRS,D,589528954,Bithuja,Power / plant,FACILITY,plant,,,3.653
32.43343,71.37107,2026-09-04 09:00:00,7.83,n,340.84,N20,VIIRS,D,1318203266,Unnamed facility,Power / plant,FACILITY,plant,,,354.991
32.4346,71.36937,2026-09-04 09:00:00,4.95,n,338.7,N20,VIIRS,D,1318203266,Unnamed facility,Power / plant,FACILITY,plant,,,355.112
20.96736,86.01295,2026-09-04 19:45:00,2.65,n,308.0,N20,VIIRS,N,1508890366,Unnamed facility,Power / plant,FACILITY,plant,,,1.289
20.9686,85.17159,2026-09-04 19:45:00,2.3,n,315.88,N20,VIIRS,N,988893557,Bhubhaneshwari coal mine,Mining / quarry,FACILITY,,,,0.0
20.96791,85.1768,2026-09-04 19:45:00,2.3,n,322.99,N20,VIIRS,N,988893557,Bhubhaneshwari coal mine,Mining / quarry,FACILITY,,,,0.067
20.96678,85.15539,2026-09-04 19:45:00,1.76,n,305.04,N20,VIIRS,N,928075506,Ananta coal mine,Mining / quarry,FACILITY,,,,0.0
20.97179,85.17737,2026-09-04 19:45:00,2.26,n,313.35,N20,VIIRS,N,988893557,Bhubhaneshwari coal mine,Mining / quarry,FACILITY,,,,0.012
20.96592,86.0509,2026-09-04 19:45:00,2.15,n,311.63,N20,VIIRS,N,231258313,Duburi Steel Power Plant,Power / plant,FACILITY,plant,,,0.0
20.9654,85.16582,2026-09-04 19:45:00,2.21,n,312.97,N20,VIIRS,N,982272879,Lingaraj Coal Mine,Mining / quarry,FACILITY,,,,0.074
20.96471,85.17104,2026-09-04 19:45:00,2.3,n,316.58,N20,VIIRS,N,982272879,Lingaraj Coal Mine,Mining / quarry,FACILITY,,,,0.0
20.97066,85.15594,2026-09-04 19:45:00,1.76,n,308.38,N20,VIIRS,N,928075506,Ananta coal mine,Mining / quarry,FACILITY,,,,0.0
20.96609,85.16059,2026-09-04 19:45:00,2.21,n,309.4,N20,VIIRS,N,928075506,Ananta coal mine,Mining / quarry,FACILITY,,,,0.0
20.97234,86.00415,2026-09-04 19:45:00,3.98,n,319.52,N20,VIIRS,N,971787011,IEL Kalinganagar Tata Steel Power Station,Power / plant,FACILITY,plant,,,0.245
21.07859,85.03478,2026-09-04 19:45:00,1.72,n,308.23,N20,VIIRS,N,942438107,Kaniha Coal Mine,Mining / quarry,FACILITY,,,,0.0
20.97705,85.16749,2026-09-04 19:45:00,1.92,n,307.31,N20,VIIRS,N,988893557,Bhubhaneshwari coal mine,Mining / quarry,FACILITY,,,,0.0
20.97789,85.16972,2026-09-04 19:45:00,2.91,n,317.03,N20,VIIRS,N,988893557,Bhubhaneshwari coal mine,Mining / quarry,FACILITY,,,,0.0
21.00192,86.02525,2026-09-04 19:45:00,1.34,n,307.05,N20,VIIRS,N,1508890366,Unnamed facility,Power / plant,FACILITY,plant,,,2.829
21.07399,85.03953,2026-09-04 19:45:00,1.72,n,310.03,N20,VIIRS,N,942438107,Kaniha Coal Mine,Mining / quarry,FACILITY,,,,0.0
21.07651,85.05077,2026-09-04 19:45:00,1.64,n,304.98,N20,VIIRS,N,942438107,Kaniha Coal Mine,Mining / quarry,FACILITY,,,,0.0
21.07721,85.04541,2026-09-04 19:45:00,1.64,n,308.77,N20,VIIRS,N,942438107,Kaniha Coal Mine,Mining / quarry,FACILITY,,,,0.0
21.0779,85.04008,2026-09-04 19:45:00,1.72,n,307.91,N20,VIIRS,N,942438107,Kaniha Coal Mine,Mining / quarry,FACILITY,,,,0.0
20.9643,86.00772,2026-09-04 19:45:00,3.71,n,330.58,N20,VIIRS,N,971787011,IEL Kalinganagar Tata Steel Power Station,Power / plant,FACILITY,plant,,,1.085
21.19856,81.41629,2026-09-04 19:45:00,2.49,n,304.65,N20,VIIRS,N,65310813,Bhilai Steel Plant,Industrial / steelmaking,FACILITY,,,steelmaking,0.0
21.31351,81.58866,2026-09-04 19:45:00,2.88,n,300.4,N20,VIIRS,N,1280991998,Unnamed facility,Power / plant,FACILITY,plant,,,2.629
20.97636,85.1727,2026-09-04 19:45:00,2.26,n,312.88,N20,VIIRS,N,988893557,Bhubhaneshwari coal mine,Mining / quarry,FACILITY,,,,0.0
20.96403,85.17625,2026-09-04 19:45:00,2.3,n,307.09,N20,VIIRS,N,982272879,Lingaraj Coal Mine,Mining / quarry,FACILITY,,,,0.0
20.88582,84.98159,2026-09-04 19:45:00,2.05,n,307.64,N20,VIIRS,N,1012595669,Angul Steel Power Plant,Power / plant,FACILITY,plant,,,0.878
20.96266,85.18659,2026-09-04 19:45:00,5.54,n,326.48,N20,VIIRS,N,982272879,Lingaraj Coal Mine,Mining / quarry,FACILITY,,,,0.0
20.52115,85.7233,2026-09-04 19:45:00,0.8,n,306.01,N20,VIIRS,N,1139073319,Cuttack Aarti Steels Power Station,Power / plant,FACILITY,plant,,,0.552
20.75939,85.29863,2026-09-04 19:45:00,1.49,n,308.31,N20,VIIRS,N,177572836,Tata Steel Meramandali,Industrial / metal_processing,FACILITY,,,metal_processing,4.173
20.76009,85.29348,2026-09-04 19:45:00,1.49,n,311.28,N20,VIIRS,N,177572836,Tata Steel Meramandali,Industrial / metal_processing,FACILITY,,,metal_processing,3.728
20.76198,85.29599,2026-09-04 19:45:00,3.06,n,315.32,N20,VIIRS,N,177572836,Tata Steel Meramandali,Industrial / metal_processing,FACILITY,,,metal_processing,3.748
20.78581,85.26316,2026-09-04 19:45:00,0.74,n,304.97,N20,VIIRS,N,177572836,Tata Steel Meramandali,Industrial / metal_processing,FACILITY,,,metal_processing,0.0
20.78966,85.26375,2026-09-04 19:45:00,0.48,n,300.47,N20,VIIRS,N,177572836,Tata Steel Meramandali,Industrial / metal_processing,FACILITY,,,metal_processing,0.0
20.79032,85.25867,2026-09-04 19:45:00,3.83,n,304.98,N20,VIIRS,N,177572836,Tata Steel Meramandali,Industrial / metal_processing,FACILITY,,,metal_processing,0.0
20.79482,85.25418,2026-09-04 19:45:00,3.83,n,336.09,N20,VIIRS,N,177572836,Tata Steel Meramandali,Industrial / metal_processing,FACILITY,,,metal_processing,0.0
20.79802,85.25985,2026-09-04 19:45:00,1.69,n,309.64,N20,VIIRS,N,177572836,Tata Steel Meramandali,Industrial / metal_processing,FACILITY,,,metal_processing,0.0
20.80639,85.25585,2026-09-04 19:45:00,1.39,n,312.76,N20,VIIRS,N,177572836,Tata Steel Meramandali,Industrial / metal_processing,FACILITY,,,metal_processing,0.0
20.81025,85.25641,2026-09-04 19:45:00,1.39,n,303.44,N20,VIIRS,N,177572836,Tata Steel Meramandali,Industrial / metal_processing,FACILITY,,,metal_processing,0.0
20.86416,84.99455,2026-09-04 19:45:00,2.92,n,306.71,N20,VIIRS,N,1012595669,Angul Steel Power Plant,Power / plant,FACILITY,plant,,,2.911
20.86484,84.98934,2026-09-04 19:45:00,2.92,n,323.11,N20,VIIRS,N,1012595669,Angul Steel Power Plant,Power / plant,FACILITY,plant,,,2.806
20.86552,84.9841,2026-09-04 19:45:00,0.94,n,305.95,N20,VIIRS,N,1012595669,Angul Steel Power Plant,Power / plant,FACILITY,plant,,,2.779
20.872,84.9957,2026-09-04 19:45:00,1.46,n,305.34,N20,VIIRS,N,1012595669,Angul Steel Power Plant,Power / plant,FACILITY,plant,,,1.983
21.48853,81.76635,2026-09-04 19:45:00,1.58,n,306.61,N20,VIIRS,N,1003091518,Unnamed facility,Power / plant,FACILITY,plant,,,2.357
20.88974,84.98213,2026-09-04 19:45:00,1.59,n,306.9,N20,VIIRS,N,1012595669,Angul Steel Power Plant,Power / plant,FACILITY,plant,,,0.763
20.94188,86.06137,2026-09-04 19:45:00,1.95,n,306.31,N20,VIIRS,N,209343438,VISA STEEL LTD,Industrial / factory,FACILITY,,,factory,0.0
20.95116,86.04861,2026-09-04 19:45:00,5.36,n,332.74,N20,VIIRS,N,231258313,Duburi Steel Power Plant,Power / plant,FACILITY,plant,,,0.418
20.95179,86.04398,2026-09-04 19:45:00,4.11,n,324.77,N20,VIIRS,N,231258313,Duburi Steel Power Plant,Power / plant,FACILITY,plant,,,0.103
20.95728,85.01494,2026-09-04 19:45:00,2.65,n,305.05,N20,VIIRS,N,982263322,Unnamed facility,Mining / quarry,FACILITY,,,,0.213
20.96366,86.01239,2026-09-04 19:45:00,2.1,n,313.49,N20,VIIRS,N,971787011,IEL Kalinganagar Tata Steel Power Station,Power / plant,FACILITY,plant,,,1.502
21.67433,82.0772,2026-09-04 19:45:00,1.64,n,305.67,N20,VIIRS,N,649111196,Unnamed facility,Mining / quarry,FACILITY,,,,1.505
22.79053,86.19944,2026-09-04 19:45:00,1.55,n,301.18,N20,VIIRS,N,1291344224,Unnamed facility,Industrial Component / goods_conveyor,COMPONENT,,goods_conveyor,,0.579
21.80177,85.56622,2026-09-04 19:45:00,0.77,n,303.26,N20,VIIRS,N,664709777,Unnamed facility,Mining / quarry,FACILITY,,,,17.337
23.63086,86.29086,2026-09-04 19:45:00,1.98,n,304.85,N20,VIIRS,N,1011520244,Unnamed facility,Mining / quarry,FACILITY,,,,9.292
23.66457,87.15292,2026-09-04 19:45:00,1.98,n,306.12,N20,VIIRS,N,988893570,Belbaid,Industrial / mine,FACILITY,,,mine,1.029
23.66828,86.08938,2026-09-04 19:45:00,0.7,n,304.82,N20,VIIRS,N,936986288,Bokaro Works Power Plant,Power / plant,FACILITY,plant,,,1.885
23.66861,86.09241,2026-09-04 19:45:00,1.1,n,304.6,N20,VIIRS,N,936986288,Bokaro Works Power Plant,Power / plant,FACILITY,plant,,,1.82
23.6727,86.11592,2026-09-04 19:45:00,1.43,n,307.65,N20,VIIRS,N,528113307,Unnamed facility,Mining / quarry,FACILITY,,,,2.507
23.67355,86.11382,2026-09-04 19:45:00,1.2,n,306.79,N20,VIIRS,N,528113307,Unnamed facility,Mining / quarry,FACILITY,,,,2.333
23.67653,86.08544,2026-09-04 19:45:00,5.49,n,332.99,N20,VIIRS,N,936986288,Bokaro Works Power Plant,Power / plant,FACILITY,plant,,,1.136
23.6769,86.08849,2026-09-04 19:45:00,3.8,n,329.24,N20,VIIRS,N,936986288,Bokaro Works Power Plant,Power / plant,FACILITY,plant,,,0.908
23.67757,86.0834,2026-09-04 19:45:00,2.98,n,312.11,N20,VIIRS,N,936986288,Bokaro Works Power Plant,Power / plant,FACILITY,plant,,,1.217
23.67913,86.39618,2026-09-04 19:45:00,2.46,n,305.87,N20,VIIRS,N,117807509,Unnamed facility,Mining / quarry,FACILITY,,,,0.0
23.6797,86.09111,2026-09-04 19:45:00,1.78,n,306.36,N20,VIIRS,N,936986288,Bokaro Works Power Plant,Power / plant,FACILITY,plant,,,0.486
23.68287,86.09675,2026-09-04 19:45:00,2.29,n,314.7,N20,VIIRS,N,936986288,Bokaro Works Power Plant,Power / plant,FACILITY,plant,,,0.283
23.6271,86.29028,2026-09-04 19:45:00,2.62,n,316.74,N20,VIIRS,N,1011520244,Unnamed facility,Mining / quarry,FACILITY,,,,9.663
23.68351,86.09167,2026-09-04 19:45:00,1.78,n,308.79,N20,VIIRS,N,936986288,Bokaro Works Power Plant,Power / plant,FACILITY,plant,,,0.052
23.68725,86.39246,2026-09-04 19:45:00,0.85,n,298.55,N20,VIIRS,N,117807509,Unnamed facility,Mining / quarry,FACILITY,,,,0.0
23.70133,86.07359,2026-09-04 19:45:00,3.04,n,325.08,N20,VIIRS,N,936986288,Bokaro Works Power Plant,Power / plant,FACILITY,plant,,,2.228
21.76627,85.57944,2026-09-04 19:45:00,0.84,n,303.93,N20,VIIRS,N,1001505373,Unnamed facility,Mining / quarry,FACILITY,,,,14.351
23.74095,85.01152,2026-09-04 19:45:00,1.02,n,301.76,N20,VIIRS,N,660217414,Ashoka Coal Mine,Mining / quarry,FACILITY,,,,0.0
23.75638,85.85539,2026-09-04 19:45:00,1.81,n,315.1,N20,VIIRS,N,134530459,Kathara coal mine,Mining / quarry,FACILITY,,,,0.0
23.75705,85.85013,2026-09-04 19:45:00,1.55,n,306.07,N20,VIIRS,N,134530459,Kathara coal mine,Mining / quarry,FACILITY,,,,0.132
23.76024,85.85598,2026-09-04 19:45:00,1.81,n,305.19,N20,VIIRS,N,134530459,Kathara coal mine,Mining / quarry,FACILITY,,,,0.152
23.77746,85.9965,2026-09-04 19:45:00,0.87,n,303.75,N20,VIIRS,N,516324239,Amlo Dhori Coal Mine,Mining / quarry,FACILITY,,,,0.14
23.79674,86.35042,2026-09-04 19:45:00,3.37,n,316.46,N20,VIIRS,N,989561645,Unnamed facility,Industrial Component / spoil_heap,COMPONENT,,spoil_heap,,0.0
23.79674,86.35042,2026-09-04 19:45:00,3.37,n,316.46,N20,VIIRS,N,117695916,Tetulmari coal mine,Mining / quarry,FACILITY,,,,0.0
23.80306,86.33125,2026-09-04 19:45:00,5.45,n,321.78,N20,VIIRS,N,117807506,Amalgamated Keshalpur-West Mudidih (AKWMC) Coal Mine,Mining / quarry,FACILITY,,,,0.085
23.82189,85.4938,2026-09-04 19:45:00,3.0,n,302.75,N20,VIIRS,N,525922584,Tapin coal mine,Mining / quarry,FACILITY,,,,0.0
23.82713,84.57284,2026-09-04 19:45:00,1.64,n,305.57,N20,VIIRS,N,663128648,Unnamed facility,Mining / quarry,FACILITY,,,,13.094
23.68371,90.52704,2026-09-04 19:45:00,2.26,n,306.18,N20,VIIRS,N,959943258,Rokhia Power Plant,Power / plant,FACILITY,plant,,,74.576
23.61143,85.67391,2026-09-04 19:45:00,0.67,n,299.32,N20,VIIRS,N,65253295,Rajappa Coal Mine,Mining / quarry,FACILITY,,,,0.0
23.71379,86.45164,2026-09-04 19:45:00,1.5,n,302.36,N20,VIIRS,N,117807504,Cluster 8 and Cluster 9 Coal Mines,Mining / quarry,FACILITY,,,,0.0
22.79802,86.20056,2026-09-04 19:45:00,2.58,n,307.02,N20,VIIRS,N,1199596865,Jojobera Tata Unit 6 Power Station,Power / plant,FACILITY,plant,,,0.885
23.58349,86.72443,2026-09-04 19:45:00,3.5,n,310.74,N20,VIIRS,N,316973340,Raghunathpur Thermal Power Station,Power / plant,FACILITY,plant,,,7.091
21.80338,83.88976,2026-09-04 19:45:00,3.25,n,304.01,N20,VIIRS,N,91005918,Samaleswari Coal Mine,Mining / quarry,FACILITY,,,,0.0
21.9245,85.22453,2026-09-04 19:45:00,2.47,n,309.84,N20,VIIRS,N,664709787,Rungta Kamanda power station,Power / plant,FACILITY,plant,,,0.102
21.98605,83.23032,2026-09-04 19:45:00,1.53,n,306.78,N20,VIIRS,N,1128051115,Monnet Raigarh Power Plant,Power / plant,FACILITY,plant,,,0.0
21.98718,82.01293,2026-09-04 19:45:00,1.66,n,302.84,N20,VIIRS,N,1001793781,Unnamed facility,Mining / quarry,FACILITY,,,,2.036
22.00649,82.67026,2026-09-04 19:45:00,1.58,n,310.55,N20,VIIRS,N,1163989782,Prakash Champa Captive Power Station,Power / plant,FACILITY,plant,,,1.067
22.05358,85.46653,2026-09-04 19:45:00,0.57,n,303.4,N20,VIIRS,N,1001797462,Unnamed facility,Mining / quarry,FACILITY,,,,3.877
22.20825,84.86081,2026-09-04 19:45:00,1.72,n,307.17,N20,VIIRS,N,150105892,Unnamed facility,Industrial Infrastructure / gasometer,FACILITY,,gasometer,,1.016
22.20911,84.5486,2026-09-04 19:45:00,1.0,n,304.1,N20,VIIRS,N,975723884,Unnamed facility,Industrial Component / goods_conveyor,COMPONENT,,goods_conveyor,,1.521
22.21096,84.862,2026-09-04 19:45:00,2.77,n,323.3,N20,VIIRS,N,150105892,Unnamed facility,Industrial Infrastructure / gasometer,FACILITY,,gasometer,,0.694
22.21227,84.86139,2026-09-04 19:45:00,1.72,n,322.69,N20,VIIRS,N,150105892,Unnamed facility,Industrial Infrastructure / gasometer,FACILITY,,gasometer,,0.668
22.21387,84.83931,2026-09-04 19:45:00,0.71,n,303.66,N20,VIIRS,N,899963455,Unnamed facility,Power / plant,FACILITY,plant,,,0.991
22.22404,84.75963,2026-09-04 19:45:00,1.29,n,304.25,N20,VIIRS,N,673060215,Shri Mahavir Ferro Alloys Pvt. Ltd.,Industrial / factory,FACILITY,,,factory,0.628
22.20486,84.84573,2026-09-04 19:45:00,1.05,n,311.23,N20,VIIRS,N,899963455,Unnamed facility,Power / plant,FACILITY,plant,,,1.461
22.22502,84.75196,2026-09-04 19:45:00,0.79,n,306.08,N20,VIIRS,N,673060215,Shri Mahavir Ferro Alloys Pvt. Ltd.,Industrial / factory,FACILITY,,,factory,0.02
22.79195,86.19707,2026-09-04 19:45:00,1.52,n,302.5,N20,VIIRS,N,20451401,Unnamed facility,Power / generator,FACILITY,generator,,,0.418
22.79119,86.19455,2026-09-04 19:45:00,1.28,n,301.64,N20,VIIRS,N,20451401,Unnamed facility,Power / generator,FACILITY,generator,,,0.138
22.78679,86.19888,2026-09-04 19:45:00,1.55,n,302.33,N20,VIIRS,N,1291344224,Unnamed facility,Industrial Component / goods_conveyor,COMPONENT,,goods_conveyor,,0.149
22.35858,82.30212,2026-09-04 19:45:00,1.72,n,306.68,N20,VIIRS,N,1097404952,Unnamed facility,Mining / quarry,FACILITY,,,,0.0
22.78821,86.19647,2026-09-04 19:45:00,1.52,n,300.73,N20,VIIRS,N,1291344243,Unnamed facility,Industrial Component / goods_conveyor,COMPONENT,,goods_conveyor,,0.236
22.32974,82.60709,2026-09-04 19:45:00,1.69,n,313.55,N20,VIIRS,N,13118729,Gevra Open Cast Mine,Mining / quarry,FACILITY,,,,0.007
22.32217,82.59026,2026-09-04 19:45:00,1.83,n,309.99,N20,VIIRS,N,13118729,Gevra Open Cast Mine,Mining / quarry,FACILITY,,,,0.0
22.3204,82.56351,2026-09-04 19:45:00,2.95,n,312.32,N20,VIIRS,N,13118729,Gevra Open Cast Mine,Mining / quarry,FACILITY,,,,0.0
22.2256,84.75111,2026-09-04 19:45:00,0.84,n,306.1,N20,VIIRS,N,673060215,Shri Mahavir Ferro Alloys Pvt. Ltd.,Industrial / factory,FACILITY,,,factory,0.002
22.7957,86.19765,2026-09-04 19:45:00,2.39,n,309.13,N20,VIIRS,N,20451401,Unnamed facility,Power / generator,FACILITY,generator,,,0.596
17.69568,83.24305,2026-09-04 19:47:00,1.39,n,303.24,N20,VIIRS,N,280178624,Hindustan Petroleum Corporation Limited,Industrial / refinery,FACILITY,,,refinery,0.0
16.87441,80.02161,2026-09-04 19:47:00,0.95,n,305.42,N20,VIIRS,N,155023223,UltraTech Cement Ltd Factory,Industrial Infrastructure / works,FACILITY,,works,,0.036
16.87649,80.11887,2026-09-04 19:47:00,0.89,n,306.51,N20,VIIRS,N,527502779,Unnamed facility,Mining / quarry,FACILITY,,,,0.693
17.14758,78.22211,2026-09-04 19:47:00,1.68,n,302.44,N20,VIIRS,N,1157546711,mbs industries,Industrial Infrastructure / works,FACILITY,,works,,7.973
17.46647,80.65131,2026-09-04 19:47:00,0.92,n,304.12,N20,VIIRS,N,59827121,Coalfields,Mining / quarry,FACILITY,,,,0.063
17.60224,83.1994,2026-09-04 19:47:00,2.41,n,307.87,N20,VIIRS,N,801380978,Unnamed facility,Industrial Infrastructure / works,FACILITY,,works,,0.0
17.60224,83.1994,2026-09-04 19:47:00,2.41,n,307.87,N20,VIIRS,N,395219953,Visakhapatnam Steel Plant,Industrial / steelmaking,FACILITY,,,steelmaking,0.0
15.55391,79.64561,2026-09-04 19:47:00,4.15,h,367.0,N20,VIIRS,N,556941819,Unnamed facility,Industrial / factory,FACILITY,,,factory,7.368
19.09895,82.16625,2026-09-04 19:47:00,1.37,n,310.93,N20,VIIRS,N,1214008227,Nagarnar Steel Plant,Industrial / steelmaking,FACILITY,,,steelmaking,0.0
17.95983,80.79558,2026-09-04 19:47:00,1.29,n,304.9,N20,VIIRS,N,59837236,Manuguru II Coal Mine,Mining / quarry,FACILITY,,,,0.0
19.09347,82.17397,2026-09-04 19:47:00,1.55,n,303.72,N20,VIIRS,N,1214008227,Nagarnar Steel Plant,Industrial / steelmaking,FACILITY,,,steelmaking,0.0
19.10354,82.16685,2026-09-04 19:47:00,1.37,n,305.84,N20,VIIRS,N,1214008227,Nagarnar Steel Plant,Industrial / steelmaking,FACILITY,,,steelmaking,0.0
19.09925,82.16467,2026-09-04 19:47:00,2.96,n,310.06,N20,VIIRS,N,1214008227,Nagarnar Steel Plant,Industrial / steelmaking,FACILITY,,,steelmaking,0.0
19.10384,82.16526,2026-09-04 19:47:00,1.53,n,302.63,N20,VIIRS,N,1214008227,Nagarnar Steel Plant,Industrial / steelmaking,FACILITY,,,steelmaking,0.0
15.55355,79.64883,2026-09-04 19:47:00,4.15,n,306.53,N20,VIIRS,N,556941819,Unnamed facility,Industrial / factory,FACILITY,,,factory,7.6
17.95862,80.79625,2026-09-04 19:47:00,2.32,n,305.51,N20,VIIRS,N,59837236,Manuguru II Coal Mine,Mining / quarry,FACILITY,,,,0.0
15.55275,79.64386,2026-09-04 19:47:00,8.43,n,307.83,N20,VIIRS,N,556941819,Unnamed facility,Industrial / factory,FACILITY,,,factory,7.381
14.99631,76.8468,2026-09-04 19:47:00,0.57,n,303.2,N20,VIIRS,N,985637695,Unnamed facility,Power / plant,FACILITY,plant,,,7.007
15.54873,79.64497,2026-09-04 19:47:00,4.15,n,326.96,N20,VIIRS,N,556941819,Unnamed facility,Industrial / factory,FACILITY,,,factory,7.845
15.17644,76.67462,2026-09-04 19:47:00,1.85,n,307.18,N20,VIIRS,N,285680302,Jindal Steel Works,Industrial Infrastructure / works,FACILITY,,works,steel_mill,0.0
15.17453,77.09926,2026-09-04 19:47:00,0.74,n,303.72,N20,VIIRS,N,1002431141,Unnamed facility,Power / plant,FACILITY,plant,,,1.486
6.55411,80.76434,2026-09-04 19:47:00,0.99,n,309.34,N20,VIIRS,N,1033490635,Unnamed facility,Industrial Component / storage_tank,COMPONENT,,storage_tank,,347.037
9.62249,80.28364,2026-09-04 19:47:00,9.9,n,349.07,N20,VIIRS,N,1554246470,Unnamed facility,Power / generator,FACILITY,generator,,,89.987
9.80491,77.56216,2026-09-04 19:47:00,0.97,n,312.16,N20,VIIRS,N,9790689875,Unnamed facility,Power / generator,FACILITY,generator,,,10.283
15.55236,79.64706,2026-09-04 19:47:00,14.79,n,354.8,N20,VIIRS,N,556941819,Unnamed facility,Industrial / factory,FACILITY,,,factory,7.606
13.7129,79.61954,2026-09-04 19:47:00,1.35,n,305.32,N20,VIIRS,N,1494560078,Unnamed facility,Power / plant,FACILITY,plant,,,11.349
10.12954,77.52656,2026-09-04 19:47:00,1.47,n,311.78,N20,VIIRS,N,3154608371,Unnamed facility,Power / generator,FACILITY,generator,,,6.995
15.16905,76.37527,2026-09-04 19:47:00,1.53,n,300.28,N20,VIIRS,N,1186902443,Danapuram BMM Captive Power Plant 1,Power / plant,FACILITY,plant,,,0.174
15.16905,76.37527,2026-09-04 19:47:00,1.53,n,300.28,N20,VIIRS,N,16053036,Danapuram BMM Captive Power Plants,Power / plant,FACILITY,plant,,,0.174
15.17856,76.65443,2026-09-04 19:47:00,2.77,n,308.14,N20,VIIRS,N,285680302,Jindal Steel Works,Industrial Infrastructure / works,FACILITY,,works,steel_mill,0.0
15.18269,76.67524,2026-09-04 19:47:00,1.85,n,311.05,N20,VIIRS,N,285680302,Jindal Steel Works,Industrial Infrastructure / works,FACILITY,,works,steel_mill,0.0
15.18323,76.6702,2026-09-04 19:47:00,1.85,n,308.2,N20,VIIRS,N,285680302,Jindal Steel Works,Industrial Infrastructure / works,FACILITY,,works,steel_mill,0.0
15.18375,76.66516,2026-09-04 19:47:00,4.16,n,317.98,N20,VIIRS,N,285680302,Jindal Steel Works,Industrial Infrastructure / works,FACILITY,,works,steel_mill,0.0
15.18375,76.66516,2026-09-04 19:47:00,4.16,n,317.98,N20,VIIRS,N,822601316,Vijayanagar Toranagallu Power Station,Power / plant,FACILITY,plant,,,0.0
15.52532,79.6533,2026-09-04 19:47:00,1.91,n,307.48,N20,VIIRS,N,556941819,Unnamed facility,Industrial / factory,FACILITY,,,factory,10.669
15.54836,79.64817,2026-09-04 19:47:00,4.15,n,316.16,N20,VIIRS,N,556941819,Unnamed facility,Industrial / factory,FACILITY,,,factory,8.063
15.13655,76.70815,2026-09-04 19:47:00,1.34,n,302.65,N20,VIIRS,N,1230631682,Unnamed facility,Mining / quarry,FACILITY,,,,2.895
15.17254,76.37836,2026-09-04 19:47:00,2.1,n,300.32,N20,VIIRS,N,1186902443,Danapuram BMM Captive Power Plant 1,Power / plant,FACILITY,plant,,,0.112
15.17254,76.37836,2026-09-04 19:47:00,2.1,n,300.32,N20,VIIRS,N,16053036,Danapuram BMM Captive Power Plants,Power / plant,FACILITY,plant,,,0.112
11.17693,79.08677,2026-09-04 19:49:00,2.11,n,307.96,N20,VIIRS,N,1468887795,Unnamed facility,Power / plant,FACILITY,plant,,,1.931
11.19646,79.05567,2026-09-04 19:49:00,1.55,n,300.86,N20,VIIRS,N,1468887795,Unnamed facility,Power / plant,FACILITY,plant,,,5.269
33.68977,72.71101,2026-09-04 20:25:00,1.46,n,304.71,N21,VIIRS,N,4190775708,Uri II,Power / plant,FACILITY,plant,,,151.529
32.57359,72.56334,2026-09-04 20:25:00,4.49,n,310.53,N21,VIIRS,N,1318203266,Unnamed facility,Power / plant,FACILITY,plant,,,226.525
22.57397,85.89982,2026-09-04 20:27:00,2.35,n,308.57,N21,VIIRS,N,666516169,Unnamed facility,Mining / quarry,FACILITY,,,,9.867
21.92094,83.35299,2026-09-04 20:27:00,3.35,n,315.44,N21,VIIRS,N,1093898245,Raigarh Jindal power station,Power / plant,FACILITY,plant,,,0.919
23.67495,86.39895,2026-09-04 20:27:00,4.28,n,308.71,N21,VIIRS,N,117807509,Unnamed facility,Mining / quarry,FACILITY,,,,0.115
23.67599,86.39859,2026-09-04 20:27:00,4.63,n,310.18,N21,VIIRS,N,117807509,Unnamed facility,Mining / quarry,FACILITY,,,,0.007
23.67618,86.39325,2026-09-04 20:27:00,2.72,n,305.6,N21,VIIRS,N,117807509,Unnamed facility,Mining / quarry,FACILITY,,,,0.148
23.67716,86.08454,2026-09-04 20:27:00,4.16,n,309.76,N21,VIIRS,N,936986288,Bokaro Works Power Plant,Power / plant,FACILITY,plant,,,1.151
23.67951,86.09674,2026-09-04 20:27:00,1.53,n,303.88,N21,VIIRS,N,936986288,Bokaro Works Power Plant,Power / plant,FACILITY,plant,,,0.638
23.68097,86.39436,2026-09-04 20:27:00,5.51,n,309.86,N21,VIIRS,N,117807509,Unnamed facility,Mining / quarry,FACILITY,,,,0.0
23.68196,86.394,2026-09-04 20:27:00,4.13,n,312.96,N21,VIIRS,N,117807509,Unnamed facility,Mining / quarry,FACILITY,,,,0.0
23.69345,86.07731,2026-09-04 20:27:00,1.82,n,303.77,N21,VIIRS,N,936986288,Bokaro Works Power Plant,Power / plant,FACILITY,plant,,,1.426
23.69927,86.07301,2026-09-04 20:27:00,1.64,n,309.74,N21,VIIRS,N,936986288,Bokaro Works Power Plant,Power / plant,FACILITY,plant,,,2.145
23.73676,85.02216,2026-09-04 20:27:00,1.0,n,304.0,N21,VIIRS,N,660217414,Ashoka Coal Mine,Mining / quarry,FACILITY,,,,0.248
23.6655,86.09307,2026-09-04 20:27:00,0.9,n,304.43,N21,VIIRS,N,936986288,Bokaro Works Power Plant,Power / plant,FACILITY,plant,,,2.2
23.75455,85.85443,2026-09-04 20:27:00,3.7,n,306.0,N21,VIIRS,N,134530459,Kathara coal mine,Mining / quarry,FACILITY,,,,0.0
23.77521,86.20977,2026-09-04 20:27:00,2.95,n,308.47,N21,VIIRS,N,117858814,Unnamed facility,Mining / quarry,FACILITY,,,,0.0
23.77994,86.21085,2026-09-04 20:27:00,5.37,n,325.09,N21,VIIRS,N,117858814,Unnamed facility,Mining / quarry,FACILITY,,,,0.0
23.78857,85.55117,2026-09-04 20:27:00,3.06,n,312.54,N21,VIIRS,N,65251416,West Bokaro Coal Mine,Mining / quarry,FACILITY,,,,0.0
23.80973,84.8444,2026-09-04 20:27:00,1.53,n,303.08,N21,VIIRS,N,194637144,Tetariakhar Coal Mine,Mining / quarry,FACILITY,,,,0.0
24.16057,82.56489,2026-09-04 20:27:00,3.75,n,323.92,N21,VIIRS,N,985843341,Block - B coal mine,Mining / quarry,FACILITY,,,,0.209
25.38896,68.58175,2026-09-04 20:27:00,2.37,n,319.29,N21,VIIRS,N,1273382001,Khavda Renewable Energy Park,Power / plant,FACILITY,plant,,,170.995
25.38899,68.58163,2026-09-04 20:27:00,2.02,n,320.01,N21,VIIRS,N,1273382001,Khavda Renewable Energy Park,Power / plant,FACILITY,plant,,,171.005
27.93793,69.72253,2026-09-04 20:27:00,0.53,n,305.93,N21,VIIRS,N,457973221,Unnamed facility,Mining / quarry,FACILITY,,,,81.167
28.42548,69.6997,2026-09-04 20:27:00,1.16,n,313.97,N21,VIIRS,N,457973221,Unnamed facility,Mining / quarry,FACILITY,,,,137.879
21.87757,83.55456,2026-09-04 20:27:00,2.9,n,312.13,N21,VIIRS,N,827775048,Unnamed facility,Mining / quarry,FACILITY,,,,11.347
23.77284,86.19751,2026-09-04 20:27:00,4.45,n,309.02,N21,VIIRS,N,117858814,Unnamed facility,Mining / quarry,FACILITY,,,,0.0
23.649,85.43903,2026-09-04 20:27:00,3.21,n,313.66,N21,VIIRS,N,116955130,Unnamed facility,Mining / quarry,FACILITY,,,,0.0
27.93711,69.72305,2026-09-04 20:27:00,0.62,n,310.42,N21,VIIRS,N,457973221,Unnamed facility,Mining / quarry,FACILITY,,,,81.049
22.57533,85.8947,2026-09-04 20:27:00,4.22,n,305.86,N21,VIIRS,N,666516169,Unnamed facility,Mining / quarry,FACILITY,,,,9.756
23.64511,85.43939,2026-09-04 20:27:00,2.4,n,307.89,N21,VIIRS,N,116955130,Unnamed facility,Mining / quarry,FACILITY,,,,0.0
21.92527,85.22544,2026-09-04 20:27:00,3.27,n,309.87,N21,VIIRS,N,664709787,Rungta Kamanda power station,Power / plant,FACILITY,plant,,,0.0
21.93093,85.22124,2026-09-04 20:27:00,1.05,n,303.45,N21,VIIRS,N,664709787,Rungta Kamanda power station,Power / plant,FACILITY,plant,,,0.0
21.98263,83.23072,2026-09-04 20:27:00,1.56,n,306.36,N21,VIIRS,N,1128051115,Monnet Raigarh Power Plant,Power / plant,FACILITY,plant,,,0.24
22.01428,83.75243,2026-09-04 20:27:00,2.24,n,298.04,N21,VIIRS,N,648728259,Garjanbahal Coal Mine,Mining / quarry,FACILITY,,,,1.157
22.0328,83.36366,2026-09-04 20:27:00,1.01,n,305.03,N21,VIIRS,N,353914770,Tamnar Power Station,Power / plant,FACILITY,plant,,,11.583
22.03358,83.35964,2026-09-04 20:27:00,1.01,n,304.65,N21,VIIRS,N,353914770,Tamnar Power Station,Power / plant,FACILITY,plant,,,11.854
22.03922,83.35251,2026-09-04 20:27:00,2.58,n,315.74,N21,VIIRS,N,353914770,Tamnar Power Station,Power / plant,FACILITY,plant,,,12.053
22.05206,85.46372,2026-09-04 20:27:00,1.51,n,302.45,N21,VIIRS,N,178708229,Unnamed facility,Mining / quarry,FACILITY,,,,3.661
22.13197,85.41842,2026-09-04 20:27:00,1.28,n,301.85,N21,VIIRS,N,160440562,Unnamed facility,Mining / quarry,FACILITY,,,,2.242
22.20184,84.84525,2026-09-04 20:27:00,0.7,n,302.87,N21,VIIRS,N,899963455,Unnamed facility,Power / plant,FACILITY,plant,,,1.829
21.92734,83.34194,2026-09-04 20:27:00,2.46,n,303.6,N21,VIIRS,N,1093898245,Raigarh Jindal power station,Power / plant,FACILITY,plant,,,0.295
22.31225,82.53288,2026-09-04 20:27:00,2.46,n,305.0,N21,VIIRS,N,13118728,Dipka Open Cast Mine,Mining / quarry,FACILITY,,,,0.237
22.57509,85.89431,2026-09-04 20:27:00,2.35,n,304.68,N21,VIIRS,N,666516169,Unnamed facility,Mining / quarry,FACILITY,,,,9.79
22.20785,84.86195,2026-09-04 20:27:00,1.54,n,304.89,N21,VIIRS,N,150105892,Unnamed facility,Industrial Infrastructure / gasometer,FACILITY,,gasometer,,0.975
22.35892,82.30322,2026-09-04 20:27:00,6.61,n,331.58,N21,VIIRS,N,1097404952,Unnamed facility,Mining / quarry,FACILITY,,,,0.0
22.35509,82.3024,2026-09-04 20:27:00,2.63,n,316.81,N21,VIIRS,N,1097404952,Unnamed facility,Mining / quarry,FACILITY,,,,0.0
21.92171,83.349,2026-09-04 20:27:00,3.42,n,322.13,N21,VIIRS,N,1093898245,Raigarh Jindal power station,Power / plant,FACILITY,plant,,,0.503
22.32191,82.54604,2026-09-04 20:27:00,1.97,n,304.5,N21,VIIRS,N,13118728,Dipka Open Cast Mine,Mining / quarry,FACILITY,,,,0.118
22.31894,82.56203,2026-09-04 20:27:00,1.84,n,312.8,N21,VIIRS,N,13118729,Gevra Open Cast Mine,Mining / quarry,FACILITY,,,,0.0
22.31794,82.56736,2026-09-04 20:27:00,1.84,n,304.53,N21,VIIRS,N,13118729,Gevra Open Cast Mine,Mining / quarry,FACILITY,,,,0.0
22.31613,82.53371,2026-09-04 20:27:00,1.92,n,305.5,N21,VIIRS,N,13118728,Dipka Open Cast Mine,Mining / quarry,FACILITY,,,,0.0
22.3314,82.60392,2026-09-04 20:27:00,2.16,n,309.28,N21,VIIRS,N,13118729,Gevra Open Cast Mine,Mining / quarry,FACILITY,,,,0.146
20.98007,85.13609,2026-09-04 20:29:00,4.86,n,307.52,N21,VIIRS,N,928075506,Ananta coal mine,Mining / quarry,FACILITY,,,,0.0
20.97813,85.16908,2026-09-04 20:29:00,2.28,n,310.85,N21,VIIRS,N,988893557,Bhubhaneshwari coal mine,Mining / quarry,FACILITY,,,,0.0
20.97812,85.13499,2026-09-04 20:29:00,3.61,n,313.58,N21,VIIRS,N,928075506,Ananta coal mine,Mining / quarry,FACILITY,,,,0.0
20.97641,85.16805,2026-09-04 20:29:00,2.12,n,308.18,N21,VIIRS,N,988893557,Bhubhaneshwari coal mine,Mining / quarry,FACILITY,,,,0.0
20.97535,85.17338,2026-09-04 20:29:00,2.12,n,310.2,N21,VIIRS,N,988893557,Bhubhaneshwari coal mine,Mining / quarry,FACILITY,,,,0.0
20.97238,85.17323,2026-09-04 20:29:00,4.25,n,314.51,N21,VIIRS,N,988893557,Bhubhaneshwari coal mine,Mining / quarry,FACILITY,,,,0.0
20.97069,85.1722,2026-09-04 20:29:00,3.09,n,333.21,N21,VIIRS,N,988893557,Bhubhaneshwari coal mine,Mining / quarry,FACILITY,,,,0.0
20.97029,85.14977,2026-09-04 20:29:00,3.65,n,307.59,N21,VIIRS,N,928075506,Ananta coal mine,Mining / quarry,FACILITY,,,,0.0
20.96963,85.17749,2026-09-04 20:29:00,2.58,n,311.51,N21,VIIRS,N,988893557,Bhubhaneshwari coal mine,Mining / quarry,FACILITY,,,,0.0
20.96922,85.15513,2026-09-04 20:29:00,3.89,n,319.73,N21,VIIRS,N,928075506,Ananta coal mine,Mining / quarry,FACILITY,,,,0.0
20.96836,86.00922,2026-09-04 20:29:00,2.99,n,306.03,N21,VIIRS,N,971787011,IEL Kalinganagar Tata Steel Power Station,Power / plant,FACILITY,plant,,,0.9
20.96774,86.01222,2026-09-04 20:29:00,2.3,n,338.76,N21,VIIRS,N,971787011,IEL Kalinganagar Tata Steel Power Station,Power / plant,FACILITY,plant,,,1.236
20.96747,85.14973,2026-09-04 20:29:00,2.82,n,315.34,N21,VIIRS,N,928075506,Ananta coal mine,Mining / quarry,FACILITY,,,,0.0
20.9671,86.01527,2026-09-04 20:29:00,2.3,n,307.59,N21,VIIRS,N,1508890366,Unnamed facility,Power / plant,FACILITY,plant,,,1.311
20.96636,85.15505,2026-09-04 20:29:00,2.82,n,307.32,N21,VIIRS,N,928075506,Ananta coal mine,Mining / quarry,FACILITY,,,,0.0
20.96603,85.17105,2026-09-04 20:29:00,3.09,n,304.31,N21,VIIRS,N,982272879,Lingaraj Coal Mine,Mining / quarry,FACILITY,,,,0.0
20.9651,86.04973,2026-09-04 20:29:00,0.81,n,307.44,N21,VIIRS,N,231258313,Duburi Steel Power Plant,Power / plant,FACILITY,plant,,,0.0
21.00091,86.02672,2026-09-04 20:29:00,0.6,n,308.82,N21,VIIRS,N,1508890366,Unnamed facility,Power / plant,FACILITY,plant,,,2.772
20.96552,85.1827,2026-09-04 20:29:00,3.3,n,306.53,N21,VIIRS,N,982272879,Lingaraj Coal Mine,Mining / quarry,FACILITY,,,,0.0
20.96962,86.00316,2026-09-04 20:29:00,1.1,n,310.51,N21,VIIRS,N,971787011,IEL Kalinganagar Tata Steel Power Station,Power / plant,FACILITY,plant,,,0.275
20.96772,85.17207,2026-09-04 20:29:00,4.25,n,333.32,N21,VIIRS,N,988893557,Bhubhaneshwari coal mine,Mining / quarry,FACILITY,,,,0.0
21.75558,83.84492,2026-09-04 20:29:00,7.95,n,333.98,N21,VIIRS,N,648728222,Belpahar Coal Mine,Mining / quarry,FACILITY,,,,0.0
21.10486,72.64244,2026-09-04 20:29:00,5.9,n,309.95,N21,VIIRS,N,104647203,ArcelorMittal Nippon Steel India,Industrial Infrastructure / works,FACILITY,,works,,0.0
22.41646,69.03892,2026-09-04 20:29:00,2.29,n,304.38,N21,VIIRS,N,1312188870,Unnamed facility,Industrial Component / silo,COMPONENT,,silo,,2.513
20.96497,85.17637,2026-09-04 20:29:00,2.58,n,304.65,N21,VIIRS,N,982272879,Lingaraj Coal Mine,Mining / quarry,FACILITY,,,,0.0
22.26482,75.1333,2026-09-04 20:29:00,0.87,n,300.77,N21,VIIRS,N,1499127513,Unnamed facility,Power / plant,FACILITY,plant,,,0.471
22.0062,82.6703,2026-09-04 20:29:00,1.43,n,306.37,N21,VIIRS,N,1163989782,Prakash Champa Captive Power Station,Power / plant,FACILITY,plant,,,1.032
22.00347,82.66862,2026-09-04 20:29:00,2.46,n,313.1,N21,VIIRS,N,1163989782,Prakash Champa Captive Power Station,Power / plant,FACILITY,plant,,,0.728
22.00226,82.66946,2026-09-04 20:29:00,1.59,n,307.87,N21,VIIRS,N,1163989782,Prakash Champa Captive Power Station,Power / plant,FACILITY,plant,,,0.567
21.98617,82.01387,2026-09-04 20:29:00,0.73,n,303.96,N21,VIIRS,N,1001793781,Unnamed facility,Mining / quarry,FACILITY,,,,1.878
21.87629,83.49454,2026-09-04 20:29:00,2.1,n,311.43,N21,VIIRS,N,827775048,Unnamed facility,Mining / quarry,FACILITY,,,,13.138
21.77244,83.82623,2026-09-04 20:29:00,1.97,n,303.05,N21,VIIRS,N,553142915,Belpahar Coal Mine,Mining / quarry,FACILITY,,,,0.0
21.10421,72.64756,2026-09-04 20:29:00,8.22,n,332.4,N21,VIIRS,N,104647203,ArcelorMittal Nippon Steel India,Industrial Infrastructure / works,FACILITY,,works,,0.0
21.76404,83.84689,2026-09-04 20:29:00,3.72,n,318.39,N21,VIIRS,N,648728222,Belpahar Coal Mine,Mining / quarry,FACILITY,,,,0.0
21.75642,83.84061,2026-09-04 20:29:00,4.64,n,305.63,N21,VIIRS,N,648728222,Belpahar Coal Mine,Mining / quarry,FACILITY,,,,0.055
21.75135,83.84393,2026-09-04 20:29:00,9.07,n,314.33,N21,VIIRS,N,648728222,Belpahar Coal Mine,Mining / quarry,FACILITY,,,,0.0
21.74713,83.84291,2026-09-04 20:29:00,9.07,n,342.75,N21,VIIRS,N,648728222,Belpahar Coal Mine,Mining / quarry,FACILITY,,,,0.0
21.7429,83.84189,2026-09-04 20:29:00,3.9,n,330.29,N21,VIIRS,N,648728222,Belpahar Coal Mine,Mining / quarry,FACILITY,,,,0.0
21.73868,83.84087,2026-09-04 20:29:00,3.9,n,309.6,N21,VIIRS,N,648728222,Belpahar Coal Mine,Mining / quarry,FACILITY,,,,0.0
21.43282,72.97475,2026-09-04 20:29:00,2.19,n,306.16,N21,VIIRS,N,547008856,Piramal Glass Limited,Industrial / factory,FACILITY,,,factory,4.172
21.33749,78.96925,2026-09-04 20:29:00,2.07,n,311.0,N21,VIIRS,N,986587317,Adasa Coal Mine,Industrial / mine,FACILITY,,,mine,0.802
21.18247,81.38527,2026-09-04 20:29:00,3.59,n,312.06,N21,VIIRS,N,65310813,Bhilai Steel Plant,Industrial / steelmaking,FACILITY,,,steelmaking,0.0
21.18247,81.38527,2026-09-04 20:29:00,3.59,n,312.06,N21,VIIRS,N,963215878,Unnamed facility,Industrial Infrastructure / works,FACILITY,,works,,0.0
21.10807,72.64812,2026-09-04 20:29:00,3.67,n,317.42,N21,VIIRS,N,104647203,ArcelorMittal Nippon Steel India,Industrial Infrastructure / works,FACILITY,,works,,0.0
21.76321,83.85123,2026-09-04 20:29:00,3.72,n,312.58,N21,VIIRS,N,648728222,Belpahar Coal Mine,Mining / quarry,FACILITY,,,,0.0
20.96473,86.00188,2026-09-04 20:29:00,1.1,n,308.9,N21,VIIRS,N,971787011,IEL Kalinganagar Tata Steel Power Station,Power / plant,FACILITY,plant,,,0.821
20.79106,85.25298,2026-09-04 20:29:00,3.93,n,309.51,N21,VIIRS,N,177572836,Tata Steel Meramandali,Industrial / metal_processing,FACILITY,,,metal_processing,0.0
20.96416,85.16563,2026-09-04 20:29:00,4.38,n,316.66,N21,VIIRS,N,982272879,Lingaraj Coal Mine,Mining / quarry,FACILITY,,,,0.0
20.75744,85.29634,2026-09-04 20:29:00,2.46,n,305.19,N21,VIIRS,N,177572836,Tata Steel Meramandali,Industrial / metal_processing,FACILITY,,,metal_processing,4.174
19.37008,71.35457,2026-09-04 20:29:00,1.56,n,320.14,N21,VIIRS,N,331427518,Tarapur Atomic Power Station,Power / plant,FACILITY,plant,,,154.718
19.10266,82.16485,2026-09-04 20:29:00,0.94,n,304.91,N21,VIIRS,N,1214008227,Nagarnar Steel Plant,Industrial / steelmaking,FACILITY,,,steelmaking,0.0
19.10197,82.16858,2026-09-04 20:29:00,0.94,n,309.55,N21,VIIRS,N,1214008227,Nagarnar Steel Plant,Industrial / steelmaking,FACILITY,,,steelmaking,0.0
19.09797,82.16772,2026-09-04 20:29:00,2.11,n,314.56,N21,VIIRS,N,1214008227,Nagarnar Steel Plant,Industrial / steelmaking,FACILITY,,,steelmaking,0.0
19.08926,82.16974,2026-09-04 20:29:00,1.06,n,302.41,N21,VIIRS,N,1214008227,Nagarnar Steel Plant,Industrial / steelmaking,FACILITY,,,steelmaking,0.0
19.01937,72.89208,2026-09-04 20:29:00,5.81,n,330.53,N21,VIIRS,N,430012318,Mumbai Refinery Mahul,Industrial / refinery,FACILITY,,,refinery,0.0
18.72065,79.53902,2026-09-04 20:29:00,1.06,n,303.84,N21,VIIRS,N,97458070,Ramagundam III Coal Mine,Mining / quarry,FACILITY,,,,0.021
18.71714,79.53836,2026-09-04 20:29:00,1.06,n,307.76,N21,VIIRS,N,97458070,Ramagundam III Coal Mine,Mining / quarry,FACILITY,,,,0.0
18.71292,79.54187,2026-09-04 20:29:00,1.23,n,303.78,N21,VIIRS,N,97458070,Ramagundam III Coal Mine,Mining / quarry,FACILITY,,,,0.0
18.68379,73.03027,2026-09-04 20:29:00,2.49,n,312.5,N21,VIIRS,N,1228954771,Unnamed facility,Power / plant,FACILITY,plant,,,1.246
18.67952,73.03425,2026-09-04 20:29:00,2.49,n,319.0,N21,VIIRS,N,1228954771,Unnamed facility,Power / plant,FACILITY,plant,,,1.063
17.95817,80.79167,2026-09-04 20:29:00,2.33,n,306.13,N21,VIIRS,N,59837236,Manuguru II Coal Mine,Mining / quarry,FACILITY,,,,0.0
17.95732,80.79652,2026-09-04 20:29:00,2.33,n,318.65,N21,VIIRS,N,59837236,Manuguru II Coal Mine,Mining / quarry,FACILITY,,,,0.0
17.1409,77.18513,2026-09-04 20:29:00,0.92,n,310.67,N21,VIIRS,N,1227460024,Unnamed facility,Power / plant,FACILITY,plant,,,0.452
17.13875,77.17729,2026-09-04 20:29:00,0.79,n,310.4,N21,VIIRS,N,98939356,Unnamed facility,Mining / quarry,FACILITY,,,,0.58
16.87203,80.02309,2026-09-04 20:29:00,1.33,n,307.03,N21,VIIRS,N,155023223,UltraTech Cement Ltd Factory,Industrial Infrastructure / works,FACILITY,,works,,0.0
16.69608,79.64787,2026-09-04 20:29:00,2.3,n,307.53,N21,VIIRS,N,1247335998,Unnamed facility,Industrial Component / goods_conveyor,COMPONENT,,goods_conveyor,,0.489
22.93105,69.69788,2026-09-04 20:29:00,4.33,n,309.78,N21,VIIRS,N,1002375165,Unnamed facility,Power / plant,FACILITY,plant,,,0.489
20.7841,85.26288,2026-09-04 20:29:00,2.22,n,305.23,N21,VIIRS,N,177572836,Tata Steel Meramandali,Industrial / metal_processing,FACILITY,,,metal_processing,0.0
20.78993,85.25848,2026-09-04 20:29:00,3.93,n,306.07,N21,VIIRS,N,177572836,Tata Steel Meramandali,Industrial / metal_processing,FACILITY,,,metal_processing,0.0
20.79577,85.25407,2026-09-04 20:29:00,3.93,n,330.6,N21,VIIRS,N,177572836,Tata Steel Meramandali,Industrial / metal_processing,FACILITY,,,metal_processing,0.0
20.80516,85.25643,2026-09-04 20:29:00,3.49,n,312.49,N21,VIIRS,N,177572836,Tata Steel Meramandali,Industrial / metal_processing,FACILITY,,,metal_processing,0.0
20.9639,85.18172,2026-09-04 20:29:00,2.58,n,310.79,N21,VIIRS,N,982272879,Lingaraj Coal Mine,Mining / quarry,FACILITY,,,,0.0
20.96346,86.00796,2026-09-04 20:29:00,2.99,n,327.6,N21,VIIRS,N,971787011,IEL Kalinganagar Tata Steel Power Station,Power / plant,FACILITY,plant,,,1.182
20.96306,85.17092,2026-09-04 20:29:00,4.84,n,313.02,N21,VIIRS,N,982272879,Lingaraj Coal Mine,Mining / quarry,FACILITY,,,,0.0
20.96283,86.01097,2026-09-04 20:29:00,2.3,n,320.67,N21,VIIRS,N,971787011,IEL Kalinganagar Tata Steel Power Station,Power / plant,FACILITY,plant,,,1.453
20.96282,85.1871,2026-09-04 20:29:00,7.21,n,326.7,N21,VIIRS,N,982272879,Lingaraj Coal Mine,Mining / quarry,FACILITY,,,,0.0
20.96244,85.16457,2026-09-04 20:29:00,2.34,n,311.63,N21,VIIRS,N,982272879,Lingaraj Coal Mine,Mining / quarry,FACILITY,,,,0.0
20.9622,86.01398,2026-09-04 20:29:00,2.3,n,305.74,N21,VIIRS,N,971787011,IEL Kalinganagar Tata Steel Power Station,Power / plant,FACILITY,plant,,,1.75
20.96137,85.16988,2026-09-04 20:29:00,2.34,n,313.46,N21,VIIRS,N,982272879,Lingaraj Coal Mine,Mining / quarry,FACILITY,,,,0.0
20.96085,85.18159,2026-09-04 20:29:00,1.64,n,306.72,N21,VIIRS,N,982272879,Lingaraj Coal Mine,Mining / quarry,FACILITY,,,,0.0
20.9644,85.1881,2026-09-04 20:29:00,3.3,n,323.33,N21,VIIRS,N,982272879,Lingaraj Coal Mine,Mining / quarry,FACILITY,,,,0.0
20.95973,85.18695,2026-09-04 20:29:00,1.64,n,306.14,N21,VIIRS,N,982272879,Lingaraj Coal Mine,Mining / quarry,FACILITY,,,,0.0
20.95094,86.04309,2026-09-04 20:29:00,2.49,n,315.02,N21,VIIRS,N,231258313,Duburi Steel Power Plant,Power / plant,FACILITY,plant,,,0.2
20.95031,86.0461,2026-09-04 20:29:00,2.95,n,324.25,N21,VIIRS,N,231258313,Duburi Steel Power Plant,Power / plant,FACILITY,plant,,,0.372
20.94966,86.04922,2026-09-04 20:29:00,2.95,n,320.98,N21,VIIRS,N,209343438,VISA STEEL LTD,Industrial / factory,FACILITY,,,factory,0.487
20.91005,71.45995,2026-09-04 20:29:00,1.59,n,311.01,N21,VIIRS,N,226111719,GSPC Pipavav Power Company Ltd.,Power / plant,FACILITY,plant,,,0.89
20.89007,84.97992,2026-09-04 20:29:00,1.65,n,305.71,N21,VIIRS,N,1012595669,Angul Steel Power Plant,Power / plant,FACILITY,plant,,,1.009
20.88799,84.98059,2026-09-04 20:29:00,3.23,n,309.58,N21,VIIRS,N,1012595669,Angul Steel Power Plant,Power / plant,FACILITY,plant,,,0.936
20.88442,84.98401,2026-09-04 20:29:00,2.55,n,312.42,N21,VIIRS,N,1012595669,Angul Steel Power Plant,Power / plant,FACILITY,plant,,,0.729
20.86384,84.99004,2026-09-04 20:29:00,4.5,n,330.69,N21,VIIRS,N,1012595669,Angul Steel Power Plant,Power / plant,FACILITY,plant,,,2.927
20.86278,84.99536,2026-09-04 20:29:00,4.5,n,311.65,N21,VIIRS,N,1012595669,Angul Steel Power Plant,Power / plant,FACILITY,plant,,,3.079
20.95401,85.01299,2026-09-04 20:29:00,2.11,n,305.31,N21,VIIRS,N,982263322,Unnamed facility,Mining / quarry,FACILITY,,,,0.0
22.93502,69.69705,2026-09-04 20:29:00,4.7,n,306.21,N21,VIIRS,N,1002375165,Unnamed facility,Power / plant,FACILITY,plant,,,0.622
20.96709,85.16577,2026-09-04 20:29:00,3.09,n,307.01,N21,VIIRS,N,988893557,Bhubhaneshwari coal mine,Mining / quarry,FACILITY,,,,0.0
20.96663,85.17735,2026-09-04 20:29:00,4.25,n,310.74,N21,VIIRS,N,982272879,Lingaraj Coal Mine,Mining / quarry,FACILITY,,,,0.016
15.30179,76.22112,2026-09-04 20:32:00,0.83,n,304.47,N21,VIIRS,N,976170774,Unnamed facility,Mining / quarry,FACILITY,,,,2.82
15.17443,76.70186,2026-09-04 20:32:00,1.07,n,308.74,N21,VIIRS,N,285680302,Jindal Steel Works,Industrial Infrastructure / works,FACILITY,,works,steel_mill,0.0
15.17439,76.78685,2026-09-04 20:32:00,1.34,n,306.9,N21,VIIRS,N,1158804984,Unnamed facility,Mining / quarry,FACILITY,,,,4.664
15.17277,76.69064,2026-09-04 20:32:00,1.65,n,311.73,N21,VIIRS,N,285680302,Jindal Steel Works,Industrial Infrastructure / works,FACILITY,,works,steel_mill,0.0
15.1706,76.68289,2026-09-04 20:32:00,1.6,n,314.21,N21,VIIRS,N,285680302,Jindal Steel Works,Industrial Infrastructure / works,FACILITY,,works,steel_mill,0.0
15.16957,76.66797,2026-09-04 20:32:00,1.3,n,307.85,N21,VIIRS,N,285680302,Jindal Steel Works,Industrial Infrastructure / works,FACILITY,,works,steel_mill,0.0
15.16934,76.71221,2026-09-04 20:32:00,0.72,n,305.43,N21,VIIRS,N,285680302,Jindal Steel Works,Industrial Infrastructure / works,FACILITY,,works,steel_mill,0.4
15.169,76.67155,2026-09-04 20:32:00,2.09,n,316.31,N21,VIIRS,N,285680302,Jindal Steel Works,Industrial Infrastructure / works,FACILITY,,works,steel_mill,0.0
15.16758,76.38126,2026-09-04 20:32:00,1.68,n,311.8,N21,VIIRS,N,1186902443,Danapuram BMM Captive Power Plant 1,Power / plant,FACILITY,plant,,,0.455
15.16758,76.38126,2026-09-04 20:32:00,1.68,n,311.8,N21,VIIRS,N,16053036,Danapuram BMM Captive Power Plants,Power / plant,FACILITY,plant,,,0.455
15.13563,76.71016,2026-09-04 20:32:00,0.75,n,307.55,N21,VIIRS,N,1230631682,Unnamed facility,Mining / quarry,FACILITY,,,,3.142
15.02215,78.01551,2026-09-04 20:32:00,5.41,n,316.91,N21,VIIRS,N,829079274,Unnamed facility,Industrial Component / goods_conveyor,COMPONENT,,goods_conveyor,,0.101
13.8985,76.56481,2026-09-04 20:32:00,1.16,n,311.93,N21,VIIRS,N,1670706045,Unnamed facility,Power / generator,FACILITY,generator,,,8.808
13.71096,79.62003,2026-09-04 20:32:00,3.33,n,306.03,N21,VIIRS,N,1494560078,Unnamed facility,Power / plant,FACILITY,plant,,,11.203
12.71426,76.89852,2026-09-04 20:32:00,0.68,n,307.39,N21,VIIRS,N,1457769270,Unnamed facility,Power / plant,FACILITY,plant,,,19.945
12.02063,76.65154,2026-09-04 20:32:00,0.8,n,304.14,N21,VIIRS,N,1457769265,Unnamed facility,Power / plant,FACILITY,plant,,,3.516
12.01868,76.65131,2026-09-04 20:32:00,0.73,n,303.06,N21,VIIRS,N,1457769265,Unnamed facility,Power / plant,FACILITY,plant,,,3.733
11.81028,77.91938,2026-09-04 20:32:00,3.31,n,314.3,N21,VIIRS,N,1483757478,Unnamed facility,Industrial / chemical,FACILITY,,works,chemical,8.328
11.81003,77.92034,2026-09-04 20:32:00,3.41,n,318.11,N21,VIIRS,N,1483757478,Unnamed facility,Industrial / chemical,FACILITY,,works,chemical,8.438
11.80959,77.92345,2026-09-04 20:32:00,3.31,n,311.3,N21,VIIRS,N,1483757478,Unnamed facility,Industrial / chemical,FACILITY,,works,chemical,8.788
15.1746,76.65777,2026-09-04 20:32:00,4.05,n,340.33,N21,VIIRS,N,285680302,Jindal Steel Works,Industrial Infrastructure / works,FACILITY,,works,steel_mill,0.0
11.80936,77.92444,2026-09-04 20:32:00,3.41,n,308.01,N21,VIIRS,N,1483757478,Unnamed facility,Industrial / chemical,FACILITY,,works,chemical,8.901
15.17505,76.67628,2026-09-04 20:32:00,1.42,n,312.61,N21,VIIRS,N,285680302,Jindal Steel Works,Industrial Infrastructure / works,FACILITY,,works,steel_mill,0.0
15.17517,76.65417,2026-09-04 20:32:00,2.87,n,324.8,N21,VIIRS,N,285680302,Jindal Steel Works,Industrial Infrastructure / works,FACILITY,,works,steel_mill,0.0
16.20395,75.20745,2026-09-04 20:32:00,0.53,n,303.66,N21,VIIRS,N,1362826111,Unnamed facility,Industrial Component / goods_conveyor,COMPONENT,,goods_conveyor,,0.025
15.68357,78.45914,2026-09-04 20:32:00,1.57,n,308.44,N21,VIIRS,N,1389865730,Unnamed facility,Power / plant,FACILITY,plant,,,0.402
15.65936,73.9884,2026-09-04 20:32:00,0.83,n,303.32,N21,VIIRS,N,1381466373,Unnamed facility,Mining / quarry,FACILITY,,,,0.995
15.55637,79.6452,2026-09-04 20:32:00,4.46,n,308.28,N21,VIIRS,N,556941819,Unnamed facility,Industrial / factory,FACILITY,,,factory,7.104
15.55518,79.64732,2026-09-04 20:32:00,5.92,n,324.0,N21,VIIRS,N,556941819,Unnamed facility,Industrial / factory,FACILITY,,,factory,7.349
15.55193,79.64904,2026-09-04 20:32:00,4.3,n,329.25,N21,VIIRS,N,556941819,Unnamed facility,Industrial / factory,FACILITY,,,factory,7.768
15.55151,79.64663,2026-09-04 20:32:00,5.92,n,330.27,N21,VIIRS,N,556941819,Unnamed facility,Industrial / factory,FACILITY,,,factory,7.663
15.54826,79.64835,2026-09-04 20:32:00,4.3,n,317.21,N21,VIIRS,N,556941819,Unnamed facility,Industrial / factory,FACILITY,,,factory,8.083
15.3368,76.27806,2026-09-04 20:32:00,1.04,n,306.0,N21,VIIRS,N,1327523245,Unnamed facility,Mining / quarry,FACILITY,,,,2.276
15.33238,76.28462,2026-09-04 20:32:00,0.7,n,309.57,N21,VIIRS,N,1327523245,Unnamed facility,Mining / quarry,FACILITY,,,,2.182
15.19841,76.37912,2026-09-04 20:32:00,1.3,n,301.76,N21,VIIRS,N,1001128757,Unnamed facility,Mining / quarry,FACILITY,,,,1.216
15.18489,76.31473,2026-09-04 20:32:00,0.86,n,308.09,N21,VIIRS,N,1186902443,Danapuram BMM Captive Power Plant 1,Power / plant,FACILITY,plant,,,6.974
15.18489,76.31473,2026-09-04 20:32:00,0.86,n,308.09,N21,VIIRS,N,16053036,Danapuram BMM Captive Power Plants,Power / plant,FACILITY,plant,,,6.974
15.18366,76.64443,2026-09-04 20:32:00,1.25,n,305.75,N21,VIIRS,N,285680302,Jindal Steel Works,Industrial Infrastructure / works,FACILITY,,works,steel_mill,0.0
15.18351,76.66653,2026-09-04 20:32:00,7.62,n,341.14,N21,VIIRS,N,285680302,Jindal Steel Works,Industrial Infrastructure / works,FACILITY,,works,steel_mill,0.0
15.18178,76.67729,2026-09-04 20:32:00,1.38,n,306.3,N21,VIIRS,N,285680302,Jindal Steel Works,Industrial Infrastructure / works,FACILITY,,works,steel_mill,0.0
15.17848,76.65473,2026-09-04 20:32:00,2.87,n,333.16,N21,VIIRS,N,285680302,Jindal Steel Works,Industrial Infrastructure / works,FACILITY,,works,steel_mill,0.0
15.17847,76.67673,2026-09-04 20:32:00,1.38,n,308.26,N21,VIIRS,N,285680302,Jindal Steel Works,Industrial Infrastructure / works,FACILITY,,works,steel_mill,0.0
15.17791,77.10437,2026-09-04 20:32:00,1.18,n,309.33,N21,VIIRS,N,1002431141,Unnamed facility,Power / plant,FACILITY,plant,,,2.122
15.17791,76.65833,2026-09-04 20:32:00,4.05,n,313.8,N21,VIIRS,N,285680302,Jindal Steel Works,Industrial Infrastructure / works,FACILITY,,works,steel_mill,0.0
15.17516,77.10014,2026-09-04 20:32:00,1.19,n,308.97,N21,VIIRS,N,1002431141,Unnamed facility,Power / plant,FACILITY,plant,,,1.597
11.5186,77.70729,2026-09-04 20:32:00,1.48,n,303.15,N21,VIIRS,N,429967364,Lower Mettur Barrage IV Power House,Power / plant,FACILITY,plant,,,3.787
15.17088,76.38181,2026-09-04 20:32:00,1.14,n,306.5,N21,VIIRS,N,1186902443,Danapuram BMM Captive Power Plant 1,Power / plant,FACILITY,plant,,,0.395
15.17088,76.38181,2026-09-04 20:32:00,1.14,n,306.5,N21,VIIRS,N,16053036,Danapuram BMM Captive Power Plants,Power / plant,FACILITY,plant,,,0.395
11.2685,80.00368,2026-09-04 20:32:00,4.56,n,331.73,N21,VIIRS,N,156177503,Pillaiperumalnallur Gas Power Plant,Power / plant,FACILITY,plant,,,28.404
10.92628,78.4984,2026-09-04 20:32:00,4.48,n,314.41,N21,VIIRS,N,1017720847,Unnamed facility,Power / plant,FACILITY,plant,,,11.661
10.61504,77.50061,2026-09-04 20:32:00,1.42,n,309.05,N21,VIIRS,N,9117542668,Unnamed facility,Power / generator,FACILITY,generator,,,1.918
9.97884,76.37681,2026-09-04 20:32:00,1.63,n,302.32,N21,VIIRS,N,807956099,Unnamed facility,Industrial Component / storage_tank,COMPONENT,,storage_tank,,0.31
9.80522,77.56261,2026-09-04 20:32:00,2.07,n,315.54,N21,VIIRS,N,9790689875,Unnamed facility,Power / generator,FACILITY,generator,,,10.243
9.71209,80.08627,2026-09-04 20:32:00,2.35,n,306.74,N21,VIIRS,N,1554246470,Unnamed facility,Power / generator,FACILITY,generator,,,70.297
11.51788,77.70787,2026-09-04 20:32:00,1.62,n,308.15,N21,VIIRS,N,429967364,Lower Mettur Barrage IV Power House,Power / plant,FACILITY,plant,,,3.718
6.83037,81.32511,2026-09-04 20:34:00,2.26,n,306.21,N21,VIIRS,N,1033490635,Unnamed facility,Industrial Component / storage_tank,COMPONENT,,storage_tank,,355.79
6.74468,81.16464,2026-09-04 20:34:00,2.57,n,307.26,N21,VIIRS,N,1033490635,Unnamed facility,Industrial Component / storage_tank,COMPONENT,,storage_tank,,352.504
6.5537,80.76502,2026-09-04 20:34:00,2.49,n,311.97,N21,VIIRS,N,1033490635,Unnamed facility,Industrial Component / storage_tank,COMPONENT,,storage_tank,,347.113
6.55232,80.76828,2026-09-04 20:34:00,1.97,n,316.15,N21,VIIRS,N,1033490635,Unnamed facility,Industrial Component / storage_tank,COMPONENT,,storage_tank,,347.42
25.38969,68.58154,2026-09-04 21:23:00,1.75,n,322.72,N20,VIIRS,N,1273382001,Khavda Renewable Energy Park,Power / plant,FACILITY,plant,,,171.085
26.09432,68.88023,2026-09-04 21:23:00,1.57,n,314.25,N20,VIIRS,N,457973237,Unnamed facility,Mining / quarry,FACILITY,,,,206.211
31.25797,76.92616,2026-09-04 21:23:00,1.0,n,299.97,N20,VIIRS,N,168237664,Darlaghat Mines,Mining / quarry,FACILITY,,,,3.984
31.25863,76.92339,2026-09-04 21:23:00,0.74,n,299.65,N20,VIIRS,N,168237664,Darlaghat Mines,Mining / quarry,FACILITY,,,,4.304
32.28931,70.7398,2026-09-04 21:23:00,1.64,n,307.04,N20,VIIRS,N,1318203266,Unnamed facility,Power / plant,FACILITY,plant,,,427.462
15.07322,76.86325,2026-09-04 21:25:00,1.44,n,302.44,N20,VIIRS,N,363697813,Unnamed facility,Mining / quarry,FACILITY,,,,7.337
28.42326,69.70197,2026-09-04 21:25:00,1.47,n,316.8,N20,VIIRS,N,457973221,Unnamed facility,Mining / quarry,FACILITY,,,,137.529
27.94094,69.72205,2026-09-04 21:25:00,0.94,n,310.66,N20,VIIRS,N,457973221,Unnamed facility,Mining / quarry,FACILITY,,,,81.515
23.31587,70.48626,2026-09-04 21:25:00,0.85,n,307.31,N20,VIIRS,N,9248414030,Unnamed facility,Power / generator,FACILITY,generator,,,6.107
15.07344,76.86353,2026-09-04 21:25:00,1.65,n,302.69,N20,VIIRS,N,363697813,Unnamed facility,Mining / quarry,FACILITY,,,,7.306
15.13675,76.70895,2026-09-04 21:25:00,1.44,n,301.39,N20,VIIRS,N,1230631682,Unnamed facility,Mining / quarry,FACILITY,,,,2.964
15.17627,76.65868,2026-09-04 21:25:00,2.5,n,301.35,N20,VIIRS,N,285680302,Jindal Steel Works,Industrial Infrastructure / works,FACILITY,,works,steel_mill,0.0
15.17767,76.65236,2026-09-04 21:25:00,2.23,n,304.58,N20,VIIRS,N,285680302,Jindal Steel Works,Industrial Infrastructure / works,FACILITY,,works,steel_mill,0.0
15.17813,77.10228,2026-09-04 21:25:00,2.86,n,303.75,N20,VIIRS,N,1002431141,Unnamed facility,Power / plant,FACILITY,plant,,,2.013
15.17927,76.65517,2026-09-04 21:25:00,4.31,n,309.6,N20,VIIRS,N,285680302,Jindal Steel Works,Industrial Infrastructure / works,FACILITY,,works,steel_mill,0.0
15.18306,76.66953,2026-09-04 21:25:00,3.27,n,303.1,N20,VIIRS,N,285680302,Jindal Steel Works,Industrial Infrastructure / works,FACILITY,,works,steel_mill,0.0
18.68169,73.03407,2026-09-04 21:25:00,1.48,n,301.62,N20,VIIRS,N,1228954771,Unnamed facility,Power / plant,FACILITY,plant,,,0.928
15.18014,76.6731,2026-09-04 21:25:00,3.38,n,303.04,N20,VIIRS,N,285680302,Jindal Steel Works,Industrial Infrastructure / works,FACILITY,,works,steel_mill,0.0
18.68741,73.03207,2026-09-04 21:25:00,2.08,n,306.38,N20,VIIRS,N,219877153,Unnamed facility,Industrial Component / goods_conveyor,COMPONENT,,goods_conveyor,,1.019
23.30543,70.47614,2026-09-04 21:25:00,0.81,n,304.73,N20,VIIRS,N,9248414030,Unnamed facility,Power / generator,FACILITY,generator,,,4.827
23.12136,70.08435,2026-09-04 21:25:00,2.74,n,318.21,N20,VIIRS,N,20994946,Unnamed facility,Power / generator,FACILITY,generator,,,0.625
23.12135,70.08555,2026-09-04 21:25:00,3.21,n,317.95,N20,VIIRS,N,20994946,Unnamed facility,Power / generator,FACILITY,generator,,,0.492
18.6861,73.0384,2026-09-04 21:25:00,0.96,n,301.8,N20,VIIRS,N,1228954771,Unnamed facility,Power / plant,FACILITY,plant,,,0.326
22.93045,70.10779,2026-09-04 21:25:00,3.36,n,305.4,N20,VIIRS,N,789029429,Unnamed facility,Industrial Infrastructure / works,FACILITY,,works,,11.299
22.93466,69.69984,2026-09-04 21:25:00,3.11,n,313.25,N20,VIIRS,N,1002375165,Unnamed facility,Power / plant,FACILITY,plant,,,0.339
19.02249,72.89153,2026-09-04 21:25:00,3.86,n,334.0,N20,VIIRS,N,430012318,Mumbai Refinery Mahul,Industrial / refinery,FACILITY,,,refinery,0.0
19.02186,72.89457,2026-09-04 21:25:00,4.03,n,332.93,N20,VIIRS,N,430012318,Mumbai Refinery Mahul,Industrial / refinery,FACILITY,,,refinery,0.0
18.69118,73.03957,2026-09-04 21:25:00,0.96,n,303.11,N20,VIIRS,N,1228954771,Unnamed facility,Power / plant,FACILITY,plant,,,0.52
20.91111,71.4613,2026-09-04 21:25:00,1.05,n,304.79,N20,VIIRS,N,226111719,GSPC Pipavav Power Company Ltd.,Power / plant,FACILITY,plant,,,1.043
28.4967,97.02299,2026-09-05 06:01:00,6.39,n,326.36,N21,VIIRS,D,5187607450,Awapani Hydel Power,Power / generator,FACILITY,generator,,,125.433
20.96386,86.00793,2026-09-05 06:57:00,4.4,n,349.45,N20,VIIRS,D,971787011,IEL Kalinganagar Tata Steel Power Station,Power / plant,FACILITY,plant,,,1.141
20.75933,85.29932,2026-09-05 06:57:00,4.79,n,331.12,N20,VIIRS,D,177572836,Tata Steel Meramandali,Industrial / metal_processing,FACILITY,,,metal_processing,4.233
20.86409,84.99059,2026-09-05 06:57:00,4.32,n,331.74,N20,VIIRS,D,1012595669,Angul Steel Power Plant,Power / plant,FACILITY,plant,,,2.9
20.96189,86.00809,2026-09-05 06:57:00,5.75,n,343.96,N20,VIIRS,D,971787011,IEL Kalinganagar Tata Steel Power Station,Power / plant,FACILITY,plant,,,1.347
23.69259,87.12342,2026-09-05 06:59:00,5.48,n,328.11,N20,VIIRS,D,20810432,Unnamed facility,Power / generator,FACILITY,generator,,,0.228
29.30879,88.86539,2026-09-05 06:59:00,2.99,n,328.51,N20,VIIRS,D,1214479001,Unnamed facility,Power / generator,FACILITY,generator,,,188.757
23.6451,85.44025,2026-09-05 06:59:00,3.74,n,336.59,N20,VIIRS,D,116955130,Unnamed facility,Mining / quarry,FACILITY,,,,0.028
8.12731,80.6135,2026-09-05 07:37:00,3.66,n,332.39,N21,VIIRS,D,1033490635,Unnamed facility,Industrial Component / storage_tank,COMPONENT,,storage_tank,,195.306
8.28638,80.99302,2026-09-05 07:37:00,12.4,n,344.51,N21,VIIRS,D,1554800372,Unnamed facility,Power / generator,FACILITY,generator,,,218.55
8.2833,80.51466,2026-09-05 07:37:00,8.39,n,339.89,N21,VIIRS,D,1033490635,Unnamed facility,Industrial Component / storage_tank,COMPONENT,,storage_tank,,175.509
8.26432,80.63666,2026-09-05 07:37:00,5.11,n,335.7,N21,VIIRS,D,1033490635,Unnamed facility,Industrial Component / storage_tank,COMPONENT,,storage_tank,,187.434
8.25945,80.32359,2026-09-05 07:37:00,6.93,n,345.26,N21,VIIRS,D,1033490635,Unnamed facility,Industrial Component / storage_tank,COMPONENT,,storage_tank,,161.669
8.25539,80.32426,2026-09-05 07:37:00,3.19,n,333.93,N21,VIIRS,D,1033490635,Unnamed facility,Industrial Component / storage_tank,COMPONENT,,storage_tank,,162.047
8.2525,80.25742,2026-09-05 07:37:00,3.74,l,331.97,N21,VIIRS,D,1033490635,Unnamed facility,Industrial Component / storage_tank,COMPONENT,,storage_tank,,157.166
8.20811,81.32212,2026-09-05 07:37:00,8.67,n,334.14,N21,VIIRS,D,1554800372,Unnamed facility,Power / generator,FACILITY,generator,,,254.544
8.20732,81.31739,2026-09-05 07:37:00,8.67,n,341.2,N21,VIIRS,D,1554800372,Unnamed facility,Power / generator,FACILITY,generator,,,254.129
8.20279,81.02484,2026-09-05 07:37:00,4.3,l,330.71,N21,VIIRS,D,1554800372,Unnamed facility,Power / generator,FACILITY,generator,,,226.63
8.18213,80.6822,2026-09-05 07:37:00,4.04,n,338.55,N21,VIIRS,D,1033490635,Unnamed facility,Industrial Component / storage_tank,COMPONENT,,storage_tank,,197.144
8.17761,80.5827,2026-09-05 07:37:00,7.58,n,341.08,N21,VIIRS,D,1033490635,Unnamed facility,Industrial Component / storage_tank,COMPONENT,,storage_tank,,188.992
8.12893,80.54842,2026-09-05 07:37:00,8.5,n,346.63,N21,VIIRS,D,1033490635,Unnamed facility,Industrial Component / storage_tank,COMPONENT,,storage_tank,,189.839
8.1255,80.55262,2026-09-05 07:37:00,8.18,n,340.07,N21,VIIRS,D,1033490635,Unnamed facility,Industrial Component / storage_tank,COMPONENT,,storage_tank,,190.443
8.37836,80.62711,2026-09-05 07:37:00,5.46,n,331.03,N21,VIIRS,D,1033490635,Unnamed facility,Industrial Component / storage_tank,COMPONENT,,storage_tank,,178.997
8.12346,80.81154,2026-09-05 07:37:00,32.44,h,367.0,N21,VIIRS,D,1033490635,Unnamed facility,Industrial Component / storage_tank,COMPONENT,,storage_tank,,212.526
8.10218,81.10001,2026-09-05 07:37:00,5.27,n,334.7,N21,VIIRS,D,1554800372,Unnamed facility,Power / generator,FACILITY,generator,,,239.913
8.08739,81.36948,2026-09-05 07:37:00,22.49,n,333.97,N21,VIIRS,D,1554800372,Unnamed facility,Power / generator,FACILITY,generator,,,265.963
8.05173,80.66666,2026-09-05 07:37:00,4.08,n,335.82,N21,VIIRS,D,1033490635,Unnamed facility,Industrial Component / storage_tank,COMPONENT,,storage_tank,,205.394
8.04815,80.00616,2026-09-05 07:37:00,7.4,n,335.02,N21,VIIRS,D,1033490635,Unnamed facility,Industrial Component / storage_tank,COMPONENT,,storage_tank,,159.403
8.04671,81.42775,2026-09-05 07:37:00,5.95,n,336.73,N21,VIIRS,D,1554800372,Unnamed facility,Power / generator,FACILITY,generator,,,273.883
8.03861,80.61135,2026-09-05 07:37:00,4.84,n,330.45,N21,VIIRS,D,1033490635,Unnamed facility,Industrial Component / storage_tank,COMPONENT,,storage_tank,,201.913
8.01859,81.42266,2026-09-05 07:37:00,8.5,n,344.26,N21,VIIRS,D,1554800372,Unnamed facility,Power / generator,FACILITY,generator,,,275.069
7.98671,80.79081,2026-09-05 07:37:00,9.95,n,347.02,N21,VIIRS,D,1033490635,Unnamed facility,Industrial Component / storage_tank,COMPONENT,,storage_tank,,220.562
7.97723,80.04148,2026-09-05 07:37:00,4.37,n,334.23,N21,VIIRS,D,1033490635,Unnamed facility,Industrial Component / storage_tank,COMPONENT,,storage_tank,,168.281
7.96371,81.28021,2026-09-05 07:37:00,12.37,n,337.41,N21,VIIRS,D,1554800372,Unnamed facility,Power / generator,FACILITY,generator,,,265.273
7.9628,80.032,2026-09-05 07:37:00,5.71,n,341.13,N21,VIIRS,D,1033490635,Unnamed facility,Industrial Component / storage_tank,COMPONENT,,storage_tank,,169.191
7.96233,80.07906,2026-09-05 07:37:00,3.98,n,330.31,N21,VIIRS,D,1033490635,Unnamed facility,Industrial Component / storage_tank,COMPONENT,,storage_tank,,171.805
7.9603,80.60966,2026-09-05 07:37:00,4.0,n,343.38,N21,VIIRS,D,1033490635,Unnamed facility,Industrial Component / storage_tank,COMPONENT,,storage_tank,,207.983
8.12492,80.54909,2026-09-05 07:37:00,8.18,n,353.29,N21,VIIRS,D,1033490635,Unnamed facility,Industrial Component / storage_tank,COMPONENT,,storage_tank,,190.202
8.37986,80.62785,2026-09-05 07:37:00,2.61,n,331.83,N21,VIIRS,D,1033490635,Unnamed facility,Industrial Component / storage_tank,COMPONENT,,storage_tank,,178.969
7.01142,79.91348,2026-09-05 07:37:00,6.73,n,339.05,N21,VIIRS,D,958448570,Unnamed facility,Power / generator,FACILITY,generator,,,256.278
8.3987,81.03794,2026-09-05 07:37:00,6.59,n,337.46,N21,VIIRS,D,1554800372,Unnamed facility,Power / generator,FACILITY,generator,,,216.48
7.95669,80.02126,2026-09-05 07:37:00,3.26,n,331.42,N21,VIIRS,D,1033490635,Unnamed facility,Industrial Component / storage_tank,COMPONENT,,storage_tank,,169.228
8.69129,80.8086,2026-09-05 07:37:00,4.55,n,334.11,N21,VIIRS,D,1554800372,Unnamed facility,Power / generator,FACILITY,generator,,,179.087
8.68196,80.89706,2026-09-05 07:37:00,8.93,n,334.01,N21,VIIRS,D,1554800372,Unnamed facility,Power / generator,FACILITY,generator,,,188.573
8.68055,80.91254,2026-09-05 07:37:00,11.9,n,333.32,N21,VIIRS,D,1554800372,Unnamed facility,Power / generator,FACILITY,generator,,,190.228
8.67286,80.84249,2026-09-05 07:37:00,9.91,n,336.4,N21,VIIRS,D,1554800372,Unnamed facility,Power / generator,FACILITY,generator,,,183.373
8.67236,80.71859,2026-09-05 07:37:00,3.77,n,333.78,N21,VIIRS,D,1554800372,Unnamed facility,Power / generator,FACILITY,generator,,,170.822
8.6564,81.06465,2026-09-05 07:37:00,12.42,n,335.54,N21,VIIRS,D,1554800372,Unnamed facility,Power / generator,FACILITY,generator,,,206.97
8.65199,80.86128,2026-09-05 07:37:00,4.36,n,331.5,N21,VIIRS,D,1554800372,Unnamed facility,Power / generator,FACILITY,generator,,,186.229
8.64695,80.8314,2026-09-05 07:37:00,8.81,n,335.05,N21,VIIRS,D,1554800372,Unnamed facility,Power / generator,FACILITY,generator,,,183.424
8.63492,80.80767,2026-09-05 07:37:00,7.12,n,338.69,N21,VIIRS,D,1554800372,Unnamed facility,Power / generator,FACILITY,generator,,,181.59
8.63026,80.8055,2026-09-05 07:37:00,13.65,l,331.4,N21,VIIRS,D,1554800372,Unnamed facility,Power / generator,FACILITY,generator,,,181.595
8.63017,80.80332,2026-09-05 07:37:00,11.21,l,330.97,N21,VIIRS,D,1554800372,Unnamed facility,Power / generator,FACILITY,generator,,,181.38
8.63003,80.38985,2026-09-05 07:37:00,9.6,n,346.0,N21,VIIRS,D,1554800372,Unnamed facility,Power / generator,FACILITY,generator,,,141.15
8.62842,77.79488,2026-09-05 07:37:00,9.66,n,343.54,N21,VIIRS,D,409780584,Unnamed facility,Mining / quarry,FACILITY,,,,1.501
8.38692,81.01472,2026-09-05 07:37:00,5.14,n,333.98,N21,VIIRS,D,1554800372,Unnamed facility,Power / generator,FACILITY,generator,,,214.858
8.62472,80.7961,2026-09-05 07:37:00,10.52,n,332.17,N21,VIIRS,D,1554800372,Unnamed facility,Power / generator,FACILITY,generator,,,180.917
8.59021,80.60898,2026-09-05 07:37:00,5.34,n,337.45,N21,VIIRS,D,1554800372,Unnamed facility,Power / generator,FACILITY,generator,,,164.282
8.5738,80.39909,2026-09-05 07:37:00,2.98,n,331.1,N21,VIIRS,D,1554800372,Unnamed facility,Power / generator,FACILITY,generator,,,145.562
8.51638,80.74951,2026-09-05 07:37:00,7.31,l,330.49,N21,VIIRS,D,1554800372,Unnamed facility,Power / generator,FACILITY,generator,,,181.987
8.51198,80.60393,2026-09-05 07:37:00,9.11,n,340.56,N21,VIIRS,D,1554800372,Unnamed facility,Power / generator,FACILITY,generator,,,168.376
8.49506,80.74255,2026-09-05 07:37:00,7.6,n,337.97,N21,VIIRS,D,1554800372,Unnamed facility,Power / generator,FACILITY,generator,,,182.522
8.4883,80.8731,2026-09-05 07:37:00,6.54,n,332.8,N21,VIIRS,D,1554800372,Unnamed facility,Power / generator,FACILITY,generator,,,195.543
8.47817,80.66403,2026-09-05 07:37:00,4.31,n,340.91,N21,VIIRS,D,1554800372,Unnamed facility,Power / generator,FACILITY,generator,,,176.062
8.44381,81.09562,2026-09-05 07:37:00,10.44,n,340.51,N21,VIIRS,D,1554800372,Unnamed facility,Power / generator,FACILITY,generator,,,219.82
8.44334,80.19783,2026-09-05 07:37:00,7.97,n,340.25,N21,VIIRS,D,1033490635,Unnamed facility,Industrial Component / storage_tank,COMPONENT,,storage_tank,,137.179
8.44075,81.1011,2026-09-05 07:37:00,8.05,n,335.52,N21,VIIRS,D,1554800372,Unnamed facility,Power / generator,FACILITY,generator,,,220.52
8.42401,80.38447,2026-09-05 07:37:00,4.34,n,336.58,N21,VIIRS,D,1033490635,Unnamed facility,Industrial Component / storage_tank,COMPONENT,,storage_tank,,154.263
8.42342,80.3809,2026-09-05 07:37:00,4.34,n,336.8,N21,VIIRS,D,1033490635,Unnamed facility,Industrial Component / storage_tank,COMPONENT,,storage_tank,,153.996
8.40295,80.43198,2026-09-05 07:37:00,4.55,n,339.07,N21,VIIRS,D,1033490635,Unnamed facility,Industrial Component / storage_tank,COMPONENT,,storage_tank,,159.876
8.40236,80.42842,2026-09-05 07:37:00,4.55,n,335.3,N21,VIIRS,D,1033490635,Unnamed facility,Industrial Component / storage_tank,COMPONENT,,storage_tank,,159.607
8.62455,77.91331,2026-09-05 07:37:00,6.53,n,335.09,N21,VIIRS,D,1032774973,Unnamed facility,Mining / quarry,FACILITY,,,,3.606
7.95537,79.93833,2026-09-05 07:37:00,3.18,n,336.55,N21,VIIRS,D,1033490635,Unnamed facility,Industrial Component / storage_tank,COMPONENT,,storage_tank,,165.211
7.1267,81.58102,2026-09-05 07:37:00,7.19,n,333.21,N21,VIIRS,D,1033490635,Unnamed facility,Industrial Component / storage_tank,COMPONENT,,storage_tank,,350.704
7.94699,81.31493,2026-09-05 07:37:00,13.42,n,340.02,N21,VIIRS,D,1554800372,Unnamed facility,Power / generator,FACILITY,generator,,,269.517
7.45985,81.03954,2026-09-05 07:37:00,29.39,n,342.39,N21,VIIRS,D,1033490635,Unnamed facility,Industrial Component / storage_tank,COMPONENT,,storage_tank,,281.685
7.4486,81.74319,2026-09-05 07:37:00,4.01,l,335.26,N21,VIIRS,D,1033490635,Unnamed facility,Industrial Component / storage_tank,COMPONENT,,storage_tank,,340.963
7.44639,81.72941,2026-09-05 07:37:00,4.9,n,341.41,N21,VIIRS,D,1033490635,Unnamed facility,Industrial Component / storage_tank,COMPONENT,,storage_tank,,339.894
7.41682,81.31386,2026-09-05 07:37:00,11.63,n,336.03,N21,VIIRS,D,1033490635,Unnamed facility,Industrial Component / storage_tank,COMPONENT,,storage_tank,,306.722
7.34721,81.81381,2026-09-05 07:37:00,10.43,l,331.86,N21,VIIRS,D,1033490635,Unnamed facility,Industrial Component / storage_tank,COMPONENT,,storage_tank,,354.135
7.30446,81.81128,2026-09-05 07:37:00,12.02,l,337.25,N21,VIIRS,D,1033490635,Unnamed facility,Industrial Component / storage_tank,COMPONENT,,storage_tank,,356.885
7.30372,81.80671,2026-09-05 07:37:00,9.75,l,333.51,N21,VIIRS,D,1033490635,Unnamed facility,Industrial Component / storage_tank,COMPONENT,,storage_tank,,356.539
7.29247,81.19645,2026-09-05 07:37:00,4.12,n,334.19,N21,VIIRS,D,1033490635,Unnamed facility,Industrial Component / storage_tank,COMPONENT,,storage_tank,,307.338
7.27667,81.78283,2026-09-05 07:37:00,8.24,n,337.05,N21,VIIRS,D,1033490635,Unnamed facility,Industrial Component / storage_tank,COMPONENT,,storage_tank,,356.38
7.18388,81.00388,2026-09-05 07:37:00,10.2,n,333.58,N21,VIIRS,D,1033490635,Unnamed facility,Industrial Component / storage_tank,COMPONENT,,storage_tank,,302.475
7.1271,81.57954,2026-09-05 07:37:00,7.56,n,335.21,N21,VIIRS,D,1033490635,Unnamed facility,Industrial Component / storage_tank,COMPONENT,,storage_tank,,350.554
8.69212,80.8136,2026-09-05 07:37:00,4.55,n,331.93,N21,VIIRS,D,1554800372,Unnamed facility,Power / generator,FACILITY,generator,,,179.562
6.87156,81.51328,2026-09-05 07:37:00,7.54,n,339.57,N21,VIIRS,D,1033490635,Unnamed facility,Industrial Component / storage_tank,COMPONENT,,storage_tank,,365.955
6.7517,81.36264,2026-09-05 07:37:00,3.31,n,339.05,N21,VIIRS,D,1033490635,Unnamed facility,Industrial Component / storage_tank,COMPONENT,,storage_tank,,365.272
6.75038,81.36082,2026-09-05 07:37:00,1.71,n,334.74,N21,VIIRS,D,1033490635,Unnamed facility,Industrial Component / storage_tank,COMPONENT,,storage_tank,,365.261
6.7238,81.31964,2026-09-05 07:37:00,10.94,n,333.39,N21,VIIRS,D,1033490635,Unnamed facility,Industrial Component / storage_tank,COMPONENT,,storage_tank,,364.75
6.69915,81.38907,2026-09-05 07:37:00,6.48,n,335.98,N21,VIIRS,D,1033490635,Unnamed facility,Industrial Component / storage_tank,COMPONENT,,storage_tank,,371.708
6.69526,81.38967,2026-09-05 07:37:00,6.48,n,336.5,N21,VIIRS,D,1033490635,Unnamed facility,Industrial Component / storage_tank,COMPONENT,,storage_tank,,372.09
6.54579,80.764,2026-09-05 07:37:00,3.41,n,333.55,N21,VIIRS,D,1033490635,Unnamed facility,Industrial Component / storage_tank,COMPONENT,,storage_tank,,347.843
6.46584,81.11925,2026-09-05 07:37:00,5.64,n,341.97,N21,VIIRS,D,1033490635,Unnamed facility,Industrial Component / storage_tank,COMPONENT,,storage_tank,,375.497
6.394,81.1214,2026-09-05 07:37:00,5.67,n,340.94,N21,VIIRS,D,1033490635,Unnamed facility,Industrial Component / storage_tank,COMPONENT,,storage_tank,,382.432
6.39331,81.12367,2026-09-05 07:37:00,6.15,n,342.58,N21,VIIRS,D,1033490635,Unnamed facility,Industrial Component / storage_tank,COMPONENT,,storage_tank,,382.632
6.32819,81.16702,2026-09-05 07:37:00,3.34,n,331.01,N21,VIIRS,D,1033490635,Unnamed facility,Industrial Component / storage_tank,COMPONENT,,storage_tank,,391.374
6.31515,81.08774,2026-09-05 07:37:00,2.48,n,336.61,N21,VIIRS,D,1033490635,Unnamed facility,Industrial Component / storage_tank,COMPONENT,,storage_tank,,388.026
6.27628,81.02616,2026-09-05 07:37:00,3.74,n,337.53,N21,VIIRS,D,1033490635,Unnamed facility,Industrial Component / storage_tank,COMPONENT,,storage_tank,,388.345
6.19029,81.01449,2026-09-05 07:37:00,32.72,n,350.84,N21,VIIRS,D,1033490635,Unnamed facility,Industrial Component / storage_tank,COMPONENT,,storage_tank,,396.123
6.18512,81.0081,2026-09-05 07:37:00,6.97,n,341.64,N21,VIIRS,D,1033490635,Unnamed facility,Industrial Component / storage_tank,COMPONENT,,storage_tank,,396.29
6.18111,81.00873,2026-09-05 07:37:00,6.97,h,367.0,N21,VIIRS,D,1033490635,Unnamed facility,Industrial Component / storage_tank,COMPONENT,,storage_tank,,396.718
6.18053,81.00521,2026-09-05 07:37:00,6.97,n,341.6,N21,VIIRS,D,1033490635,Unnamed facility,Industrial Component / storage_tank,COMPONENT,,storage_tank,,396.587
7.46377,81.03889,2026-09-05 07:37:00,29.39,n,343.98,N21,VIIRS,D,1033490635,Unnamed facility,Industrial Component / storage_tank,COMPONENT,,storage_tank,,281.315
7.94932,81.3782,2026-09-05 07:37:00,9.43,n,339.55,N21,VIIRS,D,1554800372,Unnamed facility,Power / generator,FACILITY,generator,,,275.173
7.46416,81.04201,2026-09-05 07:37:00,19.18,n,340.02,N21,VIIRS,D,1033490635,Unnamed facility,Industrial Component / storage_tank,COMPONENT,,storage_tank,,281.521
7.57632,81.47676,2026-09-05 07:37:00,6.85,n,334.11,N21,VIIRS,D,1033490635,Unnamed facility,Industrial Component / storage_tank,COMPONENT,,storage_tank,,308.742
7.94627,81.38355,2026-09-05 07:37:00,5.04,n,335.76,N21,VIIRS,D,1554800372,Unnamed facility,Power / generator,FACILITY,generator,,,275.859
7.9455,81.37881,2026-09-05 07:37:00,9.43,n,348.99,N21,VIIRS,D,1554800372,Unnamed facility,Power / generator,FACILITY,generator,,,275.47
7.9424,80.42964,2026-09-05 07:37:00,5.46,n,336.74,N21,VIIRS,D,1033490635,Unnamed facility,Industrial Component / storage_tank,COMPONENT,,storage_tank,,196.06
7.94169,81.37943,2026-09-05 07:37:00,6.46,n,335.18,N21,VIIRS,D,1554800372,Unnamed facility,Power / generator,FACILITY,generator,,,275.768
7.94071,81.18967,2026-09-05 07:37:00,7.56,n,339.42,N21,VIIRS,D,1033490635,Unnamed facility,Industrial Component / storage_tank,COMPONENT,,storage_tank,,258.544
7.93787,81.38004,2026-09-05 07:37:00,6.46,n,338.14,N21,VIIRS,D,1554800372,Unnamed facility,Power / generator,FACILITY,generator,,,276.065
7.93559,81.39014,2026-09-05 07:37:00,18.22,n,338.79,N21,VIIRS,D,1554800372,Unnamed facility,Power / generator,FACILITY,generator,,,277.139
7.93482,81.3854,2026-09-05 07:37:00,18.22,n,339.82,N21,VIIRS,D,1554800372,Unnamed facility,Power / generator,FACILITY,generator,,,276.752
7.93027,81.40559,2026-09-05 07:37:00,10.04,n,345.23,N21,VIIRS,D,1554800372,Unnamed facility,Power / generator,FACILITY,generator,,,278.899
7.91461,80.61813,2026-09-05 07:37:00,8.43,n,341.32,N21,VIIRS,D,1033490635,Unnamed facility,Industrial Component / storage_tank,COMPONENT,,storage_tank,,212.337
7.90802,80.30027,2026-09-05 07:37:00,6.39,n,331.69,N21,VIIRS,D,1033490635,Unnamed facility,Industrial Component / storage_tank,COMPONENT,,storage_tank,,190.317
7.89461,80.31826,2026-09-05 07:37:00,9.0,n,332.67,N21,VIIRS,D,1033490635,Unnamed facility,Industrial Component / storage_tank,COMPONENT,,storage_tank,,192.71
7.89418,80.31764,2026-09-05 07:37:00,5.35,n,339.76,N21,VIIRS,D,1033490635,Unnamed facility,Industrial Component / storage_tank,COMPONENT,,storage_tank,,192.709
7.8576,81.43509,2026-09-05 07:37:00,11.9,n,339.81,N21,VIIRS,D,1554800372,Unnamed facility,Power / generator,FACILITY,generator,,,286.236
7.85721,81.43674,2026-09-05 07:37:00,7.88,n,340.02,N21,VIIRS,D,1554800372,Unnamed facility,Power / generator,FACILITY,generator,,,286.412
7.85701,80.05032,2026-09-05 07:37:00,15.84,n,330.48,N21,VIIRS,D,1033490635,Unnamed facility,Industrial Component / storage_tank,COMPONENT,,storage_tank,,180.649
7.85636,80.0465,2026-09-05 07:37:00,37.54,n,347.38,N21,VIIRS,D,1033490635,Unnamed facility,Industrial Component / storage_tank,COMPONENT,,storage_tank,,180.519
7.79544,80.17777,2026-09-05 07:37:00,4.53,n,331.9,N21,VIIRS,D,1033490635,Unnamed facility,Industrial Component / storage_tank,COMPONENT,,storage_tank,,193.542
7.79131,80.17845,2026-09-05 07:37:00,4.53,n,342.19,N21,VIIRS,D,1033490635,Unnamed facility,Industrial Component / storage_tank,COMPONENT,,storage_tank,,193.982
7.78929,80.66798,2026-09-05 07:37:00,1.73,n,331.91,N21,VIIRS,D,1033490635,Unnamed facility,Industrial Component / storage_tank,COMPONENT,,storage_tank,,226.441
7.75945,81.19453,2026-09-05 07:37:00,10.88,n,338.75,N21,VIIRS,D,1033490635,Unnamed facility,Industrial Component / storage_tank,COMPONENT,,storage_tank,,271.368
7.75302,80.72077,2026-09-05 07:37:00,3.7,n,333.29,N21,VIIRS,D,1033490635,Unnamed facility,Industrial Component / storage_tank,COMPONENT,,storage_tank,,233.41
7.74439,81.5052,2026-09-05 07:37:00,6.25,n,336.63,N21,VIIRS,D,1033490635,Unnamed facility,Industrial Component / storage_tank,COMPONENT,,storage_tank,,299.951
7.68374,81.12951,2026-09-05 07:37:00,5.6,n,333.78,N21,VIIRS,D,1033490635,Unnamed facility,Industrial Component / storage_tank,COMPONENT,,storage_tank,,271.359
7.67152,81.17696,2026-09-05 07:37:00,5.52,n,336.83,N21,VIIRS,D,1033490635,Unnamed facility,Industrial Component / storage_tank,COMPONENT,,storage_tank,,276.234
7.66872,80.19806,2026-09-05 07:37:00,3.35,n,340.08,N21,VIIRS,D,1033490635,Unnamed facility,Industrial Component / storage_tank,COMPONENT,,storage_tank,,207.052
7.62918,80.65575,2026-09-05 07:37:00,7.88,n,339.48,N21,VIIRS,D,1033490635,Unnamed facility,Industrial Component / storage_tank,COMPONENT,,storage_tank,,239.235
7.61551,81.0793,2026-09-05 07:37:00,16.68,n,344.99,N21,VIIRS,D,1033490635,Unnamed facility,Industrial Component / storage_tank,COMPONENT,,storage_tank,,272.419
7.61417,81.02277,2026-09-05 07:37:00,6.41,n,338.77,N21,VIIRS,D,1033490635,Unnamed facility,Industrial Component / storage_tank,COMPONENT,,storage_tank,,267.997
7.57095,81.46792,2026-09-05 07:37:00,6.57,n,332.02,N21,VIIRS,D,1033490635,Unnamed facility,Industrial Component / storage_tank,COMPONENT,,storage_tank,,308.348
8.69386,81.01614,2026-09-05 07:37:00,12.99,n,338.59,N21,VIIRS,D,1554800372,Unnamed facility,Power / generator,FACILITY,generator,,,200.422
7.16188,81.62848,2026-09-05 07:37:00,4.59,n,333.79,N21,VIIRS,D,1033490635,Unnamed facility,Industrial Component / storage_tank,COMPONENT,,storage_tank,,351.853
8.72705,80.56362,2026-09-05 07:37:00,4.42,n,337.53,N21,VIIRS,D,1554800372,Unnamed facility,Power / generator,FACILITY,generator,,,152.601
9.39205,78.88804,2026-09-05 07:37:00,4.69,n,340.54,N21,VIIRS,D,310430065,Unnamed facility,Power / plant,FACILITY,plant,,,2.932
9.39592,78.88686,2026-09-05 07:37:00,4.61,n,336.72,N21,VIIRS,D,310430065,Unnamed facility,Power / plant,FACILITY,plant,,,3.388
9.39643,78.8873,2026-09-05 07:37:00,4.69,n,333.15,N21,VIIRS,D,310430065,Unnamed facility,Power / plant,FACILITY,plant,,,3.431
9.39784,80.42539,2026-09-05 07:37:00,4.57,n,342.0,N21,VIIRS,D,1554246470,Unnamed facility,Power / generator,FACILITY,generator,,,119.829
9.41481,80.42964,2026-09-05 07:37:00,19.06,n,349.38,N21,VIIRS,D,1554246470,Unnamed facility,Power / generator,FACILITY,generator,,,118.511
9.41498,80.45523,2026-09-05 07:37:00,12.91,n,333.44,N21,VIIRS,D,1554246470,Unnamed facility,Power / generator,FACILITY,generator,,,120.135
9.41584,80.46038,2026-09-05 07:37:00,12.91,n,345.39,N21,VIIRS,D,1554246470,Unnamed facility,Power / generator,FACILITY,generator,,,120.392
9.43119,80.4056,2026-09-05 07:37:00,2.81,n,335.33,N21,VIIRS,D,1554246470,Unnamed facility,Power / generator,FACILITY,generator,,,115.477
9.43621,80.41788,2026-09-05 07:37:00,4.28,n,339.65,N21,VIIRS,D,1554246470,Unnamed facility,Power / generator,FACILITY,generator,,,115.78
9.44193,80.42754,2026-09-05 07:37:00,2.16,n,331.66,N21,VIIRS,D,1554246470,Unnamed facility,Power / generator,FACILITY,generator,,,115.869
9.47066,80.501,2026-09-05 07:37:00,6.14,n,336.6,N21,VIIRS,D,1554246470,Unnamed facility,Power / generator,FACILITY,generator,,,118.262
10.09445,77.89512,2026-09-05 07:37:00,13.48,n,342.08,N21,VIIRS,D,966251553,Unnamed facility,Mining / quarry,FACILITY,,,,6.626
10.09586,77.89691,2026-09-05 07:37:00,9.09,n,340.86,N21,VIIRS,D,966251553,Unnamed facility,Mining / quarry,FACILITY,,,,6.862
10.27044,77.25731,2026-09-05 07:37:00,7.7,n,330.63,N21,VIIRS,D,7528796115,Unnamed facility,Industrial Component / storage_tank,COMPONENT,,storage_tank,,22.827
10.40149,79.27921,2026-09-05 07:37:00,7.13,n,331.57,N21,VIIRS,D,631325774,Unnamed facility,Industrial Component / storage_tank,COMPONENT,,storage_tank,,5.07
10.43229,79.63264,2026-09-05 07:37:00,4.35,n,342.49,N21,VIIRS,D,645607780,Unnamed facility,Mining / quarry,FACILITY,,,,19.2
10.43859,77.31449,2026-09-05 07:37:00,12.02,n,339.76,N21,VIIRS,D,1268427554,Unnamed facility,Power / plant,FACILITY,plant,,,6.679
10.68266,77.4065,2026-09-05 07:37:00,11.41,n,338.57,N21,VIIRS,D,1437731356,Unnamed facility,Power / generator,FACILITY,generator,,,0.096
10.71123,79.4289,2026-09-05 07:37:00,6.18,n,341.69,N21,VIIRS,D,2556368813,Majestic Lumber Mill,Industrial / sawmill,FACILITY,,,sawmill,9.717
10.87756,79.31715,2026-09-05 07:37:00,4.55,n,332.91,N21,VIIRS,D,274953947,Temple Pond,Industrial Component / storage_tank,COMPONENT,,storage_tank,,4.526
10.98393,78.21921,2026-09-05 07:37:00,7.0,n,337.97,N21,VIIRS,D,906600542,Unnamed facility,Industrial Infrastructure / works,FACILITY,,works,,4.556
11.00214,77.12466,2026-09-05 07:37:00,13.48,n,339.89,N21,VIIRS,D,1008725270,Unnamed facility,Mining / quarry,FACILITY,,,,1.738
8.70343,80.85784,2026-09-05 07:37:00,10.5,n,335.87,N21,VIIRS,D,1554800372,Unnamed facility,Power / generator,FACILITY,generator,,,183.616
9.39154,78.88762,2026-09-05 07:37:00,4.61,n,338.73,N21,VIIRS,D,310430065,Unnamed facility,Power / plant,FACILITY,plant,,,2.889
9.37131,80.31544,2026-09-05 07:37:00,9.02,n,343.55,N21,VIIRS,D,1554800372,Unnamed facility,Power / generator,FACILITY,generator,,,109.833
9.42989,80.40474,2026-09-05 07:37:00,2.23,n,334.33,N21,VIIRS,D,1554246470,Unnamed facility,Power / generator,FACILITY,generator,,,115.545
9.3084,78.79866,2026-09-05 07:37:00,3.98,n,339.66,N21,VIIRS,D,1555162836,Unnamed facility,Power / generator,FACILITY,generator,,,9.269
8.7325,80.71602,2026-09-05 07:37:00,9.94,n,335.58,N21,VIIRS,D,1554800372,Unnamed facility,Power / generator,FACILITY,generator,,,167.786
8.74177,77.40366,2026-09-05 07:37:00,10.53,n,340.22,N21,VIIRS,D,1078660025,Unnamed facility,Mining / quarry,FACILITY,,,,1.061
9.33327,77.42467,2026-09-05 07:37:00,4.67,n,339.48,N21,VIIRS,D,979953283,Unnamed facility,Mining / quarry,FACILITY,,,,3.593
8.74992,77.84068,2026-09-05 07:37:00,15.53,n,335.67,N21,VIIRS,D,9118075081,Unnamed facility,Power / generator,FACILITY,generator,,,1.686
8.75356,80.52709,2026-09-05 07:37:00,15.19,n,354.44,N21,VIIRS,D,1554800372,Unnamed facility,Power / generator,FACILITY,generator,,,147.642
8.77072,80.10439,2026-09-05 07:37:00,3.88,n,333.71,N21,VIIRS,D,1554800372,Unnamed facility,Power / generator,FACILITY,generator,,,105.975
8.80412,80.99981,2026-09-05 07:37:00,10.88,n,344.37,N21,VIIRS,D,1554800372,Unnamed facility,Power / generator,FACILITY,generator,,,194.671
8.80878,81.00401,2026-09-05 07:37:00,7.87,n,333.38,N21,VIIRS,D,1554800372,Unnamed facility,Power / generator,FACILITY,generator,,,194.963
8.81183,80.99852,2026-09-05 07:37:00,18.44,n,336.95,N21,VIIRS,D,1554800372,Unnamed facility,Power / generator,FACILITY,generator,,,194.277
8.81388,80.96309,2026-09-05 07:37:00,5.44,n,331.23,N21,VIIRS,D,1554800372,Unnamed facility,Power / generator,FACILITY,generator,,,190.442
8.84348,78.11538,2026-09-05 07:37:00,3.27,n,332.2,N21,VIIRS,D,385432381,Thoothukudi IBPGL,Power / plant,FACILITY,plant,,,2.408
8.84688,77.52462,2026-09-05 07:37:00,11.27,n,344.05,N21,VIIRS,D,5512304540,Unnamed facility,Power / generator,FACILITY,generator,,,1.502
8.74959,80.52776,2026-09-05 07:37:00,82.75,n,355.1,N21,VIIRS,D,1554800372,Unnamed facility,Power / generator,FACILITY,generator,,,147.902
8.87289,77.61432,2026-09-05 07:37:00,7.78,n,343.61,N21,VIIRS,D,11850503473,Unnamed facility,Power / generator,FACILITY,generator,,,0.181
8.85195,80.53835,2026-09-05 07:37:00,2.46,n,330.59,N21,VIIRS,D,1554800372,Unnamed facility,Power / generator,FACILITY,generator,,,144.382
9.0763,80.40665,2026-09-05 07:37:00,10.5,n,345.22,N21,VIIRS,D,1554800372,Unnamed facility,Power / generator,FACILITY,generator,,,122.883
8.99111,80.8628,2026-09-05 07:37:00,31.11,n,339.07,N21,VIIRS,D,1554800372,Unnamed facility,Power / generator,FACILITY,generator,,,174.537
8.94453,80.78122,2026-09-05 07:37:00,9.23,n,344.01,N21,VIIRS,D,1554800372,Unnamed facility,Power / generator,FACILITY,generator,,,166.918
8.94371,80.77622,2026-09-05 07:37:00,5.56,n,332.19,N21,VIIRS,D,1554800372,Unnamed facility,Power / generator,FACILITY,generator,,,166.403
9.01345,80.58607,2026-09-05 07:37:00,5.19,n,336.83,N21,VIIRS,D,1554800372,Unnamed facility,Power / generator,FACILITY,generator,,,143.952
8.91644,80.87761,2026-09-05 07:37:00,3.9,n,334.99,N21,VIIRS,D,1554800372,Unnamed facility,Power / generator,FACILITY,generator,,,178.1
8.89377,80.86111,2026-09-05 07:37:00,6.5,n,336.35,N21,VIIRS,D,1554800372,Unnamed facility,Power / generator,FACILITY,generator,,,176.997
8.89071,80.86668,2026-09-05 07:37:00,7.63,n,335.6,N21,VIIRS,D,1554800372,Unnamed facility,Power / generator,FACILITY,generator,,,177.688
8.88239,80.88835,2026-09-05 07:37:00,4.24,n,333.34,N21,VIIRS,D,1554800372,Unnamed facility,Power / generator,FACILITY,generator,,,180.264
8.92807,80.87569,2026-09-05 07:37:00,7.13,n,334.67,N21,VIIRS,D,1554800372,Unnamed facility,Power / generator,FACILITY,generator,,,177.564
14.8944,79.23558,2026-09-05 07:39:00,13.38,n,337.63,N21,VIIRS,D,11383331775,Unnamed facility,Industrial Component / storage_tank,COMPONENT,,storage_tank,,16.884
15.16326,78.87621,2026-09-05 07:39:00,8.69,n,344.53,N21,VIIRS,D,11834827327,Unnamed facility,Power / generator,FACILITY,generator,,,29.367
15.05152,77.10382,2026-09-05 07:39:00,6.89,n,339.01,N21,VIIRS,D,9115238856,Unnamed facility,Power / generator,FACILITY,generator,,,9.956
15.05385,77.10737,2026-09-05 07:39:00,8.26,n,337.91,N21,VIIRS,D,9115238856,Unnamed facility,Power / generator,FACILITY,generator,,,9.626
15.08309,77.31823,2026-09-05 07:39:00,6.51,n,342.25,N21,VIIRS,D,11834828130,Unnamed facility,Power / generator,FACILITY,generator,,,3.801
15.08391,77.32272,2026-09-05 07:39:00,11.74,n,339.45,N21,VIIRS,D,11834828130,Unnamed facility,Power / generator,FACILITY,generator,,,3.334
15.14559,77.5779,2026-09-05 07:39:00,5.52,n,336.17,N21,VIIRS,D,990887246,Unnamed facility,Power / plant,FACILITY,plant,,,5.094
15.16157,78.87546,2026-09-05 07:39:00,6.56,n,343.2,N21,VIIRS,D,11834827327,Unnamed facility,Power / generator,FACILITY,generator,,,29.246
15.18071,79.9314,2026-09-05 07:39:00,8.37,n,331.23,N21,VIIRS,D,1423328798,Unnamed facility,Industrial Component / storage_tank,COMPONENT,,storage_tank,,5.379
16.87762,79.99414,2026-09-05 07:39:00,4.26,l,331.98,N21,VIIRS,D,155023223,UltraTech Cement Ltd Factory,Industrial Infrastructure / works,FACILITY,,works,,2.507
15.97591,78.40904,2026-09-05 07:39:00,2.35,n,341.13,N21,VIIRS,D,9869465486,Ice factory,Industrial Infrastructure / works,FACILITY,,works,,15.832
16.18167,75.15438,2026-09-05 07:39:00,3.88,n,346.32,N21,VIIRS,D,985621929,Unnamed facility,Power / plant,FACILITY,plant,,,2.783
16.46725,79.59427,2026-09-05 07:39:00,4.62,l,331.45,N21,VIIRS,D,1001156460,Unnamed facility,Mining / quarry,FACILITY,,,,16.401
16.518,78.36384,2026-09-05 07:39:00,6.01,n,339.6,N21,VIIRS,D,1002401301,Nagarkurnool Keerthi,Power / plant,FACILITY,plant,,,2.16
17.04735,81.88509,2026-09-05 07:39:00,3.4,n,333.51,N21,VIIRS,D,1007117789,Unnamed facility,Power / generator,FACILITY,generator,,,7.55
17.60797,83.20338,2026-09-05 07:39:00,4.54,n,331.3,N21,VIIRS,D,801380978,Unnamed facility,Industrial Infrastructure / works,FACILITY,,works,,0.0
17.60797,83.20338,2026-09-05 07:39:00,4.54,n,331.3,N21,VIIRS,D,395219953,Visakhapatnam Steel Plant,Industrial / steelmaking,FACILITY,,,steelmaking,0.0
17.61126,83.20282,2026-09-05 07:39:00,3.1,l,330.46,N21,VIIRS,D,395219953,Visakhapatnam Steel Plant,Industrial / steelmaking,FACILITY,,,steelmaking,0.0
19.09286,82.17107,2026-09-05 07:39:00,4.83,n,333.96,N21,VIIRS,D,1214008227,Nagarnar Steel Plant,Industrial / steelmaking,FACILITY,,,steelmaking,0.0
14.89373,79.23341,2026-09-05 07:39:00,11.33,n,344.92,N21,VIIRS,D,11383331775,Unnamed facility,Industrial Component / storage_tank,COMPONENT,,storage_tank,,16.835
15.18146,76.66666,2026-09-05 07:39:00,8.52,n,332.37,N21,VIIRS,D,285680302,Jindal Steel Works,Industrial Infrastructure / works,FACILITY,,works,steel_mill,0.0
14.88983,79.23417,2026-09-05 07:39:00,5.26,n,337.37,N21,VIIRS,D,11383331775,Unnamed facility,Industrial Component / storage_tank,COMPONENT,,storage_tank,,17.27
14.29248,79.05112,2026-09-05 07:39:00,5.16,n,339.86,N21,VIIRS,D,1260654992,Unnamed facility,Power / plant,FACILITY,plant,,,25.664
14.74564,79.71235,2026-09-05 07:39:00,10.25,n,336.25,N21,VIIRS,D,871836950,Unnamed facility,Power / plant,FACILITY,plant,,,17.504
14.7626,79.65701,2026-09-05 07:39:00,8.58,n,337.34,N21,VIIRS,D,871836950,Unnamed facility,Power / plant,FACILITY,plant,,,14.818
11.48418,77.27011,2026-09-05 07:39:00,3.57,n,333.99,N21,VIIRS,D,1263289204,Saravana Polythreads Pvt. Ltd.,Industrial / textile,FACILITY,,,textile,6.196
12.15397,78.16905,2026-09-05 07:39:00,4.39,n,336.62,N21,VIIRS,D,1536206840,HPCL Dharmapuri Terminal,Industrial / oil,FACILITY,,,oil,15.034
12.8087,79.956,2026-09-05 07:39:00,3.42,n,331.25,N21,VIIRS,D,1053243953,Unnamed facility,Industrial Infrastructure / works,FACILITY,,works,,3.039
12.98483,74.85038,2026-09-05 07:39:00,3.31,n,331.47,N21,VIIRS,D,62004860,MRPL,Industrial / refinery,FACILITY,,,refinery,0.0
13.40306,77.79495,2026-09-05 07:39:00,4.98,l,331.54,N21,VIIRS,D,852788388,Unnamed facility,Industrial Infrastructure / works,FACILITY,,works,,7.077
13.98039,77.90034,2026-09-05 07:39:00,4.5,n,333.52,N21,VIIRS,D,1001138170,Unnamed facility,Mining / quarry,FACILITY,,,,14.887
13.99219,78.44974,2026-09-05 07:39:00,5.69,n,339.86,N21,VIIRS,D,11902087,Ananthapuramu Ultra Mega Solar Park,Power / plant,FACILITY,plant,,,0.84
14.29637,79.04987,2026-09-05 07:39:00,5.16,n,339.91,N21,VIIRS,D,1260654992,Unnamed facility,Power / plant,FACILITY,plant,,,25.265
14.29697,79.05332,2026-09-05 07:39:00,10.83,n,351.13,N21,VIIRS,D,1260654992,Unnamed facility,Power / plant,FACILITY,plant,,,25.511
13.83938,78.43033,2026-09-05 07:39:00,6.4,l,333.73,N21,VIIRS,D,984829518,Unnamed facility,Power / plant,FACILITY,plant,,,12.161
14.42101,78.31239,2026-09-05 07:39:00,7.07,n,339.84,N21,VIIRS,D,400498254,Pulivendula,Power / plant,FACILITY,plant,,,9.129
14.38531,77.7276,2026-09-05 07:39:00,6.8,n,340.52,N21,VIIRS,D,599840238,Unnamed facility,Mining / quarry,FACILITY,,,,3.967
14.74364,78.99567,2026-09-05 07:39:00,5.59,n,342.35,N21,VIIRS,D,7283281840,Unnamed facility,Power / generator,FACILITY,generator,,,5.708
14.66505,79.76515,2026-09-05 07:39:00,8.22,n,338.05,N21,VIIRS,D,871836950,Unnamed facility,Power / plant,FACILITY,plant,,,19.765
14.66492,79.76666,2026-09-05 07:39:00,5.81,n,337.9,N21,VIIRS,D,871836950,Unnamed facility,Power / plant,FACILITY,plant,,,19.931
14.62758,79.59048,2026-09-05 07:39:00,3.52,n,337.53,N21,VIIRS,D,871836950,Unnamed facility,Power / plant,FACILITY,plant,,,2.443
14.74425,78.99921,2026-09-05 07:39:00,6.21,n,339.52,N21,VIIRS,D,7283281840,Unnamed facility,Power / generator,FACILITY,generator,,,6.049
14.53701,79.08536,2026-09-05 07:39:00,7.22,n,341.22,N21,VIIRS,D,1260654992,Unnamed facility,Power / plant,FACILITY,plant,,,25.523
14.52478,79.06197,2026-09-05 07:39:00,3.45,n,339.03,N21,VIIRS,D,1260654992,Unnamed facility,Power / plant,FACILITY,plant,,,22.567
14.57085,79.05241,2026-09-05 07:39:00,2.7,l,331.71,N21,VIIRS,D,7283288588,Unnamed facility,Power / generator,FACILITY,generator,,,21.981
23.67541,86.40211,2026-09-05 07:41:00,7.66,n,331.36,N21,VIIRS,D,989561651,Unnamed facility,Industrial Component / spoil_heap,COMPONENT,,spoil_heap,,0.0
21.75295,83.84393,2026-09-05 07:41:00,4.44,n,332.49,N21,VIIRS,D,648728222,Belpahar Coal Mine,Mining / quarry,FACILITY,,,,0.0
21.80075,83.89083,2026-09-05 07:41:00,4.61,n,331.1,N21,VIIRS,D,91005918,Samaleswari Coal Mine,Mining / quarry,FACILITY,,,,0.0
21.91979,83.35107,2026-09-05 07:41:00,4.81,n,333.15,N21,VIIRS,D,1093898245,Raigarh Jindal power station,Power / plant,FACILITY,plant,,,0.829
21.98429,83.2333,2026-09-05 07:41:00,5.54,n,330.89,N21,VIIRS,D,1128051115,Monnet Raigarh Power Plant,Power / plant,FACILITY,plant,,,0.265
22.01548,83.75323,2026-09-05 07:41:00,4.0,n,332.23,N21,VIIRS,D,648728259,Garjanbahal Coal Mine,Mining / quarry,FACILITY,,,,0.995
22.20641,84.86032,2026-09-05 07:41:00,2.9,n,333.67,N21,VIIRS,D,150105892,Unnamed facility,Industrial Infrastructure / gasometer,FACILITY,,gasometer,,1.222
22.37712,87.28085,2026-09-05 07:41:00,10.49,n,344.15,N21,VIIRS,D,1469423527,Unnamed facility,Industrial Component / storage_tank,COMPONENT,,storage_tank,,5.462
23.55816,87.24094,2026-09-05 07:41:00,9.32,n,340.7,N21,VIIRS,D,974481211,Unnamed facility,Industrial Infrastructure / works,FACILITY,,works,,0.631
23.66361,87.15351,2026-09-05 07:41:00,6.54,n,332.47,N21,VIIRS,D,988893570,Belbaid,Industrial / mine,FACILITY,,,mine,1.026
23.67755,86.08622,2026-09-05 07:41:00,6.59,n,331.24,N21,VIIRS,D,936986288,Bokaro Works Power Plant,Power / plant,FACILITY,plant,,,0.986
24.16025,82.56627,2026-09-05 07:41:00,3.52,n,335.71,N21,VIIRS,D,985843341,Block - B coal mine,Mining / quarry,FACILITY,,,,0.314
23.68237,86.39584,2026-09-05 07:41:00,8.94,n,333.83,N21,VIIRS,D,117807509,Unnamed facility,Mining / quarry,FACILITY,,,,0.124
23.68554,86.39025,2026-09-05 07:41:00,5.08,n,330.44,N21,VIIRS,D,117807509,Unnamed facility,Mining / quarry,FACILITY,,,,0.0
23.73679,86.4326,2026-09-05 07:41:00,9.67,n,340.33,N21,VIIRS,D,117807504,Cluster 8 and Cluster 9 Coal Mines,Mining / quarry,FACILITY,,,,0.0
23.75651,86.40362,2026-09-05 07:41:00,6.33,n,330.47,N21,VIIRS,D,117695917,Cluster 11 and Cluster 7 (BCCL) Coal Mines,Mining / quarry,FACILITY,,,,0.0
23.76031,86.40304,2026-09-05 07:41:00,6.5,n,334.22,N21,VIIRS,D,117695917,Cluster 11 and Cluster 7 (BCCL) Coal Mines,Mining / quarry,FACILITY,,,,0.0
23.76412,86.40247,2026-09-05 07:41:00,6.5,n,339.26,N21,VIIRS,D,117695917,Cluster 11 and Cluster 7 (BCCL) Coal Mines,Mining / quarry,FACILITY,,,,0.0
23.77806,86.38996,2026-09-05 07:41:00,7.18,n,330.56,N21,VIIRS,D,117695917,Cluster 11 and Cluster 7 (BCCL) Coal Mines,Mining / quarry,FACILITY,,,,0.0
23.77862,86.21019,2026-09-05 07:41:00,8.62,n,337.05,N21,VIIRS,D,117858814,Unnamed facility,Mining / quarry,FACILITY,,,,0.0
23.78238,86.20961,2026-09-05 07:41:00,4.32,n,331.12,N21,VIIRS,D,117858814,Unnamed facility,Mining / quarry,FACILITY,,,,0.0
21.7496,83.84448,2026-09-05 07:41:00,4.66,n,332.62,N21,VIIRS,D,648728222,Belpahar Coal Mine,Mining / quarry,FACILITY,,,,0.0
23.67857,86.39642,2026-09-05 07:41:00,7.66,n,332.5,N21,VIIRS,D,117807509,Unnamed facility,Mining / quarry,FACILITY,,,,0.0
21.74906,83.84065,2026-09-05 07:41:00,5.14,n,334.1,N21,VIIRS,D,648728222,Belpahar Coal Mine,Mining / quarry,FACILITY,,,,0.015
21.74318,83.84072,2026-09-05 07:41:00,3.69,n,338.54,N21,VIIRS,D,648728222,Belpahar Coal Mine,Mining / quarry,FACILITY,,,,0.0
21.74571,83.8412,2026-09-05 07:41:00,5.14,n,337.03,N21,VIIRS,D,648728222,Belpahar Coal Mine,Mining / quarry,FACILITY,,,,0.0
20.79373,85.25279,2026-09-05 07:41:00,11.33,n,337.35,N21,VIIRS,D,177572836,Tata Steel Meramandali,Industrial / metal_processing,FACILITY,,,metal_processing,0.0
20.86238,84.98907,2026-09-05 07:41:00,4.32,n,332.44,N21,VIIRS,D,1012595669,Angul Steel Power Plant,Power / plant,FACILITY,plant,,,3.099
20.86294,84.99312,2026-09-05 07:41:00,9.04,n,332.71,N21,VIIRS,D,1012595669,Angul Steel Power Plant,Power / plant,FACILITY,plant,,,3.05
20.95183,86.04603,2026-09-05 07:41:00,11.3,n,337.08,N21,VIIRS,D,231258313,Duburi Steel Power Plant,Power / plant,FACILITY,plant,,,0.209
20.95243,86.05051,2026-09-05 07:41:00,12.48,n,337.76,N21,VIIRS,D,231258313,Duburi Steel Power Plant,Power / plant,FACILITY,plant,,,0.4
20.9564,85.01198,2026-09-05 07:41:00,5.42,l,331.15,N21,VIIRS,D,982263322,Unnamed facility,Mining / quarry,FACILITY,,,,0.113
20.96243,85.18635,2026-09-05 07:41:00,5.69,n,344.47,N21,VIIRS,D,982272879,Lingaraj Coal Mine,Mining / quarry,FACILITY,,,,0.0
20.96299,85.19049,2026-09-05 07:41:00,5.69,n,336.16,N21,VIIRS,D,982272879,Lingaraj Coal Mine,Mining / quarry,FACILITY,,,,0.0
20.96368,85.16933,2026-09-05 07:41:00,4.3,n,337.04,N21,VIIRS,D,982272879,Lingaraj Coal Mine,Mining / quarry,FACILITY,,,,0.0
20.96423,85.17345,2026-09-05 07:41:00,4.3,n,331.03,N21,VIIRS,D,982272879,Lingaraj Coal Mine,Mining / quarry,FACILITY,,,,0.0
20.96715,85.16881,2026-09-05 07:41:00,4.69,l,330.83,N21,VIIRS,D,988893557,Bhubhaneshwari coal mine,Mining / quarry,FACILITY,,,,0.014
20.96827,85.17702,2026-09-05 07:41:00,3.89,n,336.07,N21,VIIRS,D,988893557,Bhubhaneshwari coal mine,Mining / quarry,FACILITY,,,,0.019
20.9684,85.15186,2026-09-05 07:41:00,7.87,n,338.21,N21,VIIRS,D,928075506,Ananta coal mine,Mining / quarry,FACILITY,,,,0.0
20.97174,85.17648,2026-09-05 07:41:00,3.89,n,330.59,N21,VIIRS,D,988893557,Bhubhaneshwari coal mine,Mining / quarry,FACILITY,,,,0.0
20.97349,86.00412,2026-09-05 07:41:00,7.97,n,330.64,N21,VIIRS,D,971787011,IEL Kalinganagar Tata Steel Power Station,Power / plant,FACILITY,plant,,,0.237
20.76047,85.29589,2026-09-05 07:41:00,9.92,n,334.78,N21,VIIRS,D,177572836,Tata Steel Meramandali,Industrial / metal_processing,FACILITY,,,metal_processing,3.87
20.97813,85.17133,2026-09-05 07:41:00,6.07,n,330.81,N21,VIIRS,D,988893557,Bhubhaneshwari coal mine,Mining / quarry,FACILITY,,,,0.0
21.67903,84.03973,2026-09-05 07:41:00,6.22,n,334.77,N21,VIIRS,D,949319150,Unnamed facility,Industrial Component / cooling,COMPONENT,,cooling,,0.195
21.73983,83.84127,2026-09-05 07:41:00,3.69,l,330.66,N21,VIIRS,D,648728222,Belpahar Coal Mine,Mining / quarry,FACILITY,,,,0.0
21.74626,83.84503,2026-09-05 07:41:00,4.66,n,332.02,N21,VIIRS,D,648728222,Belpahar Coal Mine,Mining / quarry,FACILITY,,,,0.0
20.96771,85.17292,2026-09-05 07:41:00,4.69,n,340.7,N21,VIIRS,D,988893557,Bhubhaneshwari coal mine,Mining / quarry,FACILITY,,,,0.0
31.37815,74.56349,2026-09-05 07:44:00,3.97,n,332.02,N21,VIIRS,D,1529605463,Unnamed facility,Power / plant,FACILITY,plant,,,14.014
33.41675,79.18602,2026-09-05 07:44:00,11.67,n,344.83,N21,VIIRS,D,996001135,Unnamed facility,Mining / quarry,FACILITY,,,,51.179
31.66948,72.3751,2026-09-05 07:44:00,3.55,n,333.46,N21,VIIRS,D,637580388,Unnamed facility,Industrial / brickyard,FACILITY,,,brickyard,244.392
30.81249,72.55888,2026-09-05 07:44:00,6.85,n,334.23,N21,VIIRS,D,637580388,Unnamed facility,Industrial / brickyard,FACILITY,,,brickyard,171.363
29.78598,72.77218,2026-09-05 07:44:00,7.58,n,340.26,N21,VIIRS,D,618047278,Kalpataru Biomass Power Plant,Power / plant,FACILITY,plant,,,90.625
30.31288,70.03531,2026-09-05 07:44:00,4.29,n,347.5,N21,VIIRS,D,999202780,Unnamed facility,Power / plant,FACILITY,plant,,,347.735
27.19736,68.5406,2026-09-05 07:44:00,2.85,n,332.3,N21,VIIRS,D,457973222,Unnamed facility,Mining / quarry,FACILITY,,,,176.718
30.81151,72.55773,2026-09-05 07:44:00,6.37,n,331.32,N21,VIIRS,D,637580388,Unnamed facility,Industrial / brickyard,FACILITY,,,brickyard,171.45
8.63039,81.018,2026-09-05 08:35:00,3.35,n,332.0,N20,VIIRS,D,1554800372,Unnamed facility,Power / generator,FACILITY,generator,,,203.233
8.63365,81.00626,2026-09-05 08:35:00,4.27,n,343.6,N20,VIIRS,D,1554800372,Unnamed facility,Power / generator,FACILITY,generator,,,201.884
8.63422,81.0086,2026-09-05 08:35:00,4.06,n,343.41,N20,VIIRS,D,1554800372,Unnamed facility,Power / generator,FACILITY,generator,,,202.101
8.66199,80.4765,2026-09-05 08:35:00,8.83,n,342.36,N20,VIIRS,D,1554800372,Unnamed facility,Power / generator,FACILITY,generator,,,147.469
8.66335,77.85443,2026-09-05 08:35:00,6.18,n,342.19,N20,VIIRS,D,1032774973,Unnamed facility,Mining / quarry,FACILITY,,,,5.356
8.66348,80.47971,2026-09-05 08:35:00,7.0,n,339.79,N20,VIIRS,D,1554800372,Unnamed facility,Power / generator,FACILITY,generator,,,147.694
8.91334,80.88364,2026-09-05 08:35:00,17.17,n,351.33,N20,VIIRS,D,1554800372,Unnamed facility,Power / generator,FACILITY,generator,,,178.838
8.90312,80.73378,2026-09-05 08:35:00,4.77,n,331.49,N20,VIIRS,D,1554800372,Unnamed facility,Power / generator,FACILITY,generator,,,163.09
8.68592,80.36002,2026-09-05 08:35:00,9.79,n,337.27,N20,VIIRS,D,1554800372,Unnamed facility,Power / generator,FACILITY,generator,,,134.962
8.69003,80.35413,2026-09-05 08:35:00,15.68,n,342.94,N20,VIIRS,D,1554800372,Unnamed facility,Power / generator,FACILITY,generator,,,134.161
8.80643,80.99896,2026-09-05 08:35:00,3.6,n,336.19,N20,VIIRS,D,1554800372,Unnamed facility,Power / generator,FACILITY,generator,,,194.504
8.80683,81.00191,2026-09-05 08:35:00,3.6,n,344.27,N20,VIIRS,D,1554800372,Unnamed facility,Power / generator,FACILITY,generator,,,194.804
8.83359,80.86121,2026-09-05 08:35:00,3.43,n,332.29,N20,VIIRS,D,1554800372,Unnamed facility,Power / generator,FACILITY,generator,,,178.959
8.84791,80.33019,2026-09-05 08:35:00,4.99,n,333.77,N20,VIIRS,D,1554800372,Unnamed facility,Power / generator,FACILITY,generator,,,123.283
8.84869,80.74088,2026-09-05 08:35:00,5.08,n,336.45,N20,VIIRS,D,1554800372,Unnamed facility,Power / generator,FACILITY,generator,,,165.702
8.89092,80.71809,2026-09-05 08:35:00,3.67,n,338.86,N20,VIIRS,D,1554800372,Unnamed facility,Power / generator,FACILITY,generator,,,161.821
8.62999,81.01508,2026-09-05 08:35:00,3.35,n,335.73,N20,VIIRS,D,1554800372,Unnamed facility,Power / generator,FACILITY,generator,,,202.949
8.66824,80.84473,2026-09-05 08:35:00,17.98,n,355.54,N20,VIIRS,D,1554800372,Unnamed facility,Power / generator,FACILITY,generator,,,183.808
8.62976,81.01569,2026-09-05 08:35:00,3.19,n,345.75,N20,VIIRS,D,1554800372,Unnamed facility,Power / generator,FACILITY,generator,,,203.022
8.51285,80.86169,2026-09-05 08:35:00,14.14,n,338.32,N20,VIIRS,D,1554800372,Unnamed facility,Power / generator,FACILITY,generator,,,193.115
8.62524,77.79489,2026-09-05 08:35:00,9.68,n,345.46,N20,VIIRS,D,409780584,Unnamed facility,Mining / quarry,FACILITY,,,,1.234
8.47975,80.66825,2026-09-05 08:35:00,5.46,n,339.84,N20,VIIRS,D,1554800372,Unnamed facility,Power / generator,FACILITY,generator,,,176.364
8.4924,80.74388,2026-09-05 08:35:00,10.84,n,335.69,N20,VIIRS,D,1554800372,Unnamed facility,Power / generator,FACILITY,generator,,,182.801
8.49545,80.74538,2026-09-05 08:35:00,7.66,n,334.12,N20,VIIRS,D,1554800372,Unnamed facility,Power / generator,FACILITY,generator,,,182.771
8.49795,80.86361,2026-09-05 08:35:00,10.57,n,335.1,N20,VIIRS,D,1554800372,Unnamed facility,Power / generator,FACILITY,generator,,,194.096
8.50194,80.86491,2026-09-05 08:35:00,15.29,n,345.48,N20,VIIRS,D,1554800372,Unnamed facility,Power / generator,FACILITY,generator,,,194.01
8.50292,80.86298,2026-09-05 08:35:00,12.66,n,333.45,N20,VIIRS,D,1554800372,Unnamed facility,Power / generator,FACILITY,generator,,,193.769
8.51187,80.86365,2026-09-05 08:35:00,9.06,n,337.69,N20,VIIRS,D,1554800372,Unnamed facility,Power / generator,FACILITY,generator,,,193.359
8.91756,80.87724,2026-09-05 08:35:00,5.71,n,340.5,N20,VIIRS,D,1554800372,Unnamed facility,Power / generator,FACILITY,generator,,,178.028
8.62617,77.79392,2026-09-05 08:35:00,11.19,n,344.77,N20,VIIRS,D,409780584,Unnamed facility,Mining / quarry,FACILITY,,,,1.384
8.5488,80.75332,2026-09-05 08:35:00,3.76,n,331.78,N20,VIIRS,D,1554800372,Unnamed facility,Power / generator,FACILITY,generator,,,180.576
8.56359,80.7514,2026-09-05 08:35:00,10.34,n,342.17,N20,VIIRS,D,1554800372,Unnamed facility,Power / generator,FACILITY,generator,,,179.595
8.56928,80.75635,2026-09-05 08:35:00,5.21,n,331.35,N20,VIIRS,D,1554800372,Unnamed facility,Power / generator,FACILITY,generator,,,179.779
8.57936,80.36658,2026-09-05 08:35:00,6.4,n,343.55,N20,VIIRS,D,1554800372,Unnamed facility,Power / generator,FACILITY,generator,,,142.252
8.58346,80.36069,2026-09-05 08:35:00,7.66,n,333.8,N20,VIIRS,D,1554800372,Unnamed facility,Power / generator,FACILITY,generator,,,141.45
8.61087,80.49184,2026-09-05 08:35:00,12.99,n,349.67,N20,VIIRS,D,1554800372,Unnamed facility,Power / generator,FACILITY,generator,,,151.887
8.61873,81.00755,2026-09-05 08:35:00,3.73,n,340.59,N20,VIIRS,D,1554800372,Unnamed facility,Power / generator,FACILITY,generator,,,202.665
8.62201,77.91603,2026-09-05 08:35:00,3.42,n,344.29,N20,VIIRS,D,1032774973,Unnamed facility,Mining / quarry,FACILITY,,,,3.916
8.62456,81.01276,2026-09-05 08:35:00,3.66,n,336.04,N20,VIIRS,D,1554800372,Unnamed facility,Power / generator,FACILITY,generator,,,202.945
8.55488,80.72415,2026-09-05 08:35:00,6.61,n,335.38,N20,VIIRS,D,1554800372,Unnamed facility,Power / generator,FACILITY,generator,,,177.401
8.9399,80.78111,2026-09-05 08:35:00,17.64,n,350.17,N20,VIIRS,D,1554800372,Unnamed facility,Power / generator,FACILITY,generator,,,167.039
9.1435,77.5413,2026-09-05 08:35:00,13.91,n,342.79,N20,VIIRS,D,3304618587,Unnamed facility,Power / generator,FACILITY,generator,,,4.337
8.94159,80.78485,2026-09-05 08:35:00,10.25,n,341.84,N20,VIIRS,D,1554800372,Unnamed facility,Power / generator,FACILITY,generator,,,167.393
10.9785,76.98156,2026-09-05 08:35:00,3.11,n,335.4,N20,VIIRS,D,1227442410,Unnamed facility,Power / plant,FACILITY,plant,,,1.296
11.00253,77.12383,2026-09-05 08:35:00,10.19,n,346.08,N20,VIIRS,D,1008725270,Unnamed facility,Mining / quarry,FACILITY,,,,1.67
11.95854,78.75902,2026-09-05 08:35:00,4.19,n,332.21,N20,VIIRS,D,1337630473,Chilling Plant,Industrial Infrastructure / works,FACILITY,,works,,16.471
12.00694,76.52467,2026-09-05 08:35:00,6.58,n,335.43,N20,VIIRS,D,184898821,Unnamed facility,Mining / quarry,FACILITY,,,,7.246
12.06562,77.03265,2026-09-05 08:35:00,3.69,n,340.18,N20,VIIRS,D,999615857,T.N.Pura,Power / plant,FACILITY,plant,,,7.636
12.08199,76.8081,2026-09-05 08:35:00,6.82,l,337.54,N20,VIIRS,D,1002431057,Unnamed facility,Power / plant,FACILITY,plant,,,2.893
12.09133,76.81746,2026-09-05 08:35:00,5.82,n,339.62,N20,VIIRS,D,985793439,Unnamed facility,Power / plant,FACILITY,plant,,,2.651
12.10958,76.89243,2026-09-05 08:35:00,0.64,l,330.14,N20,VIIRS,D,985793439,Unnamed facility,Power / plant,FACILITY,plant,,,5.239
10.93433,77.19016,2026-09-05 08:35:00,6.53,n,340.17,N20,VIIRS,D,3435383651,Unnamed facility,Power / generator,FACILITY,generator,,,0.204
12.17388,78.93881,2026-09-05 08:35:00,6.41,n,342.31,N20,VIIRS,D,7880373114,Bannari Amman sugar factory,Industrial Infrastructure / works,FACILITY,,works,,5.843
12.91621,76.08082,2026-09-05 08:35:00,12.58,n,335.2,N20,VIIRS,D,254164763,Unnamed facility,Mining / quarry,FACILITY,,,,3.266
12.91732,76.07881,2026-09-05 08:35:00,11.8,n,339.05,N20,VIIRS,D,254164763,Unnamed facility,Mining / quarry,FACILITY,,,,3.088
15.975,78.41002,2026-09-05 08:35:00,3.64,n,330.59,N20,VIIRS,D,9869465486,Ice factory,Industrial Infrastructure / works,FACILITY,,works,,15.701
16.17167,74.87211,2026-09-05 08:35:00,3.47,n,335.74,N20,VIIRS,D,1002374278,Unnamed facility,Power / plant,FACILITY,plant,,,8.442
16.44525,77.82963,2026-09-05 08:35:00,8.84,n,341.96,N20,VIIRS,D,748664625,Unnamed facility,Power / plant,FACILITY,plant,,,2.943
18.69589,74.44584,2026-09-05 08:35:00,3.78,n,334.58,N20,VIIRS,D,1270372317,Unnamed facility,Power / plant,FACILITY,plant,,,9.644
18.5752,74.46596,2026-09-05 08:35:00,1.68,n,332.15,N20,VIIRS,D,1386572903,Unnamed facility,Industrial Component / goods_conveyor,COMPONENT,,goods_conveyor,,8.619
8.47898,80.66276,2026-09-05 08:35:00,9.8,n,331.71,N20,VIIRS,D,1554800372,Unnamed facility,Power / generator,FACILITY,generator,,,175.894
12.48486,77.34094,2026-09-05 08:35:00,4.6,l,334.62,N20,VIIRS,D,970517590,Unnamed facility,Mining / quarry,FACILITY,,,,2.608
10.87593,77.97946,2026-09-05 08:35:00,10.19,n,344.35,N20,VIIRS,D,1306605046,Unnamed facility,Mining / quarry,FACILITY,,,,1.798
10.85424,78.68019,2026-09-05 08:35:00,20.51,n,351.58,N20,VIIRS,D,1144604975,Unnamed facility,Industrial Component / silo,COMPONENT,,silo,,1.371
10.10579,77.83781,2026-09-05 08:35:00,4.29,n,336.52,N20,VIIRS,D,1268390447,Unnamed facility,Power / plant,FACILITY,plant,,,3.78
8.95618,80.33566,2026-09-05 08:35:00,4.56,n,334.48,N20,VIIRS,D,1554800372,Unnamed facility,Power / generator,FACILITY,generator,,,119.124
8.95679,80.82365,2026-09-05 08:35:00,7.96,n,341.32,N20,VIIRS,D,1554800372,Unnamed facility,Power / generator,FACILITY,generator,,,171.159
8.96491,80.88564,2026-09-05 08:35:00,2.26,n,331.14,N20,VIIRS,D,1554800372,Unnamed facility,Power / generator,FACILITY,generator,,,177.661
8.97607,80.89304,2026-09-05 08:35:00,2.28,n,334.57,N20,VIIRS,D,1554800372,Unnamed facility,Power / generator,FACILITY,generator,,,178.188
9.0026,77.52624,2026-09-05 08:35:00,5.89,n,337.58,N20,VIIRS,D,3148284714,Unnamed facility,Power / generator,FACILITY,generator,,,0.364
9.0214,80.73956,2026-09-05 08:35:00,8.72,n,336.91,N20,VIIRS,D,1554800372,Unnamed facility,Power / generator,FACILITY,generator,,,160.407
9.02295,80.74258,2026-09-05 08:35:00,6.04,n,330.2,N20,VIIRS,D,1554800372,Unnamed facility,Power / generator,FACILITY,generator,,,160.7
9.06088,77.72623,2026-09-05 08:35:00,12.33,n,352.02,N20,VIIRS,D,5512052176,Unnamed facility,Power / generator,FACILITY,generator,,,1.249
9.06405,80.12766,2026-09-05 08:35:00,7.68,n,340.56,N20,VIIRS,D,1554800372,Unnamed facility,Power / generator,FACILITY,generator,,,93.271
9.0654,80.13042,2026-09-05 08:35:00,13.0,n,341.89,N20,VIIRS,D,1554800372,Unnamed facility,Power / generator,FACILITY,generator,,,93.517
9.07003,80.67902,2026-09-05 08:35:00,10.16,n,335.15,N20,VIIRS,D,1554800372,Unnamed facility,Power / generator,FACILITY,generator,,,152.724
9.07684,80.46976,2026-09-05 08:35:00,5.58,n,330.48,N20,VIIRS,D,1554800372,Unnamed facility,Power / generator,FACILITY,generator,,,129.73
9.3083,78.79848,2026-09-05 08:35:00,2.19,n,334.36,N20,VIIRS,D,1555162836,Unnamed facility,Power / generator,FACILITY,generator,,,9.254
9.30978,78.79932,2026-09-05 08:35:00,2.44,n,335.84,N20,VIIRS,D,1555162836,Unnamed facility,Power / generator,FACILITY,generator,,,9.434
9.33417,77.69457,2026-09-05 08:35:00,7.78,n,342.44,N20,VIIRS,D,641830008,Unnamed facility,Mining / quarry,FACILITY,,,,3.501
9.76065,80.18707,2026-09-05 08:35:00,8.76,n,344.71,N20,VIIRS,D,1554246470,Unnamed facility,Power / generator,FACILITY,generator,,,71.039
9.81357,77.32077,2026-09-05 08:35:00,4.39,l,333.04,N20,VIIRS,D,9101497938,Unnamed facility,Power / generator,FACILITY,generator,,,6.233
9.94851,78.64626,2026-09-05 08:35:00,5.68,n,336.3,N20,VIIRS,D,986260251,Unnamed facility,Power / plant,FACILITY,plant,,,7.057
10.02841,78.05846,2026-09-05 08:35:00,8.53,n,335.35,N20,VIIRS,D,1016510804,Unnamed facility,Mining / quarry,FACILITY,,,,5.289
8.94084,80.77914,2026-09-05 08:35:00,4.25,n,339.96,N20,VIIRS,D,1554800372,Unnamed facility,Power / generator,FACILITY,generator,,,166.8
8.47743,80.8335,2026-09-05 08:35:00,4.65,n,330.31,N20,VIIRS,D,1554800372,Unnamed facility,Power / generator,FACILITY,generator,,,192.281
8.24379,80.22986,2026-09-05 08:35:00,6.52,n,336.5,N20,VIIRS,D,1033490635,Unnamed facility,Industrial Component / storage_tank,COMPONENT,,storage_tank,,155.846
8.47105,80.49921,2026-09-05 08:35:00,10.13,n,339.91,N20,VIIRS,D,1033490635,Unnamed facility,Industrial Component / storage_tank,COMPONENT,,storage_tank,,161.354
7.58904,80.83503,2026-09-05 08:35:00,2.9,n,331.56,N20,VIIRS,D,1033490635,Unnamed facility,Industrial Component / storage_tank,COMPONENT,,storage_tank,,255.602
7.57166,81.37946,2026-09-05 08:35:00,3.12,n,331.56,N20,VIIRS,D,1033490635,Unnamed facility,Industrial Component / storage_tank,COMPONENT,,storage_tank,,300.67
7.30252,81.83919,2026-09-05 08:35:00,2.92,n,336.53,N20,VIIRS,D,1033490635,Unnamed facility,Industrial Component / storage_tank,COMPONENT,,storage_tank,,359.454
6.35687,80.85714,2026-09-05 08:35:00,5.29,n,340.91,N20,VIIRS,D,1033490635,Unnamed facility,Industrial Component / storage_tank,COMPONENT,,storage_tank,,371.401
6.19321,81.01443,2026-09-05 08:35:00,5.9,n,338.92,N20,VIIRS,D,1033490635,Unnamed facility,Industrial Component / storage_tank,COMPONENT,,storage_tank,,395.833
6.1891,81.02039,2026-09-05 08:35:00,8.23,n,334.44,N20,VIIRS,D,1033490635,Unnamed facility,Industrial Component / storage_tank,COMPONENT,,storage_tank,,396.556
7.61915,80.83672,2026-09-05 08:35:00,4.13,n,331.58,N20,VIIRS,D,1033490635,Unnamed facility,Industrial Component / storage_tank,COMPONENT,,storage_tank,,253.218
6.18836,81.01508,2026-09-05 08:35:00,8.23,n,344.66,N20,VIIRS,D,1033490635,Unnamed facility,Industrial Component / storage_tank,COMPONENT,,storage_tank,,396.344
7.86078,81.44814,2026-09-05 08:35:00,2.09,n,331.14,N20,VIIRS,D,1554800372,Unnamed facility,Power / generator,FACILITY,generator,,,287.222
7.87521,80.60765,2026-09-05 08:35:00,7.43,n,334.17,N20,VIIRS,D,1033490635,Unnamed facility,Industrial Component / storage_tank,COMPONENT,,storage_tank,,214.78
7.89703,80.65909,2026-09-05 08:35:00,7.61,n,330.6,N20,VIIRS,D,1033490635,Unnamed facility,Industrial Component / storage_tank,COMPONENT,,storage_tank,,216.918
7.92275,81.40601,2026-09-05 08:35:00,1.94,n,331.37,N20,VIIRS,D,1554800372,Unnamed facility,Power / generator,FACILITY,generator,,,279.412
7.92954,81.27548,2026-09-05 08:35:00,3.06,n,339.87,N20,VIIRS,D,1033490635,Unnamed facility,Industrial Component / storage_tank,COMPONENT,,storage_tank,,267.069
7.9593,81.19045,2026-09-05 08:35:00,2.91,n,334.72,N20,VIIRS,D,1033490635,Unnamed facility,Industrial Component / storage_tank,COMPONENT,,storage_tank,,257.4
7.85981,79.88152,2026-09-05 08:35:00,0.98,n,335.29,N20,VIIRS,D,1033490635,Unnamed facility,Industrial Component / storage_tank,COMPONENT,,storage_tank,,172.531
7.6666,81.17891,2026-09-05 08:35:00,14.13,h,367.0,N20,VIIRS,D,1033490635,Unnamed facility,Industrial Component / storage_tank,COMPONENT,,storage_tank,,276.761
7.688,80.99461,2026-09-05 08:35:00,5.31,n,330.29,N20,VIIRS,D,1033490635,Unnamed facility,Industrial Component / storage_tank,COMPONENT,,storage_tank,,259.977
7.69826,81.59924,2026-09-05 08:35:00,2.98,n,330.38,N20,VIIRS,D,1033490635,Unnamed facility,Industrial Component / storage_tank,COMPONENT,,storage_tank,,311.496
8.4773,80.66657,2026-09-05 08:35:00,13.75,n,345.53,N20,VIIRS,D,1554800372,Unnamed facility,Power / generator,FACILITY,generator,,,176.354
7.85522,80.04656,2026-09-05 08:35:00,9.01,n,342.0,N20,VIIRS,D,1033490635,Unnamed facility,Industrial Component / storage_tank,COMPONENT,,storage_tank,,180.636
7.85405,80.04834,2026-09-05 08:35:00,9.92,n,348.94,N20,VIIRS,D,1033490635,Unnamed facility,Industrial Component / storage_tank,COMPONENT,,storage_tank,,180.844
7.84678,81.38197,2026-09-05 08:35:00,2.91,n,340.93,N20,VIIRS,D,1033490635,Unnamed facility,Industrial Component / storage_tank,COMPONENT,,storage_tank,,282.113
7.8272,79.84754,2026-09-05 08:35:00,4.26,n,334.18,N20,VIIRS,D,1033490635,Unnamed facility,Industrial Component / storage_tank,COMPONENT,,storage_tank,,174.592
7.82685,79.84628,2026-09-05 08:35:00,4.42,n,332.4,N20,VIIRS,D,1033490635,Unnamed facility,Industrial Component / storage_tank,COMPONENT,,storage_tank,,174.581
7.79826,81.06105,2026-09-05 08:35:00,15.18,n,345.2,N20,VIIRS,D,1033490635,Unnamed facility,Industrial Component / storage_tank,COMPONENT,,storage_tank,,257.164
7.79363,81.05916,2026-09-05 08:35:00,6.6,n,336.71,N20,VIIRS,D,1033490635,Unnamed facility,Industrial Component / storage_tank,COMPONENT,,storage_tank,,257.343
7.78638,81.04273,2026-09-05 08:35:00,11.49,n,342.97,N20,VIIRS,D,1033490635,Unnamed facility,Industrial Component / storage_tank,COMPONENT,,storage_tank,,256.492
7.7859,81.04527,2026-09-05 08:35:00,20.16,n,352.85,N20,VIIRS,D,1033490635,Unnamed facility,Industrial Component / storage_tank,COMPONENT,,storage_tank,,256.74
7.78141,81.04338,2026-09-05 08:35:00,6.12,n,342.47,N20,VIIRS,D,1033490635,Unnamed facility,Industrial Component / storage_tank,COMPONENT,,storage_tank,,256.913
7.76541,81.22837,2026-09-05 08:35:00,7.87,n,353.31,N20,VIIRS,D,1033490635,Unnamed facility,Industrial Component / storage_tank,COMPONENT,,storage_tank,,273.881
7.75175,81.20334,2026-09-05 08:35:00,3.47,n,335.14,N20,VIIRS,D,1033490635,Unnamed facility,Industrial Component / storage_tank,COMPONENT,,storage_tank,,272.675
7.75135,81.20041,2026-09-05 08:35:00,3.47,n,354.41,N20,VIIRS,D,1033490635,Unnamed facility,Industrial Component / storage_tank,COMPONENT,,storage_tank,,272.45
7.70901,81.60101,2026-09-05 08:35:00,1.76,n,336.01,N20,VIIRS,D,1554800372,Unnamed facility,Power / generator,FACILITY,generator,,,310.96
7.95969,81.19335,2026-09-05 08:35:00,2.59,n,333.27,N20,VIIRS,D,1033490635,Unnamed facility,Industrial Component / storage_tank,COMPONENT,,storage_tank,,257.638
7.96009,81.19627,2026-09-05 08:35:00,2.59,n,335.78,N20,VIIRS,D,1033490635,Unnamed facility,Industrial Component / storage_tank,COMPONENT,,storage_tank,,257.877
7.87594,80.61301,2026-09-05 08:35:00,9.43,n,337.36,N20,VIIRS,D,1033490635,Unnamed facility,Industrial Component / storage_tank,COMPONENT,,storage_tank,,215.123
7.96991,80.47933,2026-09-05 08:35:00,7.53,n,339.87,N20,VIIRS,D,1033490635,Unnamed facility,Industrial Component / storage_tank,COMPONENT,,storage_tank,,197.312
8.18007,81.08625,2026-09-05 08:35:00,4.7,n,331.33,N20,VIIRS,D,1554800372,Unnamed facility,Power / generator,FACILITY,generator,,,233.743
8.21037,81.01023,2026-09-05 08:35:00,3.83,n,330.85,N20,VIIRS,D,1554800372,Unnamed facility,Power / generator,FACILITY,generator,,,224.804
8.21099,81.01199,2026-09-05 08:35:00,3.7,n,331.25,N20,VIIRS,D,1554800372,Unnamed facility,Power / generator,FACILITY,generator,,,224.929
8.23654,81.05126,2026-09-05 08:35:00,5.97,h,367.0,N20,VIIRS,D,1554800372,Unnamed facility,Power / generator,FACILITY,generator,,,227.026
7.96513,81.19561,2026-09-05 08:35:00,5.28,n,355.66,N20,VIIRS,D,1033490635,Unnamed facility,Industrial Component / storage_tank,COMPONENT,,storage_tank,,257.491
8.34808,80.59987,2026-09-05 08:35:00,5.28,n,345.13,N20,VIIRS,D,1033490635,Unnamed facility,Industrial Component / storage_tank,COMPONENT,,storage_tank,,178.498
8.35752,80.77731,2026-09-05 08:35:00,4.6,n,341.62,N20,VIIRS,D,1554800372,Unnamed facility,Power / generator,FACILITY,generator,,,194.049
8.36763,81.03859,2026-09-05 08:35:00,2.82,n,332.21,N20,VIIRS,D,1554800372,Unnamed facility,Power / generator,FACILITY,generator,,,218.237
8.37276,80.28262,2026-09-05 08:35:00,5.07,n,333.91,N20,VIIRS,D,1033490635,Unnamed facility,Industrial Component / storage_tank,COMPONENT,,storage_tank,,149.494
8.3865,81.02721,2026-09-05 08:35:00,3.42,n,338.89,N20,VIIRS,D,1554800372,Unnamed facility,Power / generator,FACILITY,generator,,,216.095
8.3869,81.03013,2026-09-05 08:35:00,3.42,n,344.32,N20,VIIRS,D,1554800372,Unnamed facility,Power / generator,FACILITY,generator,,,216.358
8.43571,80.67415,2026-09-05 08:35:00,5.65,n,336.76,N20,VIIRS,D,1554800372,Unnamed facility,Power / generator,FACILITY,generator,,,179.613
8.44498,80.49495,2026-09-05 08:35:00,5.86,n,333.2,N20,VIIRS,D,1033490635,Unnamed facility,Industrial Component / storage_tank,COMPONENT,,storage_tank,,162.647
8.44955,77.58025,2026-09-05 08:35:00,6.76,n,343.95,N20,VIIRS,D,3303234795,Unnamed facility,Power / generator,FACILITY,generator,,,4.225
8.46988,80.49715,2026-09-05 08:35:00,6.12,n,338.93,N20,VIIRS,D,1033490635,Unnamed facility,Industrial Component / storage_tank,COMPONENT,,storage_tank,,161.24
8.1586,80.18225,2026-09-05 08:35:00,4.52,n,332.2,N20,VIIRS,D,1033490635,Unnamed facility,Industrial Component / storage_tank,COMPONENT,,storage_tank,,159.867
6.18278,81.01041,2026-09-05 08:35:00,5.97,n,330.74,N20,VIIRS,D,1033490635,Unnamed facility,Industrial Component / storage_tank,COMPONENT,,storage_tank,,396.643
8.25692,80.32709,2026-09-05 08:35:00,2.29,n,333.24,N20,VIIRS,D,1033490635,Unnamed facility,Industrial Component / storage_tank,COMPONENT,,storage_tank,,162.146
8.12208,80.80826,2026-09-05 08:35:00,7.02,n,335.26,N20,VIIRS,D,1033490635,Unnamed facility,Industrial Component / storage_tank,COMPONENT,,storage_tank,,212.333
7.97756,80.25401,2026-09-05 08:35:00,10.84,n,349.93,N20,VIIRS,D,1033490635,Unnamed facility,Industrial Component / storage_tank,COMPONENT,,storage_tank,,180.964
8.12283,80.81379,2026-09-05 08:35:00,7.02,n,349.02,N20,VIIRS,D,1033490635,Unnamed facility,Industrial Component / storage_tank,COMPONENT,,storage_tank,,212.767
7.99603,80.38634,2026-09-05 08:35:00,6.18,n,341.24,N20,VIIRS,D,1033490635,Unnamed facility,Industrial Component / storage_tank,COMPONENT,,storage_tank,,188.342
8.01511,80.62984,2026-09-05 08:35:00,11.4,n,334.61,N20,VIIRS,D,1033490635,Unnamed facility,Industrial Component / storage_tank,COMPONENT,,storage_tank,,205.228
8.01838,80.68953,2026-09-05 08:35:00,13.6,n,340.82,N20,VIIRS,D,1033490635,Unnamed facility,Industrial Component / storage_tank,COMPONENT,,storage_tank,,209.806
8.02543,81.19125,2026-09-05 08:35:00,3.13,n,336.15,N20,VIIRS,D,1554800372,Unnamed facility,Power / generator,FACILITY,generator,,,253.181
8.02606,80.17345,2026-09-05 08:35:00,6.06,n,335.39,N20,VIIRS,D,1033490635,Unnamed facility,Industrial Component / storage_tank,COMPONENT,,storage_tank,,171.351
7.97826,80.25906,2026-09-05 08:35:00,10.84,n,342.92,N20,VIIRS,D,1033490635,Unnamed facility,Industrial Component / storage_tank,COMPONENT,,storage_tank,,181.23
8.03712,80.61059,2026-09-05 08:35:00,5.14,n,332.49,N20,VIIRS,D,1033490635,Unnamed facility,Industrial Component / storage_tank,COMPONENT,,storage_tank,,201.968
8.05333,80.66654,2026-09-05 08:35:00,9.18,n,330.01,N20,VIIRS,D,1033490635,Unnamed facility,Industrial Component / storage_tank,COMPONENT,,storage_tank,,205.263
8.06007,79.87634,2026-09-05 08:35:00,4.68,n,340.56,N20,VIIRS,D,1033490635,Unnamed facility,Industrial Component / storage_tank,COMPONENT,,storage_tank,,151.627
8.06046,79.87606,2026-09-05 08:35:00,7.5,n,341.99,N20,VIIRS,D,1033490635,Unnamed facility,Industrial Component / storage_tank,COMPONENT,,storage_tank,,151.574
8.07874,80.34695,2026-09-05 08:35:00,5.55,n,332.9,N20,VIIRS,D,1033490635,Unnamed facility,Industrial Component / storage_tank,COMPONENT,,storage_tank,,178.408
8.08862,80.63449,2026-09-05 08:35:00,9.97,n,340.5,N20,VIIRS,D,1033490635,Unnamed facility,Industrial Component / storage_tank,COMPONENT,,storage_tank,,199.954
8.11792,80.81448,2026-09-05 08:35:00,7.02,n,330.15,N20,VIIRS,D,1033490635,Unnamed facility,Industrial Component / storage_tank,COMPONENT,,storage_tank,,213.167
8.03651,80.61398,2026-09-05 08:35:00,8.08,n,331.48,N20,VIIRS,D,1033490635,Unnamed facility,Industrial Component / storage_tank,COMPONENT,,storage_tank,,202.287
14.61918,79.51504,2026-09-05 08:37:00,2.49,n,331.84,N20,VIIRS,D,9237009025,Rice Mill,Industrial Infrastructure / works,FACILITY,,works,,3.535
14.6866,79.73649,2026-09-05 08:37:00,2.21,n,332.88,N20,VIIRS,D,871836950,Unnamed facility,Power / plant,FACILITY,plant,,,16.982
14.68688,79.73868,2026-09-05 08:37:00,5.85,n,351.12,N20,VIIRS,D,871836950,Unnamed facility,Power / plant,FACILITY,plant,,,17.226
14.68694,79.73945,2026-09-05 08:37:00,2.39,n,339.5,N20,VIIRS,D,871836950,Unnamed facility,Power / plant,FACILITY,plant,,,17.311
14.6912,77.86673,2026-09-05 08:37:00,3.67,n,332.75,N20,VIIRS,D,11834827913,Unnamed facility,Power / generator,FACILITY,generator,,,1.814
14.77551,79.7985,2026-09-05 08:37:00,3.53,n,336.79,N20,VIIRS,D,11017617729,BMR shrimp processing plant,Industrial Infrastructure / works,FACILITY,,works,,21.888
15.59282,79.31487,2026-09-05 08:37:00,4.19,n,335.87,N20,VIIRS,D,1282082054,Unnamed facility,Mining / quarry,FACILITY,,,,7.968
14.90556,80.03411,2026-09-05 08:37:00,3.66,n,331.57,N20,VIIRS,D,9757778362,Unnamed facility,Industrial Component / storage_tank,COMPONENT,,storage_tank,,2.929
15.08348,77.32135,2026-09-05 08:37:00,8.48,n,348.9,N20,VIIRS,D,11834828130,Unnamed facility,Power / generator,FACILITY,generator,,,3.471
22.41711,69.04068,2026-09-05 08:37:00,3.14,n,332.95,N20,VIIRS,D,1312188870,Unnamed facility,Industrial Component / silo,COMPONENT,,silo,,2.718
22.7807,69.45878,2026-09-05 08:37:00,5.93,n,347.66,N20,VIIRS,D,160685919,Coastal Gujarat Power Ltd,Power / plant,FACILITY,plant,,,5.806
22.93241,69.69872,2026-09-05 08:37:00,4.1,n,333.68,N20,VIIRS,D,1002375165,Unnamed facility,Power / plant,FACILITY,plant,,,0.373
14.58984,76.70616,2026-09-05 08:37:00,1.09,n,342.71,N20,VIIRS,D,1457769262,Unnamed facility,Power / plant,FACILITY,plant,,,0.781
14.82764,78.13876,2026-09-05 08:37:00,6.95,n,334.05,N20,VIIRS,D,5544598236,Unnamed facility,Power / generator,FACILITY,generator,,,7.804
14.43444,77.70826,2026-09-05 08:37:00,10.4,n,342.64,N20,VIIRS,D,599840238,Unnamed facility,Mining / quarry,FACILITY,,,,1.874
25.38611,68.58273,2026-09-05 08:37:00,3.23,n,335.75,N20,VIIRS,D,1273382001,Khavda Renewable Energy Park,Power / plant,FACILITY,plant,,,170.634
14.30583,77.72722,2026-09-05 08:37:00,12.16,n,344.62,N20,VIIRS,D,599840238,Unnamed facility,Mining / quarry,FACILITY,,,,12.908
14.21385,79.22749,2026-09-05 08:37:00,2.16,n,331.31,N20,VIIRS,D,1017202521,Unnamed facility,Mining / quarry,FACILITY,,,,23.131
13.97459,80.08726,2026-09-05 08:37:00,1.05,n,332.92,N20,VIIRS,D,664800125,Unnamed facility,Mining / quarry,FACILITY,,,,13.105
14.43309,77.70782,2026-09-05 08:37:00,5.09,n,345.74,N20,VIIRS,D,599840238,Unnamed facility,Mining / quarry,FACILITY,,,,1.751
32.28847,73.2804,2026-09-05 08:39:00,2.43,n,336.55,N20,VIIRS,D,498946093,Unnamed facility,Industrial / brickworks,FACILITY,,,brickworks,166.109
32.03239,70.58744,2026-09-05 08:39:00,1.02,n,331.4,N20,VIIRS,D,637580388,Unnamed facility,Industrial / brickyard,FACILITY,,,brickyard,436.326
30.48693,73.84731,2026-09-05 08:39:00,3.47,n,333.33,N20,VIIRS,D,637580388,Unnamed facility,Industrial / brickyard,FACILITY,,,brickyard,21.877
28.42537,69.70226,2026-09-05 08:39:00,3.05,l,335.99,N20,VIIRS,D,457973221,Unnamed facility,Mining / quarry,FACILITY,,,,137.77
28.27718,68.16656,2026-09-05 08:39:00,4.9,l,335.54,N20,VIIRS,D,457973221,Unnamed facility,Mining / quarry,FACILITY,,,,243.809
27.60247,68.69715,2026-09-05 08:39:00,1.54,l,330.57,N20,VIIRS,D,457973222,Unnamed facility,Mining / quarry,FACILITY,,,,159.95
27.43381,70.85704,2026-09-05 08:39:00,7.71,n,345.35,N20,VIIRS,D,3260713759,Unnamed facility,Power / generator,FACILITY,generator,,,30.015
27.4251,70.81876,2026-09-05 08:39:00,4.51,l,340.09,N20,VIIRS,D,3260713759,Unnamed facility,Power / generator,FACILITY,generator,,,26.818
27.43322,70.85271,2026-09-05 08:39:00,7.71,n,339.12,N20,VIIRS,D,3260713759,Unnamed facility,Power / generator,FACILITY,generator,,,29.679
27.38026,95.33467,2026-09-05 18:28:00,4.51,n,301.69,N21,VIIRS,N,1306789237,Unnamed facility,Industrial Component / storage_tank,COMPONENT,,storage_tank,,4.259
22.35589,96.70292,2026-09-05 18:30:00,1.36,n,302.46,N21,VIIRS,N,455261562,Unnamed facility,Mining / quarry,FACILITY,,,,363.654
22.35504,96.70245,2026-09-05 18:30:00,1.22,n,304.58,N21,VIIRS,N,455261562,Unnamed facility,Mining / quarry,FACILITY,,,,363.671
21.59217,96.22788,2026-09-05 18:30:00,1.58,n,306.32,N21,VIIRS,N,1429499295,Unnamed facility,Industrial Component / storage_tank,COMPONENT,,storage_tank,,386.735
15.12755,94.78048,2026-09-05 18:32:00,6.0,n,323.16,N21,VIIRS,N,1461757347,Unnamed facility,Industrial Component / storage_tank,COMPONENT,,storage_tank,,288.266
15.12482,94.77975,2026-09-05 18:32:00,5.59,n,328.1,N21,VIIRS,N,1461757347,Unnamed facility,Industrial Component / storage_tank,COMPONENT,,storage_tank,,287.978
23.77441,86.36259,2026-09-05 19:23:00,0.78,n,311.34,N20,VIIRS,N,825940050,Unnamed facility,Mining / quarry,FACILITY,,,,0.0
23.77493,86.19585,2026-09-05 19:23:00,1.82,n,299.12,N20,VIIRS,N,117858814,Unnamed facility,Mining / quarry,FACILITY,,,,0.0
23.77525,86.19253,2026-09-05 19:23:00,0.94,n,297.06,N20,VIIRS,N,117858814,Unnamed facility,Mining / quarry,FACILITY,,,,0.0
23.77727,86.38577,2026-09-05 19:23:00,0.96,n,305.92,N20,VIIRS,N,117695917,Cluster 11 and Cluster 7 (BCCL) Coal Mines,Mining / quarry,FACILITY,,,,0.158
23.77879,86.20972,2026-09-05 19:23:00,1.72,n,305.14,N20,VIIRS,N,117858814,Unnamed facility,Mining / quarry,FACILITY,,,,0.0
23.7791,86.20641,2026-09-05 19:23:00,2.63,n,307.37,N20,VIIRS,N,117858814,Unnamed facility,Mining / quarry,FACILITY,,,,0.0
23.78201,86.38963,2026-09-05 19:23:00,0.96,n,311.6,N20,VIIRS,N,117695917,Cluster 11 and Cluster 7 (BCCL) Coal Mines,Mining / quarry,FACILITY,,,,0.015
23.80313,86.3307,2026-09-05 19:23:00,0.58,n,299.64,N20,VIIRS,N,117807506,Amalgamated Keshalpur-West Mudidih (AKWMC) Coal Mine,Mining / quarry,FACILITY,,,,0.039
27.46206,95.47509,2026-09-05 19:23:00,1.46,n,309.11,N20,VIIRS,N,971209674,Unnamed facility,Power / plant,FACILITY,plant,,,5.535
23.80344,86.32746,2026-09-05 19:23:00,0.61,n,299.3,N20,VIIRS,N,117807506,Amalgamated Keshalpur-West Mudidih (AKWMC) Coal Mine,Mining / quarry,FACILITY,,,,0.0
23.7741,86.36582,2026-09-05 19:23:00,0.63,n,303.37,N20,VIIRS,N,825940050,Unnamed facility,Mining / quarry,FACILITY,,,,0.0
23.80851,86.32807,2026-09-05 19:23:00,0.61,n,297.19,N20,VIIRS,N,117807506,Amalgamated Keshalpur-West Mudidih (AKWMC) Coal Mine,Mining / quarry,FACILITY,,,,0.034
23.79619,86.34912,2026-09-05 19:23:00,0.48,n,302.05,N20,VIIRS,N,117695916,Tetulmari coal mine,Mining / quarry,FACILITY,,,,0.0
23.80125,86.34982,2026-09-05 19:23:00,1.36,n,307.24,N20,VIIRS,N,989561645,Unnamed facility,Industrial Component / spoil_heap,COMPONENT,,spoil_heap,,0.0
23.80125,86.34982,2026-09-05 19:23:00,1.36,n,307.24,N20,VIIRS,N,117695916,Tetulmari coal mine,Mining / quarry,FACILITY,,,,0.0
23.79588,86.35237,2026-09-05 19:23:00,0.48,n,300.11,N20,VIIRS,N,117695916,Tetulmari coal mine,Mining / quarry,FACILITY,,,,0.0
23.77039,86.40411,2026-09-05 19:23:00,1.07,n,302.92,N20,VIIRS,N,117695917,Cluster 11 and Cluster 7 (BCCL) Coal Mines,Mining / quarry,FACILITY,,,,0.0
23.77696,86.38895,2026-09-05 19:23:00,0.96,n,300.37,N20,VIIRS,N,117695917,Cluster 11 and Cluster 7 (BCCL) Coal Mines,Mining / quarry,FACILITY,,,,0.08
23.76565,86.40026,2026-09-05 19:23:00,1.82,n,300.97,N20,VIIRS,N,117695917,Cluster 11 and Cluster 7 (BCCL) Coal Mines,Mining / quarry,FACILITY,,,,0.0
23.76658,86.3907,2026-09-05 19:23:00,1.54,n,303.87,N20,VIIRS,N,117695917,Cluster 11 and Cluster 7 (BCCL) Coal Mines,Mining / quarry,FACILITY,,,,0.0
23.66634,87.15578,2026-09-05 19:23:00,4.75,n,317.36,N20,VIIRS,N,988893567,Unnamed facility,Mining / quarry,FACILITY,,,,1.296
23.68955,87.11856,2026-09-05 19:23:00,4.93,n,310.49,N20,VIIRS,N,20810432,Unnamed facility,Power / generator,FACILITY,generator,,,0.876
23.69493,87.11353,2026-09-05 19:23:00,2.3,n,307.16,N20,VIIRS,N,20810432,Unnamed facility,Power / generator,FACILITY,generator,,,1.336
23.69551,87.10785,2026-09-05 19:23:00,2.3,n,307.48,N20,VIIRS,N,20810432,Unnamed facility,Power / generator,FACILITY,generator,,,1.972
23.69436,87.11919,2026-09-05 19:23:00,5.74,n,314.37,N20,VIIRS,N,20810432,Unnamed facility,Power / generator,FACILITY,generator,,,0.703
23.75404,86.41497,2026-09-05 19:23:00,0.77,n,303.62,N20,VIIRS,N,117807504,Cluster 8 and Cluster 9 Coal Mines,Mining / quarry,FACILITY,,,,0.019
23.7603,86.40284,2026-09-05 19:23:00,0.47,n,299.74,N20,VIIRS,N,117695917,Cluster 11 and Cluster 7 (BCCL) Coal Mines,Mining / quarry,FACILITY,,,,0.0
23.76062,86.39961,2026-09-05 19:23:00,1.06,n,302.62,N20,VIIRS,N,117695917,Cluster 11 and Cluster 7 (BCCL) Coal Mines,Mining / quarry,FACILITY,,,,0.0
23.76534,86.40349,2026-09-05 19:23:00,1.07,n,315.82,N20,VIIRS,N,117695917,Cluster 11 and Cluster 7 (BCCL) Coal Mines,Mining / quarry,FACILITY,,,,0.0
23.56073,87.23611,2026-09-05 19:25:00,2.63,n,310.71,N20,VIIRS,N,974481211,Unnamed facility,Industrial Infrastructure / works,FACILITY,,works,,0.016
23.61127,85.67277,2026-09-05 19:25:00,0.36,n,299.22,N20,VIIRS,N,65253295,Rajappa Coal Mine,Mining / quarry,FACILITY,,,,0.0
23.56278,87.0825,2026-09-05 19:25:00,1.79,n,310.48,N20,VIIRS,N,1268861765,Unnamed facility,Mining / quarry,FACILITY,,,,2.025
23.56203,87.08309,2026-09-05 19:25:00,2.37,n,312.8,N20,VIIRS,N,1268861767,Unnamed facility,Mining / quarry,FACILITY,,,,2.057
23.56106,87.23698,2026-09-05 19:25:00,5.72,n,315.76,N20,VIIRS,N,974481211,Unnamed facility,Industrial Infrastructure / works,FACILITY,,works,,0.102
23.61148,85.67413,2026-09-05 19:25:00,0.55,n,303.14,N20,VIIRS,N,65253295,Rajappa Coal Mine,Mining / quarry,FACILITY,,,,0.0
23.56012,87.24169,2026-09-05 19:25:00,2.63,n,307.16,N20,VIIRS,N,974481210,Unnamed facility,Industrial Infrastructure / works,FACILITY,,works,,0.632
22.80418,86.08908,2026-09-05 19:25:00,1.47,n,310.46,N20,VIIRS,N,1092684075,Adityapur Works Power Station,Power / plant,FACILITY,plant,,,0.111
23.55536,87.2411,2026-09-05 19:25:00,2.63,n,306.2,N20,VIIRS,N,987918498,Durgapur SAIL power station,Power / plant,FACILITY,plant,,,0.54
22.96413,85.99792,2026-09-05 19:25:00,0.55,n,304.65,N20,VIIRS,N,1036927394,Unnamed facility,Mining / quarry,FACILITY,,,,0.39
22.87717,86.06215,2026-09-05 19:25:00,1.64,n,314.57,N20,VIIRS,N,1040644050,Unnamed facility,Mining / quarry,FACILITY,,,,1.235
23.61385,86.78893,2026-09-05 19:25:00,4.17,n,307.47,N20,VIIRS,N,1036348714,Panchet hydroelectric power station,Power / plant,FACILITY,plant,,,9.297
22.7991,86.08846,2026-09-05 19:25:00,1.15,n,311.78,N20,VIIRS,N,1092684075,Adityapur Works Power Station,Power / plant,FACILITY,plant,,,0.46
22.79804,86.19794,2026-09-05 19:25:00,1.39,n,313.33,N20,VIIRS,N,20451401,Unnamed facility,Power / generator,FACILITY,generator,,,0.814
22.79299,86.19738,2026-09-05 19:25:00,1.39,n,307.98,N20,VIIRS,N,20451401,Unnamed facility,Power / generator,FACILITY,generator,,,0.457
23.55573,87.24197,2026-09-05 19:25:00,6.12,n,307.49,N20,VIIRS,N,987918498,Durgapur SAIL power station,Power / plant,FACILITY,plant,,,0.478
23.64886,85.43806,2026-09-05 19:25:00,1.69,n,325.92,N20,VIIRS,N,116955130,Unnamed facility,Mining / quarry,FACILITY,,,,0.0
23.666,84.999,2026-09-05 19:25:00,1.49,n,310.1,N20,VIIRS,N,982838079,KDH coal mine,Mining / quarry,FACILITY,,,,0.0
23.65887,85.50546,2026-09-05 19:25:00,0.63,n,303.29,N20,VIIRS,N,1021404296,Unnamed facility,Industrial Component / kiln,COMPONENT,,kiln,,4.273
22.57535,85.88969,2026-09-05 19:25:00,2.01,n,306.07,N20,VIIRS,N,666516169,Unnamed facility,Mining / quarry,FACILITY,,,,9.837
23.68207,86.08438,2026-09-05 19:25:00,0.81,n,305.68,N20,VIIRS,N,936986288,Bokaro Works Power Plant,Power / plant,FACILITY,plant,,,0.873
23.68409,87.12768,2026-09-05 19:25:00,2.17,n,308.02,N20,VIIRS,N,9140151403,Unnamed facility,Industrial Component / kiln,COMPONENT,,kiln,,0.297
23.68951,87.1226,2026-09-05 19:25:00,2.17,n,309.86,N20,VIIRS,N,20810432,Unnamed facility,Power / generator,FACILITY,generator,,,0.539
23.69889,85.36634,2026-09-05 19:25:00,0.82,n,305.06,N20,VIIRS,N,526139561,Unnamed facility,Mining / quarry,FACILITY,,,,0.171
23.70099,86.07278,2026-09-05 19:25:00,1.13,n,318.05,N20,VIIRS,N,936986288,Bokaro Works Power Plant,Power / plant,FACILITY,plant,,,2.278
23.7373,86.43405,2026-09-05 19:25:00,0.39,n,300.68,N20,VIIRS,N,117807504,Cluster 8 and Cluster 9 Coal Mines,Mining / quarry,FACILITY,,,,0.0
23.6798,86.39781,2026-09-05 19:25:00,0.55,n,304.47,N20,VIIRS,N,117807509,Unnamed facility,Mining / quarry,FACILITY,,,,0.0
23.67914,86.08373,2026-09-05 19:25:00,0.8,n,311.44,N20,VIIRS,N,936986288,Bokaro Works Power Plant,Power / plant,FACILITY,plant,,,1.081
23.67692,86.08381,2026-09-05 19:25:00,0.81,n,300.61,N20,VIIRS,N,936986288,Bokaro Works Power Plant,Power / plant,FACILITY,plant,,,1.231
23.67184,84.99578,2026-09-05 19:25:00,0.76,n,302.86,N20,VIIRS,N,982838079,KDH coal mine,Mining / quarry,FACILITY,,,,0.0
23.67165,84.99418,2026-09-05 19:25:00,1.6,n,304.73,N20,VIIRS,N,982838079,KDH coal mine,Mining / quarry,FACILITY,,,,0.09
23.66663,87.1541,2026-09-05 19:25:00,4.14,n,313.19,N20,VIIRS,N,988893570,Belbaid,Industrial / mine,FACILITY,,,mine,1.281
23.73763,86.4309,2026-09-05 19:25:00,0.39,n,300.79,N20,VIIRS,N,117807504,Cluster 8 and Cluster 9 Coal Mines,Mining / quarry,FACILITY,,,,0.139
23.66578,84.99745,2026-09-05 19:25:00,2.08,n,310.52,N20,VIIRS,N,982838079,KDH coal mine,Mining / quarry,FACILITY,,,,0.093
23.64919,85.43445,2026-09-05 19:25:00,1.69,n,316.86,N20,VIIRS,N,116955130,Unnamed facility,Mining / quarry,FACILITY,,,,0.0
22.57469,85.89632,2026-09-05 19:25:00,1.77,n,320.47,N20,VIIRS,N,666516169,Unnamed facility,Mining / quarry,FACILITY,,,,9.812
21.6751,84.03875,2026-09-05 19:25:00,1.31,n,304.72,N20,VIIRS,N,1158763971,Unnamed facility,Industrial Component / cooling,COMPONENT,,cooling,,0.579
22.37779,87.27859,2026-09-05 19:25:00,6.52,n,328.67,N20,VIIRS,N,1469423527,Unnamed facility,Industrial Component / storage_tank,COMPONENT,,storage_tank,,5.558
21.68121,84.0351,2026-09-05 19:25:00,1.76,n,307.64,N20,VIIRS,N,949319149,Unnamed facility,Industrial Component / cooling,COMPONENT,,cooling,,0.474
21.68082,84.03934,2026-09-05 19:25:00,1.31,n,309.86,N20,VIIRS,N,949319149,Unnamed facility,Industrial Component / cooling,COMPONENT,,cooling,,0.154
21.57263,85.64584,2026-09-05 19:25:00,0.45,n,303.23,N20,VIIRS,N,1001512975,Unnamed facility,Mining / quarry,FACILITY,,,,14.149
19.10137,82.16523,2026-09-05 19:25:00,2.07,n,308.25,N20,VIIRS,N,1214008227,Nagarnar Steel Plant,Industrial / steelmaking,FACILITY,,,steelmaking,0.0
17.6948,83.24045,2026-09-05 19:25:00,3.14,n,317.07,N20,VIIRS,N,280178624,Hindustan Petroleum Corporation Limited,Industrial / refinery,FACILITY,,,refinery,0.0
17.69332,83.24108,2026-09-05 19:25:00,2.76,n,314.76,N20,VIIRS,N,280178624,Hindustan Petroleum Corporation Limited,Industrial / refinery,FACILITY,,,refinery,0.0
22.38003,87.27818,2026-09-05 19:25:00,7.26,n,327.43,N20,VIIRS,N,1469423527,Unnamed facility,Industrial Component / storage_tank,COMPONENT,,storage_tank,,5.386
17.61015,83.20161,2026-09-05 19:25:00,2.59,n,317.68,N20,VIIRS,N,395219953,Visakhapatnam Steel Plant,Industrial / steelmaking,FACILITY,,,steelmaking,0.0
15.12624,94.78121,2026-09-05 19:25:00,4.99,n,332.24,N20,VIIRS,N,1461757347,Unnamed facility,Industrial Component / storage_tank,COMPONENT,,storage_tank,,288.209
23.84328,84.94684,2026-09-05 19:25:00,0.52,n,298.18,N20,VIIRS,N,733855328,Magadh coal mine,Mining / quarry,FACILITY,,,,3.567
23.8387,85.46757,2026-09-05 19:25:00,0.52,n,300.7,N20,VIIRS,N,1018654197,Unnamed facility,Mining / quarry,FACILITY,,,,1.326
23.8252,85.49538,2026-09-05 19:25:00,0.74,n,298.88,N20,VIIRS,N,525922584,Tapin coal mine,Mining / quarry,FACILITY,,,,0.0
23.75867,85.85409,2026-09-05 19:25:00,1.02,n,299.35,N20,VIIRS,N,134530459,Kathara coal mine,Mining / quarry,FACILITY,,,,0.075
23.75433,86.41714,2026-09-05 19:25:00,1.2,n,301.97,N20,VIIRS,N,117807504,Cluster 8 and Cluster 9 Coal Mines,Mining / quarry,FACILITY,,,,0.0
17.60911,83.20141,2026-09-05 19:25:00,3.13,n,315.69,N20,VIIRS,N,395219953,Visakhapatnam Steel Plant,Industrial / steelmaking,FACILITY,,,steelmaking,0.0
21.75756,84.02261,2026-09-05 19:25:00,1.54,n,308.01,N20,VIIRS,N,967922700,Unnamed facility,Industrial Component / goods_conveyor,COMPONENT,,goods_conveyor,,0.578
21.68499,85.43456,2026-09-05 19:25:00,0.57,n,304.08,N20,VIIRS,N,1001505372,Unnamed facility,Mining / quarry,FACILITY,,,,6.569
21.92455,85.22067,2026-09-05 19:25:00,1.0,n,308.0,N20,VIIRS,N,664709787,Rungta Kamanda power station,Power / plant,FACILITY,plant,,,0.409
22.37088,87.29912,2026-09-05 19:25:00,3.46,n,306.66,N20,VIIRS,N,661053493,Unnamed facility,Industrial Infrastructure / works,FACILITY,,works,,5.053
22.36829,87.29809,2026-09-05 19:25:00,4.82,n,316.01,N20,VIIRS,N,661053493,Unnamed facility,Industrial Infrastructure / works,FACILITY,,works,,5.134
22.36625,87.01411,2026-09-05 19:25:00,1.75,n,309.08,N20,VIIRS,N,1003080736,Unnamed facility,Power / plant,FACILITY,plant,,,17.984
22.3662,87.29851,2026-09-05 19:25:00,3.46,n,318.82,N20,VIIRS,N,661053493,Unnamed facility,Industrial Infrastructure / works,FACILITY,,works,,5.075
22.3609,87.01897,2026-09-05 19:25:00,1.23,n,305.71,N20,VIIRS,N,1003080736,Unnamed facility,Power / plant,FACILITY,plant,,,17.376
21.75904,84.0227,2026-09-05 19:25:00,0.82,n,302.35,N20,VIIRS,N,967922700,Unnamed facility,Industrial Component / goods_conveyor,COMPONENT,,goods_conveyor,,0.739
22.21219,84.86086,2026-09-05 19:25:00,1.75,n,306.85,N20,VIIRS,N,150105892,Unnamed facility,Industrial Infrastructure / gasometer,FACILITY,,gasometer,,0.725
22.21696,84.86906,2026-09-05 19:25:00,1.33,n,310.3,N20,VIIRS,N,150105892,Unnamed facility,Industrial Infrastructure / gasometer,FACILITY,,gasometer,,0.323
22.211,84.86073,2026-09-05 19:25:00,2.26,n,307.75,N20,VIIRS,N,150105892,Unnamed facility,Industrial Infrastructure / gasometer,FACILITY,,gasometer,,0.806
22.0543,85.46281,2026-09-05 19:25:00,0.63,n,303.28,N20,VIIRS,N,1001797462,Unnamed facility,Mining / quarry,FACILITY,,,,3.461
22.05409,88.12331,2026-09-05 19:25:00,4.8,n,313.14,N20,VIIRS,N,335946818,Haldia Tata Power Power Plant,Power / plant,FACILITY,plant,,,0.099
21.96817,85.31213,2026-09-05 19:25:00,0.6,n,302.9,N20,VIIRS,N,664709587,Unnamed facility,Mining / quarry,FACILITY,,,,0.497
21.9302,85.21793,2026-09-05 19:25:00,1.0,n,299.16,N20,VIIRS,N,664709787,Rungta Kamanda power station,Power / plant,FACILITY,plant,,,0.034
21.92986,85.22138,2026-09-05 19:25:00,1.0,n,308.46,N20,VIIRS,N,664709787,Rungta Kamanda power station,Power / plant,FACILITY,plant,,,0.0
22.21149,84.86848,2026-09-05 19:25:00,1.33,n,302.74,N20,VIIRS,N,150105892,Unnamed facility,Industrial Infrastructure / gasometer,FACILITY,,gasometer,,0.395
23.75631,86.39796,2026-09-05 19:25:00,0.77,n,299.4,N20,VIIRS,N,117695917,Cluster 11 and Cluster 7 (BCCL) Coal Mines,Mining / quarry,FACILITY,,,,0.0
13.15991,80.27797,2026-09-05 19:28:00,1.59,n,306.34,N20,VIIRS,N,1154913139,Unnamed facility,Industrial Component / storage_tank,COMPONENT,,storage_tank,,0.104
13.16012,80.28133,2026-09-05 19:28:00,2.69,n,306.44,N20,VIIRS,N,1154913146,Unnamed facility,Industrial Component / storage_tank,COMPONENT,,storage_tank,,0.0
7.70126,80.44299,2026-09-05 19:30:00,1.02,n,300.99,N20,VIIRS,N,1033490635,Unnamed facility,Industrial Component / storage_tank,COMPONENT,,storage_tank,,218.456
27.49386,86.55471,2026-09-05 20:08:00,0.75,n,296.24,N21,VIIRS,N,1181496682,Unnamed facility,Industrial Component / kiln,COMPONENT,,kiln,,119.916
29.47612,76.85525,2026-09-05 20:08:00,0.57,n,303.57,N21,VIIRS,N,259662844,Panipat Refinery,Industrial / refinery,FACILITY,,,refinery,0.191
29.72195,72.06939,2026-09-05 20:08:00,3.19,n,318.61,N21,VIIRS,N,17354528,Jetsar Soalr Park,Power / plant,FACILITY,plant,,,165.852
32.09121,74.14559,2026-09-05 20:08:00,1.38,n,308.15,N21,VIIRS,N,498946093,Unnamed facility,Industrial / brickworks,FACILITY,,,brickworks,74.358
27.45998,95.47742,2026-09-05 20:08:00,0.34,n,302.81,N21,VIIRS,N,971209674,Unnamed facility,Power / plant,FACILITY,plant,,,5.839
23.67502,86.08669,2026-09-05 20:10:00,2.56,n,313.97,N21,VIIRS,N,936986288,Bokaro Works Power Plant,Power / plant,FACILITY,plant,,,1.205
23.76203,86.40067,2026-09-05 20:10:00,2.1,n,313.64,N21,VIIRS,N,117695917,Cluster 11 and Cluster 7 (BCCL) Coal Mines,Mining / quarry,FACILITY,,,,0.0
23.69731,85.35693,2026-09-05 20:10:00,0.98,n,301.44,N21,VIIRS,N,116955125,Unnamed facility,Mining / quarry,FACILITY,,,,0.012
23.71215,86.44777,2026-09-05 20:10:00,2.39,n,312.63,N21,VIIRS,N,117807504,Cluster 8 and Cluster 9 Coal Mines,Mining / quarry,FACILITY,,,,0.0
23.71131,86.4524,2026-09-05 20:10:00,3.36,n,319.92,N21,VIIRS,N,117807504,Cluster 8 and Cluster 9 Coal Mines,Mining / quarry,FACILITY,,,,0.0
23.70852,86.447,2026-09-05 20:10:00,2.39,n,315.9,N21,VIIRS,N,117807504,Cluster 8 and Cluster 9 Coal Mines,Mining / quarry,FACILITY,,,,0.0
23.69961,86.07338,2026-09-05 20:10:00,4.46,n,323.47,N21,VIIRS,N,936986288,Bokaro Works Power Plant,Power / plant,FACILITY,plant,,,2.131
23.67533,86.40147,2026-09-05 20:10:00,3.81,n,321.76,N21,VIIRS,N,989561651,Unnamed facility,Industrial Component / spoil_heap,COMPONENT,,spoil_heap,,0.0
23.69594,87.0929,2026-09-05 20:10:00,2.14,n,308.84,N21,VIIRS,N,9138052461,Unnamed facility,Industrial Component / kiln,COMPONENT,,kiln,,2.159
23.69513,85.36953,2026-09-05 20:10:00,2.54,n,317.14,N21,VIIRS,N,526139561,Unnamed facility,Mining / quarry,FACILITY,,,,0.0
23.69505,85.28721,2026-09-05 20:10:00,1.94,n,305.53,N21,VIIRS,N,665608931,North Urimari Birsa Coal Mine,Mining / quarry,FACILITY,,,,0.088
23.69411,87.12382,2026-09-05 20:10:00,4.7,n,314.47,N21,VIIRS,N,20810432,Unnamed facility,Power / generator,FACILITY,generator,,,0.194
23.68659,87.12218,2026-09-05 20:10:00,5.3,n,311.02,N21,VIIRS,N,9140151403,Unnamed facility,Industrial Component / kiln,COMPONENT,,kiln,,0.617
23.68512,86.38915,2026-09-05 20:10:00,3.98,n,307.59,N21,VIIRS,N,117807509,Unnamed facility,Mining / quarry,FACILITY,,,,0.0
23.68428,86.39372,2026-09-05 20:10:00,3.98,n,330.86,N21,VIIRS,N,117807509,Unnamed facility,Mining / quarry,FACILITY,,,,0.092
23.68136,86.0927,2026-09-05 20:10:00,8.96,n,329.91,N21,VIIRS,N,936986288,Bokaro Works Power Plant,Power / plant,FACILITY,plant,,,0.277
23.68057,86.09719,2026-09-05 20:10:00,6.99,n,326.49,N21,VIIRS,N,936986288,Bokaro Works Power Plant,Power / plant,FACILITY,plant,,,0.539
23.71271,86.42383,2026-09-05 20:10:00,3.71,n,309.43,N21,VIIRS,N,988918471,Unnamed facility,Mining / quarry,FACILITY,,,,0.407
23.67981,86.39758,2026-09-05 20:10:00,4.02,n,312.26,N21,VIIRS,N,117807509,Unnamed facility,Mining / quarry,FACILITY,,,,0.0
20.69557,78.63858,2026-09-05 20:10:00,1.69,n,312.01,N21,VIIRS,N,221264662,Unnamed facility,Power / plant,FACILITY,plant,,,1.269
20.78375,85.26329,2026-09-05 20:10:00,3.11,n,308.54,N21,VIIRS,N,177572836,Tata Steel Meramandali,Industrial / metal_processing,FACILITY,,,metal_processing,0.0
20.78809,85.25961,2026-09-05 20:10:00,1.75,n,304.18,N21,VIIRS,N,177572836,Tata Steel Meramandali,Industrial / metal_processing,FACILITY,,,metal_processing,0.0
20.79319,85.25151,2026-09-05 20:10:00,1.11,n,303.43,N21,VIIRS,N,177572836,Tata Steel Meramandali,Industrial / metal_processing,FACILITY,,,metal_processing,0.0
20.80549,85.25647,2026-09-05 20:10:00,1.68,n,303.08,N21,VIIRS,N,177572836,Tata Steel Meramandali,Industrial / metal_processing,FACILITY,,,metal_processing,0.0
20.88697,84.98214,2026-09-05 20:10:00,2.3,n,310.44,N21,VIIRS,N,1012595669,Angul Steel Power Plant,Power / plant,FACILITY,plant,,,0.781
20.95448,85.01337,2026-09-05 20:10:00,1.77,n,301.26,N21,VIIRS,N,982263322,Unnamed facility,Mining / quarry,FACILITY,,,,0.0
21.07742,85.0393,2026-09-05 20:10:00,3.03,n,310.86,N21,VIIRS,N,942438107,Kaniha Coal Mine,Mining / quarry,FACILITY,,,,0.0
21.09986,72.63612,2026-09-05 20:10:00,0.87,n,301.42,N21,VIIRS,N,104647203,ArcelorMittal Nippon Steel India,Industrial Infrastructure / works,FACILITY,,works,,0.127
21.10406,72.64688,2026-09-05 20:10:00,3.22,n,311.77,N21,VIIRS,N,104647203,ArcelorMittal Nippon Steel India,Industrial Infrastructure / works,FACILITY,,works,,0.0
21.1044,72.64349,2026-09-05 20:10:00,2.29,n,308.08,N21,VIIRS,N,104647203,ArcelorMittal Nippon Steel India,Industrial Infrastructure / works,FACILITY,,works,,0.0
21.33678,78.96844,2026-09-05 20:10:00,1.0,n,304.58,N21,VIIRS,N,986587317,Adasa Coal Mine,Industrial / mine,FACILITY,,,mine,0.826
21.75567,84.02476,2026-09-05 20:10:00,2.65,n,307.75,N21,VIIRS,N,967922700,Unnamed facility,Industrial Component / goods_conveyor,COMPONENT,,goods_conveyor,,0.28
21.76371,84.01826,2026-09-05 20:10:00,4.55,n,312.38,N21,VIIRS,N,1158770481,Rengali Bhushan Power Plant,Power / plant,FACILITY,plant,,,0.598
23.67702,86.39223,2026-09-05 20:10:00,2.6,n,309.54,N21,VIIRS,N,117807509,Unnamed facility,Mining / quarry,FACILITY,,,,0.104
23.71806,85.00999,2026-09-05 20:10:00,0.49,n,307.03,N21,VIIRS,N,660217414,Ashoka Coal Mine,Mining / quarry,FACILITY,,,,0.048
23.73718,85.02235,2026-09-05 20:10:00,0.7,n,302.78,N21,VIIRS,N,660217414,Ashoka Coal Mine,Mining / quarry,FACILITY,,,,0.233
23.73728,86.43386,2026-09-05 20:10:00,6.3,n,331.03,N21,VIIRS,N,117807504,Cluster 8 and Cluster 9 Coal Mines,Mining / quarry,FACILITY,,,,0.0
25.39075,68.58009,2026-09-05 20:10:00,2.81,n,312.25,N21,VIIRS,N,1273382001,Khavda Renewable Energy Park,Power / plant,FACILITY,plant,,,171.277
25.39008,68.57923,2026-09-05 20:10:00,1.85,n,311.22,N21,VIIRS,N,1273382001,Khavda Renewable Energy Park,Power / plant,FACILITY,plant,,,171.249
24.20427,82.71069,2026-09-05 20:10:00,2.18,n,306.37,N21,VIIRS,N,197159970,Jhingurdah Mine,Mining / quarry,FACILITY,,,,0.0
24.14729,82.65858,2026-09-05 20:10:00,0.78,n,302.08,N21,VIIRS,N,197159969,Jayant Mine,Mining / quarry,FACILITY,,,,0.776
24.13681,82.726,2026-09-05 20:10:00,1.21,n,310.82,N21,VIIRS,N,196527355,Khadia Mine,Mining / quarry,FACILITY,,,,0.0
23.82782,84.57143,2026-09-05 20:10:00,2.2,n,309.52,N21,VIIRS,N,663128648,Unnamed facility,Mining / quarry,FACILITY,,,,13.227
23.80522,86.3315,2026-09-05 20:10:00,2.3,n,305.43,N21,VIIRS,N,117807506,Amalgamated Keshalpur-West Mudidih (AKWMC) Coal Mine,Mining / quarry,FACILITY,,,,0.22
23.80162,86.33073,2026-09-05 20:10:00,2.3,n,312.04,N21,VIIRS,N,117807506,Amalgamated Keshalpur-West Mudidih (AKWMC) Coal Mine,Mining / quarry,FACILITY,,,,0.0
23.78718,85.55292,2026-09-05 20:10:00,1.22,n,309.71,N21,VIIRS,N,65251416,West Bokaro Coal Mine,Mining / quarry,FACILITY,,,,0.22
23.78103,86.2099,2026-09-05 20:10:00,4.33,n,326.33,N21,VIIRS,N,117858814,Unnamed facility,Mining / quarry,FACILITY,,,,0.0
23.77997,85.57357,2026-09-05 20:10:00,1.04,n,300.83,N21,VIIRS,N,525917540,Unnamed facility,Mining / quarry,FACILITY,,,,0.0
23.77989,86.38808,2026-09-05 20:10:00,1.46,n,304.38,N21,VIIRS,N,117695917,Cluster 11 and Cluster 7 (BCCL) Coal Mines,Mining / quarry,FACILITY,,,,0.137
23.77909,86.34697,2026-09-05 20:10:00,1.53,n,302.54,N21,VIIRS,N,982810600,Unnamed facility,Industrial Component / spoil_heap,COMPONENT,,spoil_heap,,0.207
23.77898,86.38986,2026-09-05 20:10:00,2.73,n,309.4,N21,VIIRS,N,117695917,Cluster 11 and Cluster 7 (BCCL) Coal Mines,Mining / quarry,FACILITY,,,,0.0
23.77744,86.20918,2026-09-05 20:10:00,3.25,n,311.4,N21,VIIRS,N,117858814,Unnamed facility,Mining / quarry,FACILITY,,,,0.0
23.77627,86.38731,2026-09-05 20:10:00,1.46,n,300.34,N21,VIIRS,N,117695917,Cluster 11 and Cluster 7 (BCCL) Coal Mines,Mining / quarry,FACILITY,,,,0.036
23.77583,86.36533,2026-09-05 20:10:00,1.55,n,301.3,N21,VIIRS,N,825940050,Unnamed facility,Mining / quarry,FACILITY,,,,0.0
23.73929,85.01005,2026-09-05 20:10:00,2.29,n,312.86,N21,VIIRS,N,660217414,Ashoka Coal Mine,Mining / quarry,FACILITY,,,,0.0
23.74508,85.50452,2026-09-05 20:10:00,0.54,n,300.71,N21,VIIRS,N,1018654260,Unnamed facility,Mining / quarry,FACILITY,,,,0.872
23.75274,85.85497,2026-09-05 20:10:00,1.31,n,307.17,N21,VIIRS,N,134530459,Kathara coal mine,Mining / quarry,FACILITY,,,,0.0
23.75628,85.85568,2026-09-05 20:10:00,2.67,n,308.78,N21,VIIRS,N,134530459,Kathara coal mine,Mining / quarry,FACILITY,,,,0.0
23.75704,85.85133,2026-09-05 20:10:00,1.52,n,309.4,N21,VIIRS,N,134530459,Kathara coal mine,Mining / quarry,FACILITY,,,,0.051
23.75759,86.4045,2026-09-05 20:10:00,2.42,n,310.67,N21,VIIRS,N,117695917,Cluster 11 and Cluster 7 (BCCL) Coal Mines,Mining / quarry,FACILITY,,,,0.0
21.76709,84.0189,2026-09-05 20:10:00,2.59,n,322.11,N21,VIIRS,N,1158770481,Rengali Bhushan Power Plant,Power / plant,FACILITY,plant,,,0.202
23.75841,86.3999,2026-09-05 20:10:00,2.01,n,304.9,N21,VIIRS,N,117695917,Cluster 11 and Cluster 7 (BCCL) Coal Mines,Mining / quarry,FACILITY,,,,0.0
23.76483,86.40603,2026-09-05 20:10:00,1.75,n,309.74,N21,VIIRS,N,117695917,Cluster 11 and Cluster 7 (BCCL) Coal Mines,Mining / quarry,FACILITY,,,,0.0
23.76565,86.40144,2026-09-05 20:10:00,2.1,n,301.05,N21,VIIRS,N,117695917,Cluster 11 and Cluster 7 (BCCL) Coal Mines,Mining / quarry,FACILITY,,,,0.0
23.76927,86.40222,2026-09-05 20:10:00,1.09,n,300.53,N21,VIIRS,N,117695917,Cluster 11 and Cluster 7 (BCCL) Coal Mines,Mining / quarry,FACILITY,,,,0.0
23.77187,86.19864,2026-09-05 20:10:00,0.92,n,303.1,N21,VIIRS,N,117858814,Unnamed facility,Mining / quarry,FACILITY,,,,0.057
23.77222,86.36455,2026-09-05 20:10:00,2.31,n,308.15,N21,VIIRS,N,825940050,Unnamed facility,Mining / quarry,FACILITY,,,,0.0
23.77267,86.19411,2026-09-05 20:10:00,1.01,n,301.46,N21,VIIRS,N,117858814,Unnamed facility,Mining / quarry,FACILITY,,,,0.0
23.76121,86.40527,2026-09-05 20:10:00,1.75,n,312.45,N21,VIIRS,N,117695917,Cluster 11 and Cluster 7 (BCCL) Coal Mines,Mining / quarry,FACILITY,,,,0.171
21.77047,84.01955,2026-09-05 20:10:00,2.59,n,310.59,N21,VIIRS,N,1158770481,Rengali Bhushan Power Plant,Power / plant,FACILITY,plant,,,0.0
23.67618,86.39684,2026-09-05 20:10:00,3.81,n,314.98,N21,VIIRS,N,117807509,Unnamed facility,Mining / quarry,FACILITY,,,,0.025
21.81763,83.99536,2026-09-05 20:10:00,3.04,n,305.71,N21,VIIRS,N,175447676,Jharsuguda Sterlite power station,Power / plant,FACILITY,plant,,,3.524
22.57382,85.89554,2026-09-05 20:10:00,7.45,n,342.22,N21,VIIRS,N,666516169,Unnamed facility,Mining / quarry,FACILITY,,,,9.926
22.57463,85.89106,2026-09-05 20:10:00,2.21,n,309.35,N21,VIIRS,N,666516169,Unnamed facility,Mining / quarry,FACILITY,,,,9.897
22.59097,85.90384,2026-09-05 20:10:00,1.84,n,307.25,N21,VIIRS,N,666516169,Unnamed facility,Mining / quarry,FACILITY,,,,7.8
22.78233,86.20396,2026-09-05 20:10:00,1.65,n,306.54,N21,VIIRS,N,1291344234,Unnamed facility,Industrial Component / goods_conveyor,COMPONENT,,goods_conveyor,,0.767
22.78679,86.20014,2026-09-05 20:10:00,1.65,n,308.97,N21,VIIRS,N,1291344224,Unnamed facility,Industrial Component / goods_conveyor,COMPONENT,,goods_conveyor,,0.269
23.6678,84.99622,2026-09-05 20:10:00,0.75,n,304.81,N21,VIIRS,N,982838079,KDH coal mine,Mining / quarry,FACILITY,,,,0.094
23.66499,87.15402,2026-09-05 20:10:00,1.2,n,303.51,N21,VIIRS,N,988893570,Belbaid,Industrial / mine,FACILITY,,,mine,1.159
23.66405,87.15904,2026-09-05 20:10:00,1.2,n,305.22,N21,VIIRS,N,988893567,Unnamed facility,Mining / quarry,FACILITY,,,,1.33
23.66368,84.99961,2026-09-05 20:10:00,0.9,n,304.65,N21,VIIRS,N,982838079,KDH coal mine,Mining / quarry,FACILITY,,,,0.03
22.37877,87.28007,2026-09-05 20:10:00,3.77,n,327.63,N21,VIIRS,N,1469423527,Unnamed facility,Industrial Component / storage_tank,COMPONENT,,storage_tank,,5.362
23.56101,87.08167,2026-09-05 20:10:00,4.73,n,312.78,N21,VIIRS,N,1268861767,Unnamed facility,Mining / quarry,FACILITY,,,,2.254
23.56006,87.23399,2026-09-05 20:10:00,2.63,n,310.14,N21,VIIRS,N,974481211,Unnamed facility,Industrial Infrastructure / works,FACILITY,,works,,0.11
23.55911,87.23907,2026-09-05 20:10:00,5.76,n,315.09,N21,VIIRS,N,974481211,Unnamed facility,Industrial Infrastructure / works,FACILITY,,works,,0.394
23.55145,86.54217,2026-09-05 20:10:00,1.05,n,304.01,N21,VIIRS,N,1002518853,Unnamed facility,Power / plant,FACILITY,plant,,,8.747
22.87283,88.21246,2026-09-05 20:10:00,2.67,n,305.18,N21,VIIRS,N,616848543,Himadri Speciality Chemicals Limited,Industrial / factory,FACILITY,,,factory,0.0
22.87173,86.06425,2026-09-05 20:10:00,1.5,n,309.81,N21,VIIRS,N,1040644050,Unnamed facility,Mining / quarry,FACILITY,,,,1.929
22.81455,86.08678,2026-09-05 20:10:00,3.02,n,319.93,N21,VIIRS,N,1092684075,Adityapur Works Power Station,Power / plant,FACILITY,plant,,,1.348
22.79769,86.20249,2026-09-05 20:10:00,2.29,n,307.99,N21,VIIRS,N,1199596865,Jojobera Tata Unit 6 Power Station,Power / plant,FACILITY,plant,,,0.668
22.79125,86.19631,2026-09-05 20:10:00,2.41,n,308.75,N21,VIIRS,N,20451401,Unnamed facility,Power / generator,FACILITY,generator,,,0.335
22.7896,86.20553,2026-09-05 20:10:00,3.02,n,310.74,N21,VIIRS,N,1199596865,Jojobera Tata Unit 6 Power Station,Power / plant,FACILITY,plant,,,0.524
23.561,87.22893,2026-09-05 20:10:00,2.63,n,310.94,N21,VIIRS,N,974481211,Unnamed facility,Industrial Infrastructure / works,FACILITY,,works,,0.117
22.36787,87.01679,2026-09-05 20:10:00,1.5,n,307.73,N21,VIIRS,N,1003080736,Unnamed facility,Power / plant,FACILITY,plant,,,17.714
22.3749,87.27922,2026-09-05 20:10:00,3.77,n,314.23,N21,VIIRS,N,1469423527,Unnamed facility,Industrial Component / storage_tank,COMPONENT,,storage_tank,,5.785
22.20885,84.86406,2026-09-05 20:10:00,5.04,n,322.75,N21,VIIRS,N,150105892,Unnamed facility,Industrial Infrastructure / gasometer,FACILITY,,gasometer,,0.754
21.85717,83.96687,2026-09-05 20:10:00,3.14,n,309.54,N21,VIIRS,N,91005917,Unnamed facility,Mining / quarry,FACILITY,,,,7.214
21.9213,83.34872,2026-09-05 20:10:00,0.91,n,300.73,N21,VIIRS,N,1093898245,Raigarh Jindal power station,Power / plant,FACILITY,plant,,,0.518
21.92353,85.22436,2026-09-05 20:10:00,2.65,n,317.76,N21,VIIRS,N,664709787,Rungta Kamanda power station,Power / plant,FACILITY,plant,,,0.2
21.92794,83.34996,2026-09-05 20:10:00,0.86,n,295.74,N21,VIIRS,N,1093898245,Raigarh Jindal power station,Power / plant,FACILITY,plant,,,0.453
21.93132,85.22147,2026-09-05 20:10:00,1.77,n,310.59,N21,VIIRS,N,664709787,Rungta Kamanda power station,Power / plant,FACILITY,plant,,,0.0
21.98956,85.32646,2026-09-05 20:10:00,1.09,n,305.55,N21,VIIRS,N,664709603,Unnamed facility,Mining / quarry,FACILITY,,,,1.266
22.05061,88.12418,2026-09-05 20:10:00,2.71,n,308.05,N21,VIIRS,N,335946818,Haldia Tata Power Power Plant,Power / plant,FACILITY,plant,,,0.138
22.05307,85.4641,2026-09-05 20:10:00,1.36,n,309.95,N21,VIIRS,N,1001797462,Unnamed facility,Mining / quarry,FACILITY,,,,3.651
22.0547,88.12509,2026-09-05 20:10:00,3.41,n,313.7,N21,VIIRS,N,335946818,Haldia Tata Power Power Plant,Power / plant,FACILITY,plant,,,0.308
22.20611,84.85925,2026-09-05 20:10:00,2.82,n,317.65,N21,VIIRS,N,150105892,Unnamed facility,Industrial Infrastructure / gasometer,FACILITY,,gasometer,,1.324
22.20814,84.86816,2026-09-05 20:10:00,2.03,n,305.04,N21,VIIRS,N,150106328,Unnamed facility,Industrial Component / storage_tank,COMPONENT,,storage_tank,,0.539
21.80179,83.8933,2026-09-05 20:10:00,1.38,n,302.5,N21,VIIRS,N,91005918,Samaleswari Coal Mine,Mining / quarry,FACILITY,,,,0.0
22.20956,84.85995,2026-09-05 20:10:00,5.04,n,329.75,N21,VIIRS,N,150105892,Unnamed facility,Industrial Infrastructure / gasometer,FACILITY,,gasometer,,0.977
22.21017,84.8771,2026-09-05 20:10:00,1.91,n,305.71,N21,VIIRS,N,150106328,Unnamed facility,Industrial Component / storage_tank,COMPONENT,,storage_tank,,0.437
22.21312,84.83941,2026-09-05 20:10:00,1.68,n,306.67,N21,VIIRS,N,899963455,Unnamed facility,Power / plant,FACILITY,plant,,,1.017
22.24511,87.3878,2026-09-05 20:10:00,5.6,n,316.97,N21,VIIRS,N,421635559,BEL,Power / plant,FACILITY,plant,,,0.0
22.35643,87.29174,2026-09-05 20:10:00,1.61,n,309.11,N21,VIIRS,N,6129977632,Unnamed facility,Industrial Component / storage_tank,COMPONENT,,storage_tank,,4.552
22.36023,87.01515,2026-09-05 20:10:00,1.64,n,306.85,N21,VIIRS,N,1003080736,Unnamed facility,Power / plant,FACILITY,plant,,,17.793
22.3632,87.29877,2026-09-05 20:10:00,2.93,n,315.58,N21,VIIRS,N,661053493,Unnamed facility,Industrial Infrastructure / works,FACILITY,,works,,5.043
22.36405,87.01598,2026-09-05 20:10:00,1.64,n,307.67,N21,VIIRS,N,1003080736,Unnamed facility,Power / plant,FACILITY,plant,,,17.746
22.36707,87.29963,2026-09-05 20:10:00,2.93,n,314.18,N21,VIIRS,N,661053493,Unnamed facility,Industrial Infrastructure / works,FACILITY,,works,,4.954
15.17192,76.66631,2026-09-05 20:12:00,1.81,n,305.74,N21,VIIRS,N,285680302,Jindal Steel Works,Industrial Infrastructure / works,FACILITY,,works,steel_mill,0.0
15.17172,76.69458,2026-09-05 20:12:00,1.26,n,305.11,N21,VIIRS,N,285680302,Jindal Steel Works,Industrial Infrastructure / works,FACILITY,,works,steel_mill,0.0
15.16989,76.37828,2026-09-05 20:12:00,1.64,n,304.37,N21,VIIRS,N,1186902443,Danapuram BMM Captive Power Plant 1,Power / plant,FACILITY,plant,,,0.048
15.16989,76.37828,2026-09-05 20:12:00,1.64,n,304.37,N21,VIIRS,N,16053036,Danapuram BMM Captive Power Plants,Power / plant,FACILITY,plant,,,0.048
15.17237,76.68996,2026-09-05 20:12:00,1.26,n,308.78,N21,VIIRS,N,285680302,Jindal Steel Works,Industrial Infrastructure / works,FACILITY,,works,steel_mill,0.0
15.18312,76.65155,2026-09-05 20:12:00,1.62,n,307.36,N21,VIIRS,N,285680302,Jindal Steel Works,Industrial Infrastructure / works,FACILITY,,works,steel_mill,0.0
15.17379,77.10085,2026-09-05 20:12:00,1.56,n,306.8,N21,VIIRS,N,1002431141,Unnamed facility,Power / plant,FACILITY,plant,,,1.507
15.65958,73.99016,2026-09-05 20:12:00,1.05,n,306.89,N21,VIIRS,N,1381466373,Unnamed facility,Mining / quarry,FACILITY,,,,0.985
15.33358,76.28581,2026-09-05 20:12:00,1.29,n,307.91,N21,VIIRS,N,1327523245,Unnamed facility,Mining / quarry,FACILITY,,,,2.372
15.33241,76.28778,2026-09-05 20:12:00,1.25,n,304.18,N21,VIIRS,N,1327523245,Unnamed facility,Mining / quarry,FACILITY,,,,2.409
15.2251,76.76094,2026-09-05 20:12:00,1.37,n,308.24,N21,VIIRS,N,19280842,KPCL Bellary Thermal Power Plant,Power / plant,FACILITY,plant,,,3.394
15.22446,76.76551,2026-09-05 20:12:00,1.37,n,307.97,N21,VIIRS,N,19280842,KPCL Bellary Thermal Power Plant,Power / plant,FACILITY,plant,,,3.754
15.18623,76.65672,2026-09-05 20:12:00,2.33,n,307.98,N21,VIIRS,N,285680302,Jindal Steel Works,Industrial Infrastructure / works,FACILITY,,works,steel_mill,0.0
15.16922,76.38309,2026-09-05 20:12:00,1.93,n,304.51,N21,VIIRS,N,1186902443,Danapuram BMM Captive Power Plant 1,Power / plant,FACILITY,plant,,,0.547
15.16922,76.38309,2026-09-05 20:12:00,1.93,n,304.51,N21,VIIRS,N,16053036,Danapuram BMM Captive Power Plants,Power / plant,FACILITY,plant,,,0.547
15.18124,76.66544,2026-09-05 20:12:00,5.22,n,330.93,N21,VIIRS,N,285680302,Jindal Steel Works,Industrial Infrastructure / works,FACILITY,,works,steel_mill,0.0
15.17999,76.67468,2026-09-05 20:12:00,2.82,n,310.65,N21,VIIRS,N,285680302,Jindal Steel Works,Industrial Infrastructure / works,FACILITY,,works,steel_mill,0.0
15.17876,76.65566,2026-09-05 20:12:00,1.62,n,309.99,N21,VIIRS,N,285680302,Jindal Steel Works,Industrial Infrastructure / works,FACILITY,,works,steel_mill,0.0
15.17873,76.67195,2026-09-05 20:12:00,1.45,n,308.45,N21,VIIRS,N,285680302,Jindal Steel Works,Industrial Infrastructure / works,FACILITY,,works,steel_mill,0.0
15.17808,76.67657,2026-09-05 20:12:00,1.45,n,316.25,N21,VIIRS,N,285680302,Jindal Steel Works,Industrial Infrastructure / works,FACILITY,,works,steel_mill,0.0
15.17761,76.65297,2026-09-05 20:12:00,2.12,n,309.37,N21,VIIRS,N,285680302,Jindal Steel Works,Industrial Infrastructure / works,FACILITY,,works,steel_mill,0.0
15.17696,76.65759,2026-09-05 20:12:00,2.12,n,313.08,N21,VIIRS,N,285680302,Jindal Steel Works,Industrial Infrastructure / works,FACILITY,,works,steel_mill,0.0
15.17626,76.67416,2026-09-05 20:12:00,2.82,n,313.32,N21,VIIRS,N,285680302,Jindal Steel Works,Industrial Infrastructure / works,FACILITY,,works,steel_mill,0.0
15.17563,76.67879,2026-09-05 20:12:00,2.87,n,309.68,N21,VIIRS,N,285680302,Jindal Steel Works,Industrial Infrastructure / works,FACILITY,,works,steel_mill,0.0
15.17502,76.65514,2026-09-05 20:12:00,4.05,n,324.56,N21,VIIRS,N,285680302,Jindal Steel Works,Industrial Infrastructure / works,FACILITY,,works,steel_mill,0.0
15.17434,76.67606,2026-09-05 20:12:00,1.45,n,305.63,N21,VIIRS,N,285680302,Jindal Steel Works,Industrial Infrastructure / works,FACILITY,,works,steel_mill,0.0
15.17387,76.65245,2026-09-05 20:12:00,2.61,n,314.05,N21,VIIRS,N,285680302,Jindal Steel Works,Industrial Infrastructure / works,FACILITY,,works,steel_mill,0.0
15.17375,76.6927,2026-09-05 20:12:00,2.55,n,315.48,N21,VIIRS,N,285680302,Jindal Steel Works,Industrial Infrastructure / works,FACILITY,,works,steel_mill,0.0
15.16609,76.37775,2026-09-05 20:12:00,1.2,n,303.82,N21,VIIRS,N,1186902443,Danapuram BMM Captive Power Plant 1,Power / plant,FACILITY,plant,,,0.445
15.16609,76.37775,2026-09-05 20:12:00,1.2,n,303.82,N21,VIIRS,N,16053036,Danapuram BMM Captive Power Plants,Power / plant,FACILITY,plant,,,0.445
17.08061,79.32659,2026-09-05 20:12:00,1.28,n,310.3,N21,VIIRS,N,1459442326,Unnamed facility,Industrial Component / storage_tank,COMPONENT,,storage_tank,,7.183
15.02176,78.01606,2026-09-05 20:12:00,1.73,n,318.16,N21,VIIRS,N,829079274,Unnamed facility,Industrial Component / goods_conveyor,COMPONENT,,goods_conveyor,,0.134
15.02234,78.01205,2026-09-05 20:12:00,1.24,n,308.61,N21,VIIRS,N,829079274,Unnamed facility,Industrial Component / goods_conveyor,COMPONENT,,goods_conveyor,,0.228
17.62253,83.19462,2026-09-05 20:12:00,1.23,n,310.5,N21,VIIRS,N,395219953,Visakhapatnam Steel Plant,Industrial / steelmaking,FACILITY,,,steelmaking,0.0
17.6104,83.20434,2026-09-05 20:12:00,3.91,n,330.16,N21,VIIRS,N,801380978,Unnamed facility,Industrial Infrastructure / works,FACILITY,,works,,0.0
17.6104,83.20434,2026-09-05 20:12:00,3.91,n,330.16,N21,VIIRS,N,395219953,Visakhapatnam Steel Plant,Industrial / steelmaking,FACILITY,,,steelmaking,0.0
17.60699,83.20371,2026-09-05 20:12:00,1.1,n,310.74,N21,VIIRS,N,801380978,Unnamed facility,Industrial Infrastructure / works,FACILITY,,works,,0.0
17.60699,83.20371,2026-09-05 20:12:00,1.1,n,310.74,N21,VIIRS,N,395219953,Visakhapatnam Steel Plant,Industrial / steelmaking,FACILITY,,,steelmaking,0.0
17.60359,83.20309,2026-09-05 20:12:00,1.1,n,311.08,N21,VIIRS,N,801380978,Unnamed facility,Industrial Infrastructure / works,FACILITY,,works,,0.0
17.60359,83.20309,2026-09-05 20:12:00,1.1,n,311.08,N21,VIIRS,N,395219953,Visakhapatnam Steel Plant,Industrial / steelmaking,FACILITY,,,steelmaking,0.0
17.4632,80.65212,2026-09-05 20:12:00,1.14,n,310.59,N21,VIIRS,N,59827121,Coalfields,Mining / quarry,FACILITY,,,,0.0
17.69201,83.24284,2026-09-05 20:12:00,2.79,n,315.25,N21,VIIRS,N,280178624,Hindustan Petroleum Corporation Limited,Industrial / refinery,FACILITY,,,refinery,0.0
17.14211,77.18413,2026-09-05 20:12:00,3.88,n,309.55,N21,VIIRS,N,1227460024,Unnamed facility,Power / plant,FACILITY,plant,,,0.614
17.08116,79.32281,2026-09-05 20:12:00,1.28,n,308.76,N21,VIIRS,N,1459442326,Unnamed facility,Industrial Component / storage_tank,COMPONENT,,storage_tank,,6.819
17.06219,76.97944,2026-09-05 20:12:00,1.92,n,307.89,N21,VIIRS,N,136560600,Unnamed facility,Mining / quarry,FACILITY,,,,0.213
13.37448,78.87302,2026-09-05 20:12:00,0.63,n,304.49,N21,VIIRS,N,887981957,Unnamed facility,Mining / quarry,FACILITY,,,,13.926
13.70996,79.61896,2026-09-05 20:12:00,1.22,n,311.56,N21,VIIRS,N,1494560078,Unnamed facility,Power / plant,FACILITY,plant,,,11.262
14.14932,77.59215,2026-09-05 20:12:00,4.01,n,330.34,N21,VIIRS,N,9096790582,Unnamed facility,Power / generator,FACILITY,generator,,,0.52
14.60506,78.52165,2026-09-05 20:12:00,1.12,n,312.98,N21,VIIRS,N,1001055400,Unnamed facility,Mining / quarry,FACILITY,,,,0.776
17.13967,77.17435,2026-09-05 20:12:00,4.25,n,310.04,N21,VIIRS,N,98939356,Unnamed facility,Mining / quarry,FACILITY,,,,0.682
18.72084,79.53776,2026-09-05 20:12:00,2.03,n,312.1,N21,VIIRS,N,97458070,Ramagundam III Coal Mine,Mining / quarry,FACILITY,,,,0.0
7.69845,80.4473,2026-09-05 20:14:00,1.1,n,307.03,N21,VIIRS,N,1033490635,Unnamed facility,Industrial Component / storage_tank,COMPONENT,,storage_tank,,218.991
7.69903,80.44368,2026-09-05 20:14:00,1.1,n,305.56,N21,VIIRS,N,1033490635,Unnamed facility,Industrial Component / storage_tank,COMPONENT,,storage_tank,,218.705
8.11788,80.81081,2026-09-05 20:14:00,1.64,n,304.52,N21,VIIRS,N,1033490635,Unnamed facility,Industrial Component / storage_tank,COMPONENT,,storage_tank,,212.848
8.12039,80.55531,2026-09-05 20:14:00,0.54,n,299.18,N21,VIIRS,N,1033490635,Unnamed facility,Industrial Component / storage_tank,COMPONENT,,storage_tank,,191.055
8.38256,80.80727,2026-09-05 20:14:00,1.41,n,307.45,N21,VIIRS,N,1554800372,Unnamed facility,Power / generator,FACILITY,generator,,,195.292
8.67761,77.63989,2026-09-05 20:14:00,2.61,n,315.85,N21,VIIRS,N,829826390,Unnamed facility,Mining / quarry,FACILITY,,,,5.261
8.70224,78.05685,2026-09-05 20:14:00,1.29,n,307.38,N21,VIIRS,N,1442917861,Unnamed facility,Power / plant,FACILITY,plant,,,4.32
11.94986,76.94534,2026-09-05 20:14:00,1.03,n,307.4,N21,VIIRS,N,999615857,T.N.Pura,Power / plant,FACILITY,plant,,,11.003
12.62565,79.78779,2026-09-05 20:14:00,2.0,n,314.52,N21,VIIRS,N,1017039655,Unnamed facility,Mining / quarry,FACILITY,,,,6.166
13.4158,75.98129,2026-09-05 20:14:00,1.67,n,309.57,N21,VIIRS,N,974472131,Unnamed facility,Mining / quarry,FACILITY,,,,18.101
6.30928,80.96051,2026-09-05 20:14:00,1.34,n,303.95,N21,VIIRS,N,1033490635,Unnamed facility,Industrial Component / storage_tank,COMPONENT,,storage_tank,,381.551
12.80543,77.43291,2026-09-05 20:14:00,0.66,n,306.42,N21,VIIRS,N,841058203,Unnamed facility,Industrial Infrastructure / works,FACILITY,,works,,0.912
13.01668,77.74179,2026-09-05 20:14:00,0.5,n,303.01,N21,VIIRS,N,1107039361,Yelemallappa Chetti 15MLD Sewage Treatment Planet,Industrial Component / wastewater_plant,COMPONENT,,wastewater_plant,,2.393
12.95159,79.9017,2026-09-05 20:14:00,0.77,n,308.28,N21,VIIRS,N,202505410,Unnamed facility,Mining / quarry,FACILITY,,,,0.027
35.96867,68.6859,2026-09-05 21:01:00,1.66,n,305.32,N20,VIIRS,N,1468709568,Unnamed facility,Power / plant,FACILITY,plant,,,608.372
35.96949,68.68713,2026-09-05 21:01:00,0.94,n,302.05,N20,VIIRS,N,1468709568,Unnamed facility,Power / plant,FACILITY,plant,,,608.284
31.25992,76.92314,2026-09-05 21:04:00,0.4,n,300.63,N20,VIIRS,N,168237664,Darlaghat Mines,Mining / quarry,FACILITY,,,,4.386
31.61647,74.37518,2026-09-05 21:04:00,2.26,n,310.03,N20,VIIRS,N,498946093,Unnamed facility,Industrial / brickworks,FACILITY,,,brickworks,22.45
31.64455,74.15454,2026-09-05 21:04:00,1.53,n,309.91,N20,VIIRS,N,498946093,Unnamed facility,Industrial / brickworks,FACILITY,,,brickworks,46.484
33.29763,71.1851,2026-09-05 21:04:00,0.79,n,309.82,N20,VIIRS,N,1468709568,Unnamed facility,Power / plant,FACILITY,plant,,,324.162
33.84956,72.87093,2026-09-05 21:04:00,0.77,n,305.63,N20,VIIRS,N,1468709568,Unnamed facility,Power / plant,FACILITY,plant,,,124.554
28.42367,69.70199,2026-09-05 21:04:00,2.95,n,311.4,N20,VIIRS,N,457973221,Unnamed facility,Mining / quarry,FACILITY,,,,137.577
29.47778,76.85781,2026-09-05 21:04:00,1.29,n,305.57,N20,VIIRS,N,259662844,Panipat Refinery,Industrial / refinery,FACILITY,,,refinery,0.0
25.38767,68.58012,2026-09-05 21:06:00,1.04,n,316.37,N20,VIIRS,N,1273382001,Khavda Renewable Energy Park,Power / plant,FACILITY,plant,,,170.941
25.38709,68.58413,2026-09-05 21:06:00,0.92,n,307.84,N20,VIIRS,N,1273382001,Khavda Renewable Energy Park,Power / plant,FACILITY,plant,,,170.667
24.82338,73.09252,2026-09-05 21:06:00,0.78,n,304.65,N20,VIIRS,N,1228071247,Unnamed facility,Power / plant,FACILITY,plant,,,0.292
24.8199,73.09176,2026-09-05 21:06:00,0.78,n,306.36,N20,VIIRS,N,1228071247,Unnamed facility,Power / plant,FACILITY,plant,,,0.56
24.69006,73.00367,2026-09-05 21:06:00,1.18,n,308.43,N20,VIIRS,N,386432635,Unnamed facility,Mining / quarry,FACILITY,,,,0.616
21.33948,78.96864,2026-09-05 21:06:00,0.7,n,306.66,N20,VIIRS,N,986587317,Adasa Coal Mine,Industrial / mine,FACILITY,,,mine,0.577
23.30572,70.47698,2026-09-05 21:06:00,1.1,n,308.73,N20,VIIRS,N,9248414030,Unnamed facility,Power / generator,FACILITY,generator,,,4.854
22.41734,69.04001,2026-09-05 21:06:00,1.21,n,305.17,N20,VIIRS,N,1312188870,Unnamed facility,Industrial Component / silo,COMPONENT,,silo,,2.674
20.91168,71.4588,2026-09-05 21:06:00,1.32,n,315.76,N20,VIIRS,N,226111719,GSPC Pipavav Power Company Ltd.,Power / plant,FACILITY,plant,,,1.052
19.10254,82.16389,2026-09-05 21:06:00,1.65,n,306.83,N20,VIIRS,N,1214008227,Nagarnar Steel Plant,Industrial / steelmaking,FACILITY,,,steelmaking,0.0
19.10114,82.16985,2026-09-05 21:06:00,1.41,n,299.56,N20,VIIRS,N,1214008227,Nagarnar Steel Plant,Industrial / steelmaking,FACILITY,,,steelmaking,0.0
23.3177,70.48697,2026-09-05 21:06:00,0.98,n,305.42,N20,VIIRS,N,9248414030,Unnamed facility,Power / generator,FACILITY,generator,,,6.336
21.1022,72.63403,2026-09-05 21:06:00,2.97,n,303.0,N20,VIIRS,N,104647203,ArcelorMittal Nippon Steel India,Industrial Infrastructure / works,FACILITY,,works,,0.0
15.18026,76.65346,2026-09-05 21:08:00,0.73,n,304.16,N20,VIIRS,N,285680302,Jindal Steel Works,Industrial Infrastructure / works,FACILITY,,works,steel_mill,0.0
15.33788,76.27744,2026-09-05 21:08:00,2.58,n,309.63,N20,VIIRS,N,1327523245,Unnamed facility,Mining / quarry,FACILITY,,,,2.374
15.86784,79.38237,2026-09-05 21:08:00,1.71,n,317.85,N20,VIIRS,N,1282082051,Unnamed facility,Mining / quarry,FACILITY,,,,19.153
15.86545,79.38067,2026-09-05 21:08:00,2.76,n,326.38,N20,VIIRS,N,1282082051,Unnamed facility,Mining / quarry,FACILITY,,,,18.833
15.86193,79.38101,2026-09-05 21:08:00,1.73,n,300.06,N20,VIIRS,N,1282082051,Unnamed facility,Mining / quarry,FACILITY,,,,18.456
15.65885,73.98855,2026-09-05 21:08:00,1.39,n,310.57,N20,VIIRS,N,1381466373,Unnamed facility,Mining / quarry,FACILITY,,,,0.934
17.142,77.18357,2026-09-05 21:08:00,0.53,n,304.72,N20,VIIRS,N,1227460024,Unnamed facility,Power / plant,FACILITY,plant,,,0.624
15.2252,76.76069,2026-09-05 21:08:00,0.86,n,303.33,N20,VIIRS,N,19280842,KPCL Bellary Thermal Power Plant,Power / plant,FACILITY,plant,,,3.381
15.22457,76.7638,2026-09-05 21:08:00,0.92,n,306.29,N20,VIIRS,N,19280842,KPCL Bellary Thermal Power Plant,Power / plant,FACILITY,plant,,,3.606
15.19864,76.37866,2026-09-05 21:08:00,0.76,n,304.09,N20,VIIRS,N,1001128757,Unnamed facility,Mining / quarry,FACILITY,,,,1.244
11.63562,77.6582,2026-09-05 21:08:00,1.07,n,304.36,N20,VIIRS,N,429967362,Lower Mettur Barrage II Power House,Power / plant,FACILITY,plant,,,10.927
13.41738,75.9798,2026-09-05 21:08:00,0.4,n,302.16,N20,VIIRS,N,974472131,Unnamed facility,Mining / quarry,FACILITY,,,,17.977
13.89865,76.5645,2026-09-05 21:08:00,0.66,n,307.32,N20,VIIRS,N,1670706045,Unnamed facility,Power / generator,FACILITY,generator,,,8.783
14.15109,77.59263,2026-09-05 21:08:00,1.0,n,304.87,N20,VIIRS,N,9096790582,Unnamed facility,Power / generator,FACILITY,generator,,,0.729
14.15187,77.58869,2026-09-05 21:08:00,1.17,n,308.89,N20,VIIRS,N,9096790581,Unnamed facility,Power / generator,FACILITY,generator,,,0.758
15.07157,76.86669,2026-09-05 21:08:00,1.31,n,303.27,N20,VIIRS,N,363697813,Unnamed facility,Mining / quarry,FACILITY,,,,7.459
15.07222,76.8634,2026-09-05 21:08:00,1.18,n,304.51,N20,VIIRS,N,363697813,Unnamed facility,Mining / quarry,FACILITY,,,,7.447
15.13699,76.71162,2026-09-05 21:08:00,0.67,n,302.57,N20,VIIRS,N,1230631682,Unnamed facility,Mining / quarry,FACILITY,,,,3.221
15.13762,76.70852,2026-09-05 21:08:00,0.94,n,308.77,N20,VIIRS,N,1230631682,Unnamed facility,Mining / quarry,FACILITY,,,,2.877
15.16696,76.37938,2026-09-05 21:08:00,0.6,n,303.96,N20,VIIRS,N,1186902443,Danapuram BMM Captive Power Plant 1,Power / plant,FACILITY,plant,,,0.39
15.16696,76.37938,2026-09-05 21:08:00,0.6,n,303.96,N20,VIIRS,N,16053036,Danapuram BMM Captive Power Plants,Power / plant,FACILITY,plant,,,0.39
15.17523,76.65232,2026-09-05 21:08:00,0.73,n,303.49,N20,VIIRS,N,285680302,Jindal Steel Works,Industrial Infrastructure / works,FACILITY,,works,steel_mill,0.0
15.18284,76.66691,2026-09-05 21:08:00,1.37,n,308.78,N20,VIIRS,N,285680302,Jindal Steel Works,Industrial Infrastructure / works,FACILITY,,works,steel_mill,0.0
15.17531,76.78477,2026-09-05 21:08:00,0.99,n,303.99,N20,VIIRS,N,1158804984,Unnamed facility,Mining / quarry,FACILITY,,,,4.605
15.17597,76.675,2026-09-05 21:08:00,1.81,n,317.24,N20,VIIRS,N,285680302,Jindal Steel Works,Industrial Infrastructure / works,FACILITY,,works,steel_mill,0.0
15.1776,77.10127,2026-09-05 21:08:00,1.56,n,312.62,N20,VIIRS,N,1002431141,Unnamed facility,Power / plant,FACILITY,plant,,,1.904
15.17965,76.65654,2026-09-05 21:08:00,2.34,n,312.82,N20,VIIRS,N,285680302,Jindal Steel Works,Industrial Infrastructure / works,FACILITY,,works,steel_mill,0.0
17.95665,80.78942,2026-09-05 21:08:00,1.7,n,306.24,N20,VIIRS,N,59837236,Manuguru II Coal Mine,Mining / quarry,FACILITY,,,,0.0
17.9612,80.79105,2026-09-05 21:08:00,2.13,n,309.72,N20,VIIRS,N,59837236,Manuguru II Coal Mine,Mining / quarry,FACILITY,,,,0.044
18.71488,79.53679,2026-09-05 21:08:00,1.16,n,301.81,N20,VIIRS,N,97458070,Ramagundam III Coal Mine,Mining / quarry,FACILITY,,,,0.0
17.08589,79.32469,2026-09-05 21:08:00,1.23,n,303.71,N20,VIIRS,N,1459442326,Unnamed facility,Industrial Component / storage_tank,COMPONENT,,storage_tank,,7.241
17.08617,79.32299,2026-09-05 21:08:00,1.33,n,297.99,N20,VIIRS,N,1459442326,Unnamed facility,Industrial Component / storage_tank,COMPONENT,,storage_tank,,7.088
33.80205,72.09871,2026-09-05 21:48:00,1.0,n,301.51,N21,VIIRS,N,1468709568,Unnamed facility,Power / plant,FACILITY,plant,,,203.642
33.29659,71.18657,2026-09-05 21:48:00,0.68,n,304.36,N21,VIIRS,N,1468709568,Unnamed facility,Power / plant,FACILITY,plant,,,324.077
28.42337,69.70081,2026-09-05 21:50:00,1.66,n,309.17,N21,VIIRS,N,457973221,Unnamed facility,Mining / quarry,FACILITY,,,,137.585
25.38878,68.58372,2026-09-05 21:50:00,2.04,n,320.61,N21,VIIRS,N,1273382001,Khavda Renewable Energy Park,Power / plant,FACILITY,plant,,,170.872
27.87482,96.91916,2026-09-06 05:44:00,9.28,n,325.16,N21,VIIRS,D,1009556716,Unnamed facility,Power / generator,FACILITY,generator,,,85.854
25.02915,96.36425,2026-09-06 06:37:00,4.44,n,328.9,N20,VIIRS,D,1468695548,Unnamed facility,Power / plant,FACILITY,plant,,,192.103
27.87494,96.92095,2026-09-06 06:40:00,5.75,n,331.02,N20,VIIRS,D,1009556716,Unnamed facility,Power / generator,FACILITY,generator,,,85.85
27.87556,96.92477,2026-09-06 06:40:00,5.75,n,338.88,N20,VIIRS,D,1009556716,Unnamed facility,Power / generator,FACILITY,generator,,,85.887
28.4852,97.02938,2026-09-06 06:40:00,1.67,n,330.93,N20,VIIRS,D,5187607450,Awapani Hydel Power,Power / generator,FACILITY,generator,,,126.606
28.49798,97.02338,2026-09-06 06:40:00,6.03,n,341.75,N20,VIIRS,D,5187607450,Awapani Hydel Power,Power / generator,FACILITY,generator,,,125.418
28.51981,97.01084,2026-09-06 06:40:00,2.72,n,330.9,N20,VIIRS,D,5187607450,Awapani Hydel Power,Power / generator,FACILITY,generator,,,123.179
29.62895,90.97001,2026-09-06 06:40:00,4.33,l,328.92,N20,VIIRS,D,1463428145,Unnamed facility,Power / plant,FACILITY,plant,,,257.878
29.65425,90.98629,2026-09-06 06:40:00,4.81,l,327.18,N20,VIIRS,D,1463428145,Unnamed facility,Power / plant,FACILITY,plant,,,260.365
29.66132,90.99944,2026-09-06 06:40:00,3.6,n,327.5,N20,VIIRS,D,1463428145,Unnamed facility,Power / plant,FACILITY,plant,,,260.767
29.66549,90.99844,2026-09-06 06:40:00,7.92,n,348.1,N20,VIIRS,D,1463428145,Unnamed facility,Power / plant,FACILITY,plant,,,261.309
29.66967,90.99748,2026-09-06 06:40:00,7.92,n,344.24,N20,VIIRS,D,1463428145,Unnamed facility,Power / plant,FACILITY,plant,,,261.851
29.68256,91.14607,2026-09-06 06:40:00,4.21,n,327.21,N20,VIIRS,D,1463428145,Unnamed facility,Power / plant,FACILITY,plant,,,258.812
6.26479,80.856,2026-09-06 07:18:00,13.31,n,351.46,N21,VIIRS,D,1033490635,Unnamed facility,Industrial Component / storage_tank,COMPONENT,,storage_tank,,380.502
6.88099,81.67355,2026-09-06 07:18:00,19.05,h,367.0,N21,VIIRS,D,1033490635,Unnamed facility,Industrial Component / storage_tank,COMPONENT,,storage_tank,,377.415
6.80699,81.5274,2026-09-06 07:18:00,5.73,n,347.78,N21,VIIRS,D,1033490635,Unnamed facility,Industrial Component / storage_tank,COMPONENT,,storage_tank,,372.391
6.81131,81.58534,2026-09-06 07:18:00,3.01,n,344.7,N21,VIIRS,D,1033490635,Unnamed facility,Industrial Component / storage_tank,COMPONENT,,storage_tank,,376.35
6.81132,81.5843,2026-09-06 07:18:00,4.7,n,334.12,N21,VIIRS,D,1033490635,Unnamed facility,Industrial Component / storage_tank,COMPONENT,,storage_tank,,376.271
6.81905,81.4146,2026-09-06 07:18:00,3.09,n,331.4,N21,VIIRS,D,1033490635,Unnamed facility,Industrial Component / storage_tank,COMPONENT,,storage_tank,,363.137
6.83906,81.46586,2026-09-06 07:18:00,11.57,h,367.0,N21,VIIRS,D,1033490635,Unnamed facility,Industrial Component / storage_tank,COMPONENT,,storage_tank,,365.163
6.88043,81.67033,2026-09-06 07:18:00,19.05,h,367.0,N21,VIIRS,D,1033490635,Unnamed facility,Industrial Component / storage_tank,COMPONENT,,storage_tank,,377.209
6.89384,81.41226,2026-09-06 07:18:00,2.39,n,333.36,N21,VIIRS,D,1033490635,Unnamed facility,Industrial Component / storage_tank,COMPONENT,,storage_tank,,356.611
6.89532,81.41201,2026-09-06 07:18:00,3.0,n,334.11,N21,VIIRS,D,1033490635,Unnamed facility,Industrial Component / storage_tank,COMPONENT,,storage_tank,,356.468
6.80248,81.47531,2026-09-06 07:18:00,2.26,n,330.66,N21,VIIRS,D,1033490635,Unnamed facility,Industrial Component / storage_tank,COMPONENT,,storage_tank,,368.946
6.91043,81.4743,2026-09-06 07:18:00,4.41,n,337.73,N21,VIIRS,D,1033490635,Unnamed facility,Industrial Component / storage_tank,COMPONENT,,storage_tank,,359.811
6.91203,81.47757,2026-09-06 07:18:00,3.7,n,331.16,N21,VIIRS,D,1033490635,Unnamed facility,Industrial Component / storage_tank,COMPONENT,,storage_tank,,359.923
6.94837,81.41089,2026-09-06 07:18:00,4.0,n,341.84,N21,VIIRS,D,1033490635,Unnamed facility,Industrial Component / storage_tank,COMPONENT,,storage_tank,,351.927
7.13712,81.77805,2026-09-06 07:18:00,3.41,n,332.86,N21,VIIRS,D,1033490635,Unnamed facility,Industrial Component / storage_tank,COMPONENT,,storage_tank,,366.094
6.9616,81.82992,2026-09-06 07:18:00,3.39,n,336.04,N21,VIIRS,D,1033490635,Unnamed facility,Industrial Component / storage_tank,COMPONENT,,storage_tank,,383.57
6.96544,81.56973,2026-09-06 07:18:00,2.55,n,331.37,N21,VIIRS,D,1033490635,Unnamed facility,Industrial Component / storage_tank,COMPONENT,,storage_tank,,362.568
6.96602,81.57301,2026-09-06 07:18:00,2.55,n,330.79,N21,VIIRS,D,1033490635,Unnamed facility,Industrial Component / storage_tank,COMPONENT,,storage_tank,,362.776
6.98108,81.59716,2026-09-06 07:18:00,3.16,n,330.52,N21,VIIRS,D,1033490635,Unnamed facility,Industrial Component / storage_tank,COMPONENT,,storage_tank,,363.448
6.98463,81.58661,2026-09-06 07:18:00,7.12,n,344.35,N21,VIIRS,D,1033490635,Unnamed facility,Industrial Component / storage_tank,COMPONENT,,storage_tank,,362.34
6.91146,81.47424,2026-09-06 07:18:00,4.23,n,334.19,N21,VIIRS,D,1033490635,Unnamed facility,Industrial Component / storage_tank,COMPONENT,,storage_tank,,359.721
6.78527,81.52767,2026-09-06 07:18:00,2.76,n,331.77,N21,VIIRS,D,1033490635,Unnamed facility,Industrial Component / storage_tank,COMPONENT,,storage_tank,,374.234
7.13942,81.07836,2026-09-06 07:18:00,9.71,n,346.53,N21,VIIRS,D,1033490635,Unnamed facility,Industrial Component / storage_tank,COMPONENT,,storage_tank,,311.57
6.75515,81.35358,2026-09-06 07:18:00,2.37,n,331.3,N21,VIIRS,D,1033490635,Unnamed facility,Industrial Component / storage_tank,COMPONENT,,storage_tank,,364.339
6.13999,81.04825,2026-09-06 07:18:00,6.32,n,333.88,N21,VIIRS,D,1033490635,Unnamed facility,Industrial Component / storage_tank,COMPONENT,,storage_tank,,402.868
6.77872,81.42638,2026-09-06 07:18:00,3.23,n,340.23,N21,VIIRS,D,1033490635,Unnamed facility,Industrial Component / storage_tank,COMPONENT,,storage_tank,,367.438
6.20132,81.16903,2026-09-06 07:18:00,3.69,n,333.27,N21,VIIRS,D,1033490635,Unnamed facility,Industrial Component / storage_tank,COMPONENT,,storage_tank,,403.61
6.2606,80.85835,2026-09-06 07:18:00,5.93,n,351.16,N21,VIIRS,D,1033490635,Unnamed facility,Industrial Component / storage_tank,COMPONENT,,storage_tank,,381.039
6.26617,80.85738,2026-09-06 07:18:00,5.93,n,339.29,N21,VIIRS,D,1033490635,Unnamed facility,Industrial Component / storage_tank,COMPONENT,,storage_tank,,380.434
6.34067,81.12275,2026-09-06 07:18:00,7.03,n,338.15,N21,VIIRS,D,1033490635,Unnamed facility,Industrial Component / storage_tank,COMPONENT,,storage_tank,,387.594
6.3413,81.12635,2026-09-06 07:18:00,7.03,n,346.24,N21,VIIRS,D,1033490635,Unnamed facility,Industrial Component / storage_tank,COMPONENT,,storage_tank,,387.743
6.34997,81.34798,2026-09-06 07:18:00,4.88,n,335.99,N21,VIIRS,D,1033490635,Unnamed facility,Industrial Component / storage_tank,COMPONENT,,storage_tank,,400.398
6.37201,80.78787,2026-09-06 07:18:00,4.16,n,331.81,N21,VIIRS,D,1033490635,Unnamed facility,Industrial Component / storage_tank,COMPONENT,,storage_tank,,366.361
6.38048,81.02711,2026-09-06 07:18:00,22.19,n,347.96,N21,VIIRS,D,1033490635,Unnamed facility,Industrial Component / storage_tank,COMPONENT,,storage_tank,,378.292
6.20039,81.16876,2026-09-06 07:18:00,3.8,n,335.24,N21,VIIRS,D,1033490635,Unnamed facility,Industrial Component / storage_tank,COMPONENT,,storage_tank,,403.684
6.38111,81.0295,2026-09-06 07:18:00,41.73,h,367.0,N21,VIIRS,D,1033490635,Unnamed facility,Industrial Component / storage_tank,COMPONENT,,storage_tank,,378.366
6.3811,81.03073,2026-09-06 07:18:00,22.19,h,367.0,N21,VIIRS,D,1033490635,Unnamed facility,Industrial Component / storage_tank,COMPONENT,,storage_tank,,378.436
6.71646,81.32162,2026-09-06 07:18:00,4.97,n,333.26,N21,VIIRS,D,1033490635,Unnamed facility,Industrial Component / storage_tank,COMPONENT,,storage_tank,,365.535
6.71105,81.29081,2026-09-06 07:18:00,3.72,n,330.7,N21,VIIRS,D,1033490635,Unnamed facility,Industrial Component / storage_tank,COMPONENT,,storage_tank,,363.92
6.60755,80.89721,2026-09-06 07:18:00,6.91,n,341.27,N21,VIIRS,D,1033490635,Unnamed facility,Industrial Component / storage_tank,COMPONENT,,storage_tank,,349.032
6.73372,81.19785,2026-09-06 07:18:00,5.66,n,347.71,N21,VIIRS,D,1033490635,Unnamed facility,Industrial Component / storage_tank,COMPONENT,,storage_tank,,355.677
6.45108,81.04076,2026-09-06 07:18:00,12.17,h,367.0,N21,VIIRS,D,1033490635,Unnamed facility,Industrial Component / storage_tank,COMPONENT,,storage_tank,,372.282
6.42158,81.25405,2026-09-06 07:18:00,2.57,n,332.79,N21,VIIRS,D,1033490635,Unnamed facility,Industrial Component / storage_tank,COMPONENT,,storage_tank,,387.878
6.51894,80.90942,2026-09-06 07:18:00,4.16,n,332.71,N21,VIIRS,D,1033490635,Unnamed facility,Industrial Component / storage_tank,COMPONENT,,storage_tank,,358.296
8.50486,80.21972,2026-09-06 07:20:00,12.4,h,367.0,N21,VIIRS,D,1033490635,Unnamed facility,Industrial Component / storage_tank,COMPONENT,,storage_tank,,134.342
8.48377,80.7354,2026-09-06 07:20:00,8.85,n,342.97,N21,VIIRS,D,1554800372,Unnamed facility,Power / generator,FACILITY,generator,,,182.487
8.49623,80.73165,2026-09-06 07:20:00,6.87,n,333.61,N21,VIIRS,D,1554800372,Unnamed facility,Power / generator,FACILITY,generator,,,181.41
8.50005,80.7328,2026-09-06 07:20:00,5.63,n,332.18,N21,VIIRS,D,1554800372,Unnamed facility,Power / generator,FACILITY,generator,,,181.301
8.50305,80.21844,2026-09-06 07:20:00,13.15,n,334.87,N21,VIIRS,D,1033490635,Unnamed facility,Industrial Component / storage_tank,COMPONENT,,storage_tank,,134.367
8.47246,80.60928,2026-09-06 07:20:00,13.47,h,367.0,N21,VIIRS,D,1554800372,Unnamed facility,Power / generator,FACILITY,generator,,,171.31
8.50377,80.22226,2026-09-06 07:20:00,13.15,h,367.0,N21,VIIRS,D,1033490635,Unnamed facility,Industrial Component / storage_tank,COMPONENT,,storage_tank,,134.636
8.50555,80.22356,2026-09-06 07:20:00,12.4,h,367.0,N21,VIIRS,D,1033490635,Unnamed facility,Industrial Component / storage_tank,COMPONENT,,storage_tank,,134.616
8.58104,80.63495,2026-09-06 07:20:00,4.77,n,331.2,N21,VIIRS,D,1554800372,Unnamed facility,Power / generator,FACILITY,generator,,,167.303
8.51852,80.23936,2026-09-06 07:20:00,4.18,n,336.6,N21,VIIRS,D,1033490635,Unnamed facility,Industrial Component / storage_tank,COMPONENT,,storage_tank,,135.022
8.52117,80.80617,2026-09-06 07:20:00,3.71,n,335.46,N21,VIIRS,D,1554800372,Unnamed facility,Power / generator,FACILITY,generator,,,187.23
8.56027,80.74605,2026-09-06 07:20:00,7.99,n,338.78,N21,VIIRS,D,1554800372,Unnamed facility,Power / generator,FACILITY,generator,,,179.248
8.58128,80.83142,2026-09-06 07:20:00,7.14,n,350.04,N21,VIIRS,D,1554800372,Unnamed facility,Power / generator,FACILITY,generator,,,186.595
8.59793,80.51321,2026-09-06 07:20:00,5.95,n,334.42,N21,VIIRS,D,1554800372,Unnamed facility,Power / generator,FACILITY,generator,,,154.677
8.60402,80.83466,2026-09-06 07:20:00,10.79,n,350.04,N21,VIIRS,D,1554800372,Unnamed facility,Power / generator,FACILITY,generator,,,185.795
8.61992,80.69353,2026-09-06 07:20:00,3.98,n,335.94,N21,VIIRS,D,1554800372,Unnamed facility,Power / generator,FACILITY,generator,,,170.937
8.44197,80.31695,2026-09-06 07:20:00,14.84,h,367.0,N21,VIIRS,D,1033490635,Unnamed facility,Industrial Component / storage_tank,COMPONENT,,storage_tank,,147.173
8.51684,80.59992,2026-09-06 07:20:00,7.3,n,349.7,N21,VIIRS,D,1554800372,Unnamed facility,Power / generator,FACILITY,generator,,,167.705
7.27871,81.71591,2026-09-06 07:20:00,1.65,n,330.25,N21,VIIRS,D,1033490635,Unnamed facility,Industrial Component / storage_tank,COMPONENT,,storage_tank,,350.498
8.42983,80.65374,2026-09-06 07:20:00,4.75,n,330.33,N21,VIIRS,D,1554800372,Unnamed facility,Power / generator,FACILITY,generator,,,178.096
8.4052,80.67271,2026-09-06 07:20:00,20.19,h,367.0,N21,VIIRS,D,1554800372,Unnamed facility,Power / generator,FACILITY,generator,,,181.403
7.99665,80.21604,2026-09-06 07:20:00,14.2,n,354.86,N21,VIIRS,D,1033490635,Unnamed facility,Industrial Component / storage_tank,COMPONENT,,storage_tank,,176.768
7.99323,80.27926,2026-09-06 07:20:00,8.5,n,344.62,N21,VIIRS,D,1033490635,Unnamed facility,Industrial Component / storage_tank,COMPONENT,,storage_tank,,181.206
7.96503,80.01275,2026-09-06 07:20:00,6.79,n,330.19,N21,VIIRS,D,1033490635,Unnamed facility,Industrial Component / storage_tank,COMPONENT,,storage_tank,,167.955
7.96385,80.16504,2026-09-06 07:20:00,9.14,n,353.18,N21,VIIRS,D,1033490635,Unnamed facility,Industrial Component / storage_tank,COMPONENT,,storage_tank,,176.658
7.9611,80.1642,2026-09-06 07:20:00,9.82,n,330.71,N21,VIIRS,D,1033490635,Unnamed facility,Industrial Component / storage_tank,COMPONENT,,storage_tank,,176.867
7.95078,80.12637,2026-09-06 07:20:00,3.13,n,332.7,N21,VIIRS,D,1033490635,Unnamed facility,Industrial Component / storage_tank,COMPONENT,,storage_tank,,175.614
7.93987,80.68458,2026-09-06 07:20:00,7.64,n,340.47,N21,VIIRS,D,1033490635,Unnamed facility,Industrial Component / storage_tank,COMPONENT,,storage_tank,,215.496
7.87399,80.89081,2026-09-06 07:20:00,3.75,n,334.55,N21,VIIRS,D,1033490635,Unnamed facility,Industrial Component / storage_tank,COMPONENT,,storage_tank,,237.3
7.84237,80.23505,2026-09-06 07:20:00,4.36,n,332.42,N21,VIIRS,D,1033490635,Unnamed facility,Industrial Component / storage_tank,COMPONENT,,storage_tank,,192.357
7.77094,80.0999,2026-09-06 07:20:00,7.01,n,332.59,N21,VIIRS,D,1033490635,Unnamed facility,Industrial Component / storage_tank,COMPONENT,,storage_tank,,191.775
7.71267,80.71763,2026-09-06 07:20:00,2.52,n,336.98,N21,VIIRS,D,1033490635,Unnamed facility,Industrial Component / storage_tank,COMPONENT,,storage_tank,,236.54
7.70656,81.5966,2026-09-06 07:20:00,5.03,n,346.17,N21,VIIRS,D,1554800372,Unnamed facility,Power / generator,FACILITY,generator,,,310.721
7.99679,80.27979,2026-09-06 07:20:00,4.63,n,341.19,N21,VIIRS,D,1033490635,Unnamed facility,Industrial Component / storage_tank,COMPONENT,,storage_tank,,180.921
7.62587,80.83673,2026-09-06 07:20:00,7.39,n,345.04,N21,VIIRS,D,1033490635,Unnamed facility,Industrial Component / storage_tank,COMPONENT,,storage_tank,,252.661
7.42608,81.66621,2026-09-06 07:20:00,13.61,h,367.0,N21,VIIRS,D,1033490635,Unnamed facility,Industrial Component / storage_tank,COMPONENT,,storage_tank,,335.748
7.4122,81.67829,2026-09-06 07:20:00,3.08,n,330.12,N21,VIIRS,D,1033490635,Unnamed facility,Industrial Component / storage_tank,COMPONENT,,storage_tank,,337.77
7.3979,81.65795,2026-09-06 07:20:00,2.42,n,334.09,N21,VIIRS,D,1033490635,Unnamed facility,Industrial Component / storage_tank,COMPONENT,,storage_tank,,337.01
7.38701,81.78769,2026-09-06 07:20:00,6.41,n,353.81,N21,VIIRS,D,1033490635,Unnamed facility,Industrial Component / storage_tank,COMPONENT,,storage_tank,,349.1
7.38412,81.78901,2026-09-06 07:20:00,7.62,n,336.91,N21,VIIRS,D,1033490635,Unnamed facility,Industrial Component / storage_tank,COMPONENT,,storage_tank,,349.414
7.33437,81.72919,2026-09-06 07:20:00,3.16,n,336.18,N21,VIIRS,D,1033490635,Unnamed facility,Industrial Component / storage_tank,COMPONENT,,storage_tank,,347.661
7.33059,79.98771,2026-09-06 07:20:00,5.64,n,333.04,N21,VIIRS,D,1033490635,Unnamed facility,Industrial Component / storage_tank,COMPONENT,,storage_tank,,232.362
7.3258,81.80125,2026-09-06 07:20:00,3.43,n,343.89,N21,VIIRS,D,1033490635,Unnamed facility,Industrial Component / storage_tank,COMPONENT,,storage_tank,,354.52
7.30871,81.79452,2026-09-06 07:20:00,3.65,n,339.75,N21,VIIRS,D,1033490635,Unnamed facility,Industrial Component / storage_tank,COMPONENT,,storage_tank,,355.129
7.30816,81.79142,2026-09-06 07:20:00,3.77,n,336.0,N21,VIIRS,D,1033490635,Unnamed facility,Industrial Component / storage_tank,COMPONENT,,storage_tank,,354.899
7.30356,81.79538,2026-09-06 07:20:00,2.26,n,330.05,N21,VIIRS,D,1033490635,Unnamed facility,Industrial Component / storage_tank,COMPONENT,,storage_tank,,355.566
7.28894,81.74327,2026-09-06 07:20:00,2.1,n,332.78,N21,VIIRS,D,1033490635,Unnamed facility,Industrial Component / storage_tank,COMPONENT,,storage_tank,,352.104
7.50104,81.74751,2026-09-06 07:20:00,4.6,n,332.1,N21,VIIRS,D,1033490635,Unnamed facility,Industrial Component / storage_tank,COMPONENT,,storage_tank,,337.82
8.01386,81.25735,2026-09-06 07:20:00,4.11,n,330.66,N21,VIIRS,D,1554800372,Unnamed facility,Power / generator,FACILITY,generator,,,259.969
8.02004,80.31163,2026-09-06 07:20:00,5.14,n,330.28,N21,VIIRS,D,1033490635,Unnamed facility,Industrial Component / storage_tank,COMPONENT,,storage_tank,,181.01
8.03601,80.61691,2026-09-06 07:20:00,4.62,n,335.39,N21,VIIRS,D,1033490635,Unnamed facility,Industrial Component / storage_tank,COMPONENT,,storage_tank,,202.561
8.40454,80.66913,2026-09-06 07:20:00,11.31,n,338.29,N21,VIIRS,D,1554800372,Unnamed facility,Power / generator,FACILITY,generator,,,181.117
8.40215,80.72793,2026-09-06 07:20:00,8.26,n,331.46,N21,VIIRS,D,1554800372,Unnamed facility,Power / generator,FACILITY,generator,,,186.689
8.40109,80.43324,2026-09-06 07:20:00,7.74,n,337.34,N21,VIIRS,D,1033490635,Unnamed facility,Industrial Component / storage_tank,COMPONENT,,storage_tank,,160.116
8.39976,80.67367,2026-09-06 07:20:00,4.77,n,338.29,N21,VIIRS,D,1554800372,Unnamed facility,Power / generator,FACILITY,generator,,,181.839
8.36823,80.78828,2026-09-06 07:20:00,3.54,n,330.98,N21,VIIRS,D,1554800372,Unnamed facility,Power / generator,FACILITY,generator,,,194.399
8.36094,80.77875,2026-09-06 07:20:00,4.98,n,343.56,N21,VIIRS,D,1554800372,Unnamed facility,Power / generator,FACILITY,generator,,,193.968
8.32054,80.30001,2026-09-06 07:20:00,6.07,n,342.88,N21,VIIRS,D,1033490635,Unnamed facility,Industrial Component / storage_tank,COMPONENT,,storage_tank,,154.959
8.31937,80.3007,2026-09-06 07:20:00,7.38,n,338.03,N21,VIIRS,D,1033490635,Unnamed facility,Industrial Component / storage_tank,COMPONENT,,storage_tank,,155.106
8.31421,80.17928,2026-09-06 07:20:00,5.0,n,330.06,N21,VIIRS,D,1033490635,Unnamed facility,Industrial Component / storage_tank,COMPONENT,,storage_tank,,146.183
8.30469,80.80684,2026-09-06 07:20:00,15.36,h,367.0,N21,VIIRS,D,1554800372,Unnamed facility,Power / generator,FACILITY,generator,,,200.116
8.30296,80.80885,2026-09-06 07:20:00,11.53,h,367.0,N21,VIIRS,D,1554800372,Unnamed facility,Power / generator,FACILITY,generator,,,200.411
8.30274,80.79626,2026-09-06 07:20:00,10.11,n,343.23,N21,VIIRS,D,1554800372,Unnamed facility,Power / generator,FACILITY,generator,,,199.275
8.30048,80.79481,2026-09-06 07:20:00,8.18,n,334.35,N21,VIIRS,D,1554800372,Unnamed facility,Power / generator,FACILITY,generator,,,199.289
8.28515,80.98885,2026-09-06 07:20:00,5.99,n,332.07,N21,VIIRS,D,1554800372,Unnamed facility,Power / generator,FACILITY,generator,,,218.231
8.2606,80.25567,2026-09-06 07:20:00,10.8,n,349.96,N21,VIIRS,D,1033490635,Unnamed facility,Industrial Component / storage_tank,COMPONENT,,storage_tank,,156.363
8.25499,80.25665,2026-09-06 07:20:00,10.8,n,343.4,N21,VIIRS,D,1033490635,Unnamed facility,Industrial Component / storage_tank,COMPONENT,,storage_tank,,156.901
8.24302,80.53432,2026-09-06 07:20:00,3.0,n,330.47,N21,VIIRS,D,1033490635,Unnamed facility,Industrial Component / storage_tank,COMPONENT,,storage_tank,,180.106
8.22987,80.77476,2026-09-06 07:20:00,7.29,n,340.29,N21,VIIRS,D,1033490635,Unnamed facility,Industrial Component / storage_tank,COMPONENT,,storage_tank,,202.065
8.22733,80.605,2026-09-06 07:20:00,9.38,n,331.76,N21,VIIRS,D,1033490635,Unnamed facility,Industrial Component / storage_tank,COMPONENT,,storage_tank,,187.27
8.21838,80.77317,2026-09-06 07:20:00,5.06,n,331.0,N21,VIIRS,D,1033490635,Unnamed facility,Industrial Component / storage_tank,COMPONENT,,storage_tank,,202.683
8.17463,80.5954,2026-09-06 07:20:00,18.08,h,367.0,N21,VIIRS,D,1033490635,Unnamed facility,Industrial Component / storage_tank,COMPONENT,,storage_tank,,190.278
8.09861,80.55402,2026-09-06 07:20:00,10.32,n,343.5,N21,VIIRS,D,1033490635,Unnamed facility,Industrial Component / storage_tank,COMPONENT,,storage_tank,,192.637
8.07245,80.22962,2026-09-06 07:20:00,4.66,n,335.56,N21,VIIRS,D,1033490635,Unnamed facility,Industrial Component / storage_tank,COMPONENT,,storage_tank,,170.767
8.06931,80.23161,2026-09-06 07:20:00,5.34,n,335.04,N21,VIIRS,D,1033490635,Unnamed facility,Industrial Component / storage_tank,COMPONENT,,storage_tank,,171.182
8.04178,80.64662,2026-09-06 07:20:00,3.01,n,330.47,N21,VIIRS,D,1033490635,Unnamed facility,Industrial Component / storage_tank,COMPONENT,,storage_tank,,204.516
8.0389,80.3515,2026-09-06 07:20:00,9.39,n,349.41,N21,VIIRS,D,1033490635,Unnamed facility,Industrial Component / storage_tank,COMPONENT,,storage_tank,,182.157
8.03638,80.61749,2026-09-06 07:20:00,3.13,n,342.81,N21,VIIRS,D,1033490635,Unnamed facility,Industrial Component / storage_tank,COMPONENT,,storage_tank,,202.579
8.42046,80.63319,2026-09-06 07:20:00,5.29,n,334.48,N21,VIIRS,D,1554800372,Unnamed facility,Power / generator,FACILITY,generator,,,176.809
8.1549,81.41106,2026-09-06 07:20:00,3.03,n,330.14,N21,VIIRS,D,1554800372,Unnamed facility,Power / generator,FACILITY,generator,,,266.108
8.6569,80.49527,2026-09-06 07:20:00,8.82,n,345.0,N21,VIIRS,D,1554800372,Unnamed facility,Power / generator,FACILITY,generator,,,149.565
8.65885,80.50611,2026-09-06 07:20:00,8.34,n,330.59,N21,VIIRS,D,1554800372,Unnamed facility,Power / generator,FACILITY,generator,,,150.505
9.40206,80.4609,2026-09-06 07:20:00,8.5,n,346.37,N21,VIIRS,D,1554246470,Unnamed facility,Power / generator,FACILITY,generator,,,121.688
9.4027,80.46444,2026-09-06 07:20:00,8.93,n,341.1,N21,VIIRS,D,1554246470,Unnamed facility,Power / generator,FACILITY,generator,,,121.859
9.40877,80.467,2026-09-06 07:20:00,10.66,h,367.0,N21,VIIRS,D,1554246470,Unnamed facility,Power / generator,FACILITY,generator,,,121.47
9.42008,80.36726,2026-09-06 07:20:00,2.24,n,330.35,N21,VIIRS,D,1554246470,Unnamed facility,Power / generator,FACILITY,generator,,,114.208
9.46915,80.47984,2026-09-06 07:20:00,19.34,n,349.73,N21,VIIRS,D,1554246470,Unnamed facility,Power / generator,FACILITY,generator,,,116.912
9.4698,80.48336,2026-09-06 07:20:00,19.34,l,355.61,N21,VIIRS,D,1554246470,Unnamed facility,Power / generator,FACILITY,generator,,,117.099
9.47606,80.45673,2026-09-06 07:20:00,4.51,n,340.28,N21,VIIRS,D,1554246470,Unnamed facility,Power / generator,FACILITY,generator,,,114.71
9.76366,80.16456,2026-09-06 07:20:00,6.59,n,338.37,N21,VIIRS,D,1554246470,Unnamed facility,Power / generator,FACILITY,generator,,,69.365
9.39895,80.3748,2026-09-06 07:20:00,3.96,n,336.16,N21,VIIRS,D,1554800372,Unnamed facility,Power / generator,FACILITY,generator,,,116.634
9.76915,80.16356,2026-09-06 07:20:00,6.59,l,355.69,N21,VIIRS,D,1554246470,Unnamed facility,Power / generator,FACILITY,generator,,,68.785
10.3562,79.15823,2026-09-06 07:20:00,5.56,n,339.14,N21,VIIRS,D,631325774,Unnamed facility,Industrial Component / storage_tank,COMPONENT,,storage_tank,,19.479
10.35633,79.15871,2026-09-06 07:20:00,6.29,n,337.42,N21,VIIRS,D,631325774,Unnamed facility,Industrial Component / storage_tank,COMPONENT,,storage_tank,,19.424
10.89275,77.62709,2026-09-06 07:20:00,7.34,n,335.17,N21,VIIRS,D,1002422568,Unnamed facility,Power / plant,FACILITY,plant,,,2.219
10.93033,78.4953,2026-09-06 07:20:00,3.63,n,331.85,N21,VIIRS,D,1017720847,Unnamed facility,Power / plant,FACILITY,plant,,,11.823
10.94046,78.16074,2026-09-06 07:20:00,3.88,n,342.28,N21,VIIRS,D,1930124680,Anna Nagar Water Tank,Industrial Component / silo,COMPONENT,,silo,,10.246
11.62928,76.9966,2026-09-06 07:20:00,10.29,n,333.19,N21,VIIRS,D,13876404,Bhavanisagar hydroelectric power station,Power / plant,FACILITY,plant,,,22.261
8.6582,80.50248,2026-09-06 07:20:00,12.67,h,367.0,N21,VIIRS,D,1554800372,Unnamed facility,Power / generator,FACILITY,generator,,,150.189
8.64632,80.62362,2026-09-06 07:20:00,5.54,n,335.58,N21,VIIRS,D,1554800372,Unnamed facility,Power / generator,FACILITY,generator,,,162.663
9.77767,78.38486,2026-09-06 07:20:00,11.04,n,346.77,N21,VIIRS,D,727316888,Unnamed facility,Industrial / brickyard,FACILITY,,,brickyard,4.325
9.38468,80.51876,2026-09-06 07:20:00,5.7,n,345.42,N21,VIIRS,D,1554246470,Unnamed facility,Power / generator,FACILITY,generator,,,127.093
9.398,80.37682,2026-09-06 07:20:00,2.85,n,338.47,N21,VIIRS,D,1554800372,Unnamed facility,Power / generator,FACILITY,generator,,,116.85
9.35343,80.28749,2026-09-06 07:20:00,2.47,n,331.28,N21,VIIRS,D,1554800372,Unnamed facility,Power / generator,FACILITY,generator,,,106.632
8.71491,80.53058,2026-09-06 07:20:00,10.12,n,352.79,N21,VIIRS,D,1554800372,Unnamed facility,Power / generator,FACILITY,generator,,,149.915
8.74539,80.20245,2026-09-06 07:20:00,6.95,n,333.89,N21,VIIRS,D,1554800372,Unnamed facility,Power / generator,FACILITY,generator,,,116.583
8.7461,80.20624,2026-09-06 07:20:00,9.98,n,339.04,N21,VIIRS,D,1554800372,Unnamed facility,Power / generator,FACILITY,generator,,,116.89
8.749,80.532,2026-09-06 07:20:00,14.43,n,343.0,N21,VIIRS,D,1554800372,Unnamed facility,Power / generator,FACILITY,generator,,,148.357
8.74966,80.53562,2026-09-06 07:20:00,7.6,n,344.77,N21,VIIRS,D,1554800372,Unnamed facility,Power / generator,FACILITY,generator,,,148.688
8.75512,80.53464,2026-09-06 07:20:00,7.6,n,332.54,N21,VIIRS,D,1554800372,Unnamed facility,Power / generator,FACILITY,generator,,,148.326
8.77759,80.53429,2026-09-06 07:20:00,6.3,n,331.58,N21,VIIRS,D,1554800372,Unnamed facility,Power / generator,FACILITY,generator,,,147.226
8.79782,80.55302,2026-09-06 07:20:00,4.9,n,348.62,N21,VIIRS,D,1554800372,Unnamed facility,Power / generator,FACILITY,generator,,,148.21
9.3743,80.46233,2026-09-06 07:20:00,4.13,n,339.61,N21,VIIRS,D,1554246470,Unnamed facility,Power / generator,FACILITY,generator,,,124.341
8.81484,80.48472,2026-09-06 07:20:00,5.35,n,330.84,N21,VIIRS,D,1554800372,Unnamed facility,Power / generator,FACILITY,generator,,,140.474
8.80965,80.57843,2026-09-06 07:20:00,6.62,n,331.78,N21,VIIRS,D,1554800372,Unnamed facility,Power / generator,FACILITY,generator,,,150.299
8.91877,80.43142,2026-09-06 07:20:00,7.5,n,346.19,N21,VIIRS,D,1554800372,Unnamed facility,Power / generator,FACILITY,generator,,,130.583
8.92696,80.8857,2026-09-06 07:20:00,7.56,n,340.01,N21,VIIRS,D,1554800372,Unnamed facility,Power / generator,FACILITY,generator,,,178.675
8.93288,80.76529,2026-09-06 07:20:00,3.04,n,333.95,N21,VIIRS,D,1554800372,Unnamed facility,Power / generator,FACILITY,generator,,,165.542
9.00035,80.66301,2026-09-06 07:20:00,6.38,n,340.28,N21,VIIRS,D,1554800372,Unnamed facility,Power / generator,FACILITY,generator,,,152.623
9.06089,77.65742,2026-09-06 07:20:00,6.47,n,330.2,N21,VIIRS,D,4217579236,Unnamed facility,Power / generator,FACILITY,generator,,,0.692
9.07009,80.51222,2026-09-06 07:20:00,3.66,n,332.68,N21,VIIRS,D,1554800372,Unnamed facility,Power / generator,FACILITY,generator,,,134.512
9.2094,80.80424,2026-09-06 07:20:00,7.03,n,352.76,N21,VIIRS,D,1554246470,Unnamed facility,Power / generator,FACILITY,generator,,,162.639
9.23457,80.66959,2026-09-06 07:20:00,8.1,n,348.94,N21,VIIRS,D,1554800372,Unnamed facility,Power / generator,FACILITY,generator,,,149.389
8.87522,80.72227,2026-09-06 07:20:00,4.28,n,337.42,N21,VIIRS,D,1554800372,Unnamed facility,Power / generator,FACILITY,generator,,,162.799
16.5745,79.53558,2026-09-06 07:22:00,3.57,n,337.48,N21,VIIRS,D,1001156460,Unnamed facility,Mining / quarry,FACILITY,,,,2.372
17.85695,82.5862,2026-09-06 07:22:00,13.78,n,340.58,N21,VIIRS,D,1391652742,Unnamed facility,Mining / quarry,FACILITY,,,,9.796
18.34005,83.61451,2026-09-06 07:22:00,6.89,n,341.79,N21,VIIRS,D,1494969461,Unnamed facility,Industrial Component / storage_tank,COMPONENT,,storage_tank,,6.315
29.13242,89.25173,2026-09-06 07:24:00,5.2,l,329.32,N21,VIIRS,D,1214479001,Unnamed facility,Power / generator,FACILITY,generator,,,180.721
27.98621,96.97636,2026-09-06 07:24:00,6.46,n,336.58,N21,VIIRS,D,1013194650,Khangkio Tea Factory,Industrial / factory,FACILITY,,,factory,95.256
25.02586,96.36914,2026-09-06 07:24:00,2.58,n,335.06,N21,VIIRS,D,1468695548,Unnamed facility,Power / plant,FACILITY,plant,,,192.775
27.37982,95.33495,2026-09-06 07:24:00,3.08,n,331.0,N21,VIIRS,D,1306789237,Unnamed facility,Industrial Component / storage_tank,COMPONENT,,storage_tank,,4.227
25.24637,96.33969,2026-09-06 07:24:00,7.76,n,353.77,N21,VIIRS,D,1468695548,Unnamed facility,Power / plant,FACILITY,plant,,,178.078
27.98455,96.97561,2026-09-06 07:24:00,6.63,n,328.55,N21,VIIRS,D,1013194650,Khangkio Tea Factory,Industrial / factory,FACILITY,,,factory,95.121
26.75753,91.44517,2026-09-06 07:24:00,5.19,n,339.79,N21,VIIRS,D,987470065,Unnamed facility,Mining / quarry,FACILITY,,,,27.492
8.22959,80.12205,2026-09-06 08:13:00,2.03,n,332.38,N20,VIIRS,D,1033490635,Unnamed facility,Industrial Component / storage_tank,COMPONENT,,storage_tank,,149.453
8.25629,80.25491,2026-09-06 08:13:00,3.64,n,336.61,N20,VIIRS,D,1033490635,Unnamed facility,Industrial Component / storage_tank,COMPONENT,,storage_tank,,156.663
8.25463,80.14638,2026-09-06 08:13:00,2.48,n,334.2,N20,VIIRS,D,1033490635,Unnamed facility,Industrial Component / storage_tank,COMPONENT,,storage_tank,,148.917
8.22683,80.32432,2026-09-06 08:13:00,2.88,n,337.52,N20,VIIRS,D,1033490635,Unnamed facility,Industrial Component / storage_tank,COMPONENT,,storage_tank,,164.36
8.25405,80.14247,2026-09-06 08:13:00,2.48,l,330.18,N20,VIIRS,D,1033490635,Unnamed facility,Industrial Component / storage_tank,COMPONENT,,storage_tank,,148.695
8.24941,80.11111,2026-09-06 08:13:00,6.63,n,341.25,N20,VIIRS,D,1033490635,Unnamed facility,Industrial Component / storage_tank,COMPONENT,,storage_tank,,146.943
8.24859,80.32524,2026-09-06 08:13:00,4.29,n,330.93,N20,VIIRS,D,1033490635,Unnamed facility,Industrial Component / storage_tank,COMPONENT,,storage_tank,,162.67
8.2459,80.55694,2026-09-06 08:13:00,5.56,n,340.3,N20,VIIRS,D,1033490635,Unnamed facility,Industrial Component / storage_tank,COMPONENT,,storage_tank,,181.818
8.24582,80.60724,2026-09-06 08:13:00,3.39,n,331.6,N20,VIIRS,D,1033490635,Unnamed facility,Industrial Component / storage_tank,COMPONENT,,storage_tank,,186.152
8.25667,80.50534,2026-09-06 08:13:00,7.1,n,335.88,N20,VIIRS,D,1033490635,Unnamed facility,Industrial Component / storage_tank,COMPONENT,,storage_tank,,176.658
8.23986,80.26546,2026-09-06 08:13:00,2.29,n,341.08,N20,VIIRS,D,1033490635,Unnamed facility,Industrial Component / storage_tank,COMPONENT,,storage_tank,,158.819
8.23943,80.16464,2026-09-06 08:13:00,5.0,n,333.14,N20,VIIRS,D,1033490635,Unnamed facility,Industrial Component / storage_tank,COMPONENT,,storage_tank,,151.526
8.2365,80.16909,2026-09-06 08:13:00,2.32,n,336.66,N20,VIIRS,D,1033490635,Unnamed facility,Industrial Component / storage_tank,COMPONENT,,storage_tank,,152.095
8.23592,80.16515,2026-09-06 08:13:00,5.0,n,340.44,N20,VIIRS,D,1033490635,Unnamed facility,Industrial Component / storage_tank,COMPONENT,,storage_tank,,151.868
8.2354,80.77721,2026-09-06 08:13:00,4.18,n,337.94,N20,VIIRS,D,1033490635,Unnamed facility,Industrial Component / storage_tank,COMPONENT,,storage_tank,,201.922
8.22921,80.71003,2026-09-06 08:13:00,3.68,n,337.22,N20,VIIRS,D,1033490635,Unnamed facility,Industrial Component / storage_tank,COMPONENT,,storage_tank,,196.32
8.24506,80.32575,2026-09-06 08:13:00,4.29,n,340.66,N20,VIIRS,D,1033490635,Unnamed facility,Industrial Component / storage_tank,COMPONENT,,storage_tank,,162.994
8.2592,80.29923,2026-09-06 08:13:00,3.17,n,338.7,N20,VIIRS,D,1033490635,Unnamed facility,Industrial Component / storage_tank,COMPONENT,,storage_tank,,159.799
8.25956,80.57584,2026-09-06 08:13:00,13.87,n,339.13,N20,VIIRS,D,1033490635,Unnamed facility,Industrial Component / storage_tank,COMPONENT,,storage_tank,,182.463
8.30057,80.48235,2026-09-06 08:13:00,4.16,n,342.88,N20,VIIRS,D,1033490635,Unnamed facility,Industrial Component / storage_tank,COMPONENT,,storage_tank,,171.505
8.29919,80.2003,2026-09-06 08:13:00,1.6,n,335.13,N20,VIIRS,D,1033490635,Unnamed facility,Industrial Component / storage_tank,COMPONENT,,storage_tank,,149.003
8.29712,80.60815,2026-09-06 08:13:00,9.41,n,344.64,N20,VIIRS,D,1033490635,Unnamed facility,Industrial Component / storage_tank,COMPONENT,,storage_tank,,182.669
8.29568,80.20081,2026-09-06 08:13:00,4.5,n,344.62,N20,VIIRS,D,1033490635,Unnamed facility,Industrial Component / storage_tank,COMPONENT,,storage_tank,,149.335
8.2934,80.18505,2026-09-06 08:13:00,1.58,n,331.82,N20,VIIRS,D,1033490635,Unnamed facility,Industrial Component / storage_tank,COMPONENT,,storage_tank,,148.361
8.29292,80.57938,2026-09-06 08:13:00,15.53,n,343.29,N20,VIIRS,D,1033490635,Unnamed facility,Industrial Component / storage_tank,COMPONENT,,storage_tank,,180.427
8.29283,80.18109,2026-09-06 08:13:00,3.08,n,338.48,N20,VIIRS,D,1033490635,Unnamed facility,Industrial Component / storage_tank,COMPONENT,,storage_tank,,148.119
8.25687,80.25889,2026-09-06 08:13:00,3.64,n,333.91,N20,VIIRS,D,1033490635,Unnamed facility,Industrial Component / storage_tank,COMPONENT,,storage_tank,,156.914
8.28004,80.16688,2026-09-06 08:13:00,1.6,n,331.92,N20,VIIRS,D,1033490635,Unnamed facility,Industrial Component / storage_tank,COMPONENT,,storage_tank,,148.175
8.27857,80.18705,2026-09-06 08:13:00,2.6,n,332.45,N20,VIIRS,D,1033490635,Unnamed facility,Industrial Component / storage_tank,COMPONENT,,storage_tank,,149.764
8.27856,80.16294,2026-09-06 08:13:00,2.2,n,338.25,N20,VIIRS,D,1033490635,Unnamed facility,Industrial Component / storage_tank,COMPONENT,,storage_tank,,148.018
8.27444,80.60302,2026-09-06 08:13:00,5.13,n,333.47,N20,VIIRS,D,1033490635,Unnamed facility,Industrial Component / storage_tank,COMPONENT,,storage_tank,,183.78
8.27096,80.18414,2026-09-06 08:13:00,3.62,n,337.85,N20,VIIRS,D,1033490635,Unnamed facility,Industrial Component / storage_tank,COMPONENT,,storage_tank,,150.2
8.26849,80.58709,2026-09-06 08:13:00,4.2,n,338.9,N20,VIIRS,D,1033490635,Unnamed facility,Industrial Component / storage_tank,COMPONENT,,storage_tank,,182.806
8.26654,80.77808,2026-09-06 08:13:00,9.18,n,340.39,N20,VIIRS,D,1033490635,Unnamed facility,Industrial Component / storage_tank,COMPONENT,,storage_tank,,199.976
8.26314,80.57533,2026-09-06 08:13:00,13.87,n,337.7,N20,VIIRS,D,1033490635,Unnamed facility,Industrial Component / storage_tank,COMPONENT,,storage_tank,,182.165
8.27915,80.16686,2026-09-06 08:13:00,2.2,n,333.77,N20,VIIRS,D,1033490635,Unnamed facility,Industrial Component / storage_tank,COMPONENT,,storage_tank,,148.25
8.22428,80.40664,2026-09-06 08:13:00,7.67,n,338.64,N20,VIIRS,D,1033490635,Unnamed facility,Industrial Component / storage_tank,COMPONENT,,storage_tank,,171.017
8.07878,80.54733,2026-09-06 08:13:00,2.74,n,341.35,N20,VIIRS,D,1033490635,Unnamed facility,Industrial Component / storage_tank,COMPONENT,,storage_tank,,193.654
8.22349,80.57193,2026-09-06 08:13:00,23.39,n,348.68,N20,VIIRS,D,1033490635,Unnamed facility,Industrial Component / storage_tank,COMPONENT,,storage_tank,,184.718
8.09006,80.54984,2026-09-06 08:13:00,3.7,n,339.59,N20,VIIRS,D,1033490635,Unnamed facility,Industrial Component / storage_tank,COMPONENT,,storage_tank,,192.969
8.30064,80.28527,2026-09-06 08:13:00,6.28,n,332.0,N20,VIIRS,D,1033490635,Unnamed facility,Industrial Component / storage_tank,COMPONENT,,storage_tank,,155.375
8.07462,80.54377,2026-09-06 08:13:00,2.74,n,333.49,N20,VIIRS,D,1033490635,Unnamed facility,Industrial Component / storage_tank,COMPONENT,,storage_tank,,193.699
8.06803,80.22999,2026-09-06 08:13:00,4.47,n,337.09,N20,VIIRS,D,1033490635,Unnamed facility,Industrial Component / storage_tank,COMPONENT,,storage_tank,,171.188
8.06035,80.64606,2026-09-06 08:13:00,5.49,n,335.68,N20,VIIRS,D,1033490635,Unnamed facility,Industrial Component / storage_tank,COMPONENT,,storage_tank,,203.049
8.05855,80.65893,2026-09-06 08:13:00,7.96,n,342.6,N20,VIIRS,D,1033490635,Unnamed facility,Industrial Component / storage_tank,COMPONENT,,storage_tank,,204.242
8.05806,80.40604,2026-09-06 08:13:00,5.86,n,338.11,N20,VIIRS,D,1033490635,Unnamed facility,Industrial Component / storage_tank,COMPONENT,,storage_tank,,184.485
8.10052,80.15243,2026-09-06 08:13:00,8.89,n,340.66,N20,VIIRS,D,1033490635,Unnamed facility,Industrial Component / storage_tank,COMPONENT,,storage_tank,,163.143
8.05747,80.40203,2026-09-06 08:13:00,5.59,n,331.15,N20,VIIRS,D,1033490635,Unnamed facility,Industrial Component / storage_tank,COMPONENT,,storage_tank,,184.238
8.05332,80.47249,2026-09-06 08:13:00,2.53,n,335.43,N20,VIIRS,D,1033490635,Unnamed facility,Industrial Component / storage_tank,COMPONENT,,storage_tank,,189.869
8.0532,80.62189,2026-09-06 08:13:00,4.09,n,337.67,N20,VIIRS,D,1033490635,Unnamed facility,Industrial Component / storage_tank,COMPONENT,,storage_tank,,201.63
8.05042,80.37853,2026-09-06 08:13:00,6.51,n,332.73,N20,VIIRS,D,1033490635,Unnamed facility,Industrial Component / storage_tank,COMPONENT,,storage_tank,,183.114
8.04267,80.47402,2026-09-06 08:13:00,1.79,n,331.37,N20,VIIRS,D,1033490635,Unnamed facility,Industrial Component / storage_tank,COMPONENT,,storage_tank,,190.86
8.03632,80.35615,2026-09-06 08:13:00,10.18,n,343.2,N20,VIIRS,D,1033490635,Unnamed facility,Industrial Component / storage_tank,COMPONENT,,storage_tank,,182.711
8.03471,80.64554,2026-09-06 08:13:00,5.8,n,336.73,N20,VIIRS,D,1033490635,Unnamed facility,Industrial Component / storage_tank,COMPONENT,,storage_tank,,204.972
8.02996,80.63786,2026-09-06 08:13:00,4.32,n,330.96,N20,VIIRS,D,1033490635,Unnamed facility,Industrial Component / storage_tank,COMPONENT,,storage_tank,,204.717
8.05688,80.39803,2026-09-06 08:13:00,5.59,n,338.45,N20,VIIRS,D,1033490635,Unnamed facility,Industrial Component / storage_tank,COMPONENT,,storage_tank,,183.993
8.12702,80.61101,2026-09-06 08:13:00,6.44,n,337.67,N20,VIIRS,D,1033490635,Unnamed facility,Industrial Component / storage_tank,COMPONENT,,storage_tank,,195.121
8.12769,80.28949,2026-09-06 08:13:00,5.03,n,337.32,N20,VIIRS,D,1033490635,Unnamed facility,Industrial Component / storage_tank,COMPONENT,,storage_tank,,170.071
8.12827,80.29346,2026-09-06 08:13:00,5.03,n,335.67,N20,VIIRS,D,1033490635,Unnamed facility,Industrial Component / storage_tank,COMPONENT,,storage_tank,,170.307
8.22289,80.56785,2026-09-06 08:13:00,5.15,n,331.57,N20,VIIRS,D,1033490635,Unnamed facility,Industrial Component / storage_tank,COMPONENT,,storage_tank,,184.415
8.21932,80.56836,2026-09-06 08:13:00,4.82,n,333.33,N20,VIIRS,D,1033490635,Unnamed facility,Industrial Component / storage_tank,COMPONENT,,storage_tank,,184.718
8.21635,80.57297,2026-09-06 08:13:00,10.12,n,342.06,N20,VIIRS,D,1033490635,Unnamed facility,Industrial Component / storage_tank,COMPONENT,,storage_tank,,185.326
8.21431,80.75893,2026-09-06 08:13:00,3.09,n,330.23,N20,VIIRS,D,1033490635,Unnamed facility,Industrial Component / storage_tank,COMPONENT,,storage_tank,,201.679
8.20672,80.35995,2026-09-06 08:13:00,2.2,n,337.73,N20,VIIRS,D,1033490635,Unnamed facility,Industrial Component / storage_tank,COMPONENT,,storage_tank,,168.74
8.2045,80.61651,2026-09-06 08:13:00,9.0,n,339.36,N20,VIIRS,D,1033490635,Unnamed facility,Industrial Component / storage_tank,COMPONENT,,storage_tank,,189.893
8.18664,80.69491,2026-09-06 08:13:00,4.81,n,334.2,N20,VIIRS,D,1033490635,Unnamed facility,Industrial Component / storage_tank,COMPONENT,,storage_tank,,197.93
8.17289,80.45047,2026-09-06 08:13:00,3.65,n,335.1,N20,VIIRS,D,1033490635,Unnamed facility,Industrial Component / storage_tank,COMPONENT,,storage_tank,,178.546
8.17231,80.59605,2026-09-06 08:13:00,4.94,n,332.62,N20,VIIRS,D,1033490635,Unnamed facility,Industrial Component / storage_tank,COMPONENT,,storage_tank,,190.503
8.16569,80.72771,2026-09-06 08:13:00,3.87,n,335.38,N20,VIIRS,D,1033490635,Unnamed facility,Industrial Component / storage_tank,COMPONENT,,storage_tank,,202.254
8.16397,80.58891,2026-09-06 08:13:00,5.02,n,338.65,N20,VIIRS,D,1033490635,Unnamed facility,Industrial Component / storage_tank,COMPONENT,,storage_tank,,190.523
8.15989,80.43587,2026-09-06 08:13:00,3.92,n,338.54,N20,VIIRS,D,1033490635,Unnamed facility,Industrial Component / storage_tank,COMPONENT,,storage_tank,,178.421
8.1593,80.43186,2026-09-06 08:13:00,3.92,n,333.31,N20,VIIRS,D,1033490635,Unnamed facility,Industrial Component / storage_tank,COMPONENT,,storage_tank,,178.153
8.15444,80.59864,2026-09-06 08:13:00,4.5,n,331.39,N20,VIIRS,D,1033490635,Unnamed facility,Industrial Component / storage_tank,COMPONENT,,storage_tank,,192.044
8.14275,80.44252,2026-09-06 08:13:00,2.48,n,331.49,N20,VIIRS,D,1033490635,Unnamed facility,Industrial Component / storage_tank,COMPONENT,,storage_tank,,180.311
8.13583,80.73645,2026-09-06 08:13:00,6.79,n,336.66,N20,VIIRS,D,1033490635,Unnamed facility,Industrial Component / storage_tank,COMPONENT,,storage_tank,,205.114
8.12827,80.61111,2026-09-06 08:13:00,6.34,n,337.3,N20,VIIRS,D,1033490635,Unnamed facility,Industrial Component / storage_tank,COMPONENT,,storage_tank,,195.036
8.2237,80.40259,2026-09-06 08:13:00,6.21,n,339.05,N20,VIIRS,D,1033490635,Unnamed facility,Industrial Component / storage_tank,COMPONENT,,storage_tank,,170.74
8.3027,80.19979,2026-09-06 08:13:00,1.6,n,336.5,N20,VIIRS,D,1033490635,Unnamed facility,Industrial Component / storage_tank,COMPONENT,,storage_tank,,148.672
8.39968,80.66987,2026-09-06 08:13:00,4.22,n,339.08,N20,VIIRS,D,1554800372,Unnamed facility,Power / generator,FACILITY,generator,,,181.496
8.30719,80.55222,2026-09-06 08:13:00,2.76,n,335.34,N20,VIIRS,D,1033490635,Unnamed facility,Industrial Component / storage_tank,COMPONENT,,storage_tank,,177.058
8.47739,80.48282,2026-09-06 08:13:00,4.15,n,339.21,N20,VIIRS,D,1033490635,Unnamed facility,Industrial Component / storage_tank,COMPONENT,,storage_tank,,159.447
8.47653,80.81748,2026-09-06 08:13:00,29.86,n,337.17,N20,VIIRS,D,1554800372,Unnamed facility,Power / generator,FACILITY,generator,,,190.782
8.47358,80.71126,2026-09-06 08:13:00,4.46,n,334.42,N20,VIIRS,D,1554800372,Unnamed facility,Power / generator,FACILITY,generator,,,180.79
8.47326,80.45426,2026-09-06 08:13:00,4.62,n,337.48,N20,VIIRS,D,1033490635,Unnamed facility,Industrial Component / storage_tank,COMPONENT,,storage_tank,,157.112
8.47217,80.78788,2026-09-06 08:13:00,6.42,n,337.42,N20,VIIRS,D,1554800372,Unnamed facility,Power / generator,FACILITY,generator,,,188.177
8.47011,80.60973,2026-09-06 08:13:00,3.37,n,334.54,N20,VIIRS,D,1554800372,Unnamed facility,Power / generator,FACILITY,generator,,,171.499
8.4623,80.18108,2026-09-06 08:13:00,7.82,n,338.97,N20,VIIRS,D,1033490635,Unnamed facility,Industrial Component / storage_tank,COMPONENT,,storage_tank,,134.358
8.48015,80.78344,2026-09-06 08:13:00,13.13,n,339.42,N20,VIIRS,D,1554800372,Unnamed facility,Power / generator,FACILITY,generator,,,187.297
8.45721,80.46904,2026-09-06 08:13:00,4.77,n,339.46,N20,VIIRS,D,1033490635,Unnamed facility,Industrial Component / storage_tank,COMPONENT,,storage_tank,,159.501
8.45636,80.75574,2026-09-06 08:13:00,9.8,n,347.02,N20,VIIRS,D,1554800372,Unnamed facility,Power / generator,FACILITY,generator,,,186.023
8.45574,80.75153,2026-09-06 08:13:00,9.8,n,344.4,N20,VIIRS,D,1554800372,Unnamed facility,Power / generator,FACILITY,generator,,,185.66
8.45394,80.62476,2026-09-06 08:13:00,3.42,n,335.77,N20,VIIRS,D,1554800372,Unnamed facility,Power / generator,FACILITY,generator,,,173.903
8.44945,80.49104,2026-09-06 08:13:00,2.13,n,336.13,N20,VIIRS,D,1033490635,Unnamed facility,Industrial Component / storage_tank,COMPONENT,,storage_tank,,162.001
8.44212,80.31426,2026-09-06 08:13:00,3.82,n,335.02,N20,VIIRS,D,1033490635,Unnamed facility,Industrial Component / storage_tank,COMPONENT,,storage_tank,,146.933
8.43297,80.20153,2026-09-06 08:13:00,6.24,n,337.22,N20,VIIRS,D,1033490635,Unnamed facility,Industrial Component / storage_tank,COMPONENT,,storage_tank,,138.283
8.43209,80.31983,2026-09-06 08:13:00,5.77,n,339.38,N20,VIIRS,D,1033490635,Unnamed facility,Industrial Component / storage_tank,COMPONENT,,storage_tank,,148.135
8.45662,80.46497,2026-09-06 08:13:00,4.77,n,349.29,N20,VIIRS,D,1033490635,Unnamed facility,Industrial Component / storage_tank,COMPONENT,,storage_tank,,159.171
8.42704,80.55621,2026-09-06 08:13:00,3.18,n,333.6,N20,VIIRS,D,1033490635,Unnamed facility,Industrial Component / storage_tank,COMPONENT,,storage_tank,,169.39
8.48097,80.4573,2026-09-06 08:13:00,2.65,n,334.81,N20,VIIRS,D,1033490635,Unnamed facility,Industrial Component / storage_tank,COMPONENT,,storage_tank,,156.886
8.48303,80.78632,2026-09-06 08:13:00,18.22,n,338.06,N20,VIIRS,D,1554800372,Unnamed facility,Power / generator,FACILITY,generator,,,187.411
8.50002,80.69029,2026-09-06 08:13:00,7.32,n,336.54,N20,VIIRS,D,1554800372,Unnamed facility,Power / generator,FACILITY,generator,,,177.244
8.49644,80.84603,2026-09-06 08:13:00,5.81,n,342.08,N20,VIIRS,D,1554800372,Unnamed facility,Power / generator,FACILITY,generator,,,192.459
8.49644,80.82,2026-09-06 08:13:00,17.59,n,339.51,N20,VIIRS,D,1554800372,Unnamed facility,Power / generator,FACILITY,generator,,,189.923
8.4963,80.21665,2026-09-06 08:13:00,3.68,n,335.29,N20,VIIRS,D,1033490635,Unnamed facility,Industrial Component / storage_tank,COMPONENT,,storage_tank,,134.714
8.49584,80.81576,2026-09-06 08:13:00,17.59,n,337.21,N20,VIIRS,D,1554800372,Unnamed facility,Power / generator,FACILITY,generator,,,189.544
8.49522,80.60607,2026-09-06 08:13:00,5.78,n,338.02,N20,VIIRS,D,1554800372,Unnamed facility,Power / generator,FACILITY,generator,,,169.6
8.49396,80.24951,2026-09-06 08:13:00,4.03,n,335.95,N20,VIIRS,D,1033490635,Unnamed facility,Industrial Component / storage_tank,COMPONENT,,storage_tank,,137.662
8.48258,80.74863,2026-09-06 08:13:00,7.5,n,346.16,N20,VIIRS,D,1554800372,Unnamed facility,Power / generator,FACILITY,generator,,,183.82
8.49342,80.79879,2026-09-06 08:13:00,6.47,n,334.64,N20,VIIRS,D,1554800372,Unnamed facility,Power / generator,FACILITY,generator,,,188.033
8.49219,80.23755,2026-09-06 08:13:00,3.08,n,337.6,N20,VIIRS,D,1033490635,Unnamed facility,Industrial Component / storage_tank,COMPONENT,,storage_tank,,136.777
8.49162,80.73441,2026-09-06 08:13:00,7.48,n,337.88,N20,VIIRS,D,1554800372,Unnamed facility,Power / generator,FACILITY,generator,,,181.939
8.4916,80.23357,2026-09-06 08:13:00,4.07,n,337.51,N20,VIIRS,D,1033490635,Unnamed facility,Industrial Component / storage_tank,COMPONENT,,storage_tank,,136.484
8.48861,80.73914,2026-09-06 08:13:00,9.2,n,337.9,N20,VIIRS,D,1554800372,Unnamed facility,Power / generator,FACILITY,generator,,,182.565
8.4844,80.73547,2026-09-06 08:13:00,10.65,n,341.86,N20,VIIRS,D,1554800372,Unnamed facility,Power / generator,FACILITY,generator,,,182.458
8.48377,80.78291,2026-09-06 08:13:00,4.17,n,336.89,N20,VIIRS,D,1554800372,Unnamed facility,Power / generator,FACILITY,generator,,,187.041
8.48318,80.75284,2026-09-06 08:13:00,7.5,n,335.9,N20,VIIRS,D,1554800372,Unnamed facility,Power / generator,FACILITY,generator,,,184.188
8.49221,80.81628,2026-09-06 08:13:00,18.65,n,352.36,N20,VIIRS,D,1554800372,Unnamed facility,Power / generator,FACILITY,generator,,,189.795
8.4261,80.35358,2026-09-06 08:13:00,4.56,n,333.93,N20,VIIRS,D,1033490635,Unnamed facility,Industrial Component / storage_tank,COMPONENT,,storage_tank,,151.449
8.42314,80.38222,2026-09-06 08:13:00,4.56,n,337.32,N20,VIIRS,D,1033490635,Unnamed facility,Industrial Component / storage_tank,COMPONENT,,storage_tank,,154.13
8.42249,80.37884,2026-09-06 08:13:00,9.05,n,337.81,N20,VIIRS,D,1033490635,Unnamed facility,Industrial Component / storage_tank,COMPONENT,,storage_tank,,153.883
8.39406,80.21074,2026-09-06 08:13:00,2.56,n,337.49,N20,VIIRS,D,1033490635,Unnamed facility,Industrial Component / storage_tank,COMPONENT,,storage_tank,,142.074
8.39189,80.59074,2026-09-06 08:13:00,1.45,n,333.66,N20,VIIRS,D,1033490635,Unnamed facility,Industrial Component / storage_tank,COMPONENT,,storage_tank,,174.804
8.38829,80.82144,2026-09-06 08:13:00,6.49,n,347.86,N20,VIIRS,D,1554800372,Unnamed facility,Power / generator,FACILITY,generator,,,196.278
8.38802,80.16364,2026-09-06 08:13:00,5.36,n,332.87,N20,VIIRS,D,1033490635,Unnamed facility,Industrial Component / storage_tank,COMPONENT,,storage_tank,,138.893
8.38589,80.77874,2026-09-06 08:13:00,10.83,n,340.62,N20,VIIRS,D,1554800372,Unnamed facility,Power / generator,FACILITY,generator,,,192.421
8.38349,80.76193,2026-09-06 08:13:00,11.41,n,347.85,N20,VIIRS,D,1554800372,Unnamed facility,Power / generator,FACILITY,generator,,,191.005
8.3677,80.17822,2026-09-06 08:13:00,5.38,n,335.7,N20,VIIRS,D,1033490635,Unnamed facility,Industrial Component / storage_tank,COMPONENT,,storage_tank,,141.67
8.39485,80.21114,2026-09-06 08:13:00,2.72,n,341.56,N20,VIIRS,D,1033490635,Unnamed facility,Industrial Component / storage_tank,COMPONENT,,storage_tank,,142.043
8.36728,80.72576,2026-09-06 08:13:00,4.57,n,335.7,N20,VIIRS,D,1554800372,Unnamed facility,Power / generator,FACILITY,generator,,,188.687
8.36625,80.56503,2026-09-06 08:13:00,3.84,n,336.95,N20,VIIRS,D,1033490635,Unnamed facility,Industrial Component / storage_tank,COMPONENT,,storage_tank,,174.162
8.32469,80.30215,2026-09-06 08:13:00,10.18,n,339.68,N20,VIIRS,D,1033490635,Unnamed facility,Industrial Component / storage_tank,COMPONENT,,storage_tank,,154.804
8.32142,80.20514,2026-09-06 08:13:00,1.97,n,338.33,N20,VIIRS,D,1033490635,Unnamed facility,Industrial Component / storage_tank,COMPONENT,,storage_tank,,147.52
8.32116,80.30267,2026-09-06 08:13:00,10.18,n,333.36,N20,VIIRS,D,1033490635,Unnamed facility,Industrial Component / storage_tank,COMPONENT,,storage_tank,,155.122
8.31706,80.2992,2026-09-06 08:13:00,2.82,n,339.93,N20,VIIRS,D,1033490635,Unnamed facility,Industrial Component / storage_tank,COMPONENT,,storage_tank,,155.168
8.31313,80.54298,2026-09-06 08:13:00,1.85,n,338.42,N20,VIIRS,D,1033490635,Unnamed facility,Industrial Component / storage_tank,COMPONENT,,storage_tank,,175.837
8.31076,80.5517,2026-09-06 08:13:00,2.76,n,335.92,N20,VIIRS,D,1033490635,Unnamed facility,Industrial Component / storage_tank,COMPONENT,,storage_tank,,176.764
8.36684,80.56914,2026-09-06 08:13:00,6.98,n,336.21,N20,VIIRS,D,1033490635,Unnamed facility,Industrial Component / storage_tank,COMPONENT,,storage_tank,,174.491
8.39549,80.66624,2026-09-06 08:13:00,4.22,n,333.35,N20,VIIRS,D,1554800372,Unnamed facility,Power / generator,FACILITY,generator,,,181.434
8.3966,80.49786,2026-09-06 08:13:00,3.11,n,332.36,N20,VIIRS,D,1033490635,Unnamed facility,Industrial Component / storage_tank,COMPONENT,,storage_tank,,166.123
8.39757,80.21023,2026-09-06 08:13:00,2.56,n,332.18,N20,VIIRS,D,1033490635,Unnamed facility,Industrial Component / storage_tank,COMPONENT,,storage_tank,,141.756
8.42082,80.34197,2026-09-06 08:13:00,6.21,n,342.48,N20,VIIRS,D,1033490635,Unnamed facility,Industrial Component / storage_tank,COMPONENT,,storage_tank,,150.837
8.42025,80.33794,2026-09-06 08:13:00,6.21,n,348.66,N20,VIIRS,D,1033490635,Unnamed facility,Industrial Component / storage_tank,COMPONENT,,storage_tank,,150.535
8.41959,80.38272,2026-09-06 08:13:00,4.56,n,331.04,N20,VIIRS,D,1033490635,Unnamed facility,Industrial Component / storage_tank,COMPONENT,,storage_tank,,154.424
8.41894,80.35398,2026-09-06 08:13:00,2.3,n,331.41,N20,VIIRS,D,1033490635,Unnamed facility,Industrial Component / storage_tank,COMPONENT,,storage_tank,,151.998
8.41671,80.33846,2026-09-06 08:13:00,5.16,n,337.53,N20,VIIRS,D,1033490635,Unnamed facility,Industrial Component / storage_tank,COMPONENT,,storage_tank,,150.836
8.41655,80.33785,2026-09-06 08:13:00,5.49,n,340.39,N20,VIIRS,D,1033490635,Unnamed facility,Industrial Component / storage_tank,COMPONENT,,storage_tank,,150.796
8.41613,80.33443,2026-09-06 08:13:00,8.65,n,347.43,N20,VIIRS,D,1033490635,Unnamed facility,Industrial Component / storage_tank,COMPONENT,,storage_tank,,150.537
8.41603,80.18375,2026-09-06 08:13:00,2.93,n,343.03,N20,VIIRS,D,1033490635,Unnamed facility,Industrial Component / storage_tank,COMPONENT,,storage_tank,,138.2
8.41595,80.33384,2026-09-06 08:13:00,6.79,n,340.54,N20,VIIRS,D,1033490635,Unnamed facility,Industrial Component / storage_tank,COMPONENT,,storage_tank,,150.5
8.41523,80.2529,2026-09-06 08:13:00,2.73,n,334.11,N20,VIIRS,D,1033490635,Unnamed facility,Industrial Component / storage_tank,COMPONENT,,storage_tank,,143.815
8.41466,80.24891,2026-09-06 08:13:00,2.73,n,333.42,N20,VIIRS,D,1033490635,Unnamed facility,Industrial Component / storage_tank,COMPONENT,,storage_tank,,143.533
8.40245,80.38931,2026-09-06 08:13:00,3.23,n,333.69,N20,VIIRS,D,1033490635,Unnamed facility,Industrial Component / storage_tank,COMPONENT,,storage_tank,,156.211
8.40028,80.67403,2026-09-06 08:13:00,9.63,n,341.7,N20,VIIRS,D,1554800372,Unnamed facility,Power / generator,FACILITY,generator,,,181.838
8.02632,80.36166,2026-09-06 08:13:00,2.9,n,331.52,N20,VIIRS,D,1033490635,Unnamed facility,Industrial Component / storage_tank,COMPONENT,,storage_tank,,183.968
8.39891,80.38981,2026-09-06 08:13:00,3.23,n,337.46,N20,VIIRS,D,1033490635,Unnamed facility,Industrial Component / storage_tank,COMPONENT,,storage_tank,,156.507
8.39836,80.21062,2026-09-06 08:13:00,2.72,n,332.49,N20,VIIRS,D,1033490635,Unnamed facility,Industrial Component / storage_tank,COMPONENT,,storage_tank,,141.724
8.39835,80.43536,2026-09-06 08:13:00,4.33,n,337.77,N20,VIIRS,D,1033490635,Unnamed facility,Industrial Component / storage_tank,COMPONENT,,storage_tank,,160.493
8.30712,80.28026,2026-09-06 08:13:00,5.18,n,335.28,N20,VIIRS,D,1033490635,Unnamed facility,Industrial Component / storage_tank,COMPONENT,,storage_tank,,154.464
8.02609,80.62924,2026-09-06 08:13:00,5.22,n,341.21,N20,VIIRS,D,1033490635,Unnamed facility,Industrial Component / storage_tank,COMPONENT,,storage_tank,,204.324
7.99867,80.61654,2026-09-06 08:13:00,4.31,n,337.57,N20,VIIRS,D,1033490635,Unnamed facility,Industrial Component / storage_tank,COMPONENT,,storage_tank,,205.462
8.02489,80.50138,2026-09-06 08:13:00,3.48,n,332.81,N20,VIIRS,D,1033490635,Unnamed facility,Industrial Component / storage_tank,COMPONENT,,storage_tank,,194.401
6.96175,81.56585,2026-09-06 08:13:00,2.66,n,331.73,N20,VIIRS,D,1033490635,Unnamed facility,Industrial Component / storage_tank,COMPONENT,,storage_tank,,362.566
6.9611,81.56142,2026-09-06 08:13:00,2.66,n,330.96,N20,VIIRS,D,1033490635,Unnamed facility,Industrial Component / storage_tank,COMPONENT,,storage_tank,,362.276
6.88785,81.49987,2026-09-06 08:13:00,3.85,l,332.33,N20,VIIRS,D,1033490635,Unnamed facility,Industrial Component / storage_tank,COMPONENT,,storage_tank,,363.599
6.88242,81.67306,2026-09-06 08:13:00,8.59,n,344.28,N20,VIIRS,D,1033490635,Unnamed facility,Industrial Component / storage_tank,COMPONENT,,storage_tank,,377.262
6.88112,81.67618,2026-09-06 08:13:00,8.33,n,348.45,N20,VIIRS,D,1033490635,Unnamed facility,Industrial Component / storage_tank,COMPONENT,,storage_tank,,377.609
6.88045,81.67171,2026-09-06 08:13:00,8.33,n,345.28,N20,VIIRS,D,1033490635,Unnamed facility,Industrial Component / storage_tank,COMPONENT,,storage_tank,,377.315
6.87978,81.66723,2026-09-06 08:13:00,3.29,n,334.95,N20,VIIRS,D,1033490635,Unnamed facility,Industrial Component / storage_tank,COMPONENT,,storage_tank,,377.021
6.96338,81.56216,2026-09-06 08:13:00,7.49,n,344.16,N20,VIIRS,D,1033490635,Unnamed facility,Industrial Component / storage_tank,COMPONENT,,storage_tank,,362.149
6.87933,81.67808,2026-09-06 08:13:00,8.59,n,337.61,N20,VIIRS,D,1033490635,Unnamed facility,Industrial Component / storage_tank,COMPONENT,,storage_tank,,377.9
6.87806,81.6691,2026-09-06 08:13:00,10.87,n,350.52,N20,VIIRS,D,1033490635,Unnamed facility,Industrial Component / storage_tank,COMPONENT,,storage_tank,,377.304
6.87739,81.6767,2026-09-06 08:13:00,8.33,n,341.26,N20,VIIRS,D,1033490635,Unnamed facility,Industrial Component / storage_tank,COMPONENT,,storage_tank,,377.948
6.87672,81.67222,2026-09-06 08:13:00,8.33,n,352.26,N20,VIIRS,D,1033490635,Unnamed facility,Industrial Component / storage_tank,COMPONENT,,storage_tank,,377.654
6.87605,81.66773,2026-09-06 08:13:00,3.29,l,330.66,N20,VIIRS,D,1033490635,Unnamed facility,Industrial Component / storage_tank,COMPONENT,,storage_tank,,377.359
6.86198,81.32136,2026-09-06 08:13:00,6.67,n,336.06,N20,VIIRS,D,1033490635,Unnamed facility,Industrial Component / storage_tank,COMPONENT,,storage_tank,,352.785
6.84756,81.4028,2026-09-06 08:13:00,3.38,l,331.75,N20,VIIRS,D,1033490635,Unnamed facility,Industrial Component / storage_tank,COMPONENT,,storage_tank,,359.851
6.83904,81.46967,2026-09-06 08:13:00,6.38,n,338.42,N20,VIIRS,D,1033490635,Unnamed facility,Industrial Component / storage_tank,COMPONENT,,storage_tank,,365.444
6.8787,81.67358,2026-09-06 08:13:00,8.59,n,356.18,N20,VIIRS,D,1033490635,Unnamed facility,Industrial Component / storage_tank,COMPONENT,,storage_tank,,377.601
6.83838,81.46528,2026-09-06 08:13:00,5.5,n,342.54,N20,VIIRS,D,1033490635,Unnamed facility,Industrial Component / storage_tank,COMPONENT,,storage_tank,,365.177
6.98203,81.5867,2026-09-06 08:13:00,32.98,n,341.15,N20,VIIRS,D,1033490635,Unnamed facility,Industrial Component / storage_tank,COMPONENT,,storage_tank,,362.555
6.98574,81.58614,2026-09-06 08:13:00,32.98,n,353.1,N20,VIIRS,D,1033490635,Unnamed facility,Industrial Component / storage_tank,COMPONENT,,storage_tank,,362.214
7.6006,80.85745,2026-09-06 08:13:00,3.84,n,337.72,N20,VIIRS,D,1033490635,Unnamed facility,Industrial Component / storage_tank,COMPONENT,,storage_tank,,256.312
7.55228,80.40916,2026-09-06 08:13:00,11.66,n,333.54,N20,VIIRS,D,1033490635,Unnamed facility,Industrial Component / storage_tank,COMPONENT,,storage_tank,,230.256
7.53497,80.08868,2026-09-06 08:13:00,3.94,n,341.84,N20,VIIRS,D,1033490635,Unnamed facility,Industrial Component / storage_tank,COMPONENT,,storage_tank,,215.124
7.51311,81.65795,2026-09-06 08:13:00,8.75,n,339.53,N20,VIIRS,D,1033490635,Unnamed facility,Industrial Component / storage_tank,COMPONENT,,storage_tank,,329.026
7.48554,80.05708,2026-09-06 08:13:00,1.68,n,330.41,N20,VIIRS,D,1033490635,Unnamed facility,Industrial Component / storage_tank,COMPONENT,,storage_tank,,218.838
7.41523,81.62437,2026-09-06 08:13:00,3.11,n,332.22,N20,VIIRS,D,1033490635,Unnamed facility,Industrial Component / storage_tank,COMPONENT,,storage_tank,,332.881
7.41125,81.72717,2026-09-06 08:13:00,5.06,n,342.31,N20,VIIRS,D,1033490635,Unnamed facility,Industrial Component / storage_tank,COMPONENT,,storage_tank,,342.109
6.9833,81.59561,2026-09-06 08:13:00,42.44,n,355.5,N20,VIIRS,D,1033490635,Unnamed facility,Industrial Component / storage_tank,COMPONENT,,storage_tank,,363.149
7.40722,81.69978,2026-09-06 08:13:00,3.87,n,336.96,N20,VIIRS,D,1033490635,Unnamed facility,Industrial Component / storage_tank,COMPONENT,,storage_tank,,339.992
7.36719,81.71482,2026-09-06 08:13:00,6.74,n,335.6,N20,VIIRS,D,1033490635,Unnamed facility,Industrial Component / storage_tank,COMPONENT,,storage_tank,,344.102
7.32414,81.76315,2026-09-06 08:13:00,6.93,n,338.41,N20,VIIRS,D,1033490635,Unnamed facility,Industrial Component / storage_tank,COMPONENT,,storage_tank,,351.322
7.32397,81.76602,2026-09-06 08:13:00,7.73,n,337.76,N20,VIIRS,D,1033490635,Unnamed facility,Industrial Component / storage_tank,COMPONENT,,storage_tank,,351.583
7.22762,79.92426,2026-09-06 08:13:00,4.11,n,334.35,N20,VIIRS,D,1033490635,Unnamed facility,Industrial Component / storage_tank,COMPONENT,,storage_tank,,241.197
7.145,81.23863,2026-09-06 08:13:00,1.98,n,330.41,N20,VIIRS,D,1033490635,Unnamed facility,Industrial Component / storage_tank,COMPONENT,,storage_tank,,322.704
7.13335,81.08004,2026-09-06 08:13:00,3.58,n,336.91,N20,VIIRS,D,1033490635,Unnamed facility,Industrial Component / storage_tank,COMPONENT,,storage_tank,,312.216
7.05877,81.80164,2026-09-06 08:13:00,12.41,n,340.93,N20,VIIRS,D,1033490635,Unnamed facility,Industrial Component / storage_tank,COMPONENT,,storage_tank,,373.893
7.36785,81.7194,2026-09-06 08:13:00,4.93,n,339.04,N20,VIIRS,D,1033490635,Unnamed facility,Industrial Component / storage_tank,COMPONENT,,storage_tank,,344.453
6.82584,81.43141,2026-09-06 08:13:00,3.59,n,336.63,N20,VIIRS,D,1033490635,Unnamed facility,Industrial Component / storage_tank,COMPONENT,,storage_tank,,363.772
6.81362,81.52721,2026-09-06 08:13:00,12.69,n,340.21,N20,VIIRS,D,1033490635,Unnamed facility,Industrial Component / storage_tank,COMPONENT,,storage_tank,,371.822
6.81298,81.52281,2026-09-06 08:13:00,13.81,n,350.52,N20,VIIRS,D,1033490635,Unnamed facility,Industrial Component / storage_tank,COMPONENT,,storage_tank,,371.55
6.55594,80.93317,2026-09-06 08:13:00,1.87,l,331.63,N20,VIIRS,D,1033490635,Unnamed facility,Industrial Component / storage_tank,COMPONENT,,storage_tank,,356.047
6.54658,81.06027,2026-09-06 08:13:00,4.96,n,336.45,N20,VIIRS,D,1033490635,Unnamed facility,Industrial Component / storage_tank,COMPONENT,,storage_tank,,364.34
6.52895,80.74675,2026-09-06 08:13:00,15.08,n,347.98,N20,VIIRS,D,1033490635,Unnamed facility,Industrial Component / storage_tank,COMPONENT,,storage_tank,,348.624
6.5272,80.75962,2026-09-06 08:13:00,3.01,n,334.38,N20,VIIRS,D,1033490635,Unnamed facility,Industrial Component / storage_tank,COMPONENT,,storage_tank,,349.46
6.52717,80.75974,2026-09-06 08:13:00,2.32,n,335.03,N20,VIIRS,D,1033490635,Unnamed facility,Industrial Component / storage_tank,COMPONENT,,storage_tank,,349.469
6.52049,80.90929,2026-09-06 08:13:00,4.84,n,332.97,N20,VIIRS,D,1033490635,Unnamed facility,Industrial Component / storage_tank,COMPONENT,,storage_tank,,358.139
6.44992,81.04031,2026-09-06 08:13:00,4.91,l,331.5,N20,VIIRS,D,1033490635,Unnamed facility,Industrial Component / storage_tank,COMPONENT,,storage_tank,,372.367
6.57201,80.91832,2026-09-06 08:13:00,19.7,n,340.48,N20,VIIRS,D,1033490635,Unnamed facility,Industrial Component / storage_tank,COMPONENT,,storage_tank,,353.656
6.41299,81.08785,2026-09-06 08:13:00,6.66,n,339.14,N20,VIIRS,D,1033490635,Unnamed facility,Industrial Component / storage_tank,COMPONENT,,storage_tank,,378.657
6.37277,80.79048,2026-09-06 08:13:00,4.25,l,331.77,N20,VIIRS,D,1033490635,Unnamed facility,Industrial Component / storage_tank,COMPONENT,,storage_tank,,366.416
6.37217,80.78643,2026-09-06 08:13:00,4.25,n,347.17,N20,VIIRS,D,1033490635,Unnamed facility,Industrial Component / storage_tank,COMPONENT,,storage_tank,,366.273
6.28634,80.72087,2026-09-06 08:13:00,6.02,n,341.99,N20,VIIRS,D,1033490635,Unnamed facility,Industrial Component / storage_tank,COMPONENT,,storage_tank,,371.728
6.22624,80.92218,2026-09-06 08:13:00,1.74,l,330.17,N20,VIIRS,D,1033490635,Unnamed facility,Industrial Component / storage_tank,COMPONENT,,storage_tank,,387.719
6.22565,80.92256,2026-09-06 08:13:00,1.85,n,332.11,N20,VIIRS,D,1033490635,Unnamed facility,Industrial Component / storage_tank,COMPONENT,,storage_tank,,387.798
6.1966,80.9183,2026-09-06 08:13:00,1.95,n,335.86,N20,VIIRS,D,1033490635,Unnamed facility,Industrial Component / storage_tank,COMPONENT,,storage_tank,,390.463
6.17599,81.02498,2026-09-06 08:13:00,4.81,n,342.79,N20,VIIRS,D,1033490635,Unnamed facility,Industrial Component / storage_tank,COMPONENT,,storage_tank,,398.088
6.38127,81.09678,2026-09-06 08:13:00,124.64,n,345.82,N20,VIIRS,D,1033490635,Unnamed facility,Industrial Component / storage_tank,COMPONENT,,storage_tank,,382.206
6.59847,80.80141,2026-09-06 08:13:00,4.28,n,334.48,N20,VIIRS,D,1033490635,Unnamed facility,Industrial Component / storage_tank,COMPONENT,,storage_tank,,344.628
6.60001,80.96009,2026-09-06 08:13:00,6.67,n,341.01,N20,VIIRS,D,1033490635,Unnamed facility,Industrial Component / storage_tank,COMPONENT,,storage_tank,,353.36
6.6053,80.89685,2026-09-06 08:13:00,3.18,l,333.67,N20,VIIRS,D,1033490635,Unnamed facility,Industrial Component / storage_tank,COMPONENT,,storage_tank,,349.229
6.81244,81.44232,2026-09-06 08:13:00,10.4,n,339.42,N20,VIIRS,D,1033490635,Unnamed facility,Industrial Component / storage_tank,COMPONENT,,storage_tank,,365.703
6.80993,81.52775,2026-09-06 08:13:00,12.69,n,338.3,N20,VIIRS,D,1033490635,Unnamed facility,Industrial Component / storage_tank,COMPONENT,,storage_tank,,372.171
6.80928,81.52334,2026-09-06 08:13:00,13.81,n,337.61,N20,VIIRS,D,1033490635,Unnamed facility,Industrial Component / storage_tank,COMPONENT,,storage_tank,,371.899
6.80623,81.52828,2026-09-06 08:13:00,3.09,n,337.69,N20,VIIRS,D,1033490635,Unnamed facility,Industrial Component / storage_tank,COMPONENT,,storage_tank,,372.52
6.78776,81.53093,2026-09-06 08:13:00,4.52,n,339.12,N20,VIIRS,D,1033490635,Unnamed facility,Industrial Component / storage_tank,COMPONENT,,storage_tank,,374.265
6.78712,81.52653,2026-09-06 08:13:00,5.82,l,336.13,N20,VIIRS,D,1033490635,Unnamed facility,Industrial Component / storage_tank,COMPONENT,,storage_tank,,373.995
6.78113,81.56338,2026-09-06 08:13:00,5.82,n,336.04,N20,VIIRS,D,1033490635,Unnamed facility,Industrial Component / storage_tank,COMPONENT,,storage_tank,,377.221
6.7509,81.35421,2026-09-06 08:13:00,15.51,n,346.78,N20,VIIRS,D,1033490635,Unnamed facility,Industrial Component / storage_tank,COMPONENT,,storage_tank,,364.754
6.74441,81.5361,2026-09-06 08:13:00,9.4,n,345.85,N20,VIIRS,D,1033490635,Unnamed facility,Industrial Component / storage_tank,COMPONENT,,storage_tank,,378.298
6.74341,81.5372,2026-09-06 08:13:00,8.93,n,342.62,N20,VIIRS,D,1033490635,Unnamed facility,Industrial Component / storage_tank,COMPONENT,,storage_tank,,378.463
6.73615,81.50595,2026-09-06 08:13:00,9.3,n,339.33,N20,VIIRS,D,1033490635,Unnamed facility,Industrial Component / storage_tank,COMPONENT,,storage_tank,,376.806
6.71671,81.32398,2026-09-06 08:13:00,6.3,n,335.96,N20,VIIRS,D,1033490635,Unnamed facility,Industrial Component / storage_tank,COMPONENT,,storage_tank,,365.674
6.71643,81.3233,2026-09-06 08:13:00,5.63,n,336.32,N20,VIIRS,D,1033490635,Unnamed facility,Industrial Component / storage_tank,COMPONENT,,storage_tank,,365.652
6.71334,81.4029,2026-09-06 08:13:00,10.39,n,342.96,N20,VIIRS,D,1033490635,Unnamed facility,Industrial Component / storage_tank,COMPONENT,,storage_tank,,371.433
6.70713,81.38621,2026-09-06 08:13:00,10.49,n,340.94,N20,VIIRS,D,1033490635,Unnamed facility,Industrial Component / storage_tank,COMPONENT,,storage_tank,,370.811
6.70504,81.34695,2026-09-06 08:13:00,3.3,n,335.69,N20,VIIRS,D,1033490635,Unnamed facility,Industrial Component / storage_tank,COMPONENT,,storage_tank,,368.28
6.61493,80.76595,2026-09-06 08:13:00,2.99,n,334.26,N20,VIIRS,D,1033490635,Unnamed facility,Industrial Component / storage_tank,COMPONENT,,storage_tank,,341.115
7.61975,80.8379,2026-09-06 08:13:00,4.12,n,338.35,N20,VIIRS,D,1033490635,Unnamed facility,Industrial Component / storage_tank,COMPONENT,,storage_tank,,253.256
7.62172,80.83782,2026-09-06 08:13:00,4.41,n,338.9,N20,VIIRS,D,1033490635,Unnamed facility,Industrial Component / storage_tank,COMPONENT,,storage_tank,,253.087
7.62395,80.28177,2026-09-06 08:13:00,2.35,n,330.29,N20,VIIRS,D,1033490635,Unnamed facility,Industrial Component / storage_tank,COMPONENT,,storage_tank,,216.015
7.6455,80.62371,2026-09-06 08:13:00,6.63,n,334.18,N20,VIIRS,D,1033490635,Unnamed facility,Industrial Component / storage_tank,COMPONENT,,storage_tank,,235.573
7.99982,80.37775,2026-09-06 08:13:00,6.37,n,337.15,N20,VIIRS,D,1033490635,Unnamed facility,Industrial Component / storage_tank,COMPONENT,,storage_tank,,187.404
7.99871,80.64158,2026-09-06 08:13:00,14.61,n,344.81,N20,VIIRS,D,1033490635,Unnamed facility,Industrial Component / storage_tank,COMPONENT,,storage_tank,,207.45
8.50597,80.5792,2026-09-06 08:13:00,19.55,n,342.17,N20,VIIRS,D,1554800372,Unnamed facility,Power / generator,FACILITY,generator,,,166.435
7.99811,80.63749,2026-09-06 08:13:00,14.61,n,338.37,N20,VIIRS,D,1033490635,Unnamed facility,Industrial Component / storage_tank,COMPONENT,,storage_tank,,207.17
7.99793,80.21613,2026-09-06 08:13:00,2.55,n,336.03,N20,VIIRS,D,1033490635,Unnamed facility,Industrial Component / storage_tank,COMPONENT,,storage_tank,,176.656
7.98381,80.63953,2026-09-06 08:13:00,8.67,n,335.65,N20,VIIRS,D,1033490635,Unnamed facility,Industrial Component / storage_tank,COMPONENT,,storage_tank,,208.457
7.98321,80.63544,2026-09-06 08:13:00,7.19,n,333.58,N20,VIIRS,D,1033490635,Unnamed facility,Industrial Component / storage_tank,COMPONENT,,storage_tank,,208.18
8.00335,80.37724,2026-09-06 08:13:00,6.37,n,344.29,N20,VIIRS,D,1033490635,Unnamed facility,Industrial Component / storage_tank,COMPONENT,,storage_tank,,187.062
7.98272,80.75755,2026-09-06 08:13:00,5.11,n,343.26,N20,VIIRS,D,1033490635,Unnamed facility,Industrial Component / storage_tank,COMPONENT,,storage_tank,,218.099
7.97644,80.36833,2026-09-06 08:13:00,3.86,n,335.61,N20,VIIRS,D,1033490635,Unnamed facility,Industrial Component / storage_tank,COMPONENT,,storage_tank,,188.777
7.96828,80.03739,2026-09-06 08:13:00,4.1,n,335.5,N20,VIIRS,D,1033490635,Unnamed facility,Industrial Component / storage_tank,COMPONENT,,storage_tank,,168.939
7.96142,80.01473,2026-09-06 08:13:00,8.68,n,346.69,N20,VIIRS,D,1033490635,Unnamed facility,Industrial Component / storage_tank,COMPONENT,,storage_tank,,168.417
7.96119,80.58449,2026-09-06 08:13:00,3.52,n,339.8,N20,VIIRS,D,1033490635,Unnamed facility,Industrial Component / storage_tank,COMPONENT,,storage_tank,,205.964
7.95763,80.58501,2026-09-06 08:13:00,3.52,n,339.09,N20,VIIRS,D,1033490635,Unnamed facility,Industrial Component / storage_tank,COMPONENT,,storage_tank,,206.293
7.95645,80.45293,2026-09-06 08:13:00,29.12,n,344.63,N20,VIIRS,D,1033490635,Unnamed facility,Industrial Component / storage_tank,COMPONENT,,storage_tank,,196.523
7.9535,80.10691,2026-09-06 08:13:00,4.93,n,336.25,N20,VIIRS,D,1033490635,Unnamed facility,Industrial Component / storage_tank,COMPONENT,,storage_tank,,174.233
7.98152,80.74925,2026-09-06 08:13:00,6.78,n,335.61,N20,VIIRS,D,1033490635,Unnamed facility,Industrial Component / storage_tank,COMPONENT,,storage_tank,,217.506
8.00938,80.05111,2026-09-06 08:13:00,12.8,n,335.74,N20,VIIRS,D,1033490635,Unnamed facility,Industrial Component / storage_tank,COMPONENT,,storage_tank,,165.669
8.01535,80.26189,2026-09-06 08:13:00,12.76,n,347.27,N20,VIIRS,D,1033490635,Unnamed facility,Industrial Component / storage_tank,COMPONENT,,storage_tank,,178.057
8.01709,81.30904,2026-09-06 08:13:00,7.91,n,337.02,N20,VIIRS,D,1554800372,Unnamed facility,Power / generator,FACILITY,generator,,,264.537
8.02462,80.62609,2026-09-06 08:13:00,3.74,n,333.9,N20,VIIRS,D,1033490635,Unnamed facility,Industrial Component / storage_tank,COMPONENT,,storage_tank,,204.185
8.0243,80.49733,2026-09-06 08:13:00,3.29,n,333.82,N20,VIIRS,D,1033490635,Unnamed facility,Industrial Component / storage_tank,COMPONENT,,storage_tank,,194.14
8.02388,80.68829,2026-09-06 08:13:00,5.18,n,335.6,N20,VIIRS,D,1033490635,Unnamed facility,Industrial Component / storage_tank,COMPONENT,,storage_tank,,209.285
8.02366,80.61292,2026-09-06 08:13:00,7.06,n,349.62,N20,VIIRS,D,1033490635,Unnamed facility,Industrial Component / storage_tank,COMPONENT,,storage_tank,,203.207
8.02327,80.68417,2026-09-06 08:13:00,5.18,n,340.86,N20,VIIRS,D,1033490635,Unnamed facility,Industrial Component / storage_tank,COMPONENT,,storage_tank,,208.994
8.02287,80.61383,2026-09-06 08:13:00,5.26,n,351.25,N20,VIIRS,D,1033490635,Unnamed facility,Industrial Component / storage_tank,COMPONENT,,storage_tank,,203.342
8.02279,80.36218,2026-09-06 08:13:00,6.68,n,333.74,N20,VIIRS,D,1033490635,Unnamed facility,Industrial Component / storage_tank,COMPONENT,,storage_tank,,184.31
8.02252,80.62978,2026-09-06 08:13:00,5.22,n,340.08,N20,VIIRS,D,1033490635,Unnamed facility,Industrial Component / storage_tank,COMPONENT,,storage_tank,,204.645
8.02228,80.60974,2026-09-06 08:13:00,5.26,n,336.7,N20,VIIRS,D,1033490635,Unnamed facility,Industrial Component / storage_tank,COMPONENT,,storage_tank,,203.062
8.02221,80.3582,2026-09-06 08:13:00,3.03,n,337.86,N20,VIIRS,D,1033490635,Unnamed facility,Industrial Component / storage_tank,COMPONENT,,storage_tank,,184.078
8.02164,80.63072,2026-09-06 08:13:00,3.74,n,337.11,N20,VIIRS,D,1033490635,Unnamed facility,Industrial Component / storage_tank,COMPONENT,,storage_tank,,204.789
8.0207,80.61752,2026-09-06 08:13:00,7.59,n,338.87,N20,VIIRS,D,1033490635,Unnamed facility,Industrial Component / storage_tank,COMPONENT,,storage_tank,,203.806
8.02009,80.61343,2026-09-06 08:13:00,7.06,n,342.64,N20,VIIRS,D,1033490635,Unnamed facility,Industrial Component / storage_tank,COMPONENT,,storage_tank,,203.528
8.01955,80.63438,2026-09-06 08:13:00,4.0,n,332.96,N20,VIIRS,D,1033490635,Unnamed facility,Industrial Component / storage_tank,COMPONENT,,storage_tank,,205.246
8.0193,80.61435,2026-09-06 08:13:00,5.26,n,334.15,N20,VIIRS,D,1033490635,Unnamed facility,Industrial Component / storage_tank,COMPONENT,,storage_tank,,203.663
8.01928,80.75652,2026-09-06 08:13:00,5.34,n,340.0,N20,VIIRS,D,1033490635,Unnamed facility,Industrial Component / storage_tank,COMPONENT,,storage_tank,,215.278
8.01838,81.30779,2026-09-06 08:13:00,6.13,n,339.78,N20,VIIRS,D,1554800372,Unnamed facility,Power / generator,FACILITY,generator,,,264.341
7.95302,81.19602,2026-09-06 08:13:00,2.85,n,336.47,N20,VIIRS,D,1033490635,Unnamed facility,Industrial Component / storage_tank,COMPONENT,,storage_tank,,258.314
8.02521,80.6302,2026-09-06 08:13:00,3.74,n,339.07,N20,VIIRS,D,1033490635,Unnamed facility,Industrial Component / storage_tank,COMPONENT,,storage_tank,,204.469
7.95289,80.55247,2026-09-06 08:13:00,3.87,n,337.1,N20,VIIRS,D,1033490635,Unnamed facility,Industrial Component / storage_tank,COMPONENT,,storage_tank,,204.197
7.94465,80.44645,2026-09-06 08:13:00,11.4,n,348.49,N20,VIIRS,D,1033490635,Unnamed facility,Industrial Component / storage_tank,COMPONENT,,storage_tank,,197.067
7.87167,79.92561,2026-09-06 08:13:00,6.19,n,340.41,N20,VIIRS,D,1033490635,Unnamed facility,Industrial Component / storage_tank,COMPONENT,,storage_tank,,173.194
7.86796,80.34335,2026-09-06 08:13:00,5.15,n,336.88,N20,VIIRS,D,1033490635,Unnamed facility,Industrial Component / storage_tank,COMPONENT,,storage_tank,,196.774
7.85508,80.69967,2026-09-06 08:13:00,30.8,n,342.53,N20,VIIRS,D,1033490635,Unnamed facility,Industrial Component / storage_tank,COMPONENT,,storage_tank,,223.447
7.84394,80.20604,2026-09-06 08:13:00,3.33,n,337.41,N20,VIIRS,D,1033490635,Unnamed facility,Industrial Component / storage_tank,COMPONENT,,storage_tank,,190.488
7.84102,80.2345,2026-09-06 08:13:00,5.39,n,339.58,N20,VIIRS,D,1033490635,Unnamed facility,Industrial Component / storage_tank,COMPONENT,,storage_tank,,192.452
7.82479,80.61631,2026-09-06 08:13:00,5.46,n,342.87,N20,VIIRS,D,1033490635,Unnamed facility,Industrial Component / storage_tank,COMPONENT,,storage_tank,,219.632
7.80483,79.92006,2026-09-06 08:13:00,3.63,n,334.47,N20,VIIRS,D,1033490635,Unnamed facility,Industrial Component / storage_tank,COMPONENT,,storage_tank,,179.87
7.8741,80.60503,2026-09-06 08:13:00,7.74,n,338.66,N20,VIIRS,D,1033490635,Unnamed facility,Industrial Component / storage_tank,COMPONENT,,storage_tank,,214.675
7.76921,80.25717,2026-09-06 08:13:00,3.99,n,332.14,N20,VIIRS,D,1033490635,Unnamed facility,Industrial Component / storage_tank,COMPONENT,,storage_tank,,200.624
7.72779,80.13131,2026-09-06 08:13:00,3.33,n,331.12,N20,VIIRS,D,1033490635,Unnamed facility,Industrial Component / storage_tank,COMPONENT,,storage_tank,,197.691
7.71756,80.45007,2026-09-06 08:13:00,4.7,n,331.53,N20,VIIRS,D,1033490635,Unnamed facility,Industrial Component / storage_tank,COMPONENT,,storage_tank,,217.428
7.71659,79.84772,2026-09-06 08:13:00,1.72,n,331.38,N20,VIIRS,D,1033490635,Unnamed facility,Industrial Component / storage_tank,COMPONENT,,storage_tank,,186.307
7.71069,79.87955,2026-09-06 08:13:00,3.35,n,336.76,N20,VIIRS,D,1033490635,Unnamed facility,Industrial Component / storage_tank,COMPONENT,,storage_tank,,188.11
7.6966,80.82266,2026-09-06 08:13:00,2.9,n,342.2,N20,VIIRS,D,1033490635,Unnamed facility,Industrial Component / storage_tank,COMPONENT,,storage_tank,,245.778
7.69301,80.82319,2026-09-06 08:13:00,2.89,l,330.05,N20,VIIRS,D,1033490635,Unnamed facility,Industrial Component / storage_tank,COMPONENT,,storage_tank,,246.112
7.6888,80.81956,2026-09-06 08:13:00,11.15,n,347.71,N20,VIIRS,D,1033490635,Unnamed facility,Industrial Component / storage_tank,COMPONENT,,storage_tank,,246.179
7.75884,80.68317,2026-09-06 08:13:00,4.11,n,334.63,N20,VIIRS,D,1033490635,Unnamed facility,Industrial Component / storage_tank,COMPONENT,,storage_tank,,230.116
7.87927,80.94359,2026-09-06 08:13:00,4.74,n,338.27,N20,VIIRS,D,1033490635,Unnamed facility,Industrial Component / storage_tank,COMPONENT,,storage_tank,,241.315
7.87986,80.07761,2026-09-06 08:13:00,2.23,n,330.6,N20,VIIRS,D,1033490635,Unnamed facility,Industrial Component / storage_tank,COMPONENT,,storage_tank,,179.806
7.88015,80.34989,2026-09-06 08:13:00,2.96,n,330.53,N20,VIIRS,D,1033490635,Unnamed facility,Industrial Component / storage_tank,COMPONENT,,storage_tank,,196.098
7.94398,80.5662,2026-09-06 08:13:00,7.55,n,345.79,N20,VIIRS,D,1033490635,Unnamed facility,Industrial Component / storage_tank,COMPONENT,,storage_tank,,205.972
7.94072,81.1889,2026-09-06 08:13:00,24.13,n,340.77,N20,VIIRS,D,1033490635,Unnamed facility,Industrial Component / storage_tank,COMPONENT,,storage_tank,,258.474
7.93909,80.68369,2026-09-06 08:13:00,4.78,n,338.19,N20,VIIRS,D,1033490635,Unnamed facility,Industrial Component / storage_tank,COMPONENT,,storage_tank,,215.487
7.93551,80.68421,2026-09-06 08:13:00,4.78,n,337.64,N20,VIIRS,D,1033490635,Unnamed facility,Industrial Component / storage_tank,COMPONENT,,storage_tank,,215.811
7.93166,81.04913,2026-09-06 08:13:00,2.99,n,335.02,N20,VIIRS,D,1033490635,Unnamed facility,Industrial Component / storage_tank,COMPONENT,,storage_tank,,246.642
7.93151,80.58047,2026-09-06 08:13:00,1.84,n,334.86,N20,VIIRS,D,1033490635,Unnamed facility,Industrial Component / storage_tank,COMPONENT,,storage_tank,,208.08
7.93032,81.19484,2026-09-06 08:13:00,4.57,n,337.24,N20,VIIRS,D,1033490635,Unnamed facility,Industrial Component / storage_tank,COMPONENT,,storage_tank,,259.694
7.9236,79.94956,2026-09-06 08:13:00,2.31,n,332.95,N20,VIIRS,D,1033490635,Unnamed facility,Industrial Component / storage_tank,COMPONENT,,storage_tank,,168.974
7.92305,81.22266,2026-09-06 08:13:00,1.63,n,330.55,N20,VIIRS,D,1033490635,Unnamed facility,Industrial Component / storage_tank,COMPONENT,,storage_tank,,262.685
7.92121,79.94964,2026-09-06 08:13:00,3.16,n,336.58,N20,VIIRS,D,1033490635,Unnamed facility,Industrial Component / storage_tank,COMPONENT,,storage_tank,,169.221
7.91837,80.7073,2026-09-06 08:13:00,3.71,n,335.48,N20,VIIRS,D,1033490635,Unnamed facility,Industrial Component / storage_tank,COMPONENT,,storage_tank,,218.994
7.91717,79.94633,2026-09-06 08:13:00,4.24,n,335.51,N20,VIIRS,D,1033490635,Unnamed facility,Industrial Component / storage_tank,COMPONENT,,storage_tank,,169.477
7.91426,80.31252,2026-09-06 08:13:00,2.51,n,336.02,N20,VIIRS,D,1033490635,Unnamed facility,Industrial Component / storage_tank,COMPONENT,,storage_tank,,190.547
7.89936,80.40807,2026-09-06 08:13:00,5.59,n,336.64,N20,VIIRS,D,1033490635,Unnamed facility,Industrial Component / storage_tank,COMPONENT,,storage_tank,,198.309
7.89612,80.06731,2026-09-06 08:13:00,2.52,n,336.88,N20,VIIRS,D,1033490635,Unnamed facility,Industrial Component / storage_tank,COMPONENT,,storage_tank,,177.653
7.88326,80.29684,2026-09-06 08:13:00,6.32,n,337.96,N20,VIIRS,D,1033490635,Unnamed facility,Industrial Component / storage_tank,COMPONENT,,storage_tank,,192.367
7.88289,80.94305,2026-09-06 08:13:00,4.74,n,342.36,N20,VIIRS,D,1033490635,Unnamed facility,Industrial Component / storage_tank,COMPONENT,,storage_tank,,241.003
7.95167,80.61919,2026-09-06 08:13:00,4.64,n,333.24,N20,VIIRS,D,1033490635,Unnamed facility,Industrial Component / storage_tank,COMPONENT,,storage_tank,,209.418
8.50861,80.17448,2026-09-06 08:13:00,7.12,n,336.15,N20,VIIRS,D,1033490635,Unnamed facility,Industrial Component / storage_tank,COMPONENT,,storage_tank,,130.282
8.54363,80.5864,2026-09-06 08:13:00,4.7,n,332.47,N20,VIIRS,D,1554800372,Unnamed facility,Power / generator,FACILITY,generator,,,164.823
8.50975,80.18241,2026-09-06 08:13:00,31.59,n,355.38,N20,VIIRS,D,1033490635,Unnamed facility,Industrial Component / storage_tank,COMPONENT,,storage_tank,,130.854
8.64687,80.62698,2026-09-06 08:13:00,5.28,n,340.52,N20,VIIRS,D,1554800372,Unnamed facility,Power / generator,FACILITY,generator,,,162.965
8.63414,80.54001,2026-09-06 08:13:00,7.69,n,342.98,N20,VIIRS,D,1554800372,Unnamed facility,Power / generator,FACILITY,generator,,,155.161
8.61997,80.69501,2026-09-06 08:13:00,4.09,n,331.59,N20,VIIRS,D,1554800372,Unnamed facility,Power / generator,FACILITY,generator,,,171.081
8.61636,80.69553,2026-09-06 08:13:00,4.09,n,332.76,N20,VIIRS,D,1554800372,Unnamed facility,Power / generator,FACILITY,generator,,,171.32
8.61612,80.41712,2026-09-06 08:13:00,6.81,n,336.73,N20,VIIRS,D,1554800372,Unnamed facility,Power / generator,FACILITY,generator,,,144.547
8.61552,80.41306,2026-09-06 08:13:00,6.58,n,336.49,N20,VIIRS,D,1554800372,Unnamed facility,Power / generator,FACILITY,generator,,,144.206
8.61271,80.64471,2026-09-06 08:13:00,6.17,n,335.44,N20,VIIRS,D,1554800372,Unnamed facility,Power / generator,FACILITY,generator,,,166.517
8.6126,80.46765,2026-09-06 08:13:00,5.6,n,337.07,N20,VIIRS,D,1554800372,Unnamed facility,Power / generator,FACILITY,generator,,,149.498
8.65047,80.62647,2026-09-06 08:13:00,4.09,n,333.64,N20,VIIRS,D,1554800372,Unnamed facility,Power / generator,FACILITY,generator,,,162.727
8.60667,80.52712,2026-09-06 08:13:00,7.37,n,336.38,N20,VIIRS,D,1554800372,Unnamed facility,Power / generator,FACILITY,generator,,,155.488
8.60573,80.88261,2026-09-06 08:13:00,2.33,n,334.2,N20,VIIRS,D,1554800372,Unnamed facility,Power / generator,FACILITY,generator,,,190.54
8.60487,80.46458,2026-09-06 08:13:00,14.6,n,338.85,N20,VIIRS,D,1554800372,Unnamed facility,Power / generator,FACILITY,generator,,,149.674
8.60131,80.85265,2026-09-06 08:13:00,2.38,n,335.02,N20,VIIRS,D,1554800372,Unnamed facility,Power / generator,FACILITY,generator,,,187.734
8.60131,80.84901,2026-09-06 08:13:00,4.81,n,336.57,N20,VIIRS,D,1554800372,Unnamed facility,Power / generator,FACILITY,generator,,,187.368
8.60071,80.56167,2026-09-06 08:13:00,10.19,n,338.48,N20,VIIRS,D,1554800372,Unnamed facility,Power / generator,FACILITY,generator,,,159.136
8.59653,80.55806,2026-09-06 08:13:00,7.01,n,336.16,N20,VIIRS,D,1554800372,Unnamed facility,Power / generator,FACILITY,generator,,,159.03
8.59651,80.68553,2026-09-06 08:13:00,4.6,n,331.64,N20,VIIRS,D,1554800372,Unnamed facility,Power / generator,FACILITY,generator,,,171.381
8.59291,80.66039,2026-09-06 08:13:00,2.06,n,334.76,N20,VIIRS,D,1554800372,Unnamed facility,Power / generator,FACILITY,generator,,,169.118
8.60616,80.8833,2026-09-06 08:13:00,5.26,n,334.92,N20,VIIRS,D,1554800372,Unnamed facility,Power / generator,FACILITY,generator,,,190.589
8.58811,80.65256,2026-09-06 08:13:00,4.87,n,335.58,N20,VIIRS,D,1554800372,Unnamed facility,Power / generator,FACILITY,generator,,,168.618
8.65805,80.51152,2026-09-06 08:13:00,4.53,n,332.83,N20,VIIRS,D,1554800372,Unnamed facility,Power / generator,FACILITY,generator,,,151.073
8.65975,80.5153,2026-09-06 08:13:00,3.74,n,340.01,N20,VIIRS,D,1554800372,Unnamed facility,Power / generator,FACILITY,generator,,,151.346
8.50918,80.17844,2026-09-06 08:13:00,31.59,n,349.14,N20,VIIRS,D,1033490635,Unnamed facility,Industrial Component / storage_tank,COMPONENT,,storage_tank,,130.567
8.88293,80.83604,2026-09-06 08:13:00,8.27,n,347.05,N20,VIIRS,D,1554800372,Unnamed facility,Power / generator,FACILITY,generator,,,174.651
8.88169,80.82746,2026-09-06 08:13:00,4.39,n,336.14,N20,VIIRS,D,1554800372,Unnamed facility,Power / generator,FACILITY,generator,,,173.774
8.83425,80.78182,2026-09-06 08:13:00,4.34,n,340.17,N20,VIIRS,D,1554800372,Unnamed facility,Power / generator,FACILITY,generator,,,170.541
8.83302,80.74734,2026-09-06 08:13:00,3.14,n,337.32,N20,VIIRS,D,1554800372,Unnamed facility,Power / generator,FACILITY,generator,,,166.954
8.82252,80.37099,2026-09-06 08:13:00,1.48,n,333.43,N20,VIIRS,D,1554800372,Unnamed facility,Power / generator,FACILITY,generator,,,128.615
8.81066,80.56594,2026-09-06 08:13:00,7.62,n,340.41,N20,VIIRS,D,1554800372,Unnamed facility,Power / generator,FACILITY,generator,,,148.971
8.81006,80.56178,2026-09-06 08:13:00,7.47,n,335.48,N20,VIIRS,D,1554800372,Unnamed facility,Power / generator,FACILITY,generator,,,148.569
8.65914,80.5112,2026-09-06 08:13:00,3.74,n,332.79,N20,VIIRS,D,1554800372,Unnamed facility,Power / generator,FACILITY,generator,,,150.982
8.80527,80.57945,2026-09-06 08:13:00,8.11,n,342.85,N20,VIIRS,D,1554800372,Unnamed facility,Power / generator,FACILITY,generator,,,150.592
8.7736,80.5374,2026-09-06 08:13:00,12.49,n,348.92,N20,VIIRS,D,1554800372,Unnamed facility,Power / generator,FACILITY,generator,,,147.727
8.74937,80.53613,2026-09-06 08:13:00,6.96,n,338.05,N20,VIIRS,D,1554800372,Unnamed facility,Power / generator,FACILITY,generator,,,148.753
8.74876,80.532,2026-09-06 08:13:00,6.96,n,346.1,N20,VIIRS,D,1554800372,Unnamed facility,Power / generator,FACILITY,generator,,,148.368
8.72425,80.51451,2026-09-06 08:13:00,3.43,n,336.02,N20,VIIRS,D,1554800372,Unnamed facility,Power / generator,FACILITY,generator,,,147.843
8.72365,80.51039,2026-09-06 08:13:00,3.43,n,338.81,N20,VIIRS,D,1554800372,Unnamed facility,Power / generator,FACILITY,generator,,,147.465
8.69863,80.41361,2026-09-06 08:13:00,5.61,n,337.98,N20,VIIRS,D,1554800372,Unnamed facility,Power / generator,FACILITY,generator,,,139.343
8.66316,80.84009,2026-09-06 08:13:00,2.3,n,331.21,N20,VIIRS,D,1554800372,Unnamed facility,Power / generator,FACILITY,generator,,,183.564
8.66222,80.5151,2026-09-06 08:13:00,5.97,n,341.53,N20,VIIRS,D,1554800372,Unnamed facility,Power / generator,FACILITY,generator,,,151.19
8.79756,80.47495,2026-09-06 08:13:00,8.62,n,342.14,N20,VIIRS,D,1554800372,Unnamed facility,Power / generator,FACILITY,generator,,,140.283
8.58149,80.68341,2026-09-06 08:13:00,9.03,n,340.04,N20,VIIRS,D,1554800372,Unnamed facility,Power / generator,FACILITY,generator,,,171.983
8.67861,80.27605,2026-09-06 08:13:00,14.25,n,347.82,N20,VIIRS,D,1554800372,Unnamed facility,Power / generator,FACILITY,generator,,,127.581
8.57706,80.32365,2026-09-06 08:13:00,7.17,n,341.35,N20,VIIRS,D,1033490635,Unnamed facility,Industrial Component / storage_tank,COMPONENT,,storage_tank,,138.495
8.53378,80.74544,2026-09-06 08:13:00,5.59,n,333.27,N20,VIIRS,D,1554800372,Unnamed facility,Power / generator,FACILITY,generator,,,180.628
8.53154,80.83228,2026-09-06 08:13:00,3.78,n,336.11,N20,VIIRS,D,1554800372,Unnamed facility,Power / generator,FACILITY,generator,,,189.237
8.53133,80.40434,2026-09-06 08:13:00,6.14,n,335.34,N20,VIIRS,D,1033490635,Unnamed facility,Industrial Component / storage_tank,COMPONENT,,storage_tank,,148.808
8.5308,80.40475,2026-09-06 08:13:00,6.09,n,334.93,N20,VIIRS,D,1033490635,Unnamed facility,Industrial Component / storage_tank,COMPONENT,,storage_tank,,148.88
8.52953,80.3922,2026-09-06 08:13:00,4.68,n,332.18,N20,VIIRS,D,1033490635,Unnamed facility,Industrial Component / storage_tank,COMPONENT,,storage_tank,,147.815
8.52848,80.81101,2026-09-06 08:13:00,1.75,n,333.84,N20,VIIRS,D,1554800372,Unnamed facility,Power / generator,FACILITY,generator,,,187.311
8.52642,80.66941,2026-09-06 08:13:00,2.03,n,335.52,N20,VIIRS,D,1554800372,Unnamed facility,Power / generator,FACILITY,generator,,,173.719
8.52632,80.32283,2026-09-06 08:13:00,3.5,n,334.03,N20,VIIRS,D,1033490635,Unnamed facility,Industrial Component / storage_tank,COMPONENT,,storage_tank,,141.776
8.53579,80.83601,2026-09-06 08:13:00,10.95,n,347.32,N20,VIIRS,D,1554800372,Unnamed facility,Power / generator,FACILITY,generator,,,189.38
8.51882,80.82108,2026-09-06 08:13:00,5.48,n,338.66,N20,VIIRS,D,1554800372,Unnamed facility,Power / generator,FACILITY,generator,,,188.814
8.51675,80.60298,2026-09-06 08:13:00,6.18,n,343.77,N20,VIIRS,D,1554800372,Unnamed facility,Power / generator,FACILITY,generator,,,167.998
8.51661,80.47708,2026-09-06 08:13:00,5.57,n,345.1,N20,VIIRS,D,1554800372,Unnamed facility,Power / generator,FACILITY,generator,,,156.368
8.51615,80.59883,2026-09-06 08:13:00,6.18,n,341.49,N20,VIIRS,D,1554800372,Unnamed facility,Power / generator,FACILITY,generator,,,167.645
8.51384,80.18586,2026-09-06 08:13:00,9.53,n,330.88,N20,VIIRS,D,1033490635,Unnamed facility,Industrial Component / storage_tank,COMPONENT,,storage_tank,,130.836
8.51327,80.18189,2026-09-06 08:13:00,32.84,n,337.32,N20,VIIRS,D,1033490635,Unnamed facility,Industrial Component / storage_tank,COMPONENT,,storage_tank,,130.547
8.51316,80.60349,2026-09-06 08:13:00,3.36,n,341.58,N20,VIIRS,D,1554800372,Unnamed facility,Power / generator,FACILITY,generator,,,168.263
8.57937,80.82968,2026-09-06 08:13:00,5.26,n,332.91,N20,VIIRS,D,1554800372,Unnamed facility,Power / generator,FACILITY,generator,,,186.517
8.51256,80.59935,2026-09-06 08:13:00,3.36,n,336.18,N20,VIIRS,D,1554800372,Unnamed facility,Power / generator,FACILITY,generator,,,167.911
8.51856,80.6154,2026-09-06 08:13:00,6.15,n,333.77,N20,VIIRS,D,1554800372,Unnamed facility,Power / generator,FACILITY,generator,,,169.057
8.53634,80.8142,2026-09-06 08:13:00,5.38,n,338.65,N20,VIIRS,D,1554800372,Unnamed facility,Power / generator,FACILITY,generator,,,187.206
8.52294,80.74702,2026-09-06 08:13:00,6.08,n,333.81,N20,VIIRS,D,1554800372,Unnamed facility,Power / generator,FACILITY,generator,,,181.38
8.54132,80.87437,2026-09-06 08:13:00,9.3,n,344.91,N20,VIIRS,D,1554800372,Unnamed facility,Power / generator,FACILITY,generator,,,192.887
8.57456,80.45646,2026-09-06 08:13:00,6.12,n,340.41,N20,VIIRS,D,1554800372,Unnamed facility,Power / generator,FACILITY,generator,,,150.78
8.57553,80.64159,2026-09-06 08:13:00,2.43,n,341.71,N20,VIIRS,D,1554800372,Unnamed facility,Power / generator,FACILITY,generator,,,168.253
8.53944,80.58282,2026-09-06 08:13:00,5.71,n,342.53,N20,VIIRS,D,1554800372,Unnamed facility,Power / generator,FACILITY,generator,,,164.735
8.57398,80.84352,2026-09-06 08:13:00,5.41,n,337.2,N20,VIIRS,D,1554800372,Unnamed facility,Power / generator,FACILITY,generator,,,188.167
8.57392,80.50258,2026-09-06 08:13:00,2.25,n,332.55,N20,VIIRS,D,1554800372,Unnamed facility,Power / generator,FACILITY,generator,,,155.115
8.56703,80.77081,2026-09-06 08:13:00,4.31,n,333.48,N20,VIIRS,D,1554800372,Unnamed facility,Power / generator,FACILITY,generator,,,181.32
8.56441,80.87979,2026-09-06 08:13:00,3.6,n,341.27,N20,VIIRS,D,1554800372,Unnamed facility,Power / generator,FACILITY,generator,,,192.263
8.56331,80.74543,2026-09-06 08:13:00,6.64,n,337.69,N20,VIIRS,D,1554800372,Unnamed facility,Power / generator,FACILITY,generator,,,179.024
8.56173,80.31769,2026-09-06 08:13:00,4.96,n,345.97,N20,VIIRS,D,1033490635,Unnamed facility,Industrial Component / storage_tank,COMPONENT,,storage_tank,,138.953
8.56103,80.38787,2026-09-06 08:13:00,2.85,n,331.52,N20,VIIRS,D,1554800372,Unnamed facility,Power / generator,FACILITY,generator,,,145.382
8.56407,80.3338,2026-09-06 08:13:00,6.77,n,338.62,N20,VIIRS,D,1033490635,Unnamed facility,Industrial Component / storage_tank,COMPONENT,,storage_tank,,140.26
8.55732,80.75494,2026-09-06 08:13:00,7.24,n,341.17,N20,VIIRS,D,1554800372,Unnamed facility,Power / generator,FACILITY,generator,,,180.276
8.5537,80.75546,2026-09-06 08:13:00,7.24,n,334.52,N20,VIIRS,D,1554800372,Unnamed facility,Power / generator,FACILITY,generator,,,180.521
8.55285,80.67412,2026-09-06 08:13:00,4.13,n,333.51,N20,VIIRS,D,1554800372,Unnamed facility,Power / generator,FACILITY,generator,,,172.665
8.54863,80.67046,2026-09-06 08:13:00,4.13,n,331.38,N20,VIIRS,D,1554800372,Unnamed facility,Power / generator,FACILITY,generator,,,172.55
8.546,80.57764,2026-09-06 08:13:00,9.95,n,342.21,N20,VIIRS,D,1554800372,Unnamed facility,Power / generator,FACILITY,generator,,,163.854
8.54539,80.57352,2026-09-06 08:13:00,4.18,n,330.32,N20,VIIRS,D,1554800372,Unnamed facility,Power / generator,FACILITY,generator,,,163.502
8.54302,80.58228,2026-09-06 08:13:00,9.95,n,344.77,N20,VIIRS,D,1554800372,Unnamed facility,Power / generator,FACILITY,generator,,,164.47
8.54496,80.87386,2026-09-06 08:13:00,9.3,n,340.1,N20,VIIRS,D,1554800372,Unnamed facility,Power / generator,FACILITY,generator,,,192.651
8.54435,80.86959,2026-09-06 08:13:00,9.3,n,337.1,N20,VIIRS,D,1554800372,Unnamed facility,Power / generator,FACILITY,generator,,,192.258
10.85708,77.46764,2026-09-06 08:16:00,6.24,n,340.33,N20,VIIRS,D,5633801267,Unnamed facility,Power / generator,FACILITY,generator,,,0.583
10.92834,77.06563,2026-09-06 08:16:00,3.82,n,340.58,N20,VIIRS,D,5511767140,Unnamed facility,Power / generator,FACILITY,generator,,,0.137
10.92934,78.49602,2026-09-06 08:16:00,7.02,n,347.17,N20,VIIRS,D,1017720847,Unnamed facility,Power / plant,FACILITY,plant,,,11.778
11.1039,77.41711,2026-09-06 08:16:00,8.8,n,342.02,N20,VIIRS,D,985084087,Unnamed facility,Mining / quarry,FACILITY,,,,0.571
11.03685,78.74722,2026-09-06 08:16:00,8.68,n,339.8,N20,VIIRS,D,1003158323,Unnamed facility,Power / plant,FACILITY,plant,,,6.174
11.19163,79.82079,2026-09-06 08:16:00,1.99,n,336.11,N20,VIIRS,D,156177503,Pillaiperumalnallur Gas Power Plant,Power / plant,FACILITY,plant,,,12.669
11.12472,77.62248,2026-09-06 08:16:00,3.95,n,336.38,N20,VIIRS,D,1268477325,Unnamed facility,Power / plant,FACILITY,plant,,,6.656
11.27019,77.4155,2026-09-06 08:16:00,5.59,n,336.34,N20,VIIRS,D,1431998771,Unnamed facility,Power / plant,FACILITY,plant,,,6.68
10.80177,77.80022,2026-09-06 08:16:00,10.41,n,340.26,N20,VIIRS,D,986403915,Unnamed facility,Power / plant,FACILITY,plant,,,0.714
10.9437,78.16061,2026-09-06 08:16:00,14.29,n,343.17,N20,VIIRS,D,1930124680,Anna Nagar Water Tank,Industrial Component / silo,COMPONENT,,silo,,10.169
10.76739,76.23816,2026-09-06 08:16:00,2.63,n,335.87,N20,VIIRS,D,758902595,Unnamed facility,Mining / quarry,FACILITY,,,,1.602
9.69133,77.8183,2026-09-06 08:16:00,5.7,n,347.18,N20,VIIRS,D,906795393,Unnamed facility,Industrial Infrastructure / works,FACILITY,,works,,0.114
10.40158,79.16486,2026-09-06 08:16:00,5.23,n,336.74,N20,VIIRS,D,631325774,Unnamed facility,Industrial Component / storage_tank,COMPONENT,,storage_tank,,17.577
10.39079,79.30653,2026-09-06 08:16:00,2.61,n,333.3,N20,VIIRS,D,631325774,Unnamed facility,Industrial Component / storage_tank,COMPONENT,,storage_tank,,3.414
9.81184,80.02007,2026-09-06 08:16:00,2.54,n,337.28,N20,VIIRS,D,1554246470,Unnamed facility,Power / generator,FACILITY,generator,,,57.03
9.76413,80.16341,2026-09-06 08:16:00,7.02,n,347.78,N20,VIIRS,D,1554246470,Unnamed facility,Power / generator,FACILITY,generator,,,69.251
9.74805,80.25372,2026-09-06 08:16:00,2.13,n,335.12,N20,VIIRS,D,1554246470,Unnamed facility,Power / generator,FACILITY,generator,,,76.599
9.71985,78.95872,2026-09-06 08:16:00,2.51,n,338.14,N20,VIIRS,D,1181414705,Uppur Power Plant,Power / plant,FACILITY,plant,,,15.975
9.69185,77.82179,2026-09-06 08:16:00,5.7,n,341.88,N20,VIIRS,D,906795393,Unnamed facility,Industrial Infrastructure / works,FACILITY,,works,,0.0
9.68716,78.94857,2026-09-06 08:16:00,1.65,n,337.54,N20,VIIRS,D,1181414705,Uppur Power Plant,Power / plant,FACILITY,plant,,,12.117
9.63564,77.72035,2026-09-06 08:16:00,8.97,n,339.18,N20,VIIRS,D,1268378844,Unnamed facility,Power / plant,FACILITY,plant,,,3.037
11.50757,79.17319,2026-09-06 08:16:00,2.86,n,336.38,N20,VIIRS,D,1268492682,Unnamed facility,Power / plant,FACILITY,plant,,,2.419
9.42517,80.37069,2026-09-06 08:16:00,4.93,n,342.18,N20,VIIRS,D,1554246470,Unnamed facility,Power / generator,FACILITY,generator,,,113.924
10.71976,77.59386,2026-09-06 08:16:00,7.51,n,341.83,N20,VIIRS,D,9117542630,Unnamed facility,Power / generator,FACILITY,generator,,,0.743
11.77753,78.95534,2026-09-06 08:16:00,1.79,n,334.49,N20,VIIRS,D,836795600,Unnamed facility,Industrial Component / storage_tank,COMPONENT,,storage_tank,,4.292
15.17512,76.65694,2026-09-06 08:16:00,6.8,n,346.01,N20,VIIRS,D,285680302,Jindal Steel Works,Industrial Infrastructure / works,FACILITY,,works,steel_mill,0.0
12.93012,78.92313,2026-09-06 08:16:00,2.48,n,334.35,N20,VIIRS,D,1046435927,Unnamed facility,Industrial Component / storage_tank,COMPONENT,,storage_tank,,7.103
9.40946,80.46636,2026-09-06 08:16:00,4.94,n,333.9,N20,VIIRS,D,1554246470,Unnamed facility,Power / generator,FACILITY,generator,,,121.365
16.07799,79.995,2026-09-06 08:16:00,7.28,n,336.81,N20,VIIRS,D,1468977074,Unnamed facility,Power / plant,FACILITY,plant,,,11.539
15.99101,76.4836,2026-09-06 08:16:00,3.54,n,341.67,N20,VIIRS,D,976466422,Unnamed facility,Mining / quarry,FACILITY,,,,1.272
15.91067,80.06923,2026-09-06 08:16:00,5.49,n,337.3,N20,VIIRS,D,6547533986,Unnamed facility,Power / plant,FACILITY,plant,,,13.494
15.49023,77.78264,2026-09-06 08:16:00,2.16,n,337.37,N20,VIIRS,D,986027284,Unnamed facility,Power / plant,FACILITY,plant,,,11.524
15.18472,76.31614,2026-09-06 08:16:00,3.42,n,334.3,N20,VIIRS,D,1186902443,Danapuram BMM Captive Power Plant 1,Power / plant,FACILITY,plant,,,6.816
15.18472,76.31614,2026-09-06 08:16:00,3.42,n,334.3,N20,VIIRS,D,16053036,Danapuram BMM Captive Power Plants,Power / plant,FACILITY,plant,,,6.816
15.18073,76.85435,2026-09-06 08:16:00,5.41,n,337.89,N20,VIIRS,D,361741569,Unnamed facility,Industrial Component / wastewater_plant,COMPONENT,,wastewater_plant,,3.135
15.17384,76.69377,2026-09-06 08:16:00,2.87,n,336.43,N20,VIIRS,D,285680302,Jindal Steel Works,Industrial Infrastructure / works,FACILITY,,works,steel_mill,0.0
15.08338,77.32011,2026-09-06 08:16:00,8.28,n,343.03,N20,VIIRS,D,11834828130,Unnamed facility,Power / generator,FACILITY,generator,,,3.603
14.94066,77.56884,2026-09-06 08:16:00,6.13,n,333.46,N20,VIIRS,D,400498277,Megha Solar Plant,Power / plant,FACILITY,plant,,,12.178
14.88016,77.46104,2026-09-06 08:16:00,3.99,n,332.67,N20,VIIRS,D,9115211695,Unnamed facility,Power / generator,FACILITY,generator,,,7.123
14.80499,79.02848,2026-09-06 08:16:00,6.78,n,341.25,N20,VIIRS,D,7283281849,Unnamed facility,Power / generator,FACILITY,generator,,,9.189
14.7934,77.75158,2026-09-06 08:16:00,6.86,n,339.31,N20,VIIRS,D,1002399824,Unnamed facility,Power / plant,FACILITY,plant,,,4.317
14.79286,77.74784,2026-09-06 08:16:00,7.11,n,338.51,N20,VIIRS,D,1002399824,Unnamed facility,Power / plant,FACILITY,plant,,,4.718
14.7651,77.04733,2026-09-06 08:16:00,8.96,n,347.22,N20,VIIRS,D,7033694683,Unnamed facility,Power / generator,FACILITY,generator,,,6.375
14.56635,77.9285,2026-09-06 08:16:00,4.01,n,337.95,N20,VIIRS,D,5709045092,Unnamed facility,Power / generator,FACILITY,generator,,,7.841
14.48702,78.5662,2026-09-06 08:16:00,3.75,n,332.82,N20,VIIRS,D,9695070037,Unnamed facility,Power / generator,FACILITY,generator,,,2.255
14.46042,77.28085,2026-09-06 08:16:00,7.67,n,339.89,N20,VIIRS,D,11844934696,Unnamed facility,Power / generator,FACILITY,generator,,,2.892
14.41287,78.34174,2026-09-06 08:16:00,4.97,n,339.28,N20,VIIRS,D,7017592954,Unnamed facility,Power / generator,FACILITY,generator,,,10.886
14.40978,78.3418,2026-09-06 08:16:00,5.06,n,338.03,N20,VIIRS,D,7017592954,Unnamed facility,Power / generator,FACILITY,generator,,,10.792
14.24582,77.22956,2026-09-06 08:16:00,4.51,n,338.79,N20,VIIRS,D,1003118928,Unnamed facility,Power / plant,FACILITY,plant,,,2.649
14.12156,77.65474,2026-09-06 08:16:00,1.97,n,331.55,N20,VIIRS,D,996559461,KIA,Industrial Infrastructure / works,FACILITY,,works,,5.33
13.22674,78.14415,2026-09-06 08:16:00,5.97,n,341.57,N20,VIIRS,D,1224773879,Unnamed facility,Power / plant,FACILITY,plant,,,4.813
13.04957,78.27469,2026-09-06 08:16:00,10.37,n,341.92,N20,VIIRS,D,985732866,Unnamed facility,Power / plant,FACILITY,plant,,,4.015
12.93068,78.92706,2026-09-06 08:16:00,2.48,n,334.58,N20,VIIRS,D,1046435927,Unnamed facility,Industrial Component / storage_tank,COMPONENT,,storage_tank,,7.525
11.81078,77.92136,2026-09-06 08:16:00,4.8,n,339.74,N20,VIIRS,D,1483757478,Unnamed facility,Industrial / chemical,FACILITY,,works,chemical,8.538
9.40581,80.42804,2026-09-06 08:16:00,7.89,n,343.78,N20,VIIRS,D,1554246470,Unnamed facility,Power / generator,FACILITY,generator,,,119.249
10.94035,78.16111,2026-09-06 08:16:00,27.32,n,354.38,N20,VIIRS,D,906600542,Unnamed facility,Industrial Infrastructure / works,FACILITY,,works,,10.263
9.38264,80.52097,2026-09-06 08:16:00,7.0,n,349.09,N20,VIIRS,D,1554246470,Unnamed facility,Power / generator,FACILITY,generator,,,127.425
8.91819,80.43314,2026-09-06 08:16:00,6.59,n,339.08,N20,VIIRS,D,1554800372,Unnamed facility,Power / generator,FACILITY,generator,,,130.785
8.9176,80.42904,2026-09-06 08:16:00,6.47,n,337.17,N20,VIIRS,D,1554800372,Unnamed facility,Power / generator,FACILITY,generator,,,130.38
8.91283,80.4465,2026-09-06 08:16:00,5.46,n,341.2,N20,VIIRS,D,1554800372,Unnamed facility,Power / generator,FACILITY,generator,,,132.39
8.91045,80.43008,2026-09-06 08:16:00,3.28,n,331.7,N20,VIIRS,D,1554800372,Unnamed facility,Power / generator,FACILITY,generator,,,130.769
8.90184,80.71144,2026-09-06 08:16:00,2.7,n,333.15,N20,VIIRS,D,1554800372,Unnamed facility,Power / generator,FACILITY,generator,,,160.751
8.89357,80.59322,2026-09-06 08:16:00,4.76,n,338.76,N20,VIIRS,D,1554800372,Unnamed facility,Power / generator,FACILITY,generator,,,148.512
8.89298,80.58905,2026-09-06 08:16:00,4.76,n,340.57,N20,VIIRS,D,1554800372,Unnamed facility,Power / generator,FACILITY,generator,,,148.094
8.89144,80.39935,2026-09-06 08:16:00,4.68,n,335.38,N20,VIIRS,D,1554800372,Unnamed facility,Power / generator,FACILITY,generator,,,128.36
8.89138,80.44965,2026-09-06 08:16:00,7.92,n,339.61,N20,VIIRS,D,1554800372,Unnamed facility,Power / generator,FACILITY,generator,,,133.57
8.88938,80.58956,2026-09-06 08:16:00,4.76,n,343.63,N20,VIIRS,D,1554800372,Unnamed facility,Power / generator,FACILITY,generator,,,148.279
8.88237,80.48882,2026-09-06 08:16:00,4.7,n,340.29,N20,VIIRS,D,1554800372,Unnamed facility,Power / generator,FACILITY,generator,,,138.005
8.87467,80.46043,2026-09-06 08:16:00,5.82,n,334.06,N20,VIIRS,D,1554800372,Unnamed facility,Power / generator,FACILITY,generator,,,135.374
8.87458,80.50169,2026-09-06 08:16:00,2.76,n,337.34,N20,VIIRS,D,1554800372,Unnamed facility,Power / generator,FACILITY,generator,,,139.656
8.87408,80.45631,2026-09-06 08:16:00,5.82,n,331.92,N20,VIIRS,D,1554800372,Unnamed facility,Power / generator,FACILITY,generator,,,134.972
8.86625,80.51975,2026-09-06 08:16:00,5.5,n,332.98,N20,VIIRS,D,1554800372,Unnamed facility,Power / generator,FACILITY,generator,,,141.87
8.86248,80.44457,2026-09-06 08:16:00,4.54,n,341.14,N20,VIIRS,D,1554800372,Unnamed facility,Power / generator,FACILITY,generator,,,134.254
8.8616,80.44554,2026-09-06 08:16:00,5.95,n,338.7,N20,VIIRS,D,1554800372,Unnamed facility,Power / generator,FACILITY,generator,,,134.392
8.8566,80.479,2026-09-06 08:16:00,2.88,n,335.97,N20,VIIRS,D,1554800372,Unnamed facility,Power / generator,FACILITY,generator,,,138.051
8.64208,78.06361,2026-09-06 08:16:00,4.23,n,337.16,N20,VIIRS,D,548907979,DCW,Industrial / chemical,FACILITY,,,chemical,5.965
8.64155,78.06013,2026-09-06 08:16:00,4.76,n,335.38,N20,VIIRS,D,548907979,DCW,Industrial / chemical,FACILITY,,,chemical,6.127
8.63825,78.06062,2026-09-06 08:16:00,2.55,n,337.95,N20,VIIRS,D,548907979,DCW,Industrial / chemical,FACILITY,,,chemical,5.792
8.60927,77.95816,2026-09-06 08:16:00,4.67,n,338.51,N20,VIIRS,D,7819024365,Unnamed facility,Industrial Component / storage_tank,COMPONENT,,storage_tank,,1.412
8.58826,78.02264,2026-09-06 08:16:00,6.38,n,342.12,N20,VIIRS,D,548907979,DCW,Industrial / chemical,FACILITY,,,chemical,7.447
8.49291,77.97705,2026-09-06 08:16:00,7.11,n,347.7,N20,VIIRS,D,1468877017,Unnamed facility,Power / plant,FACILITY,plant,,,7.022
9.40415,80.42879,2026-09-06 08:16:00,7.9,n,346.25,N20,VIIRS,D,1554246470,Unnamed facility,Power / generator,FACILITY,generator,,,119.451
8.91819,80.5343,2026-09-06 08:16:00,3.99,n,336.62,N20,VIIRS,D,1554800372,Unnamed facility,Power / generator,FACILITY,generator,,,141.41
8.92423,80.7832,2026-09-06 08:16:00,7.29,n,342.32,N20,VIIRS,D,1554800372,Unnamed facility,Power / generator,FACILITY,generator,,,167.722
8.77137,77.9758,2026-09-06 08:16:00,15.66,n,348.15,N20,VIIRS,D,16765870,Unnamed facility,Power / plant,FACILITY,plant,,,0.409
8.92829,80.37733,2026-09-06 08:16:00,3.01,n,333.55,N20,VIIRS,D,1554800372,Unnamed facility,Power / generator,FACILITY,generator,,,124.566
9.37838,80.49162,2026-09-06 08:16:00,6.73,n,339.72,N20,VIIRS,D,1554246470,Unnamed facility,Power / generator,FACILITY,generator,,,125.856
9.36442,77.60989,2026-09-06 08:16:00,3.3,n,339.27,N20,VIIRS,D,986279202,Unnamed facility,Power / plant,FACILITY,plant,,,3.824
9.28078,78.9957,2026-09-06 08:16:00,3.13,n,336.14,N20,VIIRS,D,2375003785,Unnamed facility,Power / generator,FACILITY,generator,,,3.494
9.26098,79.3089,2026-09-06 08:16:00,2.09,n,334.13,N20,VIIRS,D,1033490635,Unnamed facility,Industrial Component / storage_tank,COMPONENT,,storage_tank,,2.443
9.24078,80.3162,2026-09-06 08:16:00,7.11,n,337.55,N20,VIIRS,D,1554800372,Unnamed facility,Power / generator,FACILITY,generator,,,110.098
9.2399,78.45236,2026-09-06 08:16:00,3.4,n,336.7,N20,VIIRS,D,867822462,Unnamed facility,Power / plant,FACILITY,plant,,,4.648
9.38198,80.4911,2026-09-06 08:16:00,5.72,n,340.63,N20,VIIRS,D,1554246470,Unnamed facility,Power / generator,FACILITY,generator,,,125.493
9.23043,78.75058,2026-09-06 08:16:00,2.36,n,337.79,N20,VIIRS,D,1555162836,Unnamed facility,Power / generator,FACILITY,generator,,,3.853
8.92484,80.78749,2026-09-06 08:16:00,7.29,n,336.6,N20,VIIRS,D,1554800372,Unnamed facility,Power / generator,FACILITY,generator,,,168.165
9.08119,80.50713,2026-09-06 08:16:00,4.46,n,335.87,N20,VIIRS,D,1554800372,Unnamed facility,Power / generator,FACILITY,generator,,,133.702
9.01616,77.9118,2026-09-06 08:16:00,12.51,n,347.92,N20,VIIRS,D,13163690365,Unnamed facility,Power / generator,FACILITY,generator,,,0.872
8.98849,80.76519,2026-09-06 08:16:00,2.93,n,338.72,N20,VIIRS,D,1554800372,Unnamed facility,Power / generator,FACILITY,generator,,,163.999
9.0974,80.29982,2026-09-06 08:16:00,6.6,n,344.55,N20,VIIRS,D,1554800372,Unnamed facility,Power / generator,FACILITY,generator,,,110.76
8.98671,80.06094,2026-09-06 08:16:00,3.2,n,330.9,N20,VIIRS,D,1554800372,Unnamed facility,Power / generator,FACILITY,generator,,,89.506
8.92889,80.38142,2026-09-06 08:16:00,3.9,n,333.56,N20,VIIRS,D,1554800372,Unnamed facility,Power / generator,FACILITY,generator,,,124.968
8.98673,80.77858,2026-09-06 08:16:00,15.72,n,344.63,N20,VIIRS,D,1554800372,Unnamed facility,Power / generator,FACILITY,generator,,,165.496
8.93396,80.8256,2026-09-06 08:16:00,4.94,n,341.48,N20,VIIRS,D,1554800372,Unnamed facility,Power / generator,FACILITY,generator,,,171.999
8.93881,80.80737,2026-09-06 08:16:00,3.94,n,336.72,N20,VIIRS,D,1554800372,Unnamed facility,Power / generator,FACILITY,generator,,,169.898
8.94307,80.81113,2026-09-06 08:16:00,6.56,n,338.0,N20,VIIRS,D,1554800372,Unnamed facility,Power / generator,FACILITY,generator,,,170.183
8.92971,80.82182,2026-09-06 08:16:00,5.34,n,330.89,N20,VIIRS,D,1554800372,Unnamed facility,Power / generator,FACILITY,generator,,,171.713
8.96674,80.79459,2026-09-06 08:16:00,6.53,n,338.3,N20,VIIRS,D,1554800372,Unnamed facility,Power / generator,FACILITY,generator,,,167.75
8.97038,80.79406,2026-09-06 08:16:00,5.45,n,340.51,N20,VIIRS,D,1554800372,Unnamed facility,Power / generator,FACILITY,generator,,,167.596
8.97402,80.79353,2026-09-06 08:16:00,5.45,n,341.66,N20,VIIRS,D,1554800372,Unnamed facility,Power / generator,FACILITY,generator,,,167.444
8.97766,80.79301,2026-09-06 08:16:00,10.2,n,346.02,N20,VIIRS,D,1554800372,Unnamed facility,Power / generator,FACILITY,generator,,,167.293
8.98424,80.76144,2026-09-06 08:16:00,5.26,n,346.27,N20,VIIRS,D,1554800372,Unnamed facility,Power / generator,FACILITY,generator,,,163.702
8.96428,80.52345,2026-09-06 08:16:00,4.53,n,340.6,N20,VIIRS,D,1554800372,Unnamed facility,Power / generator,FACILITY,generator,,,138.683
21.92242,83.35114,2026-09-06 08:18:00,5.12,n,333.64,N20,VIIRS,D,1093898245,Raigarh Jindal power station,Power / plant,FACILITY,plant,,,0.652
21.92057,83.35059,2026-09-06 08:18:00,4.0,n,336.8,N20,VIIRS,D,1093898245,Raigarh Jindal power station,Power / plant,FACILITY,plant,,,0.726
21.80248,83.89297,2026-09-06 08:18:00,2.6,n,335.05,N20,VIIRS,D,91005918,Samaleswari Coal Mine,Mining / quarry,FACILITY,,,,0.0
21.75536,83.84563,2026-09-06 08:18:00,4.2,n,332.59,N20,VIIRS,D,648728222,Belpahar Coal Mine,Mining / quarry,FACILITY,,,,0.0
21.75508,83.84409,2026-09-06 08:18:00,4.68,n,337.24,N20,VIIRS,D,648728222,Belpahar Coal Mine,Mining / quarry,FACILITY,,,,0.0
21.74976,83.84266,2026-09-06 08:18:00,2.88,n,334.32,N20,VIIRS,D,648728222,Belpahar Coal Mine,Mining / quarry,FACILITY,,,,0.0
21.7445,83.84317,2026-09-06 08:18:00,2.88,n,345.54,N20,VIIRS,D,648728222,Belpahar Coal Mine,Mining / quarry,FACILITY,,,,0.0
21.10677,72.64597,2026-09-06 08:18:00,17.78,n,342.58,N20,VIIRS,D,104647203,ArcelorMittal Nippon Steel India,Industrial Infrastructure / works,FACILITY,,works,,0.0
21.10338,72.6466,2026-09-06 08:18:00,7.78,l,336.51,N20,VIIRS,D,104647203,ArcelorMittal Nippon Steel India,Industrial Infrastructure / works,FACILITY,,works,,0.0
20.9636,86.00854,2026-09-06 08:18:00,4.5,n,328.2,N20,VIIRS,D,971787011,IEL Kalinganagar Tata Steel Power Station,Power / plant,FACILITY,plant,,,1.206
21.10128,72.65502,2026-09-06 08:18:00,5.59,l,335.5,N20,VIIRS,D,104647203,ArcelorMittal Nippon Steel India,Industrial Infrastructure / works,FACILITY,,works,,0.0
18.28999,83.99493,2026-09-06 08:18:00,2.83,n,330.29,N20,VIIRS,D,396032036,Unnamed facility,Mining / quarry,FACILITY,,,,2.672
17.78408,75.71846,2026-09-06 08:18:00,3.33,n,331.24,N20,VIIRS,D,910147477,Unnamed facility,Industrial Infrastructure / works,FACILITY,,works,,9.299
17.31742,81.12641,2026-09-06 08:18:00,2.98,n,340.08,N20,VIIRS,D,1463199796,Pump House - 4,Industrial Component / pumping_station,COMPONENT,,pumping_station,,23.373
17.17197,80.99033,2026-09-06 08:18:00,3.92,n,332.62,N20,VIIRS,D,776427278,Unnamed facility,Industrial / slaughterhouse,FACILITY,,,slaughterhouse,13.339
17.1715,80.98653,2026-09-06 08:18:00,5.19,n,341.76,N20,VIIRS,D,776427278,Unnamed facility,Industrial / slaughterhouse,FACILITY,,,slaughterhouse,12.914
17.13425,80.19149,2026-09-06 08:18:00,2.86,n,330.53,N20,VIIRS,D,7244033876,Unnamed facility,Industrial Component / storage_tank,COMPONENT,,storage_tank,,9.465
16.39573,78.35094,2026-09-06 08:18:00,2.65,n,334.08,N20,VIIRS,D,13196161334,Unnamed facility,Power / generator,FACILITY,generator,,,10.495
16.31662,77.81316,2026-09-06 08:18:00,1.62,n,330.14,N20,VIIRS,D,1185240258,Unnamed facility,Industrial Infrastructure / works,FACILITY,,works,,3.209
21.10146,72.63491,2026-09-06 08:18:00,8.87,n,336.9,N20,VIIRS,D,104647203,ArcelorMittal Nippon Steel India,Industrial Infrastructure / works,FACILITY,,works,,0.029
22.49699,70.026,2026-09-06 08:20:00,7.52,n,338.11,N20,VIIRS,D,984366237,Unnamed facility,Industrial Infrastructure / works,FACILITY,,works,,9.363
25.70864,73.5811,2026-09-06 08:20:00,3.26,n,335.02,N20,VIIRS,D,11690901355,Unnamed facility,Industrial Component / storage_tank,COMPONENT,,storage_tank,,29.612
31.99819,78.26247,2026-09-06 08:22:00,14.92,n,349.53,N20,VIIRS,D,4558750665,Lingti Hydel Power,Power / generator,FACILITY,generator,,,17.759
30.03691,72.87792,2026-09-06 08:22:00,2.28,n,334.7,N20,VIIRS,D,1431799854,Unnamed facility,Power / plant,FACILITY,plant,,,85.528
31.13125,74.60674,2026-09-06 08:22:00,4.08,n,333.54,N20,VIIRS,D,640060039,Unnamed facility,Industrial / brickyard,FACILITY,,,brickyard,19.327
31.49242,72.11179,2026-09-06 08:22:00,3.41,n,335.74,N20,VIIRS,D,637580388,Unnamed facility,Industrial / brickyard,FACILITY,,,brickyard,254.097
9.01685,77.36189,2026-09-06 09:00:00,2.82,n,330.32,N21,VIIRS,D,3148284935,Unnamed facility,Power / generator,FACILITY,generator,,,0.133
14.60401,76.94505,2026-09-06 09:02:00,11.72,n,337.41,N21,VIIRS,D,11844934633,Unnamed facility,Power / generator,FACILITY,generator,,,15.944
23.1795,68.86138,2026-09-06 09:05:00,9.5,n,345.87,N21,VIIRS,D,1836935090,Unnamed facility,Power / generator,FACILITY,generator,,,6.166
23.17906,68.86296,2026-09-06 09:05:00,7.71,n,341.75,N21,VIIRS,D,1836935090,Unnamed facility,Power / generator,FACILITY,generator,,,6.176
22.49434,70.02252,2026-09-06 09:05:00,4.24,n,334.17,N21,VIIRS,D,984366237,Unnamed facility,Industrial Infrastructure / works,FACILITY,,works,,9.136
21.10568,72.64432,2026-09-06 09:05:00,7.04,n,346.09,N21,VIIRS,D,104647203,ArcelorMittal Nippon Steel India,Industrial Infrastructure / works,FACILITY,,works,,0.0
21.10248,72.64528,2026-09-06 09:05:00,4.62,n,336.07,N21,VIIRS,D,104647203,ArcelorMittal Nippon Steel India,Industrial Infrastructure / works,FACILITY,,works,,0.054
26.77205,94.50575,2026-09-06 19:04:00,2.39,n,307.34,N20,VIIRS,N,1262936337,Unnamed facility,Power / plant,FACILITY,plant,,,6.839
27.60703,95.40102,2026-09-06 19:04:00,1.33,n,308.03,N20,VIIRS,N,17495305,Unnamed facility,Mining / quarry,FACILITY,,,,11.608
27.4684,95.42167,2026-09-06 19:04:00,1.59,n,306.34,N20,VIIRS,N,971209674,Unnamed facility,Power / plant,FACILITY,plant,,,0.14
27.46209,95.47723,2026-09-06 19:04:00,3.02,n,307.11,N20,VIIRS,N,971209674,Unnamed facility,Power / plant,FACILITY,plant,,,5.769
27.46147,95.4744,2026-09-06 19:04:00,2.91,n,308.8,N20,VIIRS,N,971209674,Unnamed facility,Power / plant,FACILITY,plant,,,5.473
30.0694,96.97788,2026-09-06 19:04:00,1.67,n,303.59,N20,VIIRS,N,5187607450,Awapani Hydel Power,Power / generator,FACILITY,generator,,,193.889
22.5761,85.89494,2026-09-06 19:06:00,5.09,n,311.96,N20,VIIRS,N,666516169,Unnamed facility,Mining / quarry,FACILITY,,,,9.661
23.61522,86.78616,2026-09-06 19:06:00,2.27,n,301.38,N20,VIIRS,N,1036348714,Panchet hydroelectric power station,Power / plant,FACILITY,plant,,,9.001
22.01168,97.17494,2026-09-06 19:06:00,1.08,n,316.22,N20,VIIRS,N,455261562,Unnamed facility,Mining / quarry,FACILITY,,,,430.471
20.79315,85.24971,2026-09-06 19:06:00,4.78,n,302.34,N20,VIIRS,N,177572836,Tata Steel Meramandali,Industrial / metal_processing,FACILITY,,,metal_processing,0.091
20.9736,85.17626,2026-09-06 19:06:00,2.43,n,304.78,N20,VIIRS,N,988893557,Bhubhaneshwari coal mine,Mining / quarry,FACILITY,,,,0.01
20.7617,85.29582,2026-09-06 19:06:00,3.49,n,307.43,N20,VIIRS,N,177572836,Tata Steel Meramandali,Industrial / metal_processing,FACILITY,,,metal_processing,3.758
20.76221,85.2887,2026-09-06 19:06:00,4.01,n,303.39,N20,VIIRS,N,177572836,Tata Steel Meramandali,Industrial / metal_processing,FACILITY,,,metal_processing,3.207
20.76294,85.29334,2026-09-06 19:06:00,4.71,n,312.9,N20,VIIRS,N,177572836,Tata Steel Meramandali,Industrial / metal_processing,FACILITY,,,metal_processing,3.461
20.88829,84.98077,2026-09-06 19:06:00,1.3,n,301.28,N20,VIIRS,N,1012595669,Angul Steel Power Plant,Power / plant,FACILITY,plant,,,0.915
20.88878,84.97369,2026-09-06 19:06:00,1.3,n,302.11,N20,VIIRS,N,1012595669,Angul Steel Power Plant,Power / plant,FACILITY,plant,,,1.703
20.95772,85.00848,2026-09-06 19:06:00,2.16,n,301.26,N20,VIIRS,N,982263322,Unnamed facility,Mining / quarry,FACILITY,,,,0.371
20.96281,86.00195,2026-09-06 19:06:00,3.3,n,313.96,N20,VIIRS,N,971787011,IEL Kalinganagar Tata Steel Power Station,Power / plant,FACILITY,plant,,,1.05
21.54451,87.26418,2026-09-06 19:06:00,4.53,n,295.21,N20,VIIRS,N,836989730,Unnamed facility,Industrial Component / wastewater_plant,COMPONENT,,wastewater_plant,,26.604
20.96711,85.16849,2026-09-06 19:06:00,2.43,n,306.05,N20,VIIRS,N,988893557,Bhubhaneshwari coal mine,Mining / quarry,FACILITY,,,,0.017
20.97172,85.17448,2026-09-06 19:06:00,1.82,n,306.84,N20,VIIRS,N,988893557,Bhubhaneshwari coal mine,Mining / quarry,FACILITY,,,,0.0
20.96766,85.16129,2026-09-06 19:06:00,2.67,n,303.68,N20,VIIRS,N,928075506,Ananta coal mine,Mining / quarry,FACILITY,,,,0.0
28.34819,77.22955,2026-09-06 19:49:00,1.15,n,305.35,N21,VIIRS,N,1164818072,Unnamed facility,Mining / quarry,FACILITY,,,,4.337
29.47548,76.85191,2026-09-06 19:49:00,3.72,n,304.26,N21,VIIRS,N,259662844,Panipat Refinery,Industrial / refinery,FACILITY,,,refinery,0.561
29.47515,76.85677,2026-09-06 19:49:00,5.28,n,331.04,N21,VIIRS,N,259662844,Panipat Refinery,Industrial / refinery,FACILITY,,,refinery,0.04
29.47356,76.85158,2026-09-06 19:49:00,3.15,n,302.93,N21,VIIRS,N,259662844,Panipat Refinery,Industrial / refinery,FACILITY,,,refinery,0.645
29.47326,76.85646,2026-09-06 19:49:00,4.33,n,324.33,N21,VIIRS,N,259662844,Panipat Refinery,Industrial / refinery,FACILITY,,,refinery,0.234
28.77802,76.94595,2026-09-06 19:49:00,1.37,n,304.33,N21,VIIRS,N,1352770487,Maruti Suzuki Manufacturing Plant Kharkhoda,Industrial Infrastructure / works,FACILITY,,works,,5.909
27.37821,95.33459,2026-09-06 19:49:00,2.09,n,305.64,N21,VIIRS,N,1306789237,Unnamed facility,Industrial Component / storage_tank,COMPONENT,,storage_tank,,4.033
27.32282,95.27635,2026-09-06 19:49:00,2.59,n,306.54,N21,VIIRS,N,732551572,Unnamed facility,Industrial / oil,FACILITY,,,oil,4.115
27.3179,95.26727,2026-09-06 19:49:00,1.68,n,307.94,N21,VIIRS,N,732551572,Unnamed facility,Industrial / oil,FACILITY,,,oil,3.664
27.31623,95.26494,2026-09-06 19:49:00,1.88,n,305.56,N21,VIIRS,N,732551572,Unnamed facility,Industrial / oil,FACILITY,,,oil,3.637
25.81025,88.88363,2026-09-06 19:49:00,2.12,n,308.18,N21,VIIRS,N,506293868,Unnamed facility,Mining / quarry,FACILITY,,,,62.949
24.20427,82.70858,2026-09-06 19:49:00,1.13,n,297.39,N21,VIIRS,N,197159970,Jhingurdah Mine,Mining / quarry,FACILITY,,,,0.0
24.15831,82.56628,2026-09-06 19:49:00,1.9,n,305.94,N21,VIIRS,N,985843341,Block - B coal mine,Mining / quarry,FACILITY,,,,0.182
23.61466,86.79137,2026-09-06 19:49:00,1.61,n,308.98,N21,VIIRS,N,1036348714,Panchet hydroelectric power station,Power / plant,FACILITY,plant,,,9.351
23.48274,87.36269,2026-09-06 19:49:00,3.34,n,312.05,N21,VIIRS,N,974481200,Unnamed facility,Industrial Infrastructure / works,FACILITY,,works,,0.0
18.71861,79.50751,2026-09-06 19:51:00,2.19,n,320.2,N21,VIIRS,N,97458070,Ramagundam III Coal Mine,Mining / quarry,FACILITY,,,,1.305
19.0963,82.16698,2026-09-06 19:51:00,2.64,n,318.95,N21,VIIRS,N,1214008227,Nagarnar Steel Plant,Industrial / steelmaking,FACILITY,,,steelmaking,0.0
19.10381,82.16806,2026-09-06 19:51:00,1.96,n,310.01,N21,VIIRS,N,1214008227,Nagarnar Steel Plant,Industrial / steelmaking,FACILITY,,,steelmaking,0.0
19.10446,82.16328,2026-09-06 19:51:00,1.96,n,322.2,N21,VIIRS,N,1214008227,Nagarnar Steel Plant,Industrial / steelmaking,FACILITY,,,steelmaking,0.047
19.92065,79.11182,2026-09-06 19:51:00,1.39,n,308.37,N21,VIIRS,N,9961291891,Acc company limited,Industrial Infrastructure / works,FACILITY,,works,,0.259
19.9364,73.71198,2026-09-06 19:51:00,1.49,n,304.75,N21,VIIRS,N,1466074251,Unnamed facility,Mining / quarry,FACILITY,,,,0.0
18.70239,72.87109,2026-09-06 19:51:00,2.22,n,299.8,N21,VIIRS,N,122091071,Rashtriya Chemicals and Fetilizers (RCF),Industrial / chemical,FACILITY,,works,chemical,0.0
17.95671,80.79757,2026-09-06 19:51:00,1.28,n,308.92,N21,VIIRS,N,59837236,Manuguru II Coal Mine,Mining / quarry,FACILITY,,,,0.0
21.48497,81.76863,2026-09-06 19:51:00,1.78,n,308.04,N21,VIIRS,N,1003091518,Unnamed facility,Power / plant,FACILITY,plant,,,2.301
17.60583,83.20129,2026-09-06 19:51:00,3.22,n,309.33,N21,VIIRS,N,801380978,Unnamed facility,Industrial Infrastructure / works,FACILITY,,works,,0.0
17.60583,83.20129,2026-09-06 19:51:00,3.22,n,309.33,N21,VIIRS,N,395219953,Visakhapatnam Steel Plant,Industrial / steelmaking,FACILITY,,,steelmaking,0.0
19.93681,73.71275,2026-09-06 19:51:00,1.17,n,302.18,N21,VIIRS,N,1466074251,Unnamed facility,Mining / quarry,FACILITY,,,,0.003
21.68093,84.03916,2026-09-06 19:51:00,2.02,n,306.01,N21,VIIRS,N,949319149,Unnamed facility,Industrial Component / cooling,COMPONENT,,cooling,,0.144
21.69684,84.0316,2026-09-06 19:51:00,2.18,n,305.16,N21,VIIRS,N,949319149,Unnamed facility,Industrial Component / cooling,COMPONENT,,cooling,,1.932
21.73716,83.84133,2026-09-06 19:51:00,3.15,n,306.03,N21,VIIRS,N,648728222,Belpahar Coal Mine,Mining / quarry,FACILITY,,,,0.0
21.74072,83.84187,2026-09-06 19:51:00,3.14,n,313.14,N21,VIIRS,N,648728222,Belpahar Coal Mine,Mining / quarry,FACILITY,,,,0.0
21.74427,83.8424,2026-09-06 19:51:00,3.14,n,321.89,N21,VIIRS,N,648728222,Belpahar Coal Mine,Mining / quarry,FACILITY,,,,0.0
17.69401,83.2431,2026-09-06 19:51:00,3.07,n,307.37,N21,VIIRS,N,280178624,Hindustan Petroleum Corporation Limited,Industrial / refinery,FACILITY,,,refinery,0.0
20.69586,78.63654,2026-09-06 19:51:00,1.82,n,306.64,N21,VIIRS,N,221264662,Unnamed facility,Power / plant,FACILITY,plant,,,1.126
20.7025,78.62045,2026-09-06 19:51:00,1.43,n,304.89,N21,VIIRS,N,221264662,Unnamed facility,Power / plant,FACILITY,plant,,,0.567
20.75834,85.29536,2026-09-06 19:51:00,3.3,n,307.05,N21,VIIRS,N,177572836,Tata Steel Meramandali,Industrial / metal_processing,FACILITY,,,metal_processing,4.022
20.96684,85.15375,2026-09-06 19:51:00,3.53,n,308.85,N21,VIIRS,N,928075506,Ananta coal mine,Mining / quarry,FACILITY,,,,0.0
20.96761,86.01177,2026-09-06 19:51:00,4.63,n,312.83,N21,VIIRS,N,971787011,IEL Kalinganagar Tata Steel Power Station,Power / plant,FACILITY,plant,,,1.195
20.97534,86.00551,2026-09-06 19:51:00,3.57,n,313.77,N21,VIIRS,N,971787011,IEL Kalinganagar Tata Steel Power Station,Power / plant,FACILITY,plant,,,0.384
20.99737,86.01688,2026-09-06 19:51:00,3.47,n,306.61,N21,VIIRS,N,1508890366,Unnamed facility,Power / plant,FACILITY,plant,,,2.136
20.99956,86.02483,2026-09-06 19:51:00,3.29,n,310.64,N21,VIIRS,N,1508890366,Unnamed facility,Power / plant,FACILITY,plant,,,2.548
21.17984,81.38757,2026-09-06 19:51:00,5.58,n,334.69,N21,VIIRS,N,65310813,Bhilai Steel Plant,Industrial / steelmaking,FACILITY,,,steelmaking,0.0
21.17984,81.38757,2026-09-06 19:51:00,5.58,n,334.69,N21,VIIRS,N,963215878,Unnamed facility,Industrial Infrastructure / works,FACILITY,,works,,0.0
20.96533,86.0493,2026-09-06 19:51:00,4.42,n,315.3,N21,VIIRS,N,231258313,Duburi Steel Power Plant,Power / plant,FACILITY,plant,,,0.0
21.18388,81.38812,2026-09-06 19:51:00,1.97,n,307.27,N21,VIIRS,N,65310813,Bhilai Steel Plant,Industrial / steelmaking,FACILITY,,,steelmaking,0.0
21.18388,81.38812,2026-09-06 19:51:00,1.97,n,307.27,N21,VIIRS,N,963215878,Unnamed facility,Industrial Infrastructure / works,FACILITY,,works,,0.0
21.24511,79.22173,2026-09-06 19:51:00,1.43,n,300.76,N21,VIIRS,N,133733243,Kamptee coal mine,Mining / quarry,FACILITY,,,,0.096
21.33481,78.9703,2026-09-06 19:51:00,2.73,n,317.42,N21,VIIRS,N,986587317,Adasa Coal Mine,Industrial / mine,FACILITY,,,mine,1.133
21.33617,78.97189,2026-09-06 19:51:00,2.19,n,303.5,N21,VIIRS,N,986587317,Adasa Coal Mine,Industrial / mine,FACILITY,,,mine,1.106
21.33674,78.96648,2026-09-06 19:51:00,2.19,n,312.94,N21,VIIRS,N,986587317,Adasa Coal Mine,Industrial / mine,FACILITY,,,mine,0.753
21.37604,81.67924,2026-09-06 19:51:00,5.37,n,313.69,N21,VIIRS,N,13685837433,Unnamed facility,Industrial Component / fuel_pump,COMPONENT,,fuel_pump,,1.631
21.37648,81.64273,2026-09-06 19:51:00,2.47,n,309.02,N21,VIIRS,N,13685837433,Unnamed facility,Industrial Component / fuel_pump,COMPONENT,,fuel_pump,,3.305
21.18746,81.39248,2026-09-06 19:51:00,1.97,n,307.85,N21,VIIRS,N,65310813,Bhilai Steel Plant,Industrial / steelmaking,FACILITY,,,steelmaking,0.0
21.18746,81.39248,2026-09-06 19:51:00,1.97,n,307.85,N21,VIIRS,N,963215878,Unnamed facility,Industrial Infrastructure / works,FACILITY,,works,,0.0
20.9647,86.00729,2026-09-06 19:51:00,2.79,n,307.27,N21,VIIRS,N,971787011,IEL Kalinganagar Tata Steel Power Station,Power / plant,FACILITY,plant,,,1.018
20.96414,86.01098,2026-09-06 19:51:00,2.79,n,328.03,N21,VIIRS,N,971787011,IEL Kalinganagar Tata Steel Power Station,Power / plant,FACILITY,plant,,,1.346
20.96139,86.00672,2026-09-06 19:51:00,2.79,n,329.84,N21,VIIRS,N,971787011,IEL Kalinganagar Tata Steel Power Station,Power / plant,FACILITY,plant,,,1.331
20.76113,85.29971,2026-09-06 19:51:00,2.21,n,310.07,N21,VIIRS,N,177572836,Tata Steel Meramandali,Industrial / metal_processing,FACILITY,,,metal_processing,4.117
20.76168,85.29589,2026-09-06 19:51:00,3.23,n,314.0,N21,VIIRS,N,177572836,Tata Steel Meramandali,Industrial / metal_processing,FACILITY,,,metal_processing,3.765
20.78345,85.26453,2026-09-06 19:51:00,4.24,n,322.86,N21,VIIRS,N,177572836,Tata Steel Meramandali,Industrial / metal_processing,FACILITY,,,metal_processing,0.0
21.67741,84.03861,2026-09-06 19:51:00,2.02,n,319.51,N21,VIIRS,N,1158763971,Unnamed facility,Industrial Component / cooling,COMPONENT,,cooling,,0.392
20.78736,85.2613,2026-09-06 19:51:00,4.23,n,309.22,N21,VIIRS,N,177572836,Tata Steel Meramandali,Industrial / metal_processing,FACILITY,,,metal_processing,0.0
20.79518,85.25484,2026-09-06 19:51:00,3.94,n,322.61,N21,VIIRS,N,177572836,Tata Steel Meramandali,Industrial / metal_processing,FACILITY,,,metal_processing,0.0
20.79797,85.25918,2026-09-06 19:51:00,3.75,n,318.29,N21,VIIRS,N,177572836,Tata Steel Meramandali,Industrial / metal_processing,FACILITY,,,metal_processing,0.0
20.86192,84.98773,2026-09-06 19:51:00,1.65,n,312.63,N21,VIIRS,N,1012595669,Angul Steel Power Plant,Power / plant,FACILITY,plant,,,3.157
20.86473,84.99213,2026-09-06 19:51:00,1.65,n,307.16,N21,VIIRS,N,1012595669,Angul Steel Power Plant,Power / plant,FACILITY,plant,,,2.832
20.8653,84.9883,2026-09-06 19:51:00,1.65,n,323.32,N21,VIIRS,N,1012595669,Angul Steel Power Plant,Power / plant,FACILITY,plant,,,2.752
20.86811,84.9927,2026-09-06 19:51:00,1.47,n,307.79,N21,VIIRS,N,1012595669,Angul Steel Power Plant,Power / plant,FACILITY,plant,,,2.432
20.86867,84.98887,2026-09-06 19:51:00,1.47,n,306.01,N21,VIIRS,N,1012595669,Angul Steel Power Plant,Power / plant,FACILITY,plant,,,2.35
20.88332,84.98332,2026-09-06 19:51:00,2.47,n,306.85,N21,VIIRS,N,1012595669,Angul Steel Power Plant,Power / plant,FACILITY,plant,,,0.873
20.88726,84.98001,2026-09-06 19:51:00,2.84,n,317.45,N21,VIIRS,N,1012595669,Angul Steel Power Plant,Power / plant,FACILITY,plant,,,1.008
20.93917,86.06352,2026-09-06 19:51:00,2.13,n,322.48,N21,VIIRS,N,209343438,VISA STEEL LTD,Industrial / factory,FACILITY,,,factory,0.0
21.67329,84.04231,2026-09-06 19:51:00,1.34,n,307.47,N21,VIIRS,N,1504086269,Unnamed facility,Power / plant,FACILITY,plant,,,0.267
20.7868,85.26508,2026-09-06 19:51:00,3.82,n,315.21,N21,VIIRS,N,177572836,Tata Steel Meramandali,Industrial / metal_processing,FACILITY,,,metal_processing,0.0
21.75138,83.84347,2026-09-06 19:51:00,6.22,n,307.62,N21,VIIRS,N,648728222,Belpahar Coal Mine,Mining / quarry,FACILITY,,,,0.0
21.75552,84.02353,2026-09-06 19:51:00,3.79,n,308.12,N21,VIIRS,N,967922700,Unnamed facility,Industrial Component / goods_conveyor,COMPONENT,,goods_conveyor,,0.313
22.3183,82.56366,2026-09-06 19:51:00,2.06,n,319.08,N21,VIIRS,N,13118729,Gevra Open Cast Mine,Mining / quarry,FACILITY,,,,0.0
22.32086,82.56615,2026-09-06 19:51:00,2.92,n,311.06,N21,VIIRS,N,13118729,Gevra Open Cast Mine,Mining / quarry,FACILITY,,,,0.0
22.32152,82.592,2026-09-06 19:51:00,1.93,n,311.4,N21,VIIRS,N,13118729,Gevra Open Cast Mine,Mining / quarry,FACILITY,,,,0.081
22.32212,82.56421,2026-09-06 19:51:00,2.06,n,305.79,N21,VIIRS,N,13118729,Gevra Open Cast Mine,Mining / quarry,FACILITY,,,,0.0
22.33105,82.60877,2026-09-06 19:51:00,3.44,n,308.47,N21,VIIRS,N,13118729,Gevra Open Cast Mine,Mining / quarry,FACILITY,,,,0.134
22.35644,82.30141,2026-09-06 19:51:00,2.76,n,314.88,N21,VIIRS,N,1097404952,Unnamed facility,Mining / quarry,FACILITY,,,,0.0
22.35738,82.30347,2026-09-06 19:51:00,4.29,n,319.05,N21,VIIRS,N,1097404952,Unnamed facility,Mining / quarry,FACILITY,,,,0.0
22.3178,82.53771,2026-09-06 19:51:00,3.07,n,306.32,N21,VIIRS,N,13118728,Dipka Open Cast Mine,Mining / quarry,FACILITY,,,,0.0
22.36474,87.29965,2026-09-06 19:51:00,3.58,n,320.44,N21,VIIRS,N,661053493,Unnamed facility,Industrial Infrastructure / works,FACILITY,,works,,4.946
22.79858,86.09092,2026-09-06 19:51:00,2.05,n,305.09,N21,VIIRS,N,1092684075,Adityapur Works Power Station,Power / plant,FACILITY,plant,,,0.472
22.8019,86.09149,2026-09-06 19:51:00,2.05,n,318.96,N21,VIIRS,N,1092684075,Adityapur Works Power Station,Power / plant,FACILITY,plant,,,0.104
23.16361,82.33897,2026-09-06 19:51:00,2.29,n,317.03,N21,VIIRS,N,77362486,Chirimiri Coal Mine,Mining / quarry,FACILITY,,,,0.535
23.16684,82.34496,2026-09-06 19:51:00,1.37,n,304.82,N21,VIIRS,N,77362486,Chirimiri Coal Mine,Mining / quarry,FACILITY,,,,0.279
23.16751,82.33961,2026-09-06 19:51:00,2.29,n,309.71,N21,VIIRS,N,77362486,Chirimiri Coal Mine,Mining / quarry,FACILITY,,,,0.058
21.74782,83.84293,2026-09-06 19:51:00,6.22,n,333.05,N21,VIIRS,N,648728222,Belpahar Coal Mine,Mining / quarry,FACILITY,,,,0.0
21.75493,83.84402,2026-09-06 19:51:00,3.45,n,325.2,N21,VIIRS,N,648728222,Belpahar Coal Mine,Mining / quarry,FACILITY,,,,0.0
22.3781,87.27927,2026-09-06 19:51:00,3.42,n,319.56,N21,VIIRS,N,1469423527,Unnamed facility,Industrial Component / storage_tank,COMPONENT,,storage_tank,,5.481
22.31768,82.56052,2026-09-06 19:51:00,2.92,n,313.71,N21,VIIRS,N,13118729,Gevra Open Cast Mine,Mining / quarry,FACILITY,,,,0.0
22.3234,82.54583,2026-09-06 19:51:00,2.56,n,306.81,N21,VIIRS,N,13118728,Dipka Open Cast Mine,Mining / quarry,FACILITY,,,,0.0
22.31702,82.5345,2026-09-06 19:51:00,3.28,n,307.37,N21,VIIRS,N,13118728,Dipka Open Cast Mine,Mining / quarry,FACILITY,,,,0.0
21.75846,83.81814,2026-09-06 19:51:00,2.72,n,305.94,N21,VIIRS,N,553142915,Belpahar Coal Mine,Mining / quarry,FACILITY,,,,0.0
21.75848,83.84456,2026-09-06 19:51:00,3.45,n,312.83,N21,VIIRS,N,648728222,Belpahar Coal Mine,Mining / quarry,FACILITY,,,,0.0
22.31763,82.56873,2026-09-06 19:51:00,2.06,n,306.95,N21,VIIRS,N,13118729,Gevra Open Cast Mine,Mining / quarry,FACILITY,,,,0.0
21.76316,84.02039,2026-09-06 19:51:00,5.04,n,316.08,N21,VIIRS,N,1158770481,Rengali Bhushan Power Plant,Power / plant,FACILITY,plant,,,0.702
21.76668,84.02093,2026-09-06 19:51:00,2.41,n,315.08,N21,VIIRS,N,1158770481,Rengali Bhushan Power Plant,Power / plant,FACILITY,plant,,,0.329
21.7702,84.02148,2026-09-06 19:51:00,2.41,n,307.86,N21,VIIRS,N,1158770481,Rengali Bhushan Power Plant,Power / plant,FACILITY,plant,,,0.1
21.8028,83.89114,2026-09-06 19:51:00,5.2,n,316.61,N21,VIIRS,N,91005918,Samaleswari Coal Mine,Mining / quarry,FACILITY,,,,0.0
21.82072,83.99737,2026-09-06 19:51:00,2.84,n,307.74,N21,VIIRS,N,175447676,Jharsuguda Sterlite power station,Power / plant,FACILITY,plant,,,3.369
21.76145,83.84943,2026-09-06 19:51:00,7.56,n,332.73,N21,VIIRS,N,648728222,Belpahar Coal Mine,Mining / quarry,FACILITY,,,,0.0
21.92413,85.2254,2026-09-06 19:51:00,1.53,n,305.64,N21,VIIRS,N,664709787,Rungta Kamanda power station,Power / plant,FACILITY,plant,,,0.076
21.9247,85.22151,2026-09-06 19:51:00,1.53,n,317.23,N21,VIIRS,N,664709787,Rungta Kamanda power station,Power / plant,FACILITY,plant,,,0.353
21.92807,85.22208,2026-09-06 19:51:00,1.84,n,307.39,N21,VIIRS,N,664709787,Rungta Kamanda power station,Power / plant,FACILITY,plant,,,0.0
22.05496,85.4639,2026-09-06 19:51:00,1.76,n,312.12,N21,VIIRS,N,1001797462,Unnamed facility,Mining / quarry,FACILITY,,,,3.544
21.93201,85.21877,2026-09-06 19:51:00,0.87,n,303.37,N21,VIIRS,N,664709787,Rungta Kamanda power station,Power / plant,FACILITY,plant,,,0.017
21.98265,83.23364,2026-09-06 19:51:00,3.63,n,310.95,N21,VIIRS,N,1128051115,Monnet Raigarh Power Plant,Power / plant,FACILITY,plant,,,0.404
22.00321,82.67044,2026-09-06 19:51:00,3.33,n,315.66,N21,VIIRS,N,1163989782,Prakash Champa Captive Power Station,Power / plant,FACILITY,plant,,,0.673
21.83061,84.92894,2026-09-06 19:51:00,1.79,n,306.5,N21,VIIRS,N,976104513,Unnamed facility,Industrial / mine,FACILITY,,,mine,21.429
15.18383,76.66652,2026-09-06 19:53:00,0.76,n,300.28,N21,VIIRS,N,285680302,Jindal Steel Works,Industrial Infrastructure / works,FACILITY,,works,steel_mill,0.0
15.18383,76.66652,2026-09-06 19:53:00,0.76,n,300.28,N21,VIIRS,N,822601316,Vijayanagar Toranagallu Power Station,Power / plant,FACILITY,plant,,,0.0
15.17636,76.65552,2026-09-06 19:53:00,0.89,n,297.68,N21,VIIRS,N,285680302,Jindal Steel Works,Industrial Infrastructure / works,FACILITY,,works,steel_mill,0.0
15.16735,76.37926,2026-09-06 19:53:00,0.78,n,295.86,N21,VIIRS,N,1186902443,Danapuram BMM Captive Power Plant 1,Power / plant,FACILITY,plant,,,0.344
15.16735,76.37926,2026-09-06 19:53:00,0.78,n,295.86,N21,VIIRS,N,16053036,Danapuram BMM Captive Power Plants,Power / plant,FACILITY,plant,,,0.344
15.02131,78.01621,2026-09-06 19:53:00,1.34,n,302.1,N21,VIIRS,N,829079274,Unnamed facility,Industrial Component / goods_conveyor,COMPONENT,,goods_conveyor,,0.124
11.92694,78.42115,2026-09-06 19:53:00,1.68,n,310.15,N21,VIIRS,N,11085126004,Unnamed facility,Industrial Component / storage_tank,COMPONENT,,storage_tank,,8.988
10.90637,77.41584,2026-09-06 19:53:00,1.64,n,305.31,N21,VIIRS,N,9118032927,Unnamed facility,Power / generator,FACILITY,generator,,,0.559
10.90553,77.41677,2026-09-06 19:53:00,0.89,n,303.06,N21,VIIRS,N,9118032927,Unnamed facility,Power / generator,FACILITY,generator,,,0.602
10.61561,77.42004,2026-09-06 19:53:00,1.34,n,305.64,N21,VIIRS,N,3163247181,Unnamed facility,Power / generator,FACILITY,generator,,,0.15
15.02251,78.01427,2026-09-06 19:53:00,1.86,n,306.85,N21,VIIRS,N,829079274,Unnamed facility,Industrial Component / goods_conveyor,COMPONENT,,goods_conveyor,,0.001
7.69619,80.44563,2026-09-06 19:55:00,1.06,n,310.04,N21,VIIRS,N,1033490635,Unnamed facility,Industrial Component / storage_tank,COMPONENT,,storage_tank,,219.09
10.39689,77.61567,2026-09-06 19:55:00,6.43,n,334.0,N21,VIIRS,N,1037306117,Unnamed facility,Mining / quarry,FACILITY,,,,7.418
8.08453,80.78139,2026-09-06 19:55:00,0.45,n,298.88,N21,VIIRS,N,1033490635,Unnamed facility,Industrial Component / storage_tank,COMPONENT,,storage_tank,,212.636
7.80051,79.83681,2026-09-06 19:55:00,2.27,n,305.69,N21,VIIRS,N,1033490635,Unnamed facility,Industrial Component / storage_tank,COMPONENT,,storage_tank,,177.005
7.07427,80.85882,2026-09-06 19:55:00,1.86,n,323.29,N21,VIIRS,N,1033490635,Unnamed facility,Industrial Component / storage_tank,COMPONENT,,storage_tank,,302.653
6.76235,81.51471,2026-09-06 19:55:00,7.8,n,348.06,N21,VIIRS,N,1033490635,Unnamed facility,Industrial Component / storage_tank,COMPONENT,,storage_tank,,375.218
7.07072,80.85854,2026-09-06 19:55:00,1.85,n,323.07,N21,VIIRS,N,1033490635,Unnamed facility,Industrial Component / storage_tank,COMPONENT,,storage_tank,,302.962
7.06719,80.85822,2026-09-06 19:55:00,1.85,n,309.08,N21,VIIRS,N,1033490635,Unnamed facility,Industrial Component / storage_tank,COMPONENT,,storage_tank,,303.267
6.86306,81.40453,2026-09-06 19:55:00,14.16,n,339.12,N21,VIIRS,N,1033490635,Unnamed facility,Industrial Component / storage_tank,COMPONENT,,storage_tank,,358.656
6.81242,81.52978,2026-09-06 19:55:00,1.82,n,314.8,N21,VIIRS,N,1033490635,Unnamed facility,Industrial Component / storage_tank,COMPONENT,,storage_tank,,372.113
7.07128,80.85484,2026-09-06 19:55:00,1.03,n,306.39,N21,VIIRS,N,1033490635,Unnamed facility,Industrial Component / storage_tank,COMPONENT,,storage_tank,,302.676
6.75894,81.51421,2026-09-06 19:55:00,7.8,n,325.96,N21,VIIRS,N,1033490635,Unnamed facility,Industrial Component / storage_tank,COMPONENT,,storage_tank,,375.47
33.68796,72.71034,2026-09-06 20:44:00,1.58,n,307.86,N20,VIIRS,N,4190775708,Uri II,Power / plant,FACILITY,plant,,,151.687
33.29859,71.18613,2026-09-06 20:44:00,1.36,n,313.45,N20,VIIRS,N,1468709568,Unnamed facility,Power / plant,FACILITY,plant,,,324.002
33.68806,72.70912,2026-09-06 20:44:00,0.93,n,306.82,N20,VIIRS,N,4190775708,Uri II,Power / plant,FACILITY,plant,,,151.808
32.71913,72.77346,2026-09-06 20:44:00,0.91,n,306.77,N20,VIIRS,N,1318203266,Unnamed facility,Power / plant,FACILITY,plant,,,196.842
32.06016,74.20986,2026-09-06 20:44:00,0.92,n,307.73,N20,VIIRS,N,498946093,Unnamed facility,Industrial / brickworks,FACILITY,,,brickworks,66.714
33.27806,72.14331,2026-09-06 20:44:00,0.7,n,304.3,N20,VIIRS,N,4190775708,Uri II,Power / plant,FACILITY,plant,,,232.159
32.08775,74.16418,2026-09-06 20:44:00,1.53,n,311.11,N20,VIIRS,N,498946093,Unnamed facility,Industrial / brickworks,FACILITY,,,brickworks,72.699
32.57457,72.56348,2026-09-06 20:44:00,2.31,n,310.34,N20,VIIRS,N,1318203266,Unnamed facility,Power / plant,FACILITY,plant,,,226.449
21.92286,83.35031,2026-09-06 20:46:00,4.41,n,328.74,N20,VIIRS,N,1093898245,Raigarh Jindal power station,Power / plant,FACILITY,plant,,,0.546
21.92217,83.35345,2026-09-06 20:46:00,2.17,n,306.53,N20,VIIRS,N,1093898245,Raigarh Jindal power station,Power / plant,FACILITY,plant,,,0.892
21.91828,83.35097,2026-09-06 20:46:00,1.76,n,308.0,N20,VIIRS,N,1093898245,Raigarh Jindal power station,Power / plant,FACILITY,plant,,,0.958
21.87702,83.49468,2026-09-06 20:46:00,1.73,n,312.44,N20,VIIRS,N,827775048,Unnamed facility,Mining / quarry,FACILITY,,,,13.204
21.92328,83.3522,2026-09-06 20:46:00,1.76,n,314.68,N20,VIIRS,N,1093898245,Raigarh Jindal power station,Power / plant,FACILITY,plant,,,0.706
21.82849,83.89872,2026-09-06 20:46:00,1.08,n,303.3,N20,VIIRS,N,91005917,Unnamed facility,Mining / quarry,FACILITY,,,,0.18
21.80262,83.89235,2026-09-06 20:46:00,2.08,n,319.43,N20,VIIRS,N,91005918,Samaleswari Coal Mine,Mining / quarry,FACILITY,,,,0.0
21.80238,83.89133,2026-09-06 20:46:00,2.19,n,326.47,N20,VIIRS,N,91005918,Samaleswari Coal Mine,Mining / quarry,FACILITY,,,,0.0
21.76357,84.01971,2026-09-06 20:46:00,2.0,n,307.82,N20,VIIRS,N,1158770481,Rengali Bhushan Power Plant,Power / plant,FACILITY,plant,,,0.633
21.76328,83.8457,2026-09-06 20:46:00,1.37,n,314.75,N20,VIIRS,N,648728222,Belpahar Coal Mine,Mining / quarry,FACILITY,,,,0.0
21.76253,83.84913,2026-09-06 20:46:00,2.58,n,316.14,N20,VIIRS,N,648728222,Belpahar Coal Mine,Mining / quarry,FACILITY,,,,0.0
21.75887,83.841,2026-09-06 20:46:00,1.37,n,308.51,N20,VIIRS,N,648728222,Belpahar Coal Mine,Mining / quarry,FACILITY,,,,0.149
21.74269,83.84029,2026-09-06 20:46:00,4.0,n,329.22,N20,VIIRS,N,648728222,Belpahar Coal Mine,Mining / quarry,FACILITY,,,,0.0
21.75759,84.02187,2026-09-06 20:46:00,1.35,n,307.36,N20,VIIRS,N,967922700,Unnamed facility,Industrial Component / goods_conveyor,COMPONENT,,goods_conveyor,,0.619
21.75684,84.02532,2026-09-06 20:46:00,1.35,n,304.68,N20,VIIRS,N,967922698,Unnamed facility,Industrial Component / goods_conveyor,COMPONENT,,goods_conveyor,,0.378
21.75297,83.84307,2026-09-06 20:46:00,3.86,n,302.8,N20,VIIRS,N,648728222,Belpahar Coal Mine,Mining / quarry,FACILITY,,,,0.0
21.74859,83.83823,2026-09-06 20:46:00,3.86,n,305.17,N20,VIIRS,N,648728222,Belpahar Coal Mine,Mining / quarry,FACILITY,,,,0.281
21.74783,83.84167,2026-09-06 20:46:00,3.86,h,367.0,N20,VIIRS,N,648728222,Belpahar Coal Mine,Mining / quarry,FACILITY,,,,0.0
21.74193,83.84372,2026-09-06 20:46:00,3.06,n,307.81,N20,VIIRS,N,648728222,Belpahar Coal Mine,Mining / quarry,FACILITY,,,,0.0
21.68195,84.03985,2026-09-06 20:46:00,1.7,n,312.5,N20,VIIRS,N,949319149,Unnamed facility,Industrial Component / cooling,COMPONENT,,cooling,,0.046
21.67781,84.03885,2026-09-06 20:46:00,2.14,n,311.68,N20,VIIRS,N,1158763971,Unnamed facility,Industrial Component / cooling,COMPONENT,,cooling,,0.345
21.67672,84.03851,2026-09-06 20:46:00,0.85,n,303.35,N20,VIIRS,N,1158763971,Unnamed facility,Industrial Component / cooling,COMPONENT,,cooling,,0.45
21.67595,84.04197,2026-09-06 20:46:00,0.85,n,303.58,N20,VIIRS,N,1158763971,Unnamed facility,Industrial Component / cooling,COMPONENT,,cooling,,0.384
21.92394,83.34906,2026-09-06 20:46:00,3.18,n,314.54,N20,VIIRS,N,1093898245,Raigarh Jindal power station,Power / plant,FACILITY,plant,,,0.361
21.75812,83.8444,2026-09-06 20:46:00,1.37,n,312.74,N20,VIIRS,N,648728222,Belpahar Coal Mine,Mining / quarry,FACILITY,,,,0.0
21.96607,83.77132,2026-09-06 20:46:00,3.0,n,313.06,N20,VIIRS,N,742070734,Dulanga Coal Mine,Mining / quarry,FACILITY,,,,4.135
27.79425,75.32977,2026-09-06 20:46:00,0.87,n,306.31,N20,VIIRS,N,12596290910,HP Petrol Pump - Guru Kripa Filling Station,Industrial Component / fuel_pump,COMPONENT,,fuel_pump,,23.53
21.9854,83.2318,2026-09-06 20:46:00,1.6,n,314.71,N20,VIIRS,N,1128051115,Monnet Raigarh Power Plant,Power / plant,FACILITY,plant,,,0.053
25.38964,68.57961,2026-09-06 20:46:00,2.17,n,318.88,N20,VIIRS,N,1273382001,Khavda Renewable Energy Park,Power / plant,FACILITY,plant,,,171.182
26.2588,74.09588,2026-09-06 20:46:00,1.03,n,308.96,N20,VIIRS,N,133744803,Unnamed facility,Mining / quarry,FACILITY,,,,3.026
26.60538,73.68313,2026-09-06 20:46:00,0.65,n,306.85,N20,VIIRS,N,1002380415,Unnamed facility,Power / plant,FACILITY,plant,,,0.936
26.87441,73.51662,2026-09-06 20:46:00,2.61,n,309.93,N20,VIIRS,N,1068597510,Unnamed facility,Mining / quarry,FACILITY,,,,0.525
26.87837,73.51595,2026-09-06 20:46:00,2.26,n,308.52,N20,VIIRS,N,1068597645,Unnamed facility,Mining / quarry,FACILITY,,,,0.257
27.29016,73.84022,2026-09-06 20:46:00,2.87,n,308.34,N20,VIIRS,N,1482923481,Nagaur Wastewater Urban Unit,Industrial Component / wastewater_plant,COMPONENT,,wastewater_plant,,16.293
24.9338,74.63345,2026-09-06 20:46:00,1.01,n,297.15,N20,VIIRS,N,562433375,Birla Cement,Industrial Infrastructure / works,FACILITY,,works,,0.0
27.66805,76.12919,2026-09-06 20:46:00,1.16,n,312.39,N20,VIIRS,N,561436589,Unnamed facility,Mining / quarry,FACILITY,,,,0.446
28.27742,77.27326,2026-09-06 20:46:00,0.72,n,305.51,N20,VIIRS,N,981265820,Unnamed facility,Industrial Infrastructure / works,FACILITY,,works,,4.71
28.34659,77.23032,2026-09-06 20:46:00,1.97,n,322.88,N20,VIIRS,N,1164818072,Unnamed facility,Mining / quarry,FACILITY,,,,4.553
28.42577,69.69775,2026-09-06 20:46:00,1.53,n,310.3,N20,VIIRS,N,457973221,Unnamed facility,Mining / quarry,FACILITY,,,,137.987
29.47528,76.8589,2026-09-06 20:46:00,4.54,n,330.15,N20,VIIRS,N,259662844,Panipat Refinery,Industrial / refinery,FACILITY,,,refinery,0.0
29.87495,70.01684,2026-09-06 20:46:00,0.95,n,304.35,N20,VIIRS,N,999202780,Unnamed facility,Power / plant,FACILITY,plant,,,294.983
30.44921,70.56627,2026-09-06 20:46:00,0.56,n,307.98,N20,VIIRS,N,1431799854,Unnamed facility,Power / plant,FACILITY,plant,,,347.505
28.27557,77.18221,2026-09-06 20:46:00,1.14,n,308.9,N20,VIIRS,N,34264322,Unnamed facility,Mining / quarry,FACILITY,,,,4.026
24.69204,73.00279,2026-09-06 20:46:00,1.19,n,306.06,N20,VIIRS,N,386432635,Unnamed facility,Mining / quarry,FACILITY,,,,0.854
24.15967,82.56333,2026-09-06 20:46:00,1.75,n,304.6,N20,VIIRS,N,985843341,Block - B coal mine,Mining / quarry,FACILITY,,,,0.003
23.16659,82.34151,2026-09-06 20:46:00,2.01,n,308.91,N20,VIIRS,N,77362486,Chirimiri Coal Mine,Mining / quarry,FACILITY,,,,0.146
22.00615,82.67136,2026-09-06 20:46:00,2.9,n,308.32,N20,VIIRS,N,1163989782,Prakash Champa Captive Power Station,Power / plant,FACILITY,plant,,,1.033
22.03537,83.3603,2026-09-06 20:46:00,0.65,n,302.88,N20,VIIRS,N,353914770,Tamnar Power Station,Power / plant,FACILITY,plant,,,11.658
22.03604,83.36147,2026-09-06 20:46:00,0.93,n,301.86,N20,VIIRS,N,353914770,Tamnar Power Station,Power / plant,FACILITY,plant,,,11.506
22.03745,83.35081,2026-09-06 20:46:00,2.03,n,316.1,N20,VIIRS,N,353914770,Tamnar Power Station,Power / plant,FACILITY,plant,,,12.331
22.03806,83.35194,2026-09-06 20:46:00,1.15,n,315.42,N20,VIIRS,N,353914770,Tamnar Power Station,Power / plant,FACILITY,plant,,,12.186
22.03872,83.34882,2026-09-06 20:46:00,1.15,n,306.26,N20,VIIRS,N,353914770,Tamnar Power Station,Power / plant,FACILITY,plant,,,12.421
22.31806,82.56065,2026-09-06 20:46:00,2.14,n,304.09,N20,VIIRS,N,13118729,Gevra Open Cast Mine,Mining / quarry,FACILITY,,,,0.0
22.31933,82.55735,2026-09-06 20:46:00,1.48,n,305.32,N20,VIIRS,N,13118729,Gevra Open Cast Mine,Mining / quarry,FACILITY,,,,0.0
22.32277,82.56183,2026-09-06 20:46:00,1.04,n,304.24,N20,VIIRS,N,13118729,Gevra Open Cast Mine,Mining / quarry,FACILITY,,,,0.0
22.32286,82.56402,2026-09-06 20:46:00,1.49,n,304.74,N20,VIIRS,N,13118729,Gevra Open Cast Mine,Mining / quarry,FACILITY,,,,0.0
22.35652,82.30289,2026-09-06 20:46:00,1.67,n,311.89,N20,VIIRS,N,1097404952,Unnamed facility,Mining / quarry,FACILITY,,,,0.0
22.35839,82.3057,2026-09-06 20:46:00,2.17,n,300.27,N20,VIIRS,N,1097404952,Unnamed facility,Mining / quarry,FACILITY,,,,0.0
22.35952,82.30042,2026-09-06 20:46:00,2.17,n,320.89,N20,VIIRS,N,1097404952,Unnamed facility,Mining / quarry,FACILITY,,,,0.0
22.36117,82.30396,2026-09-06 20:46:00,1.67,n,308.07,N20,VIIRS,N,1097404952,Unnamed facility,Mining / quarry,FACILITY,,,,0.0
22.36226,82.29867,2026-09-06 20:46:00,1.24,n,299.59,N20,VIIRS,N,1097404952,Unnamed facility,Mining / quarry,FACILITY,,,,0.0
21.97846,83.23976,2026-09-06 20:46:00,0.66,n,302.84,N20,VIIRS,N,1128051115,Monnet Raigarh Power Plant,Power / plant,FACILITY,plant,,,1.251
26.29863,74.12737,2026-09-06 20:46:00,0.77,n,306.56,N20,VIIRS,N,133744803,Unnamed facility,Mining / quarry,FACILITY,,,,0.816
20.86389,84.99117,2026-09-06 20:49:00,1.7,n,309.71,N20,VIIRS,N,1012595669,Angul Steel Power Plant,Power / plant,FACILITY,plant,,,2.927
19.72528,79.1739,2026-09-06 20:49:00,1.18,n,306.8,N20,VIIRS,N,1537954885,Unnamed facility,Power / generator,FACILITY,generator,,,0.894
20.97046,86.01247,2026-09-06 20:49:00,13.14,n,349.73,N20,VIIRS,N,1508890366,Unnamed facility,Power / plant,FACILITY,plant,,,0.927
20.96565,86.00595,2026-09-06 20:49:00,11.28,n,333.88,N20,VIIRS,N,971787011,IEL Kalinganagar Tata Steel Power Station,Power / plant,FACILITY,plant,,,0.841
20.8901,84.98042,2026-09-06 20:49:00,1.24,n,304.51,N20,VIIRS,N,1012595669,Angul Steel Power Plant,Power / plant,FACILITY,plant,,,0.953
20.86487,84.98684,2026-09-06 20:49:00,1.7,n,321.44,N20,VIIRS,N,1012595669,Angul Steel Power Plant,Power / plant,FACILITY,plant,,,2.813
18.4227,73.94713,2026-09-06 20:49:00,0.45,n,303.53,N20,VIIRS,N,773119355,Unnamed facility,Mining / quarry,FACILITY,,,,2.039
20.6986,78.63525,2026-09-06 20:49:00,0.94,n,305.89,N20,VIIRS,N,221264662,Unnamed facility,Power / plant,FACILITY,plant,,,0.77
19.93199,79.12053,2026-09-06 20:49:00,1.01,n,307.07,N20,VIIRS,N,242827249,Unnamed facility,Power / plant,FACILITY,plant,,,0.0
19.9207,79.11429,2026-09-06 20:49:00,1.09,n,311.57,N20,VIIRS,N,9961291891,Acc company limited,Industrial Infrastructure / works,FACILITY,,works,,0.248
18.68251,73.0377,2026-09-06 20:49:00,1.19,n,302.4,N20,VIIRS,N,1228954771,Unnamed facility,Power / plant,FACILITY,plant,,,0.543
19.57157,71.35449,2026-09-06 20:49:00,5.99,n,334.88,N20,VIIRS,N,983693307,Unnamed facility,Power / plant,FACILITY,plant,,,141.542
21.1835,81.38528,2026-09-06 20:49:00,2.1,n,310.78,N20,VIIRS,N,65310813,Bhilai Steel Plant,Industrial / steelmaking,FACILITY,,,steelmaking,0.0
21.1835,81.38528,2026-09-06 20:49:00,2.1,n,310.78,N20,VIIRS,N,963215878,Unnamed facility,Industrial Infrastructure / works,FACILITY,,works,,0.0
19.56812,71.35394,2026-09-06 20:49:00,5.99,n,334.01,N20,VIIRS,N,983693307,Unnamed facility,Power / plant,FACILITY,plant,,,141.91
19.28291,71.43634,2026-09-06 20:49:00,3.53,n,311.31,N20,VIIRS,N,331427518,Tarapur Atomic Power Station,Power / plant,FACILITY,plant,,,150.398
19.28062,71.42787,2026-09-06 20:49:00,3.58,n,307.04,N20,VIIRS,N,1221743174,Unnamed facility,Industrial Component / storage_tank,COMPONENT,,storage_tank,,151.352
19.27255,74.6683,2026-09-06 20:49:00,1.05,n,310.27,N20,VIIRS,N,908157993,Unnamed facility,Mining / quarry,FACILITY,,,,2.582
19.10323,82.16578,2026-09-06 20:49:00,2.12,n,308.43,N20,VIIRS,N,1214008227,Nagarnar Steel Plant,Industrial / steelmaking,FACILITY,,,steelmaking,0.0
19.10193,82.16513,2026-09-06 20:49:00,0.97,n,300.95,N20,VIIRS,N,1214008227,Nagarnar Steel Plant,Industrial / steelmaking,FACILITY,,,steelmaking,0.0
19.09703,82.16398,2026-09-06 20:49:00,0.97,n,302.97,N20,VIIRS,N,1214008227,Nagarnar Steel Plant,Industrial / steelmaking,FACILITY,,,steelmaking,0.0
18.72052,79.50629,2026-09-06 20:49:00,2.08,n,316.36,N20,VIIRS,N,97458070,Ramagundam III Coal Mine,Mining / quarry,FACILITY,,,,1.439
18.71923,79.53582,2026-09-06 20:49:00,1.42,n,311.3,N20,VIIRS,N,97458070,Ramagundam III Coal Mine,Mining / quarry,FACILITY,,,,0.0
18.71426,79.53906,2026-09-06 20:49:00,1.85,n,307.45,N20,VIIRS,N,97458070,Ramagundam III Coal Mine,Mining / quarry,FACILITY,,,,0.0
18.69241,73.03941,2026-09-06 20:49:00,2.33,n,317.79,N20,VIIRS,N,1228954771,Unnamed facility,Power / plant,FACILITY,plant,,,0.661
19.53019,71.29854,2026-09-06 20:49:00,2.8,n,314.01,N20,VIIRS,N,983693307,Unnamed facility,Power / plant,FACILITY,plant,,,144.41
21.187,81.39117,2026-09-06 20:49:00,2.1,n,308.22,N20,VIIRS,N,65310813,Bhilai Steel Plant,Industrial / steelmaking,FACILITY,,,steelmaking,0.0
21.187,81.39117,2026-09-06 20:49:00,2.1,n,308.22,N20,VIIRS,N,963215878,Unnamed facility,Industrial Infrastructure / works,FACILITY,,works,,0.0
21.23569,79.63112,2026-09-06 20:49:00,0.78,n,305.65,N20,VIIRS,N,155467013,Sunflag Steel,Industrial Infrastructure / works,FACILITY,,works,,0.0
21.24994,79.20966,2026-09-06 20:49:00,1.79,n,308.99,N20,VIIRS,N,986584158,Inder coal mine,Mining / quarry,FACILITY,,,,0.0
17.60474,83.20191,2026-09-06 20:49:00,1.43,n,299.55,N20,VIIRS,N,801380978,Unnamed facility,Industrial Infrastructure / works,FACILITY,,works,,0.0
17.60474,83.20191,2026-09-06 20:49:00,1.43,n,299.55,N20,VIIRS,N,395219953,Visakhapatnam Steel Plant,Industrial / steelmaking,FACILITY,,,steelmaking,0.0
17.61012,83.20317,2026-09-06 20:49:00,1.43,n,327.55,N20,VIIRS,N,801380978,Unnamed facility,Industrial Infrastructure / works,FACILITY,,works,,0.0
17.61012,83.20317,2026-09-06 20:49:00,1.43,n,327.55,N20,VIIRS,N,395219953,Visakhapatnam Steel Plant,Industrial / steelmaking,FACILITY,,,steelmaking,0.0
17.9584,80.79161,2026-09-06 20:49:00,2.87,n,311.25,N20,VIIRS,N,59837236,Manuguru II Coal Mine,Mining / quarry,FACILITY,,,,0.0
18.68694,73.03103,2026-09-06 20:49:00,0.8,n,305.57,N20,VIIRS,N,219877153,Unnamed facility,Industrial Component / goods_conveyor,COMPONENT,,goods_conveyor,,1.094
22.93556,69.69945,2026-09-06 20:49:00,2.99,n,307.35,N20,VIIRS,N,1002375165,Unnamed facility,Power / plant,FACILITY,plant,,,0.449
18.68307,73.03409,2026-09-06 20:49:00,0.8,n,308.66,N20,VIIRS,N,1228954771,Unnamed facility,Power / plant,FACILITY,plant,,,0.856
21.486,81.76941,2026-09-06 20:49:00,1.12,n,307.33,N20,VIIRS,N,1003091518,Unnamed facility,Power / plant,FACILITY,plant,,,2.164
21.33615,78.96851,2026-09-06 20:49:00,1.9,n,311.61,N20,VIIRS,N,986587317,Adasa Coal Mine,Industrial / mine,FACILITY,,,mine,0.896
21.37506,81.68236,2026-09-06 20:49:00,2.23,n,306.24,N20,VIIRS,N,13685837433,Unnamed facility,Industrial Component / fuel_pump,COMPONENT,,fuel_pump,,1.947
21.37864,81.64126,2026-09-06 20:49:00,2.14,n,304.29,N20,VIIRS,N,13685837433,Unnamed facility,Industrial Component / fuel_pump,COMPONENT,,fuel_pump,,3.374
21.43295,72.97732,2026-09-06 20:49:00,1.49,n,314.63,N20,VIIRS,N,547008856,Piramal Glass Limited,Industrial / factory,FACILITY,,,factory,4.394
21.57573,82.02216,2026-09-06 20:49:00,1.36,n,307.33,N20,VIIRS,N,1212775828,Unnamed facility,Power / plant,FACILITY,plant,,,1.348
16.65053,74.31422,2026-09-06 20:51:00,0.55,n,300.66,N20,VIIRS,N,1003118950,Unnamed facility,Power / generator,FACILITY,generator,,,5.559
15.65921,73.98962,2026-09-06 20:51:00,0.67,n,304.38,N20,VIIRS,N,1381466373,Unnamed facility,Mining / quarry,FACILITY,,,,0.949
15.33446,76.28457,2026-09-06 20:51:00,0.9,n,303.75,N20,VIIRS,N,1327523245,Unnamed facility,Mining / quarry,FACILITY,,,,2.377
15.22549,76.76331,2026-09-06 20:51:00,0.73,n,300.64,N20,VIIRS,N,19280842,KPCL Bellary Thermal Power Plant,Power / plant,FACILITY,plant,,,3.627
15.18417,76.66833,2026-09-06 20:51:00,1.89,n,308.91,N20,VIIRS,N,285680302,Jindal Steel Works,Industrial Infrastructure / works,FACILITY,,works,steel_mill,0.0
15.18417,76.66833,2026-09-06 20:51:00,1.89,n,308.91,N20,VIIRS,N,822601316,Vijayanagar Toranagallu Power Station,Power / plant,FACILITY,plant,,,0.0
15.17463,76.65685,2026-09-06 20:51:00,1.39,n,301.15,N20,VIIRS,N,285680302,Jindal Steel Works,Industrial Infrastructure / works,FACILITY,,works,steel_mill,0.0
15.17381,76.66151,2026-09-06 20:51:00,3.46,n,320.07,N20,VIIRS,N,285680302,Jindal Steel Works,Industrial Infrastructure / works,FACILITY,,works,steel_mill,0.0
15.02487,78.01408,2026-09-06 20:51:00,2.11,n,309.58,N20,VIIRS,N,829079274,Unnamed facility,Industrial Component / goods_conveyor,COMPONENT,,goods_conveyor,,0.05
14.36366,78.77711,2026-09-06 20:51:00,4.23,n,314.12,N20,VIIRS,N,1490221933,Unnamed facility,Industrial Component / storage_tank,COMPONENT,,storage_tank,,12.248
11.81744,77.91634,2026-09-06 20:51:00,0.89,n,299.02,N20,VIIRS,N,1483757478,Unnamed facility,Industrial / chemical,FACILITY,,works,chemical,7.907
11.61621,77.75238,2026-09-06 20:51:00,0.48,n,303.07,N20,VIIRS,N,429967362,Lower Mettur Barrage II Power House,Power / plant,FACILITY,plant,,,3.101
15.17836,76.65756,2026-09-06 20:51:00,1.39,n,310.41,N20,VIIRS,N,285680302,Jindal Steel Works,Industrial Infrastructure / works,FACILITY,,works,steel_mill,0.0
15.16806,76.37825,2026-09-06 20:51:00,1.79,n,304.37,N20,VIIRS,N,1186902443,Danapuram BMM Captive Power Plant 1,Power / plant,FACILITY,plant,,,0.228
15.16806,76.37825,2026-09-06 20:51:00,1.79,n,304.37,N20,VIIRS,N,16053036,Danapuram BMM Captive Power Plants,Power / plant,FACILITY,plant,,,0.228
8.08675,80.78283,2026-09-06 20:53:00,0.9,n,307.17,N20,VIIRS,N,1033490635,Unnamed facility,Industrial Component / storage_tank,COMPONENT,,storage_tank,,212.602
6.75876,81.5132,2026-09-06 20:53:00,0.47,n,303.15,N20,VIIRS,N,1033490635,Unnamed facility,Industrial Component / storage_tank,COMPONENT,,storage_tank,,375.412
6.76258,81.51218,2026-09-06 20:53:00,5.38,n,344.63,N20,VIIRS,N,1033490635,Unnamed facility,Industrial Component / storage_tank,COMPONENT,,storage_tank,,375.014
6.76464,81.51445,2026-09-06 20:53:00,5.56,n,337.56,N20,VIIRS,N,1033490635,Unnamed facility,Industrial Component / storage_tank,COMPONENT,,storage_tank,,375.005
8.08689,80.7812,2026-09-06 20:53:00,0.78,n,308.41,N20,VIIRS,N,1033490635,Unnamed facility,Industrial Component / storage_tank,COMPONENT,,storage_tank,,212.452
32.57333,72.56387,2026-09-06 21:29:00,1.92,n,308.1,N21,VIIRS,N,1318203266,Unnamed facility,Power / plant,FACILITY,plant,,,226.489
33.29797,71.18443,2026-09-06 21:29:00,1.91,n,307.28,N21,VIIRS,N,1468709568,Unnamed facility,Power / plant,FACILITY,plant,,,324.209
33.29612,71.18707,2026-09-06 21:29:00,1.53,n,313.29,N21,VIIRS,N,1468709568,Unnamed facility,Power / plant,FACILITY,plant,,,324.055
32.88883,71.61728,2026-09-06 21:29:00,1.63,n,309.38,N21,VIIRS,N,1468062508,Unnamed facility,Power / plant,FACILITY,plant,,,308.375
32.6544,70.4734,2026-09-06 21:29:00,1.09,n,307.31,N21,VIIRS,N,1468709568,Unnamed facility,Power / plant,FACILITY,plant,,,435.072
29.47525,76.85799,2026-09-06 21:29:00,3.96,n,324.48,N21,VIIRS,N,259662844,Panipat Refinery,Industrial / refinery,FACILITY,,,refinery,0.0
33.54538,71.55154,2026-09-06 21:29:00,1.47,n,306.95,N21,VIIRS,N,1468709568,Unnamed facility,Power / plant,FACILITY,plant,,,273.156
28.42422,69.7018,2026-09-06 21:29:00,1.49,n,316.33,N21,VIIRS,N,457973221,Unnamed facility,Mining / quarry,FACILITY,,,,137.65
28.42334,69.69944,2026-09-06 21:29:00,1.29,n,316.01,N21,VIIRS,N,457973221,Unnamed facility,Mining / quarry,FACILITY,,,,137.633
28.34751,77.23099,2026-09-06 21:29:00,1.08,n,304.74,N21,VIIRS,N,1164818072,Unnamed facility,Mining / quarry,FACILITY,,,,4.456
27.28563,73.83921,2026-09-06 21:29:00,0.89,n,303.97,N21,VIIRS,N,1482923481,Nagaur Wastewater Urban Unit,Industrial Component / wastewater_plant,COMPONENT,,wastewater_plant,,15.851
32.28944,70.74013,2026-09-06 21:29:00,1.32,n,308.9,N21,VIIRS,N,1318203266,Unnamed facility,Power / plant,FACILITY,plant,,,427.422
22.93151,69.70107,2026-09-06 21:31:00,1.36,n,302.36,N21,VIIRS,N,1002375165,Unnamed facility,Power / plant,FACILITY,plant,,,0.129
25.38676,68.58319,2026-09-06 21:31:00,3.07,n,315.41,N21,VIIRS,N,1273382001,Khavda Renewable Energy Park,Power / plant,FACILITY,plant,,,170.681
21.10587,72.64745,2026-09-06 21:31:00,1.82,n,308.43,N21,VIIRS,N,104647203,ArcelorMittal Nippon Steel India,Industrial Infrastructure / works,FACILITY,,works,,0.0
21.10685,72.64314,2026-09-06 21:31:00,1.82,n,298.83,N21,VIIRS,N,104647203,ArcelorMittal Nippon Steel India,Industrial Infrastructure / works,FACILITY,,works,,0.0
15.65738,73.98853,2026-09-06 21:33:00,1.98,n,302.91,N21,VIIRS,N,1381466373,Unnamed facility,Mining / quarry,FACILITY,,,,0.773
