{
"type": "FeatureCollection",
"name": "osm_microgrid",
"crs": { "type": "name", "properties": { "name": "urn:ogc:def:crs:OGC:1.3:CRS84" } },
"features": [
{ "type": "Feature", "properties": { "grid_lat": 15.1, "grid_lon": 76.6, "event_count": 73 }, "geometry": { "type": "Polygon", "coordinates": [ [ [ 76.7, 15.1 ], [ 76.7, 15.2 ], [ 76.6, 15.2 ], [ 76.6, 15.1 ], [ 76.7, 15.1 ] ] ] } },
{ "type": "Feature", "properties": { "grid_lat": 20.9, "grid_lon": 85.1, "event_count": 55 }, "geometry": { "type": "Polygon", "coordinates": [ [ [ 85.2, 20.9 ], [ 85.2, 21.0 ], [ 85.1, 21.0 ], [ 85.1, 20.9 ], [ 85.2, 20.9 ] ] ] } },
{ "type": "Feature", "properties": { "grid_lat": 23.7, "grid_lon": 86.4, "event_count": 54 }, "geometry": { "type": "Polygon", "coordinates": [ [ [ 86.5, 23.7 ], [ 86.5, 23.8 ], [ 86.4, 23.8 ], [ 86.4, 23.7 ], [ 86.5, 23.7 ] ] ] } },
{ "type": "Feature", "properties": { "grid_lat": 21.7, "grid_lon": 83.8, "event_count": 43 }, "geometry": { "type": "Polygon", "coordinates": [ [ [ 83.9, 21.7 ], [ 83.9, 21.8 ], [ 83.8, 21.8 ], [ 83.8, 21.7 ], [ 83.9, 21.7 ] ] ] } },
{ "type": "Feature", "properties": { "grid_lat": 20.9, "grid_lon": 86.0, "event_count": 40 }, "geometry": { "type": "Polygon", "coordinates": [ [ [ 86.1, 20.9 ], [ 86.1, 21.0 ], [ 86.0, 21.0 ], [ 86.0, 20.9 ], [ 86.1, 20.9 ] ] ] } },
{ "type": "Feature", "properties": { "grid_lat": 21.1, "grid_lon": 72.6, "event_count": 38 }, "geometry": { "type": "Polygon", "coordinates": [ [ [ 72.7, 21.1 ], [ 72.7, 21.2 ], [ 72.6, 21.2 ], [ 72.6, 21.1 ], [ 72.7, 21.1 ] ] ] } },
{ "type": "Feature", "properties": { "grid_lat": 23.6, "grid_lon": 87.1, "event_count": 35 }, "geometry": { "type": "Polygon", "coordinates": [ [ [ 87.2, 23.6 ], [ 87.2, 23.7 ], [ 87.1, 23.7 ], [ 87.1, 23.6 ], [ 87.2, 23.6 ] ] ] } },
{ "type": "Feature", "properties": { "grid_lat": 23.7, "grid_lon": 86.3, "event_count": 34 }, "geometry": { "type": "Polygon", "coordinates": [ [ [ 86.4, 23.7 ], [ 86.4, 23.8 ], [ 86.3, 23.8 ], [ 86.3, 23.7 ], [ 86.4, 23.7 ] ] ] } },
{ "type": "Feature", "properties": { "grid_lat": 20.7, "grid_lon": 85.2, "event_count": 31 }, "geometry": { "type": "Polygon", "coordinates": [ [ [ 85.3, 20.7 ], [ 85.3, 20.8 ], [ 85.2, 20.8 ], [ 85.2, 20.7 ], [ 85.3, 20.7 ] ] ] } },
{ "type": "Feature", "properties": { "grid_lat": 20.8, "grid_lon": 84.9, "event_count": 28 }, "geometry": { "type": "Polygon", "coordinates": [ [ [ 85.0, 20.8 ], [ 85.0, 20.9 ], [ 84.9, 20.9 ], [ 84.9, 20.8 ], [ 85.0, 20.8 ] ] ] } },
{ "type": "Feature", "properties": { "grid_lat": 23.6, "grid_lon": 86.3, "event_count": 27 }, "geometry": { "type": "Polygon", "coordinates": [ [ [ 86.4, 23.6 ], [ 86.4, 23.7 ], [ 86.3, 23.7 ], [ 86.3, 23.6 ], [ 86.4, 23.6 ] ] ] } },
{ "type": "Feature", "properties": { "grid_lat": 17.6, "grid_lon": 83.2, "event_count": 23 }, "geometry": { "type": "Polygon", "coordinates": [ [ [ 83.3, 17.6 ], [ 83.3, 17.7 ], [ 83.2, 17.7 ], [ 83.2, 17.6 ], [ 83.3, 17.6 ] ] ] } },
{ "type": "Feature", "properties": { "grid_lat": 23.6, "grid_lon": 86.0, "event_count": 22 }, "geometry": { "type": "Polygon", "coordinates": [ [ [ 86.1, 23.6 ], [ 86.1, 23.7 ], [ 86.0, 23.7 ], [ 86.0, 23.6 ], [ 86.1, 23.6 ] ] ] } },
{ "type": "Feature", "properties": { "grid_lat": 22.3, "grid_lon": 82.5, "event_count": 20 }, "geometry": { "type": "Polygon", "coordinates": [ [ [ 82.6, 22.3 ], [ 82.6, 22.4 ], [ 82.5, 22.4 ], [ 82.5, 22.3 ], [ 82.6, 22.3 ] ] ] } },
{ "type": "Feature", "properties": { "grid_lat": 22.2, "grid_lon": 84.8, "event_count": 18 }, "geometry": { "type": "Polygon", "coordinates": [ [ [ 84.9, 22.2 ], [ 84.9, 22.3 ], [ 84.8, 22.3 ], [ 84.8, 22.2 ], [ 84.9, 22.2 ] ] ] } },
{ "type": "Feature", "properties": { "grid_lat": 29.4, "grid_lon": 76.8, "event_count": 17 }, "geometry": { "type": "Polygon", "coordinates": [ [ [ 76.9, 29.4 ], [ 76.9, 29.5 ], [ 76.8, 29.5 ], [ 76.8, 29.4 ], [ 76.9, 29.4 ] ] ] } },
{ "type": "Feature", "properties": { "grid_lat": 15.1, "grid_lon": 76.3, "event_count": 15 }, "geometry": { "type": "Polygon", "coordinates": [ [ [ 76.4, 15.1 ], [ 76.4, 15.2 ], [ 76.3, 15.2 ], [ 76.3, 15.1 ], [ 76.4, 15.1 ] ] ] } },
{ "type": "Feature", "properties": { "grid_lat": 18.6, "grid_lon": 73.0, "event_count": 15 }, "geometry": { "type": "Polygon", "coordinates": [ [ [ 73.1, 18.6 ], [ 73.1, 18.7 ], [ 73.0, 18.7 ], [ 73.0, 18.6 ], [ 73.1, 18.6 ] ] ] } },
{ "type": "Feature", "properties": { "grid_lat": 23.8, "grid_lon": 86.3, "event_count": 14 }, "geometry": { "type": "Polygon", "coordinates": [ [ [ 86.4, 23.8 ], [ 86.4, 23.9 ], [ 86.3, 23.9 ], [ 86.3, 23.8 ], [ 86.4, 23.8 ] ] ] } },
{ "type": "Feature", "properties": { "grid_lat": 22.3, "grid_lon": 87.2, "event_count": 13 }, "geometry": { "type": "Polygon", "coordinates": [ [ [ 87.3, 22.3 ], [ 87.3, 22.4 ], [ 87.2, 22.4 ], [ 87.2, 22.3 ], [ 87.3, 22.3 ] ] ] } },
{ "type": "Feature", "properties": { "grid_lat": 21.9, "grid_lon": 83.3, "event_count": 13 }, "geometry": { "type": "Polygon", "coordinates": [ [ [ 83.4, 21.9 ], [ 83.4, 22.0 ], [ 83.3, 22.0 ], [ 83.3, 21.9 ], [ 83.4, 21.9 ] ] ] } },
{ "type": "Feature", "properties": { "grid_lat": 21.7, "grid_lon": 84.0, "event_count": 13 }, "geometry": { "type": "Polygon", "coordinates": [ [ [ 84.1, 21.7 ], [ 84.1, 21.8 ], [ 84.0, 21.8 ], [ 84.0, 21.7 ], [ 84.1, 21.7 ] ] ] } },
{ "type": "Feature", "properties": { "grid_lat": 23.7, "grid_lon": 85.5, "event_count": 13 }, "geometry": { "type": "Polygon", "coordinates": [ [ [ 85.6, 23.7 ], [ 85.6, 23.8 ], [ 85.5, 23.8 ], [ 85.5, 23.7 ], [ 85.6, 23.7 ] ] ] } },
{ "type": "Feature", "properties": { "grid_lat": 23.7, "grid_lon": 85.8, "event_count": 12 }, "geometry": { "type": "Polygon", "coordinates": [ [ [ 85.9, 23.7 ], [ 85.9, 23.8 ], [ 85.8, 23.8 ], [ 85.8, 23.7 ], [ 85.9, 23.7 ] ] ] } },
{ "type": "Feature", "properties": { "grid_lat": 21.9, "grid_lon": 85.2, "event_count": 12 }, "geometry": { "type": "Polygon", "coordinates": [ [ [ 85.3, 21.9 ], [ 85.3, 22.0 ], [ 85.2, 22.0 ], [ 85.2, 21.9 ], [ 85.3, 21.9 ] ] ] } },
{ "type": "Feature", "properties": { "grid_lat": 21.6, "grid_lon": 84.0, "event_count": 12 }, "geometry": { "type": "Polygon", "coordinates": [ [ [ 84.1, 21.6 ], [ 84.1, 21.7 ], [ 84.0, 21.7 ], [ 84.0, 21.6 ], [ 84.1, 21.6 ] ] ] } },
{ "type": "Feature", "properties": { "grid_lat": 15.5, "grid_lon": 79.6, "event_count": 12 }, "geometry": { "type": "Polygon", "coordinates": [ [ [ 79.7, 15.5 ], [ 79.7, 15.6 ], [ 79.6, 15.6 ], [ 79.6, 15.5 ], [ 79.7, 15.5 ] ] ] } },
{ "type": "Feature", "properties": { "grid_lat": 15.1, "grid_lon": 76.7, "event_count": 11 }, "geometry": { "type": "Polygon", "coordinates": [ [ [ 76.8, 15.1 ], [ 76.8, 15.2 ], [ 76.7, 15.2 ], [ 76.7, 15.1 ], [ 76.8, 15.1 ] ] ] } },
{ "type": "Feature", "properties": { "grid_lat": 19.1, "grid_lon": 82.1, "event_count": 11 }, "geometry": { "type": "Polygon", "coordinates": [ [ [ 82.2, 19.1 ], [ 82.2, 19.2 ], [ 82.1, 19.2 ], [ 82.1, 19.1 ], [ 82.2, 19.1 ] ] ] } },
{ "type": "Feature", "properties": { "grid_lat": 23.7, "grid_lon": 85.0, "event_count": 10 }, "geometry": { "type": "Polygon", "coordinates": [ [ [ 85.1, 23.7 ], [ 85.1, 23.8 ], [ 85.0, 23.8 ], [ 85.0, 23.7 ], [ 85.1, 23.7 ] ] ] } },
{ "type": "Feature", "properties": { "grid_lat": 23.6, "grid_lon": 85.4, "event_count": 10 }, "geometry": { "type": "Polygon", "coordinates": [ [ [ 85.5, 23.6 ], [ 85.5, 23.7 ], [ 85.4, 23.7 ], [ 85.4, 23.6 ], [ 85.5, 23.6 ] ] ] } },
{ "type": "Feature", "properties": { "grid_lat": 23.7, "grid_lon": 86.2, "event_count": 10 }, "geometry": { "type": "Polygon", "coordinates": [ [ [ 86.3, 23.7 ], [ 86.3, 23.8 ], [ 86.2, 23.8 ], [ 86.2, 23.7 ], [ 86.3, 23.7 ] ] ] } },
{ "type": "Feature", "properties": { "grid_lat": 23.5, "grid_lon": 87.2, "event_count": 10 }, "geometry": { "type": "Polygon", "coordinates": [ [ [ 87.3, 23.5 ], [ 87.3, 23.6 ], [ 87.2, 23.6 ], [ 87.2, 23.5 ], [ 87.3, 23.5 ] ] ] } },
{ "type": "Feature", "properties": { "grid_lat": 18.7, "grid_lon": 79.5, "event_count": 9 }, "geometry": { "type": "Polygon", "coordinates": [ [ [ 79.6, 18.7 ], [ 79.6, 18.8 ], [ 79.5, 18.8 ], [ 79.5, 18.7 ], [ 79.6, 18.7 ] ] ] } },
{ "type": "Feature", "properties": { "grid_lat": 15.0, "grid_lon": 78.0, "event_count": 9 }, "geometry": { "type": "Polygon", "coordinates": [ [ [ 78.1, 15.0 ], [ 78.1, 15.1 ], [ 78.0, 15.1 ], [ 78.0, 15.0 ], [ 78.1, 15.0 ] ] ] } },
{ "type": "Feature", "properties": { "grid_lat": 22.7, "grid_lon": 86.1, "event_count": 9 }, "geometry": { "type": "Polygon", "coordinates": [ [ [ 86.2, 22.7 ], [ 86.2, 22.8 ], [ 86.1, 22.8 ], [ 86.1, 22.7 ], [ 86.2, 22.7 ] ] ] } },
{ "type": "Feature", "properties": { "grid_lat": 21.8, "grid_lon": 83.8, "event_count": 9 }, "geometry": { "type": "Polygon", "coordinates": [ [ [ 83.9, 21.8 ], [ 83.9, 21.9 ], [ 83.8, 21.9 ], [ 83.8, 21.8 ], [ 83.9, 21.8 ] ] ] } },
{ "type": "Feature", "properties": { "grid_lat": 23.6, "grid_lon": 84.9, "event_count": 9 }, "geometry": { "type": "Polygon", "coordinates": [ [ [ 85.0, 23.6 ], [ 85.0, 23.7 ], [ 84.9, 23.7 ], [ 84.9, 23.6 ], [ 85.0, 23.6 ] ] ] } },
{ "type": "Feature", "properties": { "grid_lat": 22.3, "grid_lon": 82.3, "event_count": 9 }, "geometry": { "type": "Polygon", "coordinates": [ [ [ 82.4, 22.3 ], [ 82.4, 22.4 ], [ 82.3, 22.4 ], [ 82.3, 22.3 ], [ 82.4, 22.3 ] ] ] } },
{ "type": "Feature", "properties": { "grid_lat": 22.0, "grid_lon": 83.3, "event_count": 8 }, "geometry": { "type": "Polygon", "coordinates": [ [ [ 83.4, 22.0 ], [ 83.4, 22.1 ], [ 83.3, 22.1 ], [ 83.3, 22.0 ], [ 83.4, 22.0 ] ] ] } },
{ "type": "Feature", "properties": { "grid_lat": 23.6, "grid_lon": 86.7, "event_count": 8 }, "geometry": { "type": "Polygon", "coordinates": [ [ [ 86.8, 23.6 ], [ 86.8, 23.7 ], [ 86.7, 23.7 ], [ 86.7, 23.6 ], [ 86.8, 23.6 ] ] ] } },
{ "type": "Feature", "properties": { "grid_lat": 17.9, "grid_lon": 80.7, "event_count": 8 }, "geometry": { "type": "Polygon", "coordinates": [ [ [ 80.8, 17.9 ], [ 80.8, 18.0 ], [ 80.7, 18.0 ], [ 80.7, 17.9 ], [ 80.8, 17.9 ] ] ] } },
{ "type": "Feature", "properties": { "grid_lat": 19.0, "grid_lon": 82.1, "event_count": 8 }, "geometry": { "type": "Polygon", "coordinates": [ [ [ 82.2, 19.0 ], [ 82.2, 19.1 ], [ 82.1, 19.1 ], [ 82.1, 19.0 ], [ 82.2, 19.0 ] ] ] } },
{ "type": "Feature", "properties": { "grid_lat": 22.5, "grid_lon": 85.8, "event_count": 8 }, "geometry": { "type": "Polygon", "coordinates": [ [ [ 85.9, 22.5 ], [ 85.9, 22.6 ], [ 85.8, 22.6 ], [ 85.8, 22.5 ], [ 85.9, 22.5 ] ] ] } },
{ "type": "Feature", "properties": { "grid_lat": 15.1, "grid_lon": 77.1, "event_count": 7 }, "geometry": { "type": "Polygon", "coordinates": [ [ [ 77.2, 15.1 ], [ 77.2, 15.2 ], [ 77.1, 15.2 ], [ 77.1, 15.1 ], [ 77.2, 15.1 ] ] ] } },
{ "type": "Feature", "properties": { "grid_lat": 15.3, "grid_lon": 76.2, "event_count": 7 }, "geometry": { "type": "Polygon", "coordinates": [ [ [ 76.3, 15.3 ], [ 76.3, 15.4 ], [ 76.2, 15.4 ], [ 76.2, 15.3 ], [ 76.3, 15.3 ] ] ] } },
{ "type": "Feature", "properties": { "grid_lat": 22.9, "grid_lon": 69.6, "event_count": 7 }, "geometry": { "type": "Polygon", "coordinates": [ [ [ 69.7, 22.9 ], [ 69.7, 23.0 ], [ 69.6, 23.0 ], [ 69.6, 22.9 ], [ 69.7, 22.9 ] ] ] } },
{ "type": "Feature", "properties": { "grid_lat": 23.7, "grid_lon": 86.1, "event_count": 7 }, "geometry": { "type": "Polygon", "coordinates": [ [ [ 86.2, 23.7 ], [ 86.2, 23.8 ], [ 86.1, 23.8 ], [ 86.1, 23.7 ], [ 86.2, 23.7 ] ] ] } },
{ "type": "Feature", "properties": { "grid_lat": 15.2, "grid_lon": 76.7, "event_count": 7 }, "geometry": { "type": "Polygon", "coordinates": [ [ [ 76.8, 15.2 ], [ 76.8, 15.3 ], [ 76.7, 15.3 ], [ 76.7, 15.2 ], [ 76.8, 15.2 ] ] ] } },
{ "type": "Feature", "properties": { "grid_lat": 21.3, "grid_lon": 78.9, "event_count": 7 }, "geometry": { "type": "Polygon", "coordinates": [ [ [ 79.0, 21.3 ], [ 79.0, 21.4 ], [ 78.9, 21.4 ], [ 78.9, 21.3 ], [ 79.0, 21.3 ] ] ] } },
{ "type": "Feature", "properties": { "grid_lat": 11.8, "grid_lon": 77.9, "event_count": 6 }, "geometry": { "type": "Polygon", "coordinates": [ [ [ 78.0, 11.8 ], [ 78.0, 11.9 ], [ 77.9, 11.9 ], [ 77.9, 11.8 ], [ 78.0, 11.8 ] ] ] } },
{ "type": "Feature", "properties": { "grid_lat": 21.0, "grid_lon": 85.0, "event_count": 6 }, "geometry": { "type": "Polygon", "coordinates": [ [ [ 85.1, 21.0 ], [ 85.1, 21.1 ], [ 85.0, 21.1 ], [ 85.0, 21.0 ], [ 85.1, 21.0 ] ] ] } },
{ "type": "Feature", "properties": { "grid_lat": 22.0, "grid_lon": 82.6, "event_count": 6 }, "geometry": { "type": "Polygon", "coordinates": [ [ [ 82.7, 22.0 ], [ 82.7, 22.1 ], [ 82.6, 22.1 ], [ 82.6, 22.0 ], [ 82.7, 22.0 ] ] ] } },
{ "type": "Feature", "properties": { "grid_lat": 21.1, "grid_lon": 81.3, "event_count": 6 }, "geometry": { "type": "Polygon", "coordinates": [ [ [ 81.4, 21.1 ], [ 81.4, 21.2 ], [ 81.3, 21.2 ], [ 81.3, 21.1 ], [ 81.4, 21.1 ] ] ] } },
{ "type": "Feature", "properties": { "grid_lat": 23.6, "grid_lon": 85.3, "event_count": 6 }, "geometry": { "type": "Polygon", "coordinates": [ [ [ 85.4, 23.6 ], [ 85.4, 23.7 ], [ 85.3, 23.7 ], [ 85.3, 23.6 ], [ 85.4, 23.6 ] ] ] } },
{ "type": "Feature", "properties": { "grid_lat": 21.9, "grid_lon": 83.2, "event_count": 6 }, "geometry": { "type": "Polygon", "coordinates": [ [ [ 83.3, 21.9 ], [ 83.3, 22.0 ], [ 83.2, 22.0 ], [ 83.2, 21.9 ], [ 83.3, 21.9 ] ] ] } },
{ "type": "Feature", "properties": { "grid_lat": 23.3, "grid_lon": 70.4, "event_count": 6 }, "geometry": { "type": "Polygon", "coordinates": [ [ [ 70.5, 23.3 ], [ 70.5, 23.4 ], [ 70.4, 23.4 ], [ 70.4, 23.3 ], [ 70.5, 23.3 ] ] ] } },
{ "type": "Feature", "properties": { "grid_lat": 8.6, "grid_lon": 77.9, "event_count": 6 }, "geometry": { "type": "Polygon", "coordinates": [ [ [ 78.0, 8.6 ], [ 78.0, 8.7 ], [ 77.9, 8.7 ], [ 77.9, 8.6 ], [ 78.0, 8.6 ] ] ] } },
{ "type": "Feature", "properties": { "grid_lat": 15.0, "grid_lon": 76.8, "event_count": 6 }, "geometry": { "type": "Polygon", "coordinates": [ [ [ 76.9, 15.0 ], [ 76.9, 15.1 ], [ 76.8, 15.1 ], [ 76.8, 15.0 ], [ 76.9, 15.0 ] ] ] } },
{ "type": "Feature", "properties": { "grid_lat": 14.6, "grid_lon": 79.7, "event_count": 5 }, "geometry": { "type": "Polygon", "coordinates": [ [ [ 79.8, 14.6 ], [ 79.8, 14.7 ], [ 79.7, 14.7 ], [ 79.7, 14.6 ], [ 79.8, 14.6 ] ] ] } },
{ "type": "Feature", "properties": { "grid_lat": 20.9, "grid_lon": 85.0, "event_count": 5 }, "geometry": { "type": "Polygon", "coordinates": [ [ [ 85.1, 20.9 ], [ 85.1, 21.0 ], [ 85.0, 21.0 ], [ 85.0, 20.9 ], [ 85.1, 20.9 ] ] ] } },
{ "type": "Feature", "properties": { "grid_lat": 8.6, "grid_lon": 77.7, "event_count": 5 }, "geometry": { "type": "Polygon", "coordinates": [ [ [ 77.8, 8.6 ], [ 77.8, 8.7 ], [ 77.7, 8.7 ], [ 77.7, 8.6 ], [ 77.8, 8.6 ] ] ] } },
{ "type": "Feature", "properties": { "grid_lat": 15.6, "grid_lon": 73.9, "event_count": 5 }, "geometry": { "type": "Polygon", "coordinates": [ [ [ 74.0, 15.6 ], [ 74.0, 15.7 ], [ 73.9, 15.7 ], [ 73.9, 15.6 ], [ 74.0, 15.6 ] ] ] } },
{ "type": "Feature", "properties": { "grid_lat": 17.1, "grid_lon": 77.1, "event_count": 5 }, "geometry": { "type": "Polygon", "coordinates": [ [ [ 77.2, 17.1 ], [ 77.2, 17.2 ], [ 77.1, 17.2 ], [ 77.1, 17.1 ], [ 77.2, 17.1 ] ] ] } },
{ "type": "Feature", "properties": { "grid_lat": 22.0, "grid_lon": 85.4, "event_count": 5 }, "geometry": { "type": "Polygon", "coordinates": [ [ [ 85.5, 22.0 ], [ 85.5, 22.1 ], [ 85.4, 22.1 ], [ 85.4, 22.0 ], [ 85.5, 22.0 ] ] ] } },
{ "type": "Feature", "properties": { "grid_lat": 22.7, "grid_lon": 86.2, "event_count": 5 }, "geometry": { "type": "Polygon", "coordinates": [ [ [ 86.3, 22.7 ], [ 86.3, 22.8 ], [ 86.2, 22.8 ], [ 86.2, 22.7 ], [ 86.3, 22.7 ] ] ] } },
{ "type": "Feature", "properties": { "grid_lat": 22.3, "grid_lon": 87.0, "event_count": 5 }, "geometry": { "type": "Polygon", "coordinates": [ [ [ 87.1, 22.3 ], [ 87.1, 22.4 ], [ 87.0, 22.4 ], [ 87.0, 22.3 ], [ 87.1, 22.3 ] ] ] } },
{ "type": "Feature", "properties": { "grid_lat": 9.3, "grid_lon": 78.8, "event_count": 5 }, "geometry": { "type": "Polygon", "coordinates": [ [ [ 78.9, 9.3 ], [ 78.9, 9.4 ], [ 78.8, 9.4 ], [ 78.8, 9.3 ], [ 78.9, 9.3 ] ] ] } },
{ "type": "Feature", "properties": { "grid_lat": 23.8, "grid_lon": 85.4, "event_count": 5 }, "geometry": { "type": "Polygon", "coordinates": [ [ [ 85.5, 23.8 ], [ 85.5, 23.9 ], [ 85.4, 23.9 ], [ 85.4, 23.8 ], [ 85.5, 23.8 ] ] ] } },
{ "type": "Feature", "properties": { "grid_lat": 27.4, "grid_lon": 95.4, "event_count": 5 }, "geometry": { "type": "Polygon", "coordinates": [ [ [ 95.5, 27.4 ], [ 95.5, 27.5 ], [ 95.4, 27.5 ], [ 95.4, 27.4 ], [ 95.5, 27.4 ] ] ] } },
{ "type": "Feature", "properties": { "grid_lat": 22.8, "grid_lon": 86.0, "event_count": 5 }, "geometry": { "type": "Polygon", "coordinates": [ [ [ 86.1, 22.8 ], [ 86.1, 22.9 ], [ 86.0, 22.9 ], [ 86.0, 22.8 ], [ 86.1, 22.8 ] ] ] } },
{ "type": "Feature", "properties": { "grid_lat": 24.1, "grid_lon": 82.5, "event_count": 4 }, "geometry": { "type": "Polygon", "coordinates": [ [ [ 82.6, 24.1 ], [ 82.6, 24.2 ], [ 82.5, 24.2 ], [ 82.5, 24.1 ], [ 82.6, 24.1 ] ] ] } },
{ "type": "Feature", "properties": { "grid_lat": 25.9, "grid_lon": 72.1, "event_count": 4 }, "geometry": { "type": "Polygon", "coordinates": [ [ [ 72.2, 25.9 ], [ 72.2, 26.0 ], [ 72.1, 26.0 ], [ 72.1, 25.9 ], [ 72.2, 25.9 ] ] ] } },
{ "type": "Feature", "properties": { "grid_lat": 26.8, "grid_lon": 73.5, "event_count": 4 }, "geometry": { "type": "Polygon", "coordinates": [ [ [ 73.6, 26.8 ], [ 73.6, 26.9 ], [ 73.5, 26.9 ], [ 73.5, 26.8 ], [ 73.6, 26.8 ] ] ] } },
{ "type": "Feature", "properties": { "grid_lat": 27.3, "grid_lon": 95.2, "event_count": 4 }, "geometry": { "type": "Polygon", "coordinates": [ [ [ 95.3, 27.3 ], [ 95.3, 27.4 ], [ 95.2, 27.4 ], [ 95.2, 27.3 ], [ 95.3, 27.3 ] ] ] } },
{ "type": "Feature", "properties": { "grid_lat": 9.5, "grid_lon": 77.5, "event_count": 4 }, "geometry": { "type": "Polygon", "coordinates": [ [ [ 77.6, 9.5 ], [ 77.6, 9.6 ], [ 77.5, 9.6 ], [ 77.5, 9.5 ], [ 77.6, 9.5 ] ] ] } },
{ "type": "Feature", "properties": { "grid_lat": 9.3, "grid_lon": 78.7, "event_count": 4 }, "geometry": { "type": "Polygon", "coordinates": [ [ [ 78.8, 9.3 ], [ 78.8, 9.4 ], [ 78.7, 9.4 ], [ 78.7, 9.3 ], [ 78.8, 9.3 ] ] ] } },
{ "type": "Feature", "properties": { "grid_lat": 23.6, "grid_lon": 85.6, "event_count": 4 }, "geometry": { "type": "Polygon", "coordinates": [ [ [ 85.7, 23.6 ], [ 85.7, 23.7 ], [ 85.6, 23.7 ], [ 85.6, 23.6 ], [ 85.7, 23.6 ] ] ] } },
{ "type": "Feature", "properties": { "grid_lat": 23.5, "grid_lon": 86.7, "event_count": 4 }, "geometry": { "type": "Polygon", "coordinates": [ [ [ 86.8, 23.5 ], [ 86.8, 23.6 ], [ 86.7, 23.6 ], [ 86.7, 23.5 ], [ 86.8, 23.5 ] ] ] } },
{ "type": "Feature", "properties": { "grid_lat": 23.1, "grid_lon": 70.0, "event_count": 4 }, "geometry": { "type": "Polygon", "coordinates": [ [ [ 70.1, 23.1 ], [ 70.1, 23.2 ], [ 70.0, 23.2 ], [ 70.0, 23.1 ], [ 70.1, 23.1 ] ] ] } },
{ "type": "Feature", "properties": { "grid_lat": 22.9, "grid_lon": 70.1, "event_count": 4 }, "geometry": { "type": "Polygon", "coordinates": [ [ [ 70.2, 22.9 ], [ 70.2, 23.0 ], [ 70.1, 23.0 ], [ 70.1, 22.9 ], [ 70.2, 22.9 ] ] ] } },
{ "type": "Feature", "properties": { "grid_lat": 23.1, "grid_lon": 82.3, "event_count": 4 }, "geometry": { "type": "Polygon", "coordinates": [ [ [ 82.4, 23.1 ], [ 82.4, 23.2 ], [ 82.3, 23.2 ], [ 82.3, 23.1 ], [ 82.4, 23.1 ] ] ] } },
{ "type": "Feature", "properties": { "grid_lat": 22.4, "grid_lon": 69.0, "event_count": 4 }, "geometry": { "type": "Polygon", "coordinates": [ [ [ 69.1, 22.4 ], [ 69.1, 22.5 ], [ 69.0, 22.5 ], [ 69.0, 22.4 ], [ 69.1, 22.4 ] ] ] } },
{ "type": "Feature", "properties": { "grid_lat": 21.3, "grid_lon": 81.6, "event_count": 4 }, "geometry": { "type": "Polygon", "coordinates": [ [ [ 81.7, 21.3 ], [ 81.7, 21.4 ], [ 81.6, 21.4 ], [ 81.6, 21.3 ], [ 81.7, 21.3 ] ] ] } },
{ "type": "Feature", "properties": { "grid_lat": 17.6, "grid_lon": 83.1, "event_count": 4 }, "geometry": { "type": "Polygon", "coordinates": [ [ [ 83.2, 17.6 ], [ 83.2, 17.7 ], [ 83.1, 17.7 ], [ 83.1, 17.6 ], [ 83.2, 17.6 ] ] ] } },
{ "type": "Feature", "properties": { "grid_lat": 20.8, "grid_lon": 85.2, "event_count": 4 }, "geometry": { "type": "Polygon", "coordinates": [ [ [ 85.3, 20.8 ], [ 85.3, 20.9 ], [ 85.2, 20.9 ], [ 85.2, 20.8 ], [ 85.3, 20.8 ] ] ] } },
{ "type": "Feature", "properties": { "grid_lat": 20.9, "grid_lon": 71.4, "event_count": 4 }, "geometry": { "type": "Polygon", "coordinates": [ [ [ 71.5, 20.9 ], [ 71.5, 21.0 ], [ 71.4, 21.0 ], [ 71.4, 20.9 ], [ 71.5, 20.9 ] ] ] } },
{ "type": "Feature", "properties": { "grid_lat": 17.0, "grid_lon": 79.3, "event_count": 4 }, "geometry": { "type": "Polygon", "coordinates": [ [ [ 79.4, 17.0 ], [ 79.4, 17.1 ], [ 79.3, 17.1 ], [ 79.3, 17.0 ], [ 79.4, 17.0 ] ] ] } },
{ "type": "Feature", "properties": { "grid_lat": 15.0, "grid_lon": 77.3, "event_count": 4 }, "geometry": { "type": "Polygon", "coordinates": [ [ [ 77.4, 15.0 ], [ 77.4, 15.1 ], [ 77.3, 15.1 ], [ 77.3, 15.0 ], [ 77.4, 15.0 ] ] ] } },
{ "type": "Feature", "properties": { "grid_lat": 14.1, "grid_lon": 77.5, "event_count": 4 }, "geometry": { "type": "Polygon", "coordinates": [ [ [ 77.6, 14.1 ], [ 77.6, 14.2 ], [ 77.5, 14.2 ], [ 77.5, 14.1 ], [ 77.6, 14.1 ] ] ] } },
{ "type": "Feature", "properties": { "grid_lat": 29.9, "grid_lon": 74.9, "event_count": 4 }, "geometry": { "type": "Polygon", "coordinates": [ [ [ 75.0, 29.9 ], [ 75.0, 30.0 ], [ 74.9, 30.0 ], [ 74.9, 29.9 ], [ 75.0, 29.9 ] ] ] } },
{ "type": "Feature", "properties": { "grid_lat": 24.1, "grid_lon": 86.8, "event_count": 3 }, "geometry": { "type": "Polygon", "coordinates": [ [ [ 86.9, 24.1 ], [ 86.9, 24.2 ], [ 86.8, 24.2 ], [ 86.8, 24.1 ], [ 86.9, 24.1 ] ] ] } },
{ "type": "Feature", "properties": { "grid_lat": 24.6, "grid_lon": 73.0, "event_count": 3 }, "geometry": { "type": "Polygon", "coordinates": [ [ [ 73.1, 24.6 ], [ 73.1, 24.7 ], [ 73.0, 24.7 ], [ 73.0, 24.6 ], [ 73.1, 24.6 ] ] ] } },
{ "type": "Feature", "properties": { "grid_lat": 27.4, "grid_lon": 70.8, "event_count": 3 }, "geometry": { "type": "Polygon", "coordinates": [ [ [ 70.9, 27.4 ], [ 70.9, 27.5 ], [ 70.8, 27.5 ], [ 70.8, 27.4 ], [ 70.9, 27.4 ] ] ] } },
{ "type": "Feature", "properties": { "grid_lat": 27.2, "grid_lon": 73.8, "event_count": 3 }, "geometry": { "type": "Polygon", "coordinates": [ [ [ 73.9, 27.2 ], [ 73.9, 27.3 ], [ 73.8, 27.3 ], [ 73.8, 27.2 ], [ 73.9, 27.2 ] ] ] } },
{ "type": "Feature", "properties": { "grid_lat": 27.3, "grid_lon": 95.3, "event_count": 3 }, "geometry": { "type": "Polygon", "coordinates": [ [ [ 95.4, 27.3 ], [ 95.4, 27.4 ], [ 95.3, 27.4 ], [ 95.3, 27.3 ], [ 95.4, 27.3 ] ] ] } },
{ "type": "Feature", "properties": { "grid_lat": 28.3, "grid_lon": 77.2, "event_count": 3 }, "geometry": { "type": "Polygon", "coordinates": [ [ [ 77.3, 28.3 ], [ 77.3, 28.4 ], [ 77.2, 28.4 ], [ 77.2, 28.3 ], [ 77.3, 28.3 ] ] ] } },
{ "type": "Feature", "properties": { "grid_lat": 27.8, "grid_lon": 96.9, "event_count": 3 }, "geometry": { "type": "Polygon", "coordinates": [ [ [ 97.0, 27.8 ], [ 97.0, 27.9 ], [ 96.9, 27.9 ], [ 96.9, 27.8 ], [ 97.0, 27.8 ] ] ] } },
{ "type": "Feature", "properties": { "grid_lat": 22.3, "grid_lon": 82.6, "event_count": 3 }, "geometry": { "type": "Polygon", "coordinates": [ [ [ 82.7, 22.3 ], [ 82.7, 22.4 ], [ 82.6, 22.4 ], [ 82.6, 22.3 ], [ 82.7, 22.3 ] ] ] } },
{ "type": "Feature", "properties": { "grid_lat": 13.7, "grid_lon": 79.6, "event_count": 3 }, "geometry": { "type": "Polygon", "coordinates": [ [ [ 79.7, 13.7 ], [ 79.7, 13.8 ], [ 79.6, 13.8 ], [ 79.6, 13.7 ], [ 79.7, 13.7 ] ] ] } },
{ "type": "Feature", "properties": { "grid_lat": 23.6, "grid_lon": 85.2, "event_count": 3 }, "geometry": { "type": "Polygon", "coordinates": [ [ [ 85.3, 23.6 ], [ 85.3, 23.7 ], [ 85.2, 23.7 ], [ 85.2, 23.6 ], [ 85.3, 23.6 ] ] ] } },
{ "type": "Feature", "properties": { "grid_lat": 23.5, "grid_lon": 87.0, "event_count": 3 }, "geometry": { "type": "Polygon", "coordinates": [ [ [ 87.1, 23.5 ], [ 87.1, 23.6 ], [ 87.0, 23.6 ], [ 87.0, 23.5 ], [ 87.1, 23.5 ] ] ] } },
{ "type": "Feature", "properties": { "grid_lat": 23.6, "grid_lon": 85.5, "event_count": 3 }, "geometry": { "type": "Polygon", "coordinates": [ [ [ 85.6, 23.6 ], [ 85.6, 23.7 ], [ 85.5, 23.7 ], [ 85.5, 23.6 ], [ 85.6, 23.6 ] ] ] } },
{ "type": "Feature", "properties": { "grid_lat": 14.5, "grid_lon": 79.0, "event_count": 3 }, "geometry": { "type": "Polygon", "coordinates": [ [ [ 79.1, 14.5 ], [ 79.1, 14.6 ], [ 79.0, 14.6 ], [ 79.0, 14.5 ], [ 79.1, 14.5 ] ] ] } },
{ "type": "Feature", "properties": { "grid_lat": 11.1, "grid_lon": 79.0, "event_count": 3 }, "geometry": { "type": "Polygon", "coordinates": [ [ [ 79.1, 11.1 ], [ 79.1, 11.2 ], [ 79.0, 11.2 ], [ 79.0, 11.1 ], [ 79.1, 11.1 ] ] ] } },
{ "type": "Feature", "properties": { "grid_lat": 16.8, "grid_lon": 80.0, "event_count": 3 }, "geometry": { "type": "Polygon", "coordinates": [ [ [ 80.1, 16.8 ], [ 80.1, 16.9 ], [ 80.0, 16.9 ], [ 80.0, 16.8 ], [ 80.1, 16.8 ] ] ] } },
{ "type": "Feature", "properties": { "grid_lat": 8.9, "grid_lon": 78.1, "event_count": 3 }, "geometry": { "type": "Polygon", "coordinates": [ [ [ 78.2, 8.9 ], [ 78.2, 9.0 ], [ 78.1, 9.0 ], [ 78.1, 8.9 ], [ 78.2, 8.9 ] ] ] } },
{ "type": "Feature", "properties": { "grid_lat": 23.8, "grid_lon": 84.9, "event_count": 3 }, "geometry": { "type": "Polygon", "coordinates": [ [ [ 85.0, 23.8 ], [ 85.0, 23.9 ], [ 84.9, 23.9 ], [ 84.9, 23.8 ], [ 85.0, 23.8 ] ] ] } },
{ "type": "Feature", "properties": { "grid_lat": 31.2, "grid_lon": 76.9, "event_count": 3 }, "geometry": { "type": "Polygon", "coordinates": [ [ [ 77.0, 31.2 ], [ 77.0, 31.3 ], [ 76.9, 31.3 ], [ 76.9, 31.2 ], [ 77.0, 31.2 ] ] ] } },
{ "type": "Feature", "properties": { "grid_lat": 8.6, "grid_lon": 78.0, "event_count": 3 }, "geometry": { "type": "Polygon", "coordinates": [ [ [ 78.1, 8.6 ], [ 78.1, 8.7 ], [ 78.0, 8.7 ], [ 78.0, 8.6 ], [ 78.1, 8.6 ] ] ] } },
{ "type": "Feature", "properties": { "grid_lat": 10.9, "grid_lon": 78.1, "event_count": 3 }, "geometry": { "type": "Polygon", "coordinates": [ [ [ 78.2, 10.9 ], [ 78.2, 11.0 ], [ 78.1, 11.0 ], [ 78.1, 10.9 ], [ 78.2, 10.9 ] ] ] } },
{ "type": "Feature", "properties": { "grid_lat": 10.9, "grid_lon": 78.4, "event_count": 3 }, "geometry": { "type": "Polygon", "coordinates": [ [ [ 78.5, 10.9 ], [ 78.5, 11.0 ], [ 78.4, 11.0 ], [ 78.4, 10.9 ], [ 78.5, 10.9 ] ] ] } },
{ "type": "Feature", "properties": { "grid_lat": 8.8, "grid_lon": 78.0, "event_count": 3 }, "geometry": { "type": "Polygon", "coordinates": [ [ [ 78.1, 8.8 ], [ 78.1, 8.9 ], [ 78.0, 8.9 ], [ 78.0, 8.8 ], [ 78.1, 8.8 ] ] ] } },
{ "type": "Feature", "properties": { "grid_lat": 14.8, "grid_lon": 79.2, "event_count": 3 }, "geometry": { "type": "Polygon", "coordinates": [ [ [ 79.3, 14.8 ], [ 79.3, 14.9 ], [ 79.2, 14.9 ], [ 79.2, 14.8 ], [ 79.3, 14.8 ] ] ] } },
{ "type": "Feature", "properties": { "grid_lat": 14.2, "grid_lon": 79.0, "event_count": 3 }, "geometry": { "type": "Polygon", "coordinates": [ [ [ 79.1, 14.2 ], [ 79.1, 14.3 ], [ 79.0, 14.3 ], [ 79.0, 14.2 ], [ 79.1, 14.2 ] ] ] } },
{ "type": "Feature", "properties": { "grid_lat": 19.0, "grid_lon": 72.8, "event_count": 3 }, "geometry": { "type": "Polygon", "coordinates": [ [ [ 72.9, 19.0 ], [ 72.9, 19.1 ], [ 72.8, 19.1 ], [ 72.8, 19.0 ], [ 72.9, 19.0 ] ] ] } },
{ "type": "Feature", "properties": { "grid_lat": 15.8, "grid_lon": 79.3, "event_count": 3 }, "geometry": { "type": "Polygon", "coordinates": [ [ [ 79.4, 15.8 ], [ 79.4, 15.9 ], [ 79.3, 15.9 ], [ 79.3, 15.8 ], [ 79.4, 15.8 ] ] ] } },
{ "type": "Feature", "properties": { "grid_lat": 10.1, "grid_lon": 77.6, "event_count": 3 }, "geometry": { "type": "Polygon", "coordinates": [ [ [ 77.7, 10.1 ], [ 77.7, 10.2 ], [ 77.6, 10.2 ], [ 77.6, 10.1 ], [ 77.7, 10.1 ] ] ] } },
{ "type": "Feature", "properties": { "grid_lat": 21.4, "grid_lon": 81.7, "event_count": 3 }, "geometry": { "type": "Polygon", "coordinates": [ [ [ 81.8, 21.4 ], [ 81.8, 21.5 ], [ 81.7, 21.5 ], [ 81.7, 21.4 ], [ 81.8, 21.4 ] ] ] } },
{ "type": "Feature", "properties": { "grid_lat": 19.9, "grid_lon": 79.1, "event_count": 3 }, "geometry": { "type": "Polygon", "coordinates": [ [ [ 79.2, 19.9 ], [ 79.2, 20.0 ], [ 79.1, 20.0 ], [ 79.1, 19.9 ], [ 79.2, 19.9 ] ] ] } },
{ "type": "Feature", "properties": { "grid_lat": 20.6, "grid_lon": 78.6, "event_count": 3 }, "geometry": { "type": "Polygon", "coordinates": [ [ [ 78.7, 20.6 ], [ 78.7, 20.7 ], [ 78.6, 20.7 ], [ 78.6, 20.6 ], [ 78.7, 20.6 ] ] ] } },
{ "type": "Feature", "properties": { "grid_lat": 10.6, "grid_lon": 77.4, "event_count": 3 }, "geometry": { "type": "Polygon", "coordinates": [ [ [ 77.5, 10.6 ], [ 77.5, 10.7 ], [ 77.4, 10.7 ], [ 77.4, 10.6 ], [ 77.5, 10.6 ] ] ] } },
{ "type": "Feature", "properties": { "grid_lat": 21.8, "grid_lon": 83.9, "event_count": 3 }, "geometry": { "type": "Polygon", "coordinates": [ [ [ 84.0, 21.8 ], [ 84.0, 21.9 ], [ 83.9, 21.9 ], [ 83.9, 21.8 ], [ 84.0, 21.8 ] ] ] } },
{ "type": "Feature", "properties": { "grid_lat": 14.4, "grid_lon": 78.3, "event_count": 3 }, "geometry": { "type": "Polygon", "coordinates": [ [ [ 78.4, 14.4 ], [ 78.4, 14.5 ], [ 78.3, 14.5 ], [ 78.3, 14.4 ], [ 78.4, 14.4 ] ] ] } },
{ "type": "Feature", "properties": { "grid_lat": 22.2, "grid_lon": 84.7, "event_count": 3 }, "geometry": { "type": "Polygon", "coordinates": [ [ [ 84.8, 22.2 ], [ 84.8, 22.3 ], [ 84.7, 22.3 ], [ 84.7, 22.2 ], [ 84.8, 22.2 ] ] ] } },
{ "type": "Feature", "properties": { "grid_lat": 22.0, "grid_lon": 88.1, "event_count": 3 }, "geometry": { "type": "Polygon", "coordinates": [ [ [ 88.2, 22.0 ], [ 88.2, 22.1 ], [ 88.1, 22.1 ], [ 88.1, 22.0 ], [ 88.2, 22.0 ] ] ] } },
{ "type": "Feature", "properties": { "grid_lat": 9.9, "grid_lon": 78.0, "event_count": 3 }, "geometry": { "type": "Polygon", "coordinates": [ [ [ 78.1, 9.9 ], [ 78.1, 10.0 ], [ 78.0, 10.0 ], [ 78.0, 9.9 ], [ 78.1, 9.9 ] ] ] } },
{ "type": "Feature", "properties": { "grid_lat": 9.8, "grid_lon": 77.5, "event_count": 3 }, "geometry": { "type": "Polygon", "coordinates": [ [ [ 77.6, 9.8 ], [ 77.6, 9.9 ], [ 77.5, 9.9 ], [ 77.5, 9.8 ], [ 77.6, 9.8 ] ] ] } },
{ "type": "Feature", "properties": { "grid_lat": 9.7, "grid_lon": 77.5, "event_count": 3 }, "geometry": { "type": "Polygon", "coordinates": [ [ [ 77.6, 9.7 ], [ 77.6, 9.8 ], [ 77.5, 9.8 ], [ 77.5, 9.7 ], [ 77.6, 9.7 ] ] ] } },
{ "type": "Feature", "properties": { "grid_lat": 13.8, "grid_lon": 76.5, "event_count": 3 }, "geometry": { "type": "Polygon", "coordinates": [ [ [ 76.6, 13.8 ], [ 76.6, 13.9 ], [ 76.5, 13.9 ], [ 76.5, 13.8 ], [ 76.6, 13.8 ] ] ] } },
{ "type": "Feature", "properties": { "grid_lat": 22.9, "grid_lon": 69.7, "event_count": 2 }, "geometry": { "type": "Polygon", "coordinates": [ [ [ 69.8, 22.9 ], [ 69.8, 23.0 ], [ 69.7, 23.0 ], [ 69.7, 22.9 ], [ 69.8, 22.9 ] ] ] } },
{ "type": "Feature", "properties": { "grid_lat": 23.1, "grid_lon": 68.8, "event_count": 2 }, "geometry": { "type": "Polygon", "coordinates": [ [ [ 68.9, 23.1 ], [ 68.9, 23.2 ], [ 68.8, 23.2 ], [ 68.8, 23.1 ], [ 68.9, 23.1 ] ] ] } },
{ "type": "Feature", "properties": { "grid_lat": 9.6, "grid_lon": 77.8, "event_count": 2 }, "geometry": { "type": "Polygon", "coordinates": [ [ [ 77.9, 9.6 ], [ 77.9, 9.7 ], [ 77.8, 9.7 ], [ 77.8, 9.6 ], [ 77.9, 9.6 ] ] ] } },
{ "type": "Feature", "properties": { "grid_lat": 9.6, "grid_lon": 78.0, "event_count": 2 }, "geometry": { "type": "Polygon", "coordinates": [ [ [ 78.1, 9.6 ], [ 78.1, 9.7 ], [ 78.0, 9.7 ], [ 78.0, 9.6 ], [ 78.1, 9.6 ] ] ] } },
{ "type": "Feature", "properties": { "grid_lat": 9.3, "grid_lon": 77.6, "event_count": 2 }, "geometry": { "type": "Polygon", "coordinates": [ [ [ 77.7, 9.3 ], [ 77.7, 9.4 ], [ 77.6, 9.4 ], [ 77.6, 9.3 ], [ 77.7, 9.3 ] ] ] } },
{ "type": "Feature", "properties": { "grid_lat": 23.6, "grid_lon": 86.4, "event_count": 2 }, "geometry": { "type": "Polygon", "coordinates": [ [ [ 86.5, 23.6 ], [ 86.5, 23.7 ], [ 86.4, 23.7 ], [ 86.4, 23.6 ], [ 86.5, 23.6 ] ] ] } },
{ "type": "Feature", "properties": { "grid_lat": 23.6, "grid_lon": 86.1, "event_count": 2 }, "geometry": { "type": "Polygon", "coordinates": [ [ [ 86.2, 23.6 ], [ 86.2, 23.7 ], [ 86.1, 23.7 ], [ 86.1, 23.6 ], [ 86.2, 23.6 ] ] ] } },
{ "type": "Feature", "properties": { "grid_lat": 23.6, "grid_lon": 86.2, "event_count": 2 }, "geometry": { "type": "Polygon", "coordinates": [ [ [ 86.3, 23.6 ], [ 86.3, 23.7 ], [ 86.2, 23.7 ], [ 86.2, 23.6 ], [ 86.3, 23.6 ] ] ] } },
{ "type": "Feature", "properties": { "grid_lat": 12.9, "grid_lon": 76.0, "event_count": 2 }, "geometry": { "type": "Polygon", "coordinates": [ [ [ 76.1, 12.9 ], [ 76.1, 13.0 ], [ 76.0, 13.0 ], [ 76.0, 12.9 ], [ 76.1, 12.9 ] ] ] } },
{ "type": "Feature", "properties": { "grid_lat": 11.5, "grid_lon": 77.7, "event_count": 2 }, "geometry": { "type": "Polygon", "coordinates": [ [ [ 77.8, 11.5 ], [ 77.8, 11.6 ], [ 77.7, 11.6 ], [ 77.7, 11.5 ], [ 77.8, 11.5 ] ] ] } },
{ "type": "Feature", "properties": { "grid_lat": 12.9, "grid_lon": 78.9, "event_count": 2 }, "geometry": { "type": "Polygon", "coordinates": [ [ [ 79.0, 12.9 ], [ 79.0, 13.0 ], [ 78.9, 13.0 ], [ 78.9, 12.9 ], [ 79.0, 12.9 ] ] ] } },
{ "type": "Feature", "properties": { "grid_lat": 23.6, "grid_lon": 86.9, "event_count": 2 }, "geometry": { "type": "Polygon", "coordinates": [ [ [ 87.0, 23.6 ], [ 87.0, 23.7 ], [ 86.9, 23.7 ], [ 86.9, 23.6 ], [ 87.0, 23.6 ] ] ] } },
{ "type": "Feature", "properties": { "grid_lat": 23.6, "grid_lon": 87.0, "event_count": 2 }, "geometry": { "type": "Polygon", "coordinates": [ [ [ 87.1, 23.6 ], [ 87.1, 23.7 ], [ 87.0, 23.7 ], [ 87.0, 23.6 ], [ 87.1, 23.6 ] ] ] } },
{ "type": "Feature", "properties": { "grid_lat": 23.7, "grid_lon": 85.9, "event_count": 2 }, "geometry": { "type": "Polygon", "coordinates": [ [ [ 86.0, 23.7 ], [ 86.0, 23.8 ], [ 85.9, 23.8 ], [ 85.9, 23.7 ], [ 86.0, 23.7 ] ] ] } },
{ "type": "Feature", "properties": { "grid_lat": 23.7, "grid_lon": 86.0, "event_count": 2 }, "geometry": { "type": "Polygon", "coordinates": [ [ [ 86.1, 23.7 ], [ 86.1, 23.8 ], [ 86.0, 23.8 ], [ 86.0, 23.7 ], [ 86.1, 23.7 ] ] ] } },
{ "type": "Feature", "properties": { "grid_lat": 23.8, "grid_lon": 84.5, "event_count": 2 }, "geometry": { "type": "Polygon", "coordinates": [ [ [ 84.6, 23.8 ], [ 84.6, 23.9 ], [ 84.5, 23.9 ], [ 84.5, 23.8 ], [ 84.6, 23.8 ] ] ] } },
{ "type": "Feature", "properties": { "grid_lat": 25.8, "grid_lon": 72.2, "event_count": 2 }, "geometry": { "type": "Polygon", "coordinates": [ [ [ 72.3, 25.8 ], [ 72.3, 25.9 ], [ 72.2, 25.9 ], [ 72.2, 25.8 ], [ 72.3, 25.8 ] ] ] } },
{ "type": "Feature", "properties": { "grid_lat": 26.5, "grid_lon": 90.5, "event_count": 2 }, "geometry": { "type": "Polygon", "coordinates": [ [ [ 90.6, 26.5 ], [ 90.6, 26.6 ], [ 90.5, 26.6 ], [ 90.5, 26.5 ], [ 90.6, 26.5 ] ] ] } },
{ "type": "Feature", "properties": { "grid_lat": 26.6, "grid_lon": 73.6, "event_count": 2 }, "geometry": { "type": "Polygon", "coordinates": [ [ [ 73.7, 26.6 ], [ 73.7, 26.7 ], [ 73.6, 26.7 ], [ 73.6, 26.6 ], [ 73.7, 26.6 ] ] ] } },
{ "type": "Feature", "properties": { "grid_lat": 28.7, "grid_lon": 76.9, "event_count": 2 }, "geometry": { "type": "Polygon", "coordinates": [ [ [ 77.0, 28.7 ], [ 77.0, 28.8 ], [ 76.9, 28.8 ], [ 76.9, 28.7 ], [ 77.0, 28.7 ] ] ] } },
{ "type": "Feature", "properties": { "grid_lat": 27.9, "grid_lon": 96.9, "event_count": 2 }, "geometry": { "type": "Polygon", "coordinates": [ [ [ 97.0, 27.9 ], [ 97.0, 28.0 ], [ 96.9, 28.0 ], [ 96.9, 27.9 ], [ 97.0, 27.9 ] ] ] } },
{ "type": "Feature", "properties": { "grid_lat": 27.9, "grid_lon": 95.9, "event_count": 2 }, "geometry": { "type": "Polygon", "coordinates": [ [ [ 96.0, 27.9 ], [ 96.0, 28.0 ], [ 95.9, 28.0 ], [ 95.9, 27.9 ], [ 96.0, 27.9 ] ] ] } },
{ "type": "Feature", "properties": { "grid_lat": 24.2, "grid_lon": 82.7, "event_count": 2 }, "geometry": { "type": "Polygon", "coordinates": [ [ [ 82.8, 24.2 ], [ 82.8, 24.3 ], [ 82.7, 24.3 ], [ 82.7, 24.2 ], [ 82.8, 24.2 ] ] ] } },
{ "type": "Feature", "properties": { "grid_lat": 24.8, "grid_lon": 73.0, "event_count": 2 }, "geometry": { "type": "Polygon", "coordinates": [ [ [ 73.1, 24.8 ], [ 73.1, 24.9 ], [ 73.0, 24.9 ], [ 73.0, 24.8 ], [ 73.1, 24.8 ] ] ] } },
{ "type": "Feature", "properties": { "grid_lat": 23.8, "grid_lon": 86.5, "event_count": 2 }, "geometry": { "type": "Polygon", "coordinates": [ [ [ 86.6, 23.8 ], [ 86.6, 23.9 ], [ 86.5, 23.9 ], [ 86.5, 23.8 ], [ 86.6, 23.8 ] ] ] } },
{ "type": "Feature", "properties": { "grid_lat": 8.8, "grid_lon": 77.7, "event_count": 2 }, "geometry": { "type": "Polygon", "coordinates": [ [ [ 77.8, 8.8 ], [ 77.8, 8.9 ], [ 77.7, 8.9 ], [ 77.7, 8.8 ], [ 77.8, 8.8 ] ] ] } },
{ "type": "Feature", "properties": { "grid_lat": 8.8, "grid_lon": 77.6, "event_count": 2 }, "geometry": { "type": "Polygon", "coordinates": [ [ [ 77.7, 8.8 ], [ 77.7, 8.9 ], [ 77.6, 8.9 ], [ 77.6, 8.8 ], [ 77.7, 8.8 ] ] ] } },
{ "type": "Feature", "properties": { "grid_lat": 10.0, "grid_lon": 77.8, "event_count": 2 }, "geometry": { "type": "Polygon", "coordinates": [ [ [ 77.9, 10.0 ], [ 77.9, 10.1 ], [ 77.8, 10.1 ], [ 77.8, 10.0 ], [ 77.9, 10.0 ] ] ] } },
{ "type": "Feature", "properties": { "grid_lat": 14.4, "grid_lon": 77.7, "event_count": 2 }, "geometry": { "type": "Polygon", "coordinates": [ [ [ 77.8, 14.4 ], [ 77.8, 14.5 ], [ 77.7, 14.5 ], [ 77.7, 14.4 ], [ 77.8, 14.4 ] ] ] } },
{ "type": "Feature", "properties": { "grid_lat": 9.7, "grid_lon": 78.0, "event_count": 2 }, "geometry": { "type": "Polygon", "coordinates": [ [ [ 78.1, 9.7 ], [ 78.1, 9.8 ], [ 78.0, 9.8 ], [ 78.0, 9.7 ], [ 78.1, 9.7 ] ] ] } },
{ "type": "Feature", "properties": { "grid_lat": 9.7, "grid_lon": 78.3, "event_count": 2 }, "geometry": { "type": "Polygon", "coordinates": [ [ [ 78.4, 9.7 ], [ 78.4, 9.8 ], [ 78.3, 9.8 ], [ 78.3, 9.7 ], [ 78.4, 9.7 ] ] ] } },
{ "type": "Feature", "properties": { "grid_lat": 12.0, "grid_lon": 76.8, "event_count": 2 }, "geometry": { "type": "Polygon", "coordinates": [ [ [ 76.9, 12.0 ], [ 76.9, 12.1 ], [ 76.8, 12.1 ], [ 76.8, 12.0 ], [ 76.9, 12.0 ] ] ] } },
{ "type": "Feature", "properties": { "grid_lat": 19.9, "grid_lon": 73.7, "event_count": 2 }, "geometry": { "type": "Polygon", "coordinates": [ [ [ 73.8, 19.9 ], [ 73.8, 20.0 ], [ 73.7, 20.0 ], [ 73.7, 19.9 ], [ 73.8, 19.9 ] ] ] } },
{ "type": "Feature", "properties": { "grid_lat": 21.0, "grid_lon": 86.0, "event_count": 2 }, "geometry": { "type": "Polygon", "coordinates": [ [ [ 86.1, 21.0 ], [ 86.1, 21.1 ], [ 86.0, 21.1 ], [ 86.0, 21.0 ], [ 86.1, 21.0 ] ] ] } },
{ "type": "Feature", "properties": { "grid_lat": 21.2, "grid_lon": 79.2, "event_count": 2 }, "geometry": { "type": "Polygon", "coordinates": [ [ [ 79.3, 21.2 ], [ 79.3, 21.3 ], [ 79.2, 21.3 ], [ 79.2, 21.2 ], [ 79.3, 21.2 ] ] ] } },
{ "type": "Feature", "properties": { "grid_lat": 21.4, "grid_lon": 72.9, "event_count": 2 }, "geometry": { "type": "Polygon", "coordinates": [ [ [ 73.0, 21.4 ], [ 73.0, 21.5 ], [ 72.9, 21.5 ], [ 72.9, 21.4 ], [ 73.0, 21.4 ] ] ] } },
{ "type": "Feature", "properties": { "grid_lat": 21.8, "grid_lon": 83.4, "event_count": 2 }, "geometry": { "type": "Polygon", "coordinates": [ [ [ 83.5, 21.8 ], [ 83.5, 21.9 ], [ 83.4, 21.9 ], [ 83.4, 21.8 ], [ 83.5, 21.8 ] ] ] } },
{ "type": "Feature", "properties": { "grid_lat": 21.9, "grid_lon": 82.0, "event_count": 2 }, "geometry": { "type": "Polygon", "coordinates": [ [ [ 82.1, 21.9 ], [ 82.1, 22.0 ], [ 82.0, 22.0 ], [ 82.0, 21.9 ], [ 82.1, 21.9 ] ] ] } },
{ "type": "Feature", "properties": { "grid_lat": 10.2, "grid_lon": 79.1, "event_count": 2 }, "geometry": { "type": "Polygon", "coordinates": [ [ [ 79.2, 10.2 ], [ 79.2, 10.3 ], [ 79.1, 10.3 ], [ 79.1, 10.2 ], [ 79.2, 10.2 ] ] ] } },
{ "type": "Feature", "properties": { "grid_lat": 10.3, "grid_lon": 79.1, "event_count": 2 }, "geometry": { "type": "Polygon", "coordinates": [ [ [ 79.2, 10.3 ], [ 79.2, 10.4 ], [ 79.1, 10.4 ], [ 79.1, 10.3 ], [ 79.2, 10.3 ] ] ] } },
{ "type": "Feature", "properties": { "grid_lat": 13.1, "grid_lon": 80.2, "event_count": 2 }, "geometry": { "type": "Polygon", "coordinates": [ [ [ 80.3, 13.1 ], [ 80.3, 13.2 ], [ 80.2, 13.2 ], [ 80.2, 13.1 ], [ 80.3, 13.1 ] ] ] } },
{ "type": "Feature", "properties": { "grid_lat": 13.4, "grid_lon": 75.9, "event_count": 2 }, "geometry": { "type": "Polygon", "coordinates": [ [ [ 76.0, 13.4 ], [ 76.0, 13.5 ], [ 75.9, 13.5 ], [ 75.9, 13.4 ], [ 76.0, 13.4 ] ] ] } },
{ "type": "Feature", "properties": { "grid_lat": 22.4, "grid_lon": 70.0, "event_count": 2 }, "geometry": { "type": "Polygon", "coordinates": [ [ [ 70.1, 22.4 ], [ 70.1, 22.5 ], [ 70.0, 22.5 ], [ 70.0, 22.4 ], [ 70.1, 22.4 ] ] ] } },
{ "type": "Feature", "properties": { "grid_lat": 22.7, "grid_lon": 86.0, "event_count": 2 }, "geometry": { "type": "Polygon", "coordinates": [ [ [ 86.1, 22.7 ], [ 86.1, 22.8 ], [ 86.0, 22.8 ], [ 86.0, 22.7 ], [ 86.1, 22.7 ] ] ] } },
{ "type": "Feature", "properties": { "grid_lat": 22.0, "grid_lon": 83.7, "event_count": 2 }, "geometry": { "type": "Polygon", "coordinates": [ [ [ 83.8, 22.0 ], [ 83.8, 22.1 ], [ 83.7, 22.1 ], [ 83.7, 22.0 ], [ 83.8, 22.0 ] ] ] } },
{ "type": "Feature", "properties": { "grid_lat": 21.9, "grid_lon": 85.3, "event_count": 2 }, "geometry": { "type": "Polygon", "coordinates": [ [ [ 85.4, 21.9 ], [ 85.4, 22.0 ], [ 85.3, 22.0 ], [ 85.3, 21.9 ], [ 85.4, 21.9 ] ] ] } },
{ "type": "Feature", "properties": { "grid_lat": 14.7, "grid_lon": 78.9, "event_count": 2 }, "geometry": { "type": "Polygon", "coordinates": [ [ [ 79.0, 14.7 ], [ 79.0, 14.8 ], [ 78.9, 14.8 ], [ 78.9, 14.7 ], [ 79.0, 14.7 ] ] ] } },
{ "type": "Feature", "properties": { "grid_lat": 14.7, "grid_lon": 77.7, "event_count": 2 }, "geometry": { "type": "Polygon", "coordinates": [ [ [ 77.8, 14.7 ], [ 77.8, 14.8 ], [ 77.7, 14.8 ], [ 77.7, 14.7 ], [ 77.8, 14.7 ] ] ] } },
{ "type": "Feature", "properties": { "grid_lat": 14.6, "grid_lon": 79.5, "event_count": 2 }, "geometry": { "type": "Polygon", "coordinates": [ [ [ 79.6, 14.6 ], [ 79.6, 14.7 ], [ 79.5, 14.7 ], [ 79.5, 14.6 ], [ 79.6, 14.6 ] ] ] } },
{ "type": "Feature", "properties": { "grid_lat": 15.1, "grid_lon": 78.8, "event_count": 2 }, "geometry": { "type": "Polygon", "coordinates": [ [ [ 78.9, 15.1 ], [ 78.9, 15.2 ], [ 78.8, 15.2 ], [ 78.8, 15.1 ], [ 78.9, 15.1 ] ] ] } },
{ "type": "Feature", "properties": { "grid_lat": 16.4, "grid_lon": 79.5, "event_count": 2 }, "geometry": { "type": "Polygon", "coordinates": [ [ [ 79.6, 16.4 ], [ 79.6, 16.5 ], [ 79.5, 16.5 ], [ 79.5, 16.4 ], [ 79.6, 16.4 ] ] ] } },
{ "type": "Feature", "properties": { "grid_lat": 15.9, "grid_lon": 78.4, "event_count": 2 }, "geometry": { "type": "Polygon", "coordinates": [ [ [ 78.5, 15.9 ], [ 78.5, 16.0 ], [ 78.4, 16.0 ], [ 78.4, 15.9 ], [ 78.5, 15.9 ] ] ] } },
{ "type": "Feature", "properties": { "grid_lat": 14.7, "grid_lon": 79.7, "event_count": 2 }, "geometry": { "type": "Polygon", "coordinates": [ [ [ 79.8, 14.7 ], [ 79.8, 14.8 ], [ 79.7, 14.8 ], [ 79.7, 14.7 ], [ 79.8, 14.7 ] ] ] } },
{ "type": "Feature", "properties": { "grid_lat": 14.3, "grid_lon": 77.7, "event_count": 2 }, "geometry": { "type": "Polygon", "coordinates": [ [ [ 77.8, 14.3 ], [ 77.8, 14.4 ], [ 77.7, 14.4 ], [ 77.7, 14.3 ], [ 77.8, 14.3 ] ] ] } },
{ "type": "Feature", "properties": { "grid_lat": 17.1, "grid_lon": 80.9, "event_count": 2 }, "geometry": { "type": "Polygon", "coordinates": [ [ [ 81.0, 17.1 ], [ 81.0, 17.2 ], [ 80.9, 17.2 ], [ 80.9, 17.1 ], [ 81.0, 17.1 ] ] ] } },
{ "type": "Feature", "properties": { "grid_lat": 17.4, "grid_lon": 80.6, "event_count": 2 }, "geometry": { "type": "Polygon", "coordinates": [ [ [ 80.7, 17.4 ], [ 80.7, 17.5 ], [ 80.6, 17.5 ], [ 80.6, 17.4 ], [ 80.7, 17.4 ] ] ] } },
{ "type": "Feature", "properties": { "grid_lat": 11.0, "grid_lon": 77.1, "event_count": 2 }, "geometry": { "type": "Polygon", "coordinates": [ [ [ 77.2, 11.0 ], [ 77.2, 11.1 ], [ 77.1, 11.1 ], [ 77.1, 11.0 ], [ 77.2, 11.0 ] ] ] } },
{ "type": "Feature", "properties": { "grid_lat": 15.0, "grid_lon": 77.1, "event_count": 2 }, "geometry": { "type": "Polygon", "coordinates": [ [ [ 77.2, 15.0 ], [ 77.2, 15.1 ], [ 77.1, 15.1 ], [ 77.1, 15.0 ], [ 77.2, 15.0 ] ] ] } },
{ "type": "Feature", "properties": { "grid_lat": 12.0, "grid_lon": 76.6, "event_count": 2 }, "geometry": { "type": "Polygon", "coordinates": [ [ [ 76.7, 12.0 ], [ 76.7, 12.1 ], [ 76.6, 12.1 ], [ 76.6, 12.0 ], [ 76.7, 12.0 ] ] ] } },
{ "type": "Feature", "properties": { "grid_lat": 10.9, "grid_lon": 77.4, "event_count": 2 }, "geometry": { "type": "Polygon", "coordinates": [ [ [ 77.5, 10.9 ], [ 77.5, 11.0 ], [ 77.4, 11.0 ], [ 77.4, 10.9 ], [ 77.5, 10.9 ] ] ] } },
{ "type": "Feature", "properties": { "grid_lat": 9.1, "grid_lon": 78.2, "event_count": 2 }, "geometry": { "type": "Polygon", "coordinates": [ [ [ 78.3, 9.1 ], [ 78.3, 9.2 ], [ 78.2, 9.2 ], [ 78.2, 9.1 ], [ 78.3, 9.1 ] ] ] } },
{ "type": "Feature", "properties": { "grid_lat": 8.7, "grid_lon": 77.8, "event_count": 2 }, "geometry": { "type": "Polygon", "coordinates": [ [ [ 77.9, 8.7 ], [ 77.9, 8.8 ], [ 77.8, 8.8 ], [ 77.8, 8.7 ], [ 77.9, 8.7 ] ] ] } },
{ "type": "Feature", "properties": { "grid_lat": 8.5, "grid_lon": 77.8, "event_count": 2 }, "geometry": { "type": "Polygon", "coordinates": [ [ [ 77.9, 8.5 ], [ 77.9, 8.6 ], [ 77.8, 8.6 ], [ 77.8, 8.5 ], [ 77.9, 8.5 ] ] ] } },
{ "type": "Feature", "properties": { "grid_lat": 8.4, "grid_lon": 77.9, "event_count": 2 }, "geometry": { "type": "Polygon", "coordinates": [ [ [ 78.0, 8.4 ], [ 78.0, 8.5 ], [ 77.9, 8.5 ], [ 77.9, 8.4 ], [ 78.0, 8.4 ] ] ] } },
{ "type": "Feature", "properties": { "grid_lat": 8.4, "grid_lon": 77.6, "event_count": 1 }, "geometry": { "type": "Polygon", "coordinates": [ [ [ 77.7, 8.4 ], [ 77.7, 8.5 ], [ 77.6, 8.5 ], [ 77.6, 8.4 ], [ 77.7, 8.4 ] ] ] } },
{ "type": "Feature", "properties": { "grid_lat": 8.5, "grid_lon": 78.0, "event_count": 1 }, "geometry": { "type": "Polygon", "coordinates": [ [ [ 78.1, 8.5 ], [ 78.1, 8.6 ], [ 78.0, 8.6 ], [ 78.0, 8.5 ], [ 78.1, 8.5 ] ] ] } },
{ "type": "Feature", "properties": { "grid_lat": 8.6, "grid_lon": 77.6, "event_count": 1 }, "geometry": { "type": "Polygon", "coordinates": [ [ [ 77.7, 8.6 ], [ 77.7, 8.7 ], [ 77.6, 8.7 ], [ 77.6, 8.6 ], [ 77.7, 8.6 ] ] ] } },
{ "type": "Feature", "properties": { "grid_lat": 8.6, "grid_lon": 77.8, "event_count": 1 }, "geometry": { "type": "Polygon", "coordinates": [ [ [ 77.9, 8.6 ], [ 77.9, 8.7 ], [ 77.8, 8.7 ], [ 77.8, 8.6 ], [ 77.9, 8.6 ] ] ] } },
{ "type": "Feature", "properties": { "grid_lat": 8.7, "grid_lon": 77.4, "event_count": 1 }, "geometry": { "type": "Polygon", "coordinates": [ [ [ 77.5, 8.7 ], [ 77.5, 8.8 ], [ 77.4, 8.8 ], [ 77.4, 8.7 ], [ 77.5, 8.7 ] ] ] } },
{ "type": "Feature", "properties": { "grid_lat": 8.7, "grid_lon": 77.9, "event_count": 1 }, "geometry": { "type": "Polygon", "coordinates": [ [ [ 78.0, 8.7 ], [ 78.0, 8.8 ], [ 77.9, 8.8 ], [ 77.9, 8.7 ], [ 78.0, 8.7 ] ] ] } },
{ "type": "Feature", "properties": { "grid_lat": 8.7, "grid_lon": 78.0, "event_count": 1 }, "geometry": { "type": "Polygon", "coordinates": [ [ [ 78.1, 8.7 ], [ 78.1, 8.8 ], [ 78.0, 8.8 ], [ 78.0, 8.7 ], [ 78.1, 8.7 ] ] ] } },
{ "type": "Feature", "properties": { "grid_lat": 27.7, "grid_lon": 75.3, "event_count": 1 }, "geometry": { "type": "Polygon", "coordinates": [ [ [ 75.4, 27.7 ], [ 75.4, 27.8 ], [ 75.3, 27.8 ], [ 75.3, 27.7 ], [ 75.4, 27.7 ] ] ] } },
{ "type": "Feature", "properties": { "grid_lat": 31.8, "grid_lon": 74.5, "event_count": 1 }, "geometry": { "type": "Polygon", "coordinates": [ [ [ 74.6, 31.8 ], [ 74.6, 31.9 ], [ 74.5, 31.9 ], [ 74.5, 31.8 ], [ 74.6, 31.8 ] ] ] } },
{ "type": "Feature", "properties": { "grid_lat": 31.6, "grid_lon": 74.9, "event_count": 1 }, "geometry": { "type": "Polygon", "coordinates": [ [ [ 75.0, 31.6 ], [ 75.0, 31.7 ], [ 74.9, 31.7 ], [ 74.9, 31.6 ], [ 75.0, 31.6 ] ] ] } },
{ "type": "Feature", "properties": { "grid_lat": 31.5, "grid_lon": 74.7, "event_count": 1 }, "geometry": { "type": "Polygon", "coordinates": [ [ [ 74.8, 31.5 ], [ 74.8, 31.6 ], [ 74.7, 31.6 ], [ 74.7, 31.5 ], [ 74.8, 31.5 ] ] ] } },
{ "type": "Feature", "properties": { "grid_lat": 23.8, "grid_lon": 84.8, "event_count": 1 }, "geometry": { "type": "Polygon", "coordinates": [ [ [ 84.9, 23.8 ], [ 84.9, 23.9 ], [ 84.8, 23.9 ], [ 84.8, 23.8 ], [ 84.9, 23.8 ] ] ] } },
{ "type": "Feature", "properties": { "grid_lat": 8.8, "grid_lon": 77.5, "event_count": 1 }, "geometry": { "type": "Polygon", "coordinates": [ [ [ 77.6, 8.8 ], [ 77.6, 8.9 ], [ 77.5, 8.9 ], [ 77.5, 8.8 ], [ 77.6, 8.8 ] ] ] } },
{ "type": "Feature", "properties": { "grid_lat": 9.2, "grid_lon": 77.5, "event_count": 1 }, "geometry": { "type": "Polygon", "coordinates": [ [ [ 77.6, 9.2 ], [ 77.6, 9.3 ], [ 77.5, 9.3 ], [ 77.5, 9.2 ], [ 77.6, 9.2 ] ] ] } },
{ "type": "Feature", "properties": { "grid_lat": 9.1, "grid_lon": 77.5, "event_count": 1 }, "geometry": { "type": "Polygon", "coordinates": [ [ [ 77.6, 9.1 ], [ 77.6, 9.2 ], [ 77.5, 9.2 ], [ 77.5, 9.1 ], [ 77.6, 9.1 ] ] ] } },
{ "type": "Feature", "properties": { "grid_lat": 9.0, "grid_lon": 77.9, "event_count": 1 }, "geometry": { "type": "Polygon", "coordinates": [ [ [ 78.0, 9.0 ], [ 78.0, 9.1 ], [ 77.9, 9.1 ], [ 77.9, 9.0 ], [ 78.0, 9.0 ] ] ] } },
{ "type": "Feature", "properties": { "grid_lat": 9.0, "grid_lon": 77.7, "event_count": 1 }, "geometry": { "type": "Polygon", "coordinates": [ [ [ 77.8, 9.0 ], [ 77.8, 9.1 ], [ 77.7, 9.1 ], [ 77.7, 9.0 ], [ 77.8, 9.0 ] ] ] } },
{ "type": "Feature", "properties": { "grid_lat": 9.0, "grid_lon": 77.6, "event_count": 1 }, "geometry": { "type": "Polygon", "coordinates": [ [ [ 77.7, 9.0 ], [ 77.7, 9.1 ], [ 77.6, 9.1 ], [ 77.6, 9.0 ], [ 77.7, 9.0 ] ] ] } },
{ "type": "Feature", "properties": { "grid_lat": 9.0, "grid_lon": 77.5, "event_count": 1 }, "geometry": { "type": "Polygon", "coordinates": [ [ [ 77.6, 9.0 ], [ 77.6, 9.1 ], [ 77.5, 9.1 ], [ 77.5, 9.0 ], [ 77.6, 9.0 ] ] ] } },
{ "type": "Feature", "properties": { "grid_lat": 9.0, "grid_lon": 77.3, "event_count": 1 }, "geometry": { "type": "Polygon", "coordinates": [ [ [ 77.4, 9.0 ], [ 77.4, 9.1 ], [ 77.3, 9.1 ], [ 77.3, 9.0 ], [ 77.4, 9.0 ] ] ] } },
{ "type": "Feature", "properties": { "grid_lat": 8.9, "grid_lon": 77.8, "event_count": 1 }, "geometry": { "type": "Polygon", "coordinates": [ [ [ 77.9, 8.9 ], [ 77.9, 9.0 ], [ 77.8, 9.0 ], [ 77.8, 8.9 ], [ 77.9, 8.9 ] ] ] } },
{ "type": "Feature", "properties": { "grid_lat": 8.8, "grid_lon": 78.1, "event_count": 1 }, "geometry": { "type": "Polygon", "coordinates": [ [ [ 78.2, 8.8 ], [ 78.2, 8.9 ], [ 78.1, 8.9 ], [ 78.1, 8.8 ], [ 78.2, 8.8 ] ] ] } },
{ "type": "Feature", "properties": { "grid_lat": 8.8, "grid_lon": 77.9, "event_count": 1 }, "geometry": { "type": "Polygon", "coordinates": [ [ [ 78.0, 8.8 ], [ 78.0, 8.9 ], [ 77.9, 8.9 ], [ 77.9, 8.8 ], [ 78.0, 8.8 ] ] ] } },
{ "type": "Feature", "properties": { "grid_lat": 11.0, "grid_lon": 78.7, "event_count": 1 }, "geometry": { "type": "Polygon", "coordinates": [ [ [ 78.8, 11.0 ], [ 78.8, 11.1 ], [ 78.7, 11.1 ], [ 78.7, 11.0 ], [ 78.8, 11.0 ] ] ] } },
{ "type": "Feature", "properties": { "grid_lat": 10.9, "grid_lon": 78.2, "event_count": 1 }, "geometry": { "type": "Polygon", "coordinates": [ [ [ 78.3, 10.9 ], [ 78.3, 11.0 ], [ 78.2, 11.0 ], [ 78.2, 10.9 ], [ 78.3, 10.9 ] ] ] } },
{ "type": "Feature", "properties": { "grid_lat": 15.1, "grid_lon": 77.5, "event_count": 1 }, "geometry": { "type": "Polygon", "coordinates": [ [ [ 77.6, 15.1 ], [ 77.6, 15.2 ], [ 77.5, 15.2 ], [ 77.5, 15.1 ], [ 77.6, 15.1 ] ] ] } },
{ "type": "Feature", "properties": { "grid_lat": 15.1, "grid_lon": 77.0, "event_count": 1 }, "geometry": { "type": "Polygon", "coordinates": [ [ [ 77.1, 15.1 ], [ 77.1, 15.2 ], [ 77.0, 15.2 ], [ 77.0, 15.1 ], [ 77.1, 15.1 ] ] ] } },
{ "type": "Feature", "properties": { "grid_lat": 15.1, "grid_lon": 76.8, "event_count": 1 }, "geometry": { "type": "Polygon", "coordinates": [ [ [ 76.9, 15.1 ], [ 76.9, 15.2 ], [ 76.8, 15.2 ], [ 76.8, 15.1 ], [ 76.9, 15.1 ] ] ] } },
{ "type": "Feature", "properties": { "grid_lat": 14.9, "grid_lon": 80.0, "event_count": 1 }, "geometry": { "type": "Polygon", "coordinates": [ [ [ 80.1, 14.9 ], [ 80.1, 15.0 ], [ 80.0, 15.0 ], [ 80.0, 14.9 ], [ 80.1, 14.9 ] ] ] } },
{ "type": "Feature", "properties": { "grid_lat": 14.9, "grid_lon": 77.5, "event_count": 1 }, "geometry": { "type": "Polygon", "coordinates": [ [ [ 77.6, 14.9 ], [ 77.6, 15.0 ], [ 77.5, 15.0 ], [ 77.5, 14.9 ], [ 77.6, 14.9 ] ] ] } },
{ "type": "Feature", "properties": { "grid_lat": 14.9, "grid_lon": 76.8, "event_count": 1 }, "geometry": { "type": "Polygon", "coordinates": [ [ [ 76.9, 14.9 ], [ 76.9, 15.0 ], [ 76.8, 15.0 ], [ 76.8, 14.9 ], [ 76.9, 14.9 ] ] ] } },
{ "type": "Feature", "properties": { "grid_lat": 16.1, "grid_lon": 74.8, "event_count": 1 }, "geometry": { "type": "Polygon", "coordinates": [ [ [ 74.9, 16.1 ], [ 74.9, 16.2 ], [ 74.8, 16.2 ], [ 74.8, 16.1 ], [ 74.9, 16.1 ] ] ] } },
{ "type": "Feature", "properties": { "grid_lat": 14.7, "grid_lon": 77.0, "event_count": 1 }, "geometry": { "type": "Polygon", "coordinates": [ [ [ 77.1, 14.7 ], [ 77.1, 14.8 ], [ 77.0, 14.8 ], [ 77.0, 14.7 ], [ 77.1, 14.7 ] ] ] } },
{ "type": "Feature", "properties": { "grid_lat": 14.6, "grid_lon": 78.5, "event_count": 1 }, "geometry": { "type": "Polygon", "coordinates": [ [ [ 78.6, 14.6 ], [ 78.6, 14.7 ], [ 78.5, 14.7 ], [ 78.5, 14.6 ], [ 78.6, 14.6 ] ] ] } },
{ "type": "Feature", "properties": { "grid_lat": 14.6, "grid_lon": 77.8, "event_count": 1 }, "geometry": { "type": "Polygon", "coordinates": [ [ [ 77.9, 14.6 ], [ 77.9, 14.7 ], [ 77.8, 14.7 ], [ 77.8, 14.6 ], [ 77.9, 14.6 ] ] ] } },
{ "type": "Feature", "properties": { "grid_lat": 14.6, "grid_lon": 76.9, "event_count": 1 }, "geometry": { "type": "Polygon", "coordinates": [ [ [ 77.0, 14.6 ], [ 77.0, 14.7 ], [ 76.9, 14.7 ], [ 76.9, 14.6 ], [ 77.0, 14.6 ] ] ] } },
{ "type": "Feature", "properties": { "grid_lat": 11.2, "grid_lon": 77.4, "event_count": 1 }, "geometry": { "type": "Polygon", "coordinates": [ [ [ 77.5, 11.2 ], [ 77.5, 11.3 ], [ 77.4, 11.3 ], [ 77.4, 11.2 ], [ 77.5, 11.2 ] ] ] } },
{ "type": "Feature", "properties": { "grid_lat": 11.1, "grid_lon": 79.8, "event_count": 1 }, "geometry": { "type": "Polygon", "coordinates": [ [ [ 79.9, 11.1 ], [ 79.9, 11.2 ], [ 79.8, 11.2 ], [ 79.8, 11.1 ], [ 79.9, 11.1 ] ] ] } },
{ "type": "Feature", "properties": { "grid_lat": 11.1, "grid_lon": 79.7, "event_count": 1 }, "geometry": { "type": "Polygon", "coordinates": [ [ [ 79.8, 11.1 ], [ 79.8, 11.2 ], [ 79.7, 11.2 ], [ 79.7, 11.1 ], [ 79.8, 11.1 ] ] ] } },
{ "type": "Feature", "properties": { "grid_lat": 11.1, "grid_lon": 79.1, "event_count": 1 }, "geometry": { "type": "Polygon", "coordinates": [ [ [ 79.2, 11.1 ], [ 79.2, 11.2 ], [ 79.1, 11.2 ], [ 79.1, 11.1 ], [ 79.2, 11.1 ] ] ] } },
{ "type": "Feature", "properties": { "grid_lat": 11.1, "grid_lon": 77.7, "event_count": 1 }, "geometry": { "type": "Polygon", "coordinates": [ [ [ 77.8, 11.1 ], [ 77.8, 11.2 ], [ 77.7, 11.2 ], [ 77.7, 11.1 ], [ 77.8, 11.1 ] ] ] } },
{ "type": "Feature", "properties": { "grid_lat": 11.1, "grid_lon": 77.6, "event_count": 1 }, "geometry": { "type": "Polygon", "coordinates": [ [ [ 77.7, 11.1 ], [ 77.7, 11.2 ], [ 77.6, 11.2 ], [ 77.6, 11.1 ], [ 77.7, 11.1 ] ] ] } },
{ "type": "Feature", "properties": { "grid_lat": 11.1, "grid_lon": 77.4, "event_count": 1 }, "geometry": { "type": "Polygon", "coordinates": [ [ [ 77.5, 11.1 ], [ 77.5, 11.2 ], [ 77.4, 11.2 ], [ 77.4, 11.1 ], [ 77.5, 11.1 ] ] ] } },
{ "type": "Feature", "properties": { "grid_lat": 11.0, "grid_lon": 79.2, "event_count": 1 }, "geometry": { "type": "Polygon", "coordinates": [ [ [ 79.3, 11.0 ], [ 79.3, 11.1 ], [ 79.2, 11.1 ], [ 79.2, 11.0 ], [ 79.3, 11.0 ] ] ] } },
{ "type": "Feature", "properties": { "grid_lat": 16.0, "grid_lon": 79.9, "event_count": 1 }, "geometry": { "type": "Polygon", "coordinates": [ [ [ 80.0, 16.0 ], [ 80.0, 16.1 ], [ 79.9, 16.1 ], [ 79.9, 16.0 ], [ 80.0, 16.0 ] ] ] } },
{ "type": "Feature", "properties": { "grid_lat": 15.9, "grid_lon": 80.0, "event_count": 1 }, "geometry": { "type": "Polygon", "coordinates": [ [ [ 80.1, 15.9 ], [ 80.1, 16.0 ], [ 80.0, 16.0 ], [ 80.0, 15.9 ], [ 80.1, 15.9 ] ] ] } },
{ "type": "Feature", "properties": { "grid_lat": 15.9, "grid_lon": 76.4, "event_count": 1 }, "geometry": { "type": "Polygon", "coordinates": [ [ [ 76.5, 15.9 ], [ 76.5, 16.0 ], [ 76.4, 16.0 ], [ 76.4, 15.9 ], [ 76.5, 15.9 ] ] ] } },
{ "type": "Feature", "properties": { "grid_lat": 15.6, "grid_lon": 78.4, "event_count": 1 }, "geometry": { "type": "Polygon", "coordinates": [ [ [ 78.5, 15.6 ], [ 78.5, 15.7 ], [ 78.4, 15.7 ], [ 78.4, 15.6 ], [ 78.5, 15.6 ] ] ] } },
{ "type": "Feature", "properties": { "grid_lat": 15.5, "grid_lon": 79.3, "event_count": 1 }, "geometry": { "type": "Polygon", "coordinates": [ [ [ 79.4, 15.5 ], [ 79.4, 15.6 ], [ 79.3, 15.6 ], [ 79.3, 15.5 ], [ 79.4, 15.5 ] ] ] } },
{ "type": "Feature", "properties": { "grid_lat": 15.4, "grid_lon": 77.7, "event_count": 1 }, "geometry": { "type": "Polygon", "coordinates": [ [ [ 77.8, 15.4 ], [ 77.8, 15.5 ], [ 77.7, 15.5 ], [ 77.7, 15.4 ], [ 77.8, 15.4 ] ] ] } },
{ "type": "Feature", "properties": { "grid_lat": 15.3, "grid_lon": 75.7, "event_count": 1 }, "geometry": { "type": "Polygon", "coordinates": [ [ [ 75.8, 15.3 ], [ 75.8, 15.4 ], [ 75.7, 15.4 ], [ 75.7, 15.3 ], [ 75.8, 15.3 ] ] ] } },
{ "type": "Feature", "properties": { "grid_lat": 15.2, "grid_lon": 76.6, "event_count": 1 }, "geometry": { "type": "Polygon", "coordinates": [ [ [ 76.7, 15.2 ], [ 76.7, 15.3 ], [ 76.6, 15.3 ], [ 76.6, 15.2 ], [ 76.7, 15.2 ] ] ] } },
{ "type": "Feature", "properties": { "grid_lat": 15.1, "grid_lon": 79.9, "event_count": 1 }, "geometry": { "type": "Polygon", "coordinates": [ [ [ 80.0, 15.1 ], [ 80.0, 15.2 ], [ 79.9, 15.2 ], [ 79.9, 15.1 ], [ 80.0, 15.1 ] ] ] } },
{ "type": "Feature", "properties": { "grid_lat": 17.0, "grid_lon": 79.6, "event_count": 1 }, "geometry": { "type": "Polygon", "coordinates": [ [ [ 79.7, 17.0 ], [ 79.7, 17.1 ], [ 79.6, 17.1 ], [ 79.6, 17.0 ], [ 79.7, 17.0 ] ] ] } },
{ "type": "Feature", "properties": { "grid_lat": 17.0, "grid_lon": 76.9, "event_count": 1 }, "geometry": { "type": "Polygon", "coordinates": [ [ [ 77.0, 17.0 ], [ 77.0, 17.1 ], [ 76.9, 17.1 ], [ 76.9, 17.0 ], [ 77.0, 17.0 ] ] ] } },
{ "type": "Feature", "properties": { "grid_lat": 16.8, "grid_lon": 80.1, "event_count": 1 }, "geometry": { "type": "Polygon", "coordinates": [ [ [ 80.2, 16.8 ], [ 80.2, 16.9 ], [ 80.1, 16.9 ], [ 80.1, 16.8 ], [ 80.2, 16.8 ] ] ] } },
{ "type": "Feature", "properties": { "grid_lat": 16.8, "grid_lon": 79.9, "event_count": 1 }, "geometry": { "type": "Polygon", "coordinates": [ [ [ 80.0, 16.8 ], [ 80.0, 16.9 ], [ 79.9, 16.9 ], [ 79.9, 16.8 ], [ 80.0, 16.8 ] ] ] } },
{ "type": "Feature", "properties": { "grid_lat": 16.6, "grid_lon": 79.6, "event_count": 1 }, "geometry": { "type": "Polygon", "coordinates": [ [ [ 79.7, 16.6 ], [ 79.7, 16.7 ], [ 79.6, 16.7 ], [ 79.6, 16.6 ], [ 79.7, 16.6 ] ] ] } },
{ "type": "Feature", "properties": { "grid_lat": 16.6, "grid_lon": 74.3, "event_count": 1 }, "geometry": { "type": "Polygon", "coordinates": [ [ [ 74.4, 16.6 ], [ 74.4, 16.7 ], [ 74.3, 16.7 ], [ 74.3, 16.6 ], [ 74.4, 16.6 ] ] ] } },
{ "type": "Feature", "properties": { "grid_lat": 16.5, "grid_lon": 79.5, "event_count": 1 }, "geometry": { "type": "Polygon", "coordinates": [ [ [ 79.6, 16.5 ], [ 79.6, 16.6 ], [ 79.5, 16.6 ], [ 79.5, 16.5 ], [ 79.6, 16.5 ] ] ] } },
{ "type": "Feature", "properties": { "grid_lat": 16.5, "grid_lon": 78.3, "event_count": 1 }, "geometry": { "type": "Polygon", "coordinates": [ [ [ 78.4, 16.5 ], [ 78.4, 16.6 ], [ 78.3, 16.6 ], [ 78.3, 16.5 ], [ 78.4, 16.5 ] ] ] } },
{ "type": "Feature", "properties": { "grid_lat": 16.4, "grid_lon": 77.8, "event_count": 1 }, "geometry": { "type": "Polygon", "coordinates": [ [ [ 77.9, 16.4 ], [ 77.9, 16.5 ], [ 77.8, 16.5 ], [ 77.8, 16.4 ], [ 77.9, 16.4 ] ] ] } },
{ "type": "Feature", "properties": { "grid_lat": 16.3, "grid_lon": 78.3, "event_count": 1 }, "geometry": { "type": "Polygon", "coordinates": [ [ [ 78.4, 16.3 ], [ 78.4, 16.4 ], [ 78.3, 16.4 ], [ 78.3, 16.3 ], [ 78.4, 16.3 ] ] ] } },
{ "type": "Feature", "properties": { "grid_lat": 16.3, "grid_lon": 77.8, "event_count": 1 }, "geometry": { "type": "Polygon", "coordinates": [ [ [ 77.9, 16.3 ], [ 77.9, 16.4 ], [ 77.8, 16.4 ], [ 77.8, 16.3 ], [ 77.9, 16.3 ] ] ] } },
{ "type": "Feature", "properties": { "grid_lat": 16.2, "grid_lon": 75.2, "event_count": 1 }, "geometry": { "type": "Polygon", "coordinates": [ [ [ 75.3, 16.2 ], [ 75.3, 16.3 ], [ 75.2, 16.3 ], [ 75.2, 16.2 ], [ 75.3, 16.2 ] ] ] } },
{ "type": "Feature", "properties": { "grid_lat": 16.1, "grid_lon": 75.1, "event_count": 1 }, "geometry": { "type": "Polygon", "coordinates": [ [ [ 75.2, 16.1 ], [ 75.2, 16.2 ], [ 75.1, 16.2 ], [ 75.1, 16.1 ], [ 75.2, 16.1 ] ] ] } },
{ "type": "Feature", "properties": { "grid_lat": 17.8, "grid_lon": 82.5, "event_count": 1 }, "geometry": { "type": "Polygon", "coordinates": [ [ [ 82.6, 17.8 ], [ 82.6, 17.9 ], [ 82.5, 17.9 ], [ 82.5, 17.8 ], [ 82.6, 17.8 ] ] ] } },
{ "type": "Feature", "properties": { "grid_lat": 17.7, "grid_lon": 75.7, "event_count": 1 }, "geometry": { "type": "Polygon", "coordinates": [ [ [ 75.8, 17.7 ], [ 75.8, 17.8 ], [ 75.7, 17.8 ], [ 75.7, 17.7 ], [ 75.8, 17.7 ] ] ] } },
{ "type": "Feature", "properties": { "grid_lat": 17.6, "grid_lon": 82.6, "event_count": 1 }, "geometry": { "type": "Polygon", "coordinates": [ [ [ 82.7, 17.6 ], [ 82.7, 17.7 ], [ 82.6, 17.7 ], [ 82.6, 17.6 ], [ 82.7, 17.6 ] ] ] } },
{ "type": "Feature", "properties": { "grid_lat": 17.5, "grid_lon": 83.1, "event_count": 1 }, "geometry": { "type": "Polygon", "coordinates": [ [ [ 83.2, 17.5 ], [ 83.2, 17.6 ], [ 83.1, 17.6 ], [ 83.1, 17.5 ], [ 83.2, 17.5 ] ] ] } },
{ "type": "Feature", "properties": { "grid_lat": 17.3, "grid_lon": 81.8, "event_count": 1 }, "geometry": { "type": "Polygon", "coordinates": [ [ [ 81.9, 17.3 ], [ 81.9, 17.4 ], [ 81.8, 17.4 ], [ 81.8, 17.3 ], [ 81.9, 17.3 ] ] ] } },
{ "type": "Feature", "properties": { "grid_lat": 17.3, "grid_lon": 81.1, "event_count": 1 }, "geometry": { "type": "Polygon", "coordinates": [ [ [ 81.2, 17.3 ], [ 81.2, 17.4 ], [ 81.1, 17.4 ], [ 81.1, 17.3 ], [ 81.2, 17.3 ] ] ] } },
{ "type": "Feature", "properties": { "grid_lat": 17.3, "grid_lon": 76.8, "event_count": 1 }, "geometry": { "type": "Polygon", "coordinates": [ [ [ 76.9, 17.3 ], [ 76.9, 17.4 ], [ 76.8, 17.4 ], [ 76.8, 17.3 ], [ 76.9, 17.3 ] ] ] } },
{ "type": "Feature", "properties": { "grid_lat": 17.1, "grid_lon": 80.1, "event_count": 1 }, "geometry": { "type": "Polygon", "coordinates": [ [ [ 80.2, 17.1 ], [ 80.2, 17.2 ], [ 80.1, 17.2 ], [ 80.1, 17.1 ], [ 80.2, 17.1 ] ] ] } },
{ "type": "Feature", "properties": { "grid_lat": 17.1, "grid_lon": 78.2, "event_count": 1 }, "geometry": { "type": "Polygon", "coordinates": [ [ [ 78.3, 17.1 ], [ 78.3, 17.2 ], [ 78.2, 17.2 ], [ 78.2, 17.1 ], [ 78.3, 17.1 ] ] ] } },
{ "type": "Feature", "properties": { "grid_lat": 17.0, "grid_lon": 81.8, "event_count": 1 }, "geometry": { "type": "Polygon", "coordinates": [ [ [ 81.9, 17.0 ], [ 81.9, 17.1 ], [ 81.8, 17.1 ], [ 81.8, 17.0 ], [ 81.9, 17.0 ] ] ] } },
{ "type": "Feature", "properties": { "grid_lat": 19.2, "grid_lon": 74.6, "event_count": 1 }, "geometry": { "type": "Polygon", "coordinates": [ [ [ 74.7, 19.2 ], [ 74.7, 19.3 ], [ 74.6, 19.3 ], [ 74.6, 19.2 ], [ 74.7, 19.2 ] ] ] } },
{ "type": "Feature", "properties": { "grid_lat": 10.9, "grid_lon": 77.0, "event_count": 1 }, "geometry": { "type": "Polygon", "coordinates": [ [ [ 77.1, 10.9 ], [ 77.1, 11.0 ], [ 77.0, 11.0 ], [ 77.0, 10.9 ], [ 77.1, 10.9 ] ] ] } },
{ "type": "Feature", "properties": { "grid_lat": 10.9, "grid_lon": 76.9, "event_count": 1 }, "geometry": { "type": "Polygon", "coordinates": [ [ [ 77.0, 10.9 ], [ 77.0, 11.0 ], [ 76.9, 11.0 ], [ 76.9, 10.9 ], [ 77.0, 10.9 ] ] ] } },
{ "type": "Feature", "properties": { "grid_lat": 10.8, "grid_lon": 79.8, "event_count": 1 }, "geometry": { "type": "Polygon", "coordinates": [ [ [ 79.9, 10.8 ], [ 79.9, 10.9 ], [ 79.8, 10.9 ], [ 79.8, 10.8 ], [ 79.9, 10.8 ] ] ] } },
{ "type": "Feature", "properties": { "grid_lat": 10.8, "grid_lon": 79.3, "event_count": 1 }, "geometry": { "type": "Polygon", "coordinates": [ [ [ 79.4, 10.8 ], [ 79.4, 10.9 ], [ 79.3, 10.9 ], [ 79.3, 10.8 ], [ 79.4, 10.8 ] ] ] } },
{ "type": "Feature", "properties": { "grid_lat": 10.8, "grid_lon": 78.6, "event_count": 1 }, "geometry": { "type": "Polygon", "coordinates": [ [ [ 78.7, 10.8 ], [ 78.7, 10.9 ], [ 78.6, 10.9 ], [ 78.6, 10.8 ], [ 78.7, 10.8 ] ] ] } },
{ "type": "Feature", "properties": { "grid_lat": 10.8, "grid_lon": 78.5, "event_count": 1 }, "geometry": { "type": "Polygon", "coordinates": [ [ [ 78.6, 10.8 ], [ 78.6, 10.9 ], [ 78.5, 10.9 ], [ 78.5, 10.8 ], [ 78.6, 10.8 ] ] ] } },
{ "type": "Feature", "properties": { "grid_lat": 10.8, "grid_lon": 77.9, "event_count": 1 }, "geometry": { "type": "Polygon", "coordinates": [ [ [ 78.0, 10.8 ], [ 78.0, 10.9 ], [ 77.9, 10.9 ], [ 77.9, 10.8 ], [ 78.0, 10.8 ] ] ] } },
{ "type": "Feature", "properties": { "grid_lat": 10.8, "grid_lon": 77.8, "event_count": 1 }, "geometry": { "type": "Polygon", "coordinates": [ [ [ 77.9, 10.8 ], [ 77.9, 10.9 ], [ 77.8, 10.9 ], [ 77.8, 10.8 ], [ 77.9, 10.8 ] ] ] } },
{ "type": "Feature", "properties": { "grid_lat": 10.8, "grid_lon": 77.7, "event_count": 1 }, "geometry": { "type": "Polygon", "coordinates": [ [ [ 77.8, 10.8 ], [ 77.8, 10.9 ], [ 77.7, 10.9 ], [ 77.7, 10.8 ], [ 77.8, 10.8 ] ] ] } },
{ "type": "Feature", "properties": { "grid_lat": 10.8, "grid_lon": 77.6, "event_count": 1 }, "geometry": { "type": "Polygon", "coordinates": [ [ [ 77.7, 10.8 ], [ 77.7, 10.9 ], [ 77.6, 10.9 ], [ 77.6, 10.8 ], [ 77.7, 10.8 ] ] ] } },
{ "type": "Feature", "properties": { "grid_lat": 10.8, "grid_lon": 77.4, "event_count": 1 }, "geometry": { "type": "Polygon", "coordinates": [ [ [ 77.5, 10.8 ], [ 77.5, 10.9 ], [ 77.4, 10.9 ], [ 77.4, 10.8 ], [ 77.5, 10.8 ] ] ] } },
{ "type": "Feature", "properties": { "grid_lat": 10.7, "grid_lon": 79.4, "event_count": 1 }, "geometry": { "type": "Polygon", "coordinates": [ [ [ 79.5, 10.7 ], [ 79.5, 10.8 ], [ 79.4, 10.8 ], [ 79.4, 10.7 ], [ 79.5, 10.7 ] ] ] } },
{ "type": "Feature", "properties": { "grid_lat": 10.7, "grid_lon": 78.9, "event_count": 1 }, "geometry": { "type": "Polygon", "coordinates": [ [ [ 79.0, 10.7 ], [ 79.0, 10.8 ], [ 78.9, 10.8 ], [ 78.9, 10.7 ], [ 79.0, 10.7 ] ] ] } },
{ "type": "Feature", "properties": { "grid_lat": 10.7, "grid_lon": 77.7, "event_count": 1 }, "geometry": { "type": "Polygon", "coordinates": [ [ [ 77.8, 10.7 ], [ 77.8, 10.8 ], [ 77.7, 10.8 ], [ 77.7, 10.7 ], [ 77.8, 10.7 ] ] ] } },
{ "type": "Feature", "properties": { "grid_lat": 10.7, "grid_lon": 77.5, "event_count": 1 }, "geometry": { "type": "Polygon", "coordinates": [ [ [ 77.6, 10.7 ], [ 77.6, 10.8 ], [ 77.5, 10.8 ], [ 77.5, 10.7 ], [ 77.6, 10.7 ] ] ] } },
{ "type": "Feature", "properties": { "grid_lat": 11.2, "grid_lon": 80.0, "event_count": 1 }, "geometry": { "type": "Polygon", "coordinates": [ [ [ 80.1, 11.2 ], [ 80.1, 11.3 ], [ 80.0, 11.3 ], [ 80.0, 11.2 ], [ 80.1, 11.2 ] ] ] } },
{ "type": "Feature", "properties": { "grid_lat": 18.7, "grid_lon": 72.8, "event_count": 1 }, "geometry": { "type": "Polygon", "coordinates": [ [ [ 72.9, 18.7 ], [ 72.9, 18.8 ], [ 72.8, 18.8 ], [ 72.8, 18.7 ], [ 72.9, 18.7 ] ] ] } },
{ "type": "Feature", "properties": { "grid_lat": 18.6, "grid_lon": 74.6, "event_count": 1 }, "geometry": { "type": "Polygon", "coordinates": [ [ [ 74.7, 18.6 ], [ 74.7, 18.7 ], [ 74.6, 18.7 ], [ 74.6, 18.6 ], [ 74.7, 18.6 ] ] ] } },
{ "type": "Feature", "properties": { "grid_lat": 18.6, "grid_lon": 74.4, "event_count": 1 }, "geometry": { "type": "Polygon", "coordinates": [ [ [ 74.5, 18.6 ], [ 74.5, 18.7 ], [ 74.4, 18.7 ], [ 74.4, 18.6 ], [ 74.5, 18.6 ] ] ] } },
{ "type": "Feature", "properties": { "grid_lat": 18.5, "grid_lon": 74.4, "event_count": 1 }, "geometry": { "type": "Polygon", "coordinates": [ [ [ 74.5, 18.5 ], [ 74.5, 18.6 ], [ 74.4, 18.6 ], [ 74.4, 18.5 ], [ 74.5, 18.5 ] ] ] } },
{ "type": "Feature", "properties": { "grid_lat": 18.5, "grid_lon": 74.3, "event_count": 1 }, "geometry": { "type": "Polygon", "coordinates": [ [ [ 74.4, 18.5 ], [ 74.4, 18.6 ], [ 74.3, 18.6 ], [ 74.3, 18.5 ], [ 74.4, 18.5 ] ] ] } },
{ "type": "Feature", "properties": { "grid_lat": 18.4, "grid_lon": 73.9, "event_count": 1 }, "geometry": { "type": "Polygon", "coordinates": [ [ [ 74.0, 18.4 ], [ 74.0, 18.5 ], [ 73.9, 18.5 ], [ 73.9, 18.4 ], [ 74.0, 18.4 ] ] ] } },
{ "type": "Feature", "properties": { "grid_lat": 18.3, "grid_lon": 83.6, "event_count": 1 }, "geometry": { "type": "Polygon", "coordinates": [ [ [ 83.7, 18.3 ], [ 83.7, 18.4 ], [ 83.6, 18.4 ], [ 83.6, 18.3 ], [ 83.7, 18.3 ] ] ] } },
{ "type": "Feature", "properties": { "grid_lat": 18.2, "grid_lon": 83.9, "event_count": 1 }, "geometry": { "type": "Polygon", "coordinates": [ [ [ 84.0, 18.2 ], [ 84.0, 18.3 ], [ 83.9, 18.3 ], [ 83.9, 18.2 ], [ 84.0, 18.2 ] ] ] } },
{ "type": "Feature", "properties": { "grid_lat": 14.2, "grid_lon": 79.2, "event_count": 1 }, "geometry": { "type": "Polygon", "coordinates": [ [ [ 79.3, 14.2 ], [ 79.3, 14.3 ], [ 79.2, 14.3 ], [ 79.2, 14.2 ], [ 79.3, 14.2 ] ] ] } },
{ "type": "Feature", "properties": { "grid_lat": 14.2, "grid_lon": 77.2, "event_count": 1 }, "geometry": { "type": "Polygon", "coordinates": [ [ [ 77.3, 14.2 ], [ 77.3, 14.3 ], [ 77.2, 14.3 ], [ 77.2, 14.2 ], [ 77.3, 14.2 ] ] ] } },
{ "type": "Feature", "properties": { "grid_lat": 14.1, "grid_lon": 77.6, "event_count": 1 }, "geometry": { "type": "Polygon", "coordinates": [ [ [ 77.7, 14.1 ], [ 77.7, 14.2 ], [ 77.6, 14.2 ], [ 77.6, 14.1 ], [ 77.7, 14.1 ] ] ] } },
{ "type": "Feature", "properties": { "grid_lat": 14.1, "grid_lon": 76.5, "event_count": 1 }, "geometry": { "type": "Polygon", "coordinates": [ [ [ 76.6, 14.1 ], [ 76.6, 14.2 ], [ 76.5, 14.2 ], [ 76.5, 14.1 ], [ 76.6, 14.1 ] ] ] } },
{ "type": "Feature", "properties": { "grid_lat": 13.9, "grid_lon": 80.0, "event_count": 1 }, "geometry": { "type": "Polygon", "coordinates": [ [ [ 80.1, 13.9 ], [ 80.1, 14.0 ], [ 80.0, 14.0 ], [ 80.0, 13.9 ], [ 80.1, 13.9 ] ] ] } },
{ "type": "Feature", "properties": { "grid_lat": 14.8, "grid_lon": 79.0, "event_count": 1 }, "geometry": { "type": "Polygon", "coordinates": [ [ [ 79.1, 14.8 ], [ 79.1, 14.9 ], [ 79.0, 14.9 ], [ 79.0, 14.8 ], [ 79.1, 14.8 ] ] ] } },
{ "type": "Feature", "properties": { "grid_lat": 14.8, "grid_lon": 78.1, "event_count": 1 }, "geometry": { "type": "Polygon", "coordinates": [ [ [ 78.2, 14.8 ], [ 78.2, 14.9 ], [ 78.1, 14.9 ], [ 78.1, 14.8 ], [ 78.2, 14.8 ] ] ] } },
{ "type": "Feature", "properties": { "grid_lat": 14.8, "grid_lon": 78.0, "event_count": 1 }, "geometry": { "type": "Polygon", "coordinates": [ [ [ 78.1, 14.8 ], [ 78.1, 14.9 ], [ 78.0, 14.9 ], [ 78.0, 14.8 ], [ 78.1, 14.8 ] ] ] } },
{ "type": "Feature", "properties": { "grid_lat": 14.8, "grid_lon": 77.4, "event_count": 1 }, "geometry": { "type": "Polygon", "coordinates": [ [ [ 77.5, 14.8 ], [ 77.5, 14.9 ], [ 77.4, 14.9 ], [ 77.4, 14.8 ], [ 77.5, 14.8 ] ] ] } },
{ "type": "Feature", "properties": { "grid_lat": 14.7, "grid_lon": 79.8, "event_count": 1 }, "geometry": { "type": "Polygon", "coordinates": [ [ [ 79.9, 14.7 ], [ 79.9, 14.8 ], [ 79.8, 14.8 ], [ 79.8, 14.7 ], [ 79.9, 14.7 ] ] ] } },
{ "type": "Feature", "properties": { "grid_lat": 14.7, "grid_lon": 79.6, "event_count": 1 }, "geometry": { "type": "Polygon", "coordinates": [ [ [ 79.7, 14.7 ], [ 79.7, 14.8 ], [ 79.6, 14.8 ], [ 79.6, 14.7 ], [ 79.7, 14.7 ] ] ] } },
{ "type": "Feature", "properties": { "grid_lat": 18.2, "grid_lon": 75.4, "event_count": 1 }, "geometry": { "type": "Polygon", "coordinates": [ [ [ 75.5, 18.2 ], [ 75.5, 18.3 ], [ 75.4, 18.3 ], [ 75.4, 18.2 ], [ 75.5, 18.2 ] ] ] } },
{ "type": "Feature", "properties": { "grid_lat": 17.9, "grid_lon": 83.1, "event_count": 1 }, "geometry": { "type": "Polygon", "coordinates": [ [ [ 83.2, 17.9 ], [ 83.2, 18.0 ], [ 83.1, 18.0 ], [ 83.1, 17.9 ], [ 83.2, 17.9 ] ] ] } },
{ "type": "Feature", "properties": { "grid_lat": 20.8, "grid_lon": 70.5, "event_count": 1 }, "geometry": { "type": "Polygon", "coordinates": [ [ [ 70.6, 20.8 ], [ 70.6, 20.9 ], [ 70.5, 20.9 ], [ 70.5, 20.8 ], [ 70.6, 20.8 ] ] ] } },
{ "type": "Feature", "properties": { "grid_lat": 20.7, "grid_lon": 78.6, "event_count": 1 }, "geometry": { "type": "Polygon", "coordinates": [ [ [ 78.7, 20.7 ], [ 78.7, 20.8 ], [ 78.6, 20.8 ], [ 78.6, 20.7 ], [ 78.7, 20.7 ] ] ] } },
{ "type": "Feature", "properties": { "grid_lat": 20.5, "grid_lon": 85.7, "event_count": 1 }, "geometry": { "type": "Polygon", "coordinates": [ [ [ 85.8, 20.5 ], [ 85.8, 20.6 ], [ 85.7, 20.6 ], [ 85.7, 20.5 ], [ 85.8, 20.5 ] ] ] } },
{ "type": "Feature", "properties": { "grid_lat": 20.3, "grid_lon": 72.9, "event_count": 1 }, "geometry": { "type": "Polygon", "coordinates": [ [ [ 73.0, 20.3 ], [ 73.0, 20.4 ], [ 72.9, 20.4 ], [ 72.9, 20.3 ], [ 73.0, 20.3 ] ] ] } },
{ "type": "Feature", "properties": { "grid_lat": 19.7, "grid_lon": 79.1, "event_count": 1 }, "geometry": { "type": "Polygon", "coordinates": [ [ [ 79.2, 19.7 ], [ 79.2, 19.8 ], [ 79.1, 19.8 ], [ 79.1, 19.7 ], [ 79.2, 19.7 ] ] ] } },
{ "type": "Feature", "properties": { "grid_lat": 19.4, "grid_lon": 74.7, "event_count": 1 }, "geometry": { "type": "Polygon", "coordinates": [ [ [ 74.8, 19.4 ], [ 74.8, 19.5 ], [ 74.7, 19.5 ], [ 74.7, 19.4 ], [ 74.8, 19.4 ] ] ] } },
{ "type": "Feature", "properties": { "grid_lat": 21.5, "grid_lon": 87.2, "event_count": 1 }, "geometry": { "type": "Polygon", "coordinates": [ [ [ 87.3, 21.5 ], [ 87.3, 21.6 ], [ 87.2, 21.6 ], [ 87.2, 21.5 ], [ 87.3, 21.5 ] ] ] } },
{ "type": "Feature", "properties": { "grid_lat": 21.5, "grid_lon": 85.6, "event_count": 1 }, "geometry": { "type": "Polygon", "coordinates": [ [ [ 85.7, 21.5 ], [ 85.7, 21.6 ], [ 85.6, 21.6 ], [ 85.6, 21.5 ], [ 85.7, 21.5 ] ] ] } },
{ "type": "Feature", "properties": { "grid_lat": 21.5, "grid_lon": 82.0, "event_count": 1 }, "geometry": { "type": "Polygon", "coordinates": [ [ [ 82.1, 21.5 ], [ 82.1, 21.6 ], [ 82.0, 21.6 ], [ 82.0, 21.5 ], [ 82.1, 21.5 ] ] ] } },
{ "type": "Feature", "properties": { "grid_lat": 21.3, "grid_lon": 81.5, "event_count": 1 }, "geometry": { "type": "Polygon", "coordinates": [ [ [ 81.6, 21.3 ], [ 81.6, 21.4 ], [ 81.5, 21.4 ], [ 81.5, 21.3 ], [ 81.6, 21.3 ] ] ] } },
{ "type": "Feature", "properties": { "grid_lat": 21.2, "grid_lon": 79.6, "event_count": 1 }, "geometry": { "type": "Polygon", "coordinates": [ [ [ 79.7, 21.2 ], [ 79.7, 21.3 ], [ 79.6, 21.3 ], [ 79.6, 21.2 ], [ 79.7, 21.2 ] ] ] } },
{ "type": "Feature", "properties": { "grid_lat": 21.1, "grid_lon": 81.4, "event_count": 1 }, "geometry": { "type": "Polygon", "coordinates": [ [ [ 81.5, 21.1 ], [ 81.5, 21.2 ], [ 81.4, 21.2 ], [ 81.4, 21.1 ], [ 81.5, 21.1 ] ] ] } },
{ "type": "Feature", "properties": { "grid_lat": 21.0, "grid_lon": 72.6, "event_count": 1 }, "geometry": { "type": "Polygon", "coordinates": [ [ [ 72.7, 21.0 ], [ 72.7, 21.1 ], [ 72.6, 21.1 ], [ 72.6, 21.0 ], [ 72.7, 21.0 ] ] ] } },
{ "type": "Feature", "properties": { "grid_lat": 10.6, "grid_lon": 78.9, "event_count": 1 }, "geometry": { "type": "Polygon", "coordinates": [ [ [ 79.0, 10.6 ], [ 79.0, 10.7 ], [ 78.9, 10.7 ], [ 78.9, 10.6 ], [ 79.0, 10.6 ] ] ] } },
{ "type": "Feature", "properties": { "grid_lat": 10.6, "grid_lon": 77.5, "event_count": 1 }, "geometry": { "type": "Polygon", "coordinates": [ [ [ 77.6, 10.6 ], [ 77.6, 10.7 ], [ 77.5, 10.7 ], [ 77.5, 10.6 ], [ 77.6, 10.6 ] ] ] } },
{ "type": "Feature", "properties": { "grid_lat": 10.4, "grid_lon": 79.6, "event_count": 1 }, "geometry": { "type": "Polygon", "coordinates": [ [ [ 79.7, 10.4 ], [ 79.7, 10.5 ], [ 79.6, 10.5 ], [ 79.6, 10.4 ], [ 79.7, 10.4 ] ] ] } },
{ "type": "Feature", "properties": { "grid_lat": 10.4, "grid_lon": 79.4, "event_count": 1 }, "geometry": { "type": "Polygon", "coordinates": [ [ [ 79.5, 10.4 ], [ 79.5, 10.5 ], [ 79.4, 10.5 ], [ 79.4, 10.4 ], [ 79.5, 10.4 ] ] ] } },
{ "type": "Feature", "properties": { "grid_lat": 10.4, "grid_lon": 79.2, "event_count": 1 }, "geometry": { "type": "Polygon", "coordinates": [ [ [ 79.3, 10.4 ], [ 79.3, 10.5 ], [ 79.2, 10.5 ], [ 79.2, 10.4 ], [ 79.3, 10.4 ] ] ] } },
{ "type": "Feature", "properties": { "grid_lat": 10.4, "grid_lon": 79.1, "event_count": 1 }, "geometry": { "type": "Polygon", "coordinates": [ [ [ 79.2, 10.4 ], [ 79.2, 10.5 ], [ 79.1, 10.5 ], [ 79.1, 10.4 ], [ 79.2, 10.4 ] ] ] } },
{ "type": "Feature", "properties": { "grid_lat": 10.4, "grid_lon": 77.3, "event_count": 1 }, "geometry": { "type": "Polygon", "coordinates": [ [ [ 77.4, 10.4 ], [ 77.4, 10.5 ], [ 77.3, 10.5 ], [ 77.3, 10.4 ], [ 77.4, 10.4 ] ] ] } },
{ "type": "Feature", "properties": { "grid_lat": 10.3, "grid_lon": 79.3, "event_count": 1 }, "geometry": { "type": "Polygon", "coordinates": [ [ [ 79.4, 10.3 ], [ 79.4, 10.4 ], [ 79.3, 10.4 ], [ 79.3, 10.3 ], [ 79.4, 10.3 ] ] ] } },
{ "type": "Feature", "properties": { "grid_lat": 10.3, "grid_lon": 77.6, "event_count": 1 }, "geometry": { "type": "Polygon", "coordinates": [ [ [ 77.7, 10.3 ], [ 77.7, 10.4 ], [ 77.6, 10.4 ], [ 77.6, 10.3 ], [ 77.7, 10.3 ] ] ] } },
{ "type": "Feature", "properties": { "grid_lat": 10.2, "grid_lon": 77.2, "event_count": 1 }, "geometry": { "type": "Polygon", "coordinates": [ [ [ 77.3, 10.2 ], [ 77.3, 10.3 ], [ 77.2, 10.3 ], [ 77.2, 10.2 ], [ 77.3, 10.2 ] ] ] } },
{ "type": "Feature", "properties": { "grid_lat": 10.1, "grid_lon": 77.8, "event_count": 1 }, "geometry": { "type": "Polygon", "coordinates": [ [ [ 77.9, 10.1 ], [ 77.9, 10.2 ], [ 77.8, 10.2 ], [ 77.8, 10.1 ], [ 77.9, 10.1 ] ] ] } },
{ "type": "Feature", "properties": { "grid_lat": 10.9, "grid_lon": 77.1, "event_count": 1 }, "geometry": { "type": "Polygon", "coordinates": [ [ [ 77.2, 10.9 ], [ 77.2, 11.0 ], [ 77.1, 11.0 ], [ 77.1, 10.9 ], [ 77.2, 10.9 ] ] ] } },
{ "type": "Feature", "properties": { "grid_lat": 21.8, "grid_lon": 85.5, "event_count": 1 }, "geometry": { "type": "Polygon", "coordinates": [ [ [ 85.6, 21.8 ], [ 85.6, 21.9 ], [ 85.5, 21.9 ], [ 85.5, 21.8 ], [ 85.6, 21.8 ] ] ] } },
{ "type": "Feature", "properties": { "grid_lat": 21.8, "grid_lon": 84.9, "event_count": 1 }, "geometry": { "type": "Polygon", "coordinates": [ [ [ 85.0, 21.8 ], [ 85.0, 21.9 ], [ 84.9, 21.9 ], [ 84.9, 21.8 ], [ 85.0, 21.8 ] ] ] } },
{ "type": "Feature", "properties": { "grid_lat": 21.8, "grid_lon": 83.5, "event_count": 1 }, "geometry": { "type": "Polygon", "coordinates": [ [ [ 83.6, 21.8 ], [ 83.6, 21.9 ], [ 83.5, 21.9 ], [ 83.5, 21.8 ], [ 83.6, 21.8 ] ] ] } },
{ "type": "Feature", "properties": { "grid_lat": 21.7, "grid_lon": 85.5, "event_count": 1 }, "geometry": { "type": "Polygon", "coordinates": [ [ [ 85.6, 21.7 ], [ 85.6, 21.8 ], [ 85.5, 21.8 ], [ 85.5, 21.7 ], [ 85.6, 21.7 ] ] ] } },
{ "type": "Feature", "properties": { "grid_lat": 21.6, "grid_lon": 85.4, "event_count": 1 }, "geometry": { "type": "Polygon", "coordinates": [ [ [ 85.5, 21.6 ], [ 85.5, 21.7 ], [ 85.4, 21.7 ], [ 85.4, 21.6 ], [ 85.5, 21.6 ] ] ] } },
{ "type": "Feature", "properties": { "grid_lat": 21.6, "grid_lon": 82.0, "event_count": 1 }, "geometry": { "type": "Polygon", "coordinates": [ [ [ 82.1, 21.6 ], [ 82.1, 21.7 ], [ 82.0, 21.7 ], [ 82.0, 21.6 ], [ 82.1, 21.6 ] ] ] } },
{ "type": "Feature", "properties": { "grid_lat": 21.6, "grid_lon": 72.9, "event_count": 1 }, "geometry": { "type": "Polygon", "coordinates": [ [ [ 73.0, 21.6 ], [ 73.0, 21.7 ], [ 72.9, 21.7 ], [ 72.9, 21.6 ], [ 73.0, 21.6 ] ] ] } },
{ "type": "Feature", "properties": { "grid_lat": 13.4, "grid_lon": 77.7, "event_count": 1 }, "geometry": { "type": "Polygon", "coordinates": [ [ [ 77.8, 13.4 ], [ 77.8, 13.5 ], [ 77.7, 13.5 ], [ 77.7, 13.4 ], [ 77.8, 13.4 ] ] ] } },
{ "type": "Feature", "properties": { "grid_lat": 13.3, "grid_lon": 78.8, "event_count": 1 }, "geometry": { "type": "Polygon", "coordinates": [ [ [ 78.9, 13.3 ], [ 78.9, 13.4 ], [ 78.8, 13.4 ], [ 78.8, 13.3 ], [ 78.9, 13.3 ] ] ] } },
{ "type": "Feature", "properties": { "grid_lat": 13.2, "grid_lon": 78.1, "event_count": 1 }, "geometry": { "type": "Polygon", "coordinates": [ [ [ 78.2, 13.2 ], [ 78.2, 13.3 ], [ 78.1, 13.3 ], [ 78.1, 13.2 ], [ 78.2, 13.2 ] ] ] } },
{ "type": "Feature", "properties": { "grid_lat": 13.2, "grid_lon": 76.3, "event_count": 1 }, "geometry": { "type": "Polygon", "coordinates": [ [ [ 76.4, 13.2 ], [ 76.4, 13.3 ], [ 76.3, 13.3 ], [ 76.3, 13.2 ], [ 76.4, 13.2 ] ] ] } },
{ "type": "Feature", "properties": { "grid_lat": 13.0, "grid_lon": 78.2, "event_count": 1 }, "geometry": { "type": "Polygon", "coordinates": [ [ [ 78.3, 13.0 ], [ 78.3, 13.1 ], [ 78.2, 13.1 ], [ 78.2, 13.0 ], [ 78.3, 13.0 ] ] ] } },
{ "type": "Feature", "properties": { "grid_lat": 13.0, "grid_lon": 77.7, "event_count": 1 }, "geometry": { "type": "Polygon", "coordinates": [ [ [ 77.8, 13.0 ], [ 77.8, 13.1 ], [ 77.7, 13.1 ], [ 77.7, 13.0 ], [ 77.8, 13.0 ] ] ] } },
{ "type": "Feature", "properties": { "grid_lat": 14.5, "grid_lon": 78.6, "event_count": 1 }, "geometry": { "type": "Polygon", "coordinates": [ [ [ 78.7, 14.5 ], [ 78.7, 14.6 ], [ 78.6, 14.6 ], [ 78.6, 14.5 ], [ 78.7, 14.5 ] ] ] } },
{ "type": "Feature", "properties": { "grid_lat": 14.5, "grid_lon": 77.9, "event_count": 1 }, "geometry": { "type": "Polygon", "coordinates": [ [ [ 78.0, 14.5 ], [ 78.0, 14.6 ], [ 77.9, 14.6 ], [ 77.9, 14.5 ], [ 78.0, 14.5 ] ] ] } },
{ "type": "Feature", "properties": { "grid_lat": 14.5, "grid_lon": 76.7, "event_count": 1 }, "geometry": { "type": "Polygon", "coordinates": [ [ [ 76.8, 14.5 ], [ 76.8, 14.6 ], [ 76.7, 14.6 ], [ 76.7, 14.5 ], [ 76.8, 14.5 ] ] ] } },
{ "type": "Feature", "properties": { "grid_lat": 14.4, "grid_lon": 78.5, "event_count": 1 }, "geometry": { "type": "Polygon", "coordinates": [ [ [ 78.6, 14.4 ], [ 78.6, 14.5 ], [ 78.5, 14.5 ], [ 78.5, 14.4 ], [ 78.6, 14.4 ] ] ] } },
{ "type": "Feature", "properties": { "grid_lat": 14.4, "grid_lon": 77.2, "event_count": 1 }, "geometry": { "type": "Polygon", "coordinates": [ [ [ 77.3, 14.4 ], [ 77.3, 14.5 ], [ 77.2, 14.5 ], [ 77.2, 14.4 ], [ 77.3, 14.4 ] ] ] } },
{ "type": "Feature", "properties": { "grid_lat": 14.3, "grid_lon": 78.7, "event_count": 1 }, "geometry": { "type": "Polygon", "coordinates": [ [ [ 78.8, 14.3 ], [ 78.8, 14.4 ], [ 78.7, 14.4 ], [ 78.7, 14.3 ], [ 78.8, 14.3 ] ] ] } },
{ "type": "Feature", "properties": { "grid_lat": 22.3, "grid_lon": 69.8, "event_count": 1 }, "geometry": { "type": "Polygon", "coordinates": [ [ [ 69.9, 22.3 ], [ 69.9, 22.4 ], [ 69.8, 22.4 ], [ 69.8, 22.3 ], [ 69.9, 22.3 ] ] ] } },
{ "type": "Feature", "properties": { "grid_lat": 22.3, "grid_lon": 69.0, "event_count": 1 }, "geometry": { "type": "Polygon", "coordinates": [ [ [ 69.1, 22.3 ], [ 69.1, 22.4 ], [ 69.0, 22.4 ], [ 69.0, 22.3 ], [ 69.1, 22.3 ] ] ] } },
{ "type": "Feature", "properties": { "grid_lat": 22.2, "grid_lon": 87.3, "event_count": 1 }, "geometry": { "type": "Polygon", "coordinates": [ [ [ 87.4, 22.2 ], [ 87.4, 22.3 ], [ 87.3, 22.3 ], [ 87.3, 22.2 ], [ 87.4, 22.2 ] ] ] } },
{ "type": "Feature", "properties": { "grid_lat": 22.2, "grid_lon": 84.5, "event_count": 1 }, "geometry": { "type": "Polygon", "coordinates": [ [ [ 84.6, 22.2 ], [ 84.6, 22.3 ], [ 84.5, 22.3 ], [ 84.5, 22.2 ], [ 84.6, 22.2 ] ] ] } },
{ "type": "Feature", "properties": { "grid_lat": 22.2, "grid_lon": 75.1, "event_count": 1 }, "geometry": { "type": "Polygon", "coordinates": [ [ [ 75.2, 22.2 ], [ 75.2, 22.3 ], [ 75.1, 22.3 ], [ 75.1, 22.2 ], [ 75.2, 22.2 ] ] ] } },
{ "type": "Feature", "properties": { "grid_lat": 22.1, "grid_lon": 85.4, "event_count": 1 }, "geometry": { "type": "Polygon", "coordinates": [ [ [ 85.5, 22.1 ], [ 85.5, 22.2 ], [ 85.4, 22.2 ], [ 85.4, 22.1 ], [ 85.5, 22.1 ] ] ] } },
{ "type": "Feature", "properties": { "grid_lat": 21.9, "grid_lon": 83.7, "event_count": 1 }, "geometry": { "type": "Polygon", "coordinates": [ [ [ 83.8, 21.9 ], [ 83.8, 22.0 ], [ 83.7, 22.0 ], [ 83.7, 21.9 ], [ 83.8, 21.9 ] ] ] } },
{ "type": "Feature", "properties": { "grid_lat": 10.0, "grid_lon": 78.0, "event_count": 1 }, "geometry": { "type": "Polygon", "coordinates": [ [ [ 78.1, 10.0 ], [ 78.1, 10.1 ], [ 78.0, 10.1 ], [ 78.0, 10.0 ], [ 78.1, 10.0 ] ] ] } },
{ "type": "Feature", "properties": { "grid_lat": 9.9, "grid_lon": 78.6, "event_count": 1 }, "geometry": { "type": "Polygon", "coordinates": [ [ [ 78.7, 9.9 ], [ 78.7, 10.0 ], [ 78.6, 10.0 ], [ 78.6, 9.9 ], [ 78.7, 9.9 ] ] ] } },
{ "type": "Feature", "properties": { "grid_lat": 9.9, "grid_lon": 78.1, "event_count": 1 }, "geometry": { "type": "Polygon", "coordinates": [ [ [ 78.2, 9.9 ], [ 78.2, 10.0 ], [ 78.1, 10.0 ], [ 78.1, 9.9 ], [ 78.2, 9.9 ] ] ] } },
{ "type": "Feature", "properties": { "grid_lat": 9.9, "grid_lon": 76.3, "event_count": 1 }, "geometry": { "type": "Polygon", "coordinates": [ [ [ 76.4, 9.9 ], [ 76.4, 10.0 ], [ 76.3, 10.0 ], [ 76.3, 9.9 ], [ 76.4, 9.9 ] ] ] } },
{ "type": "Feature", "properties": { "grid_lat": 9.8, "grid_lon": 78.5, "event_count": 1 }, "geometry": { "type": "Polygon", "coordinates": [ [ [ 78.6, 9.8 ], [ 78.6, 9.9 ], [ 78.5, 9.9 ], [ 78.5, 9.8 ], [ 78.6, 9.8 ] ] ] } },
{ "type": "Feature", "properties": { "grid_lat": 9.8, "grid_lon": 78.1, "event_count": 1 }, "geometry": { "type": "Polygon", "coordinates": [ [ [ 78.2, 9.8 ], [ 78.2, 9.9 ], [ 78.1, 9.9 ], [ 78.1, 9.8 ], [ 78.2, 9.8 ] ] ] } },
{ "type": "Feature", "properties": { "grid_lat": 9.8, "grid_lon": 78.0, "event_count": 1 }, "geometry": { "type": "Polygon", "coordinates": [ [ [ 78.1, 9.8 ], [ 78.1, 9.9 ], [ 78.0, 9.9 ], [ 78.0, 9.8 ], [ 78.1, 9.8 ] ] ] } },
{ "type": "Feature", "properties": { "grid_lat": 9.8, "grid_lon": 77.3, "event_count": 1 }, "geometry": { "type": "Polygon", "coordinates": [ [ [ 77.4, 9.8 ], [ 77.4, 9.9 ], [ 77.3, 9.9 ], [ 77.3, 9.8 ], [ 77.4, 9.8 ] ] ] } },
{ "type": "Feature", "properties": { "grid_lat": 9.7, "grid_lon": 78.9, "event_count": 1 }, "geometry": { "type": "Polygon", "coordinates": [ [ [ 79.0, 9.7 ], [ 79.0, 9.8 ], [ 78.9, 9.8 ], [ 78.9, 9.7 ], [ 79.0, 9.7 ] ] ] } },
{ "type": "Feature", "properties": { "grid_lat": 10.7, "grid_lon": 76.2, "event_count": 1 }, "geometry": { "type": "Polygon", "coordinates": [ [ [ 76.3, 10.7 ], [ 76.3, 10.8 ], [ 76.2, 10.8 ], [ 76.2, 10.7 ], [ 76.3, 10.7 ] ] ] } },
{ "type": "Feature", "properties": { "grid_lat": 22.7, "grid_lon": 69.4, "event_count": 1 }, "geometry": { "type": "Polygon", "coordinates": [ [ [ 69.5, 22.7 ], [ 69.5, 22.8 ], [ 69.4, 22.8 ], [ 69.4, 22.7 ], [ 69.5, 22.7 ] ] ] } },
{ "type": "Feature", "properties": { "grid_lat": 22.5, "grid_lon": 85.9, "event_count": 1 }, "geometry": { "type": "Polygon", "coordinates": [ [ [ 86.0, 22.5 ], [ 86.0, 22.6 ], [ 85.9, 22.6 ], [ 85.9, 22.5 ], [ 86.0, 22.5 ] ] ] } },
{ "type": "Feature", "properties": { "grid_lat": 22.3, "grid_lon": 87.3, "event_count": 1 }, "geometry": { "type": "Polygon", "coordinates": [ [ [ 87.4, 22.3 ], [ 87.4, 22.4 ], [ 87.3, 22.4 ], [ 87.3, 22.3 ], [ 87.4, 22.3 ] ] ] } },
{ "type": "Feature", "properties": { "grid_lat": 12.6, "grid_lon": 79.7, "event_count": 1 }, "geometry": { "type": "Polygon", "coordinates": [ [ [ 79.8, 12.6 ], [ 79.8, 12.7 ], [ 79.7, 12.7 ], [ 79.7, 12.6 ], [ 79.8, 12.6 ] ] ] } },
{ "type": "Feature", "properties": { "grid_lat": 12.4, "grid_lon": 79.1, "event_count": 1 }, "geometry": { "type": "Polygon", "coordinates": [ [ [ 79.2, 12.4 ], [ 79.2, 12.5 ], [ 79.1, 12.5 ], [ 79.1, 12.4 ], [ 79.2, 12.4 ] ] ] } },
{ "type": "Feature", "properties": { "grid_lat": 12.4, "grid_lon": 77.3, "event_count": 1 }, "geometry": { "type": "Polygon", "coordinates": [ [ [ 77.4, 12.4 ], [ 77.4, 12.5 ], [ 77.3, 12.5 ], [ 77.3, 12.4 ], [ 77.4, 12.4 ] ] ] } },
{ "type": "Feature", "properties": { "grid_lat": 12.1, "grid_lon": 78.9, "event_count": 1 }, "geometry": { "type": "Polygon", "coordinates": [ [ [ 79.0, 12.1 ], [ 79.0, 12.2 ], [ 78.9, 12.2 ], [ 78.9, 12.1 ], [ 79.0, 12.1 ] ] ] } },
{ "type": "Feature", "properties": { "grid_lat": 12.1, "grid_lon": 78.1, "event_count": 1 }, "geometry": { "type": "Polygon", "coordinates": [ [ [ 78.2, 12.1 ], [ 78.2, 12.2 ], [ 78.1, 12.2 ], [ 78.1, 12.1 ], [ 78.2, 12.1 ] ] ] } },
{ "type": "Feature", "properties": { "grid_lat": 12.1, "grid_lon": 76.8, "event_count": 1 }, "geometry": { "type": "Polygon", "coordinates": [ [ [ 76.9, 12.1 ], [ 76.9, 12.2 ], [ 76.8, 12.2 ], [ 76.8, 12.1 ], [ 76.9, 12.1 ] ] ] } },
{ "type": "Feature", "properties": { "grid_lat": 12.0, "grid_lon": 77.0, "event_count": 1 }, "geometry": { "type": "Polygon", "coordinates": [ [ [ 77.1, 12.0 ], [ 77.1, 12.1 ], [ 77.0, 12.1 ], [ 77.0, 12.0 ], [ 77.1, 12.0 ] ] ] } },
{ "type": "Feature", "properties": { "grid_lat": 13.9, "grid_lon": 78.4, "event_count": 1 }, "geometry": { "type": "Polygon", "coordinates": [ [ [ 78.5, 13.9 ], [ 78.5, 14.0 ], [ 78.4, 14.0 ], [ 78.4, 13.9 ], [ 78.5, 13.9 ] ] ] } },
{ "type": "Feature", "properties": { "grid_lat": 13.9, "grid_lon": 78.0, "event_count": 1 }, "geometry": { "type": "Polygon", "coordinates": [ [ [ 78.1, 13.9 ], [ 78.1, 14.0 ], [ 78.0, 14.0 ], [ 78.0, 13.9 ], [ 78.1, 13.9 ] ] ] } },
{ "type": "Feature", "properties": { "grid_lat": 13.9, "grid_lon": 77.9, "event_count": 1 }, "geometry": { "type": "Polygon", "coordinates": [ [ [ 78.0, 13.9 ], [ 78.0, 14.0 ], [ 77.9, 14.0 ], [ 77.9, 13.9 ], [ 78.0, 13.9 ] ] ] } },
{ "type": "Feature", "properties": { "grid_lat": 13.9, "grid_lon": 76.3, "event_count": 1 }, "geometry": { "type": "Polygon", "coordinates": [ [ [ 76.4, 13.9 ], [ 76.4, 14.0 ], [ 76.3, 14.0 ], [ 76.3, 13.9 ], [ 76.4, 13.9 ] ] ] } },
{ "type": "Feature", "properties": { "grid_lat": 13.8, "grid_lon": 78.4, "event_count": 1 }, "geometry": { "type": "Polygon", "coordinates": [ [ [ 78.5, 13.8 ], [ 78.5, 13.9 ], [ 78.4, 13.9 ], [ 78.4, 13.8 ], [ 78.5, 13.8 ] ] ] } },
{ "type": "Feature", "properties": { "grid_lat": 13.4, "grid_lon": 78.2, "event_count": 1 }, "geometry": { "type": "Polygon", "coordinates": [ [ [ 78.3, 13.4 ], [ 78.3, 13.5 ], [ 78.2, 13.5 ], [ 78.2, 13.4 ], [ 78.3, 13.4 ] ] ] } },
{ "type": "Feature", "properties": { "grid_lat": 22.3, "grid_lon": 82.2, "event_count": 1 }, "geometry": { "type": "Polygon", "coordinates": [ [ [ 82.3, 22.3 ], [ 82.3, 22.4 ], [ 82.2, 22.4 ], [ 82.2, 22.3 ], [ 82.3, 22.3 ] ] ] } },
{ "type": "Feature", "properties": { "grid_lat": 23.4, "grid_lon": 87.3, "event_count": 1 }, "geometry": { "type": "Polygon", "coordinates": [ [ [ 87.4, 23.4 ], [ 87.4, 23.5 ], [ 87.3, 23.5 ], [ 87.3, 23.4 ], [ 87.4, 23.4 ] ] ] } },
{ "type": "Feature", "properties": { "grid_lat": 23.4, "grid_lon": 68.5, "event_count": 1 }, "geometry": { "type": "Polygon", "coordinates": [ [ [ 68.6, 23.4 ], [ 68.6, 23.5 ], [ 68.5, 23.5 ], [ 68.5, 23.4 ], [ 68.6, 23.4 ] ] ] } },
{ "type": "Feature", "properties": { "grid_lat": 23.3, "grid_lon": 71.9, "event_count": 1 }, "geometry": { "type": "Polygon", "coordinates": [ [ [ 72.0, 23.3 ], [ 72.0, 23.4 ], [ 71.9, 23.4 ], [ 71.9, 23.3 ], [ 72.0, 23.3 ] ] ] } },
{ "type": "Feature", "properties": { "grid_lat": 23.3, "grid_lon": 69.4, "event_count": 1 }, "geometry": { "type": "Polygon", "coordinates": [ [ [ 69.5, 23.3 ], [ 69.5, 23.4 ], [ 69.4, 23.4 ], [ 69.4, 23.3 ], [ 69.5, 23.3 ] ] ] } },
{ "type": "Feature", "properties": { "grid_lat": 23.3, "grid_lon": 68.8, "event_count": 1 }, "geometry": { "type": "Polygon", "coordinates": [ [ [ 68.9, 23.3 ], [ 68.9, 23.4 ], [ 68.8, 23.4 ], [ 68.8, 23.3 ], [ 68.9, 23.3 ] ] ] } },
{ "type": "Feature", "properties": { "grid_lat": 22.9, "grid_lon": 85.9, "event_count": 1 }, "geometry": { "type": "Polygon", "coordinates": [ [ [ 86.0, 22.9 ], [ 86.0, 23.0 ], [ 85.9, 23.0 ], [ 85.9, 22.9 ], [ 86.0, 22.9 ] ] ] } },
{ "type": "Feature", "properties": { "grid_lat": 22.9, "grid_lon": 72.5, "event_count": 1 }, "geometry": { "type": "Polygon", "coordinates": [ [ [ 72.6, 22.9 ], [ 72.6, 23.0 ], [ 72.5, 23.0 ], [ 72.5, 22.9 ], [ 72.6, 22.9 ] ] ] } },
{ "type": "Feature", "properties": { "grid_lat": 22.9, "grid_lon": 69.8, "event_count": 1 }, "geometry": { "type": "Polygon", "coordinates": [ [ [ 69.9, 22.9 ], [ 69.9, 23.0 ], [ 69.8, 23.0 ], [ 69.8, 22.9 ], [ 69.9, 22.9 ] ] ] } },
{ "type": "Feature", "properties": { "grid_lat": 22.8, "grid_lon": 88.2, "event_count": 1 }, "geometry": { "type": "Polygon", "coordinates": [ [ [ 88.3, 22.8 ], [ 88.3, 22.9 ], [ 88.2, 22.9 ], [ 88.2, 22.8 ], [ 88.3, 22.8 ] ] ] } },
{ "type": "Feature", "properties": { "grid_lat": 9.6, "grid_lon": 77.7, "event_count": 1 }, "geometry": { "type": "Polygon", "coordinates": [ [ [ 77.8, 9.6 ], [ 77.8, 9.7 ], [ 77.7, 9.7 ], [ 77.7, 9.6 ], [ 77.8, 9.6 ] ] ] } },
{ "type": "Feature", "properties": { "grid_lat": 9.4, "grid_lon": 78.8, "event_count": 1 }, "geometry": { "type": "Polygon", "coordinates": [ [ [ 78.9, 9.4 ], [ 78.9, 9.5 ], [ 78.8, 9.5 ], [ 78.8, 9.4 ], [ 78.9, 9.4 ] ] ] } },
{ "type": "Feature", "properties": { "grid_lat": 9.3, "grid_lon": 77.7, "event_count": 1 }, "geometry": { "type": "Polygon", "coordinates": [ [ [ 77.8, 9.3 ], [ 77.8, 9.4 ], [ 77.7, 9.4 ], [ 77.7, 9.3 ], [ 77.8, 9.3 ] ] ] } },
{ "type": "Feature", "properties": { "grid_lat": 9.3, "grid_lon": 77.4, "event_count": 1 }, "geometry": { "type": "Polygon", "coordinates": [ [ [ 77.5, 9.3 ], [ 77.5, 9.4 ], [ 77.4, 9.4 ], [ 77.4, 9.3 ], [ 77.5, 9.3 ] ] ] } },
{ "type": "Feature", "properties": { "grid_lat": 9.2, "grid_lon": 79.3, "event_count": 1 }, "geometry": { "type": "Polygon", "coordinates": [ [ [ 79.4, 9.2 ], [ 79.4, 9.3 ], [ 79.3, 9.3 ], [ 79.3, 9.2 ], [ 79.4, 9.2 ] ] ] } },
{ "type": "Feature", "properties": { "grid_lat": 9.2, "grid_lon": 78.9, "event_count": 1 }, "geometry": { "type": "Polygon", "coordinates": [ [ [ 79.0, 9.2 ], [ 79.0, 9.3 ], [ 78.9, 9.3 ], [ 78.9, 9.2 ], [ 79.0, 9.2 ] ] ] } },
{ "type": "Feature", "properties": { "grid_lat": 9.2, "grid_lon": 78.7, "event_count": 1 }, "geometry": { "type": "Polygon", "coordinates": [ [ [ 78.8, 9.2 ], [ 78.8, 9.3 ], [ 78.7, 9.3 ], [ 78.7, 9.2 ], [ 78.8, 9.2 ] ] ] } },
{ "type": "Feature", "properties": { "grid_lat": 9.2, "grid_lon": 78.6, "event_count": 1 }, "geometry": { "type": "Polygon", "coordinates": [ [ [ 78.7, 9.2 ], [ 78.7, 9.3 ], [ 78.6, 9.3 ], [ 78.6, 9.2 ], [ 78.7, 9.2 ] ] ] } },
{ "type": "Feature", "properties": { "grid_lat": 9.2, "grid_lon": 78.4, "event_count": 1 }, "geometry": { "type": "Polygon", "coordinates": [ [ [ 78.5, 9.2 ], [ 78.5, 9.3 ], [ 78.4, 9.3 ], [ 78.4, 9.2 ], [ 78.5, 9.2 ] ] ] } },
{ "type": "Feature", "properties": { "grid_lat": 10.1, "grid_lon": 77.5, "event_count": 1 }, "geometry": { "type": "Polygon", "coordinates": [ [ [ 77.6, 10.1 ], [ 77.6, 10.2 ], [ 77.5, 10.2 ], [ 77.5, 10.1 ], [ 77.6, 10.1 ] ] ] } },
{ "type": "Feature", "properties": { "grid_lat": 11.6, "grid_lon": 77.6, "event_count": 1 }, "geometry": { "type": "Polygon", "coordinates": [ [ [ 77.7, 11.6 ], [ 77.7, 11.7 ], [ 77.6, 11.7 ], [ 77.6, 11.6 ], [ 77.7, 11.6 ] ] ] } },
{ "type": "Feature", "properties": { "grid_lat": 11.6, "grid_lon": 76.9, "event_count": 1 }, "geometry": { "type": "Polygon", "coordinates": [ [ [ 77.0, 11.6 ], [ 77.0, 11.7 ], [ 76.9, 11.7 ], [ 76.9, 11.6 ], [ 77.0, 11.6 ] ] ] } },
{ "type": "Feature", "properties": { "grid_lat": 11.5, "grid_lon": 79.5, "event_count": 1 }, "geometry": { "type": "Polygon", "coordinates": [ [ [ 79.6, 11.5 ], [ 79.6, 11.6 ], [ 79.5, 11.6 ], [ 79.5, 11.5 ], [ 79.6, 11.5 ] ] ] } },
{ "type": "Feature", "properties": { "grid_lat": 11.5, "grid_lon": 79.1, "event_count": 1 }, "geometry": { "type": "Polygon", "coordinates": [ [ [ 79.2, 11.5 ], [ 79.2, 11.6 ], [ 79.1, 11.6 ], [ 79.1, 11.5 ], [ 79.2, 11.5 ] ] ] } },
{ "type": "Feature", "properties": { "grid_lat": 11.4, "grid_lon": 77.5, "event_count": 1 }, "geometry": { "type": "Polygon", "coordinates": [ [ [ 77.6, 11.4 ], [ 77.6, 11.5 ], [ 77.5, 11.5 ], [ 77.5, 11.4 ], [ 77.6, 11.4 ] ] ] } },
{ "type": "Feature", "properties": { "grid_lat": 11.4, "grid_lon": 77.2, "event_count": 1 }, "geometry": { "type": "Polygon", "coordinates": [ [ [ 77.3, 11.4 ], [ 77.3, 11.5 ], [ 77.2, 11.5 ], [ 77.2, 11.4 ], [ 77.3, 11.4 ] ] ] } },
{ "type": "Feature", "properties": { "grid_lat": 11.3, "grid_lon": 78.1, "event_count": 1 }, "geometry": { "type": "Polygon", "coordinates": [ [ [ 78.2, 11.3 ], [ 78.2, 11.4 ], [ 78.1, 11.4 ], [ 78.1, 11.3 ], [ 78.2, 11.3 ] ] ] } },
{ "type": "Feature", "properties": { "grid_lat": 12.9, "grid_lon": 79.9, "event_count": 1 }, "geometry": { "type": "Polygon", "coordinates": [ [ [ 80.0, 12.9 ], [ 80.0, 13.0 ], [ 79.9, 13.0 ], [ 79.9, 12.9 ], [ 80.0, 12.9 ] ] ] } },
{ "type": "Feature", "properties": { "grid_lat": 12.9, "grid_lon": 74.8, "event_count": 1 }, "geometry": { "type": "Polygon", "coordinates": [ [ [ 74.9, 12.9 ], [ 74.9, 13.0 ], [ 74.8, 13.0 ], [ 74.8, 12.9 ], [ 74.9, 12.9 ] ] ] } },
{ "type": "Feature", "properties": { "grid_lat": 12.8, "grid_lon": 79.9, "event_count": 1 }, "geometry": { "type": "Polygon", "coordinates": [ [ [ 80.0, 12.8 ], [ 80.0, 12.9 ], [ 79.9, 12.9 ], [ 79.9, 12.8 ], [ 80.0, 12.8 ] ] ] } },
{ "type": "Feature", "properties": { "grid_lat": 12.8, "grid_lon": 77.4, "event_count": 1 }, "geometry": { "type": "Polygon", "coordinates": [ [ [ 77.5, 12.8 ], [ 77.5, 12.9 ], [ 77.4, 12.9 ], [ 77.4, 12.8 ], [ 77.5, 12.8 ] ] ] } },
{ "type": "Feature", "properties": { "grid_lat": 12.7, "grid_lon": 78.6, "event_count": 1 }, "geometry": { "type": "Polygon", "coordinates": [ [ [ 78.7, 12.7 ], [ 78.7, 12.8 ], [ 78.6, 12.8 ], [ 78.6, 12.7 ], [ 78.7, 12.7 ] ] ] } },
{ "type": "Feature", "properties": { "grid_lat": 12.7, "grid_lon": 76.8, "event_count": 1 }, "geometry": { "type": "Polygon", "coordinates": [ [ [ 76.9, 12.7 ], [ 76.9, 12.8 ], [ 76.8, 12.8 ], [ 76.8, 12.7 ], [ 76.9, 12.7 ] ] ] } },
{ "type": "Feature", "properties": { "grid_lat": 23.5, "grid_lon": 86.5, "event_count": 1 }, "geometry": { "type": "Polygon", "coordinates": [ [ [ 86.6, 23.5 ], [ 86.6, 23.6 ], [ 86.5, 23.6 ], [ 86.5, 23.5 ], [ 86.6, 23.5 ] ] ] } },
{ "type": "Feature", "properties": { "grid_lat": 23.7, "grid_lon": 85.4, "event_count": 1 }, "geometry": { "type": "Polygon", "coordinates": [ [ [ 85.5, 23.7 ], [ 85.5, 23.8 ], [ 85.4, 23.8 ], [ 85.4, 23.7 ], [ 85.5, 23.7 ] ] ] } },
{ "type": "Feature", "properties": { "grid_lat": 23.7, "grid_lon": 85.2, "event_count": 1 }, "geometry": { "type": "Polygon", "coordinates": [ [ [ 85.3, 23.7 ], [ 85.3, 23.8 ], [ 85.2, 23.8 ], [ 85.2, 23.7 ], [ 85.3, 23.7 ] ] ] } },
{ "type": "Feature", "properties": { "grid_lat": 23.6, "grid_lon": 86.8, "event_count": 1 }, "geometry": { "type": "Polygon", "coordinates": [ [ [ 86.9, 23.6 ], [ 86.9, 23.7 ], [ 86.8, 23.7 ], [ 86.8, 23.6 ], [ 86.9, 23.6 ] ] ] } },
{ "type": "Feature", "properties": { "grid_lat": 27.6, "grid_lon": 95.4, "event_count": 1 }, "geometry": { "type": "Polygon", "coordinates": [ [ [ 95.5, 27.6 ], [ 95.5, 27.7 ], [ 95.4, 27.7 ], [ 95.4, 27.6 ], [ 95.5, 27.6 ] ] ] } },
{ "type": "Feature", "properties": { "grid_lat": 27.6, "grid_lon": 76.1, "event_count": 1 }, "geometry": { "type": "Polygon", "coordinates": [ [ [ 76.2, 27.6 ], [ 76.2, 27.7 ], [ 76.1, 27.7 ], [ 76.1, 27.6 ], [ 76.2, 27.6 ] ] ] } },
{ "type": "Feature", "properties": { "grid_lat": 26.7, "grid_lon": 94.5, "event_count": 1 }, "geometry": { "type": "Polygon", "coordinates": [ [ [ 94.6, 26.7 ], [ 94.6, 26.8 ], [ 94.5, 26.8 ], [ 94.5, 26.7 ], [ 94.6, 26.7 ] ] ] } },
{ "type": "Feature", "properties": { "grid_lat": 26.7, "grid_lon": 91.4, "event_count": 1 }, "geometry": { "type": "Polygon", "coordinates": [ [ [ 91.5, 26.7 ], [ 91.5, 26.8 ], [ 91.4, 26.8 ], [ 91.4, 26.7 ], [ 91.5, 26.7 ] ] ] } },
{ "type": "Feature", "properties": { "grid_lat": 31.1, "grid_lon": 75.0, "event_count": 1 }, "geometry": { "type": "Polygon", "coordinates": [ [ [ 75.1, 31.1 ], [ 75.1, 31.2 ], [ 75.0, 31.2 ], [ 75.0, 31.1 ], [ 75.1, 31.1 ] ] ] } },
{ "type": "Feature", "properties": { "grid_lat": 28.7, "grid_lon": 76.8, "event_count": 1 }, "geometry": { "type": "Polygon", "coordinates": [ [ [ 76.9, 28.7 ], [ 76.9, 28.8 ], [ 76.8, 28.8 ], [ 76.8, 28.7 ], [ 76.9, 28.7 ] ] ] } },
{ "type": "Feature", "properties": { "grid_lat": 28.2, "grid_lon": 77.2, "event_count": 1 }, "geometry": { "type": "Polygon", "coordinates": [ [ [ 77.3, 28.2 ], [ 77.3, 28.3 ], [ 77.2, 28.3 ], [ 77.2, 28.2 ], [ 77.3, 28.2 ] ] ] } },
{ "type": "Feature", "properties": { "grid_lat": 28.2, "grid_lon": 77.1, "event_count": 1 }, "geometry": { "type": "Polygon", "coordinates": [ [ [ 77.2, 28.2 ], [ 77.2, 28.3 ], [ 77.1, 28.3 ], [ 77.1, 28.2 ], [ 77.2, 28.2 ] ] ] } },
{ "type": "Feature", "properties": { "grid_lat": 9.2, "grid_lon": 77.9, "event_count": 1 }, "geometry": { "type": "Polygon", "coordinates": [ [ [ 78.0, 9.2 ], [ 78.0, 9.3 ], [ 77.9, 9.3 ], [ 77.9, 9.2 ], [ 78.0, 9.2 ] ] ] } },
{ "type": "Feature", "properties": { "grid_lat": 12.0, "grid_lon": 76.5, "event_count": 1 }, "geometry": { "type": "Polygon", "coordinates": [ [ [ 76.6, 12.0 ], [ 76.6, 12.1 ], [ 76.5, 12.1 ], [ 76.5, 12.0 ], [ 76.6, 12.0 ] ] ] } },
{ "type": "Feature", "properties": { "grid_lat": 11.9, "grid_lon": 78.7, "event_count": 1 }, "geometry": { "type": "Polygon", "coordinates": [ [ [ 78.8, 11.9 ], [ 78.8, 12.0 ], [ 78.7, 12.0 ], [ 78.7, 11.9 ], [ 78.8, 11.9 ] ] ] } },
{ "type": "Feature", "properties": { "grid_lat": 11.9, "grid_lon": 78.4, "event_count": 1 }, "geometry": { "type": "Polygon", "coordinates": [ [ [ 78.5, 11.9 ], [ 78.5, 12.0 ], [ 78.4, 12.0 ], [ 78.4, 11.9 ], [ 78.5, 11.9 ] ] ] } },
{ "type": "Feature", "properties": { "grid_lat": 11.9, "grid_lon": 76.9, "event_count": 1 }, "geometry": { "type": "Polygon", "coordinates": [ [ [ 77.0, 11.9 ], [ 77.0, 12.0 ], [ 76.9, 12.0 ], [ 76.9, 11.9 ], [ 77.0, 11.9 ] ] ] } },
{ "type": "Feature", "properties": { "grid_lat": 11.7, "grid_lon": 78.9, "event_count": 1 }, "geometry": { "type": "Polygon", "coordinates": [ [ [ 79.0, 11.7 ], [ 79.0, 11.8 ], [ 78.9, 11.8 ], [ 78.9, 11.7 ], [ 79.0, 11.7 ] ] ] } },
{ "type": "Feature", "properties": { "grid_lat": 11.6, "grid_lon": 77.7, "event_count": 1 }, "geometry": { "type": "Polygon", "coordinates": [ [ [ 77.8, 11.6 ], [ 77.8, 11.7 ], [ 77.7, 11.7 ], [ 77.7, 11.6 ], [ 77.8, 11.6 ] ] ] } },
{ "type": "Feature", "properties": { "grid_lat": 26.7, "grid_lon": 83.1, "event_count": 1 }, "geometry": { "type": "Polygon", "coordinates": [ [ [ 83.2, 26.7 ], [ 83.2, 26.8 ], [ 83.1, 26.8 ], [ 83.1, 26.7 ], [ 83.2, 26.7 ] ] ] } },
{ "type": "Feature", "properties": { "grid_lat": 26.2, "grid_lon": 74.1, "event_count": 1 }, "geometry": { "type": "Polygon", "coordinates": [ [ [ 74.2, 26.2 ], [ 74.2, 26.3 ], [ 74.1, 26.3 ], [ 74.1, 26.2 ], [ 74.2, 26.2 ] ] ] } },
{ "type": "Feature", "properties": { "grid_lat": 26.2, "grid_lon": 74.0, "event_count": 1 }, "geometry": { "type": "Polygon", "coordinates": [ [ [ 74.1, 26.2 ], [ 74.1, 26.3 ], [ 74.0, 26.3 ], [ 74.0, 26.2 ], [ 74.1, 26.2 ] ] ] } },
{ "type": "Feature", "properties": { "grid_lat": 9.6, "grid_lon": 78.9, "event_count": 1 }, "geometry": { "type": "Polygon", "coordinates": [ [ [ 79.0, 9.6 ], [ 79.0, 9.7 ], [ 78.9, 9.7 ], [ 78.9, 9.6 ], [ 79.0, 9.6 ] ] ] } },
{ "type": "Feature", "properties": { "grid_lat": 25.7, "grid_lon": 73.5, "event_count": 1 }, "geometry": { "type": "Polygon", "coordinates": [ [ [ 73.6, 25.7 ], [ 73.6, 25.8 ], [ 73.5, 25.8 ], [ 73.5, 25.7 ], [ 73.6, 25.7 ] ] ] } },
{ "type": "Feature", "properties": { "grid_lat": 24.9, "grid_lon": 74.6, "event_count": 1 }, "geometry": { "type": "Polygon", "coordinates": [ [ [ 74.7, 24.9 ], [ 74.7, 25.0 ], [ 74.6, 25.0 ], [ 74.6, 24.9 ], [ 74.7, 24.9 ] ] ] } },
{ "type": "Feature", "properties": { "grid_lat": 24.1, "grid_lon": 82.7, "event_count": 1 }, "geometry": { "type": "Polygon", "coordinates": [ [ [ 82.8, 24.1 ], [ 82.8, 24.2 ], [ 82.7, 24.2 ], [ 82.7, 24.1 ], [ 82.8, 24.1 ] ] ] } },
{ "type": "Feature", "properties": { "grid_lat": 24.1, "grid_lon": 82.6, "event_count": 1 }, "geometry": { "type": "Polygon", "coordinates": [ [ [ 82.7, 24.1 ], [ 82.7, 24.2 ], [ 82.6, 24.2 ], [ 82.6, 24.1 ], [ 82.7, 24.1 ] ] ] } },
{ "type": "Feature", "properties": { "grid_lat": 8.4, "grid_lon": 77.5, "event_count": 1 }, "geometry": { "type": "Polygon", "coordinates": [ [ [ 77.6, 8.4 ], [ 77.6, 8.5 ], [ 77.5, 8.5 ], [ 77.5, 8.4 ], [ 77.6, 8.4 ] ] ] } },
{ "type": "Feature", "properties": { "grid_lat": 31.9, "grid_lon": 78.2, "event_count": 1 }, "geometry": { "type": "Polygon", "coordinates": [ [ [ 78.3, 31.9 ], [ 78.3, 32.0 ], [ 78.2, 32.0 ], [ 78.2, 31.9 ], [ 78.3, 31.9 ] ] ] } }
]
}
