latitude,longitude,acq_date,acq_time,acq_datetime,brightness,bright_ti5,frp,confidence,satellite,instrument,daynight,scan,track,version
26.5233,90.5319,2026-09-03,640,2026-09-03 06:40:00,340.13,291.91,5.37,n,N21,VIIRS,D,0.44,0.46,2.0NRT
27.98609,95.93691,2026-09-03,640,2026-09-03 06:40:00,333.62,298.61,8.26,n,N21,VIIRS,D,0.39,0.36,2.0NRT
27.32438,95.27836,2026-09-03,640,2026-09-03 06:40:00,330.51,294.53,2.0,n,N21,VIIRS,D,0.4,0.37,2.0NRT
7.46132,81.61855,2026-09-03,729,2026-09-03 07:29:00,331.29,297.01,5.54,n,N20,VIIRS,D,0.55,0.51,2.0NRT
7.52379,81.09198,2026-09-03,729,2026-09-03 07:29:00,332.6,304.6,17.96,l,N20,VIIRS,D,0.6,0.53,2.0NRT
7.55572,81.30218,2026-09-03,729,2026-09-03 07:29:00,331.63,301.33,5.41,n,N20,VIIRS,D,0.58,0.52,2.0NRT
7.62007,80.96745,2026-09-03,729,2026-09-03 07:29:00,331.9,295.1,5.49,n,N20,VIIRS,D,0.61,0.53,2.0NRT
7.68068,81.63508,2026-09-03,729,2026-09-03 07:29:00,337.95,299.27,4.17,n,N20,VIIRS,D,0.54,0.51,2.0NRT
7.6815,80.17891,2026-09-03,729,2026-09-03 07:29:00,333.59,293.96,4.12,n,N20,VIIRS,D,0.34,0.56,2.0NRT
7.73792,81.0778,2026-09-03,729,2026-09-03 07:29:00,333.06,297.9,8.03,n,N20,VIIRS,D,0.59,0.53,2.0NRT
7.88585,80.66019,2026-09-03,729,2026-09-03 07:29:00,331.07,294.29,4.49,n,N20,VIIRS,D,0.63,0.54,2.0NRT
7.96085,79.96597,2026-09-03,729,2026-09-03 07:29:00,333.06,291.73,2.68,n,N20,VIIRS,D,0.35,0.57,2.0NRT
8.10204,80.72932,2026-09-03,729,2026-09-03 07:29:00,335.97,296.4,9.87,n,N20,VIIRS,D,0.62,0.54,2.0NRT
8.10524,80.73309,2026-09-03,729,2026-09-03 07:29:00,337.22,296.45,8.29,n,N20,VIIRS,D,0.62,0.54,2.0NRT
8.19926,81.06908,2026-09-03,729,2026-09-03 07:29:00,341.79,296.96,15.8,n,N20,VIIRS,D,0.58,0.52,2.0NRT
8.24832,80.14695,2026-09-03,729,2026-09-03 07:29:00,348.24,295.76,6.75,n,N20,VIIRS,D,0.34,0.56,2.0NRT
8.26462,80.15033,2026-09-03,729,2026-09-03 07:29:00,342.57,294.66,6.57,n,N20,VIIRS,D,0.34,0.56,2.0NRT
8.28586,80.21172,2026-09-03,729,2026-09-03 07:29:00,336.6,294.11,3.29,n,N20,VIIRS,D,0.33,0.55,2.0NRT
8.30271,80.59719,2026-09-03,729,2026-09-03 07:29:00,339.21,295.97,6.62,n,N20,VIIRS,D,0.63,0.54,2.0NRT
8.30449,80.19914,2026-09-03,729,2026-09-03 07:29:00,332.88,295.86,2.36,n,N20,VIIRS,D,0.33,0.56,2.0NRT
8.33746,81.01548,2026-09-03,729,2026-09-03 07:29:00,353.3,298.04,10.77,n,N20,VIIRS,D,0.59,0.52,2.0NRT
8.36755,81.04775,2026-09-03,729,2026-09-03 07:29:00,332.21,297.17,10.25,n,N20,VIIRS,D,0.58,0.52,2.0NRT
8.44509,81.09625,2026-09-03,729,2026-09-03 07:29:00,341.54,296.34,3.59,n,N20,VIIRS,D,0.58,0.52,2.0NRT
7.45927,81.3151,2026-09-03,729,2026-09-03 07:29:00,334.62,296.14,7.11,n,N20,VIIRS,D,0.58,0.52,2.0NRT
7.44981,81.31694,2026-09-03,729,2026-09-03 07:29:00,337.83,297.09,9.76,n,N20,VIIRS,D,0.58,0.52,2.0NRT
6.21886,80.84835,2026-09-03,729,2026-09-03 07:29:00,352.86,294.52,12.97,n,N20,VIIRS,D,0.33,0.55,2.0NRT
7.44196,81.56097,2026-09-03,729,2026-09-03 07:29:00,340.72,295.36,10.29,n,N20,VIIRS,D,0.56,0.51,2.0NRT
6.26443,81.08537,2026-09-03,729,2026-09-03 07:29:00,332.67,295.69,6.89,n,N20,VIIRS,D,0.63,0.54,2.0NRT
7.4489,81.31174,2026-09-03,729,2026-09-03 07:29:00,331.01,295.67,10.37,n,N20,VIIRS,D,0.58,0.52,2.0NRT
6.21936,80.85124,2026-09-03,729,2026-09-03 07:29:00,367.0,293.02,12.37,h,N20,VIIRS,D,0.33,0.55,2.0NRT
6.8228,81.47654,2026-09-03,729,2026-09-03 07:29:00,337.9,299.54,4.03,n,N20,VIIRS,D,0.58,0.52,2.0NRT
6.92909,81.49213,2026-09-03,729,2026-09-03 07:29:00,334.14,297.15,3.2,n,N20,VIIRS,D,0.57,0.52,2.0NRT
6.93327,81.49461,2026-09-03,729,2026-09-03 07:29:00,334.15,294.88,5.26,n,N20,VIIRS,D,0.57,0.52,2.0NRT
7.0019,81.49043,2026-09-03,729,2026-09-03 07:29:00,331.99,299.83,7.65,n,N20,VIIRS,D,0.57,0.52,2.0NRT
7.09881,81.30836,2026-09-03,729,2026-09-03 07:29:00,338.99,296.24,6.88,n,N20,VIIRS,D,0.59,0.53,2.0NRT
7.13218,80.92467,2026-09-03,729,2026-09-03 07:29:00,338.65,294.59,7.09,n,N20,VIIRS,D,0.62,0.54,2.0NRT
7.13368,80.92213,2026-09-03,729,2026-09-03 07:29:00,344.79,296.2,13.75,n,N20,VIIRS,D,0.62,0.54,2.0NRT
7.13717,80.92435,2026-09-03,729,2026-09-03 07:29:00,332.22,293.77,8.33,n,N20,VIIRS,D,0.62,0.54,2.0NRT
6.8227,81.4789,2026-09-03,729,2026-09-03 07:29:00,340.14,300.63,4.65,n,N20,VIIRS,D,0.58,0.52,2.0NRT
7.21505,81.83522,2026-09-03,729,2026-09-03 07:29:00,341.64,298.25,3.23,n,N20,VIIRS,D,0.54,0.51,2.0NRT
7.14319,81.56036,2026-09-03,729,2026-09-03 07:29:00,331.83,300.45,3.38,n,N20,VIIRS,D,0.56,0.52,2.0NRT
7.40801,81.64283,2026-09-03,729,2026-09-03 07:29:00,337.1,297.23,3.69,n,N20,VIIRS,D,0.55,0.51,2.0NRT
7.38198,81.81867,2026-09-03,729,2026-09-03 07:29:00,335.02,298.19,4.29,n,N20,VIIRS,D,0.54,0.5,2.0NRT
7.37235,81.60337,2026-09-03,729,2026-09-03 07:29:00,337.78,297.77,7.97,n,N20,VIIRS,D,0.55,0.51,2.0NRT
7.37384,81.60008,2026-09-03,729,2026-09-03 07:29:00,337.83,297.07,6.02,n,N20,VIIRS,D,0.55,0.51,2.0NRT
7.36477,81.10838,2026-09-03,729,2026-09-03 07:29:00,331.17,302.27,7.86,l,N20,VIIRS,D,0.6,0.53,2.0NRT
7.36392,81.54081,2026-09-03,729,2026-09-03 07:29:00,330.09,292.77,6.1,n,N20,VIIRS,D,0.56,0.51,2.0NRT
7.30812,81.85378,2026-09-03,729,2026-09-03 07:29:00,330.62,299.5,4.9,n,N20,VIIRS,D,0.53,0.5,2.0NRT
7.30715,81.8511,2026-09-03,729,2026-09-03 07:29:00,330.92,300.1,3.47,n,N20,VIIRS,D,0.53,0.5,2.0NRT
7.36666,81.54342,2026-09-03,729,2026-09-03 07:29:00,337.55,292.88,7.58,n,N20,VIIRS,D,0.56,0.51,2.0NRT
9.40643,80.27791,2026-09-03,731,2026-09-03 07:31:00,342.51,294.9,11.41,n,N20,VIIRS,D,0.63,0.54,2.0NRT
9.45518,80.50696,2026-09-03,731,2026-09-03 07:31:00,344.57,295.11,8.3,n,N20,VIIRS,D,0.61,0.53,2.0NRT
9.40674,80.45943,2026-09-03,731,2026-09-03 07:31:00,337.9,297.06,8.78,n,N20,VIIRS,D,0.61,0.54,2.0NRT
9.42708,80.41814,2026-09-03,731,2026-09-03 07:31:00,332.15,296.59,8.81,n,N20,VIIRS,D,0.61,0.54,2.0NRT
9.43313,80.38053,2026-09-03,731,2026-09-03 07:31:00,343.61,296.41,8.46,n,N20,VIIRS,D,0.62,0.54,2.0NRT
9.43566,80.38232,2026-09-03,731,2026-09-03 07:31:00,342.04,296.09,3.98,n,N20,VIIRS,D,0.62,0.54,2.0NRT
9.4573,80.46156,2026-09-03,731,2026-09-03 07:31:00,331.23,295.35,5.33,n,N20,VIIRS,D,0.61,0.53,2.0NRT
12.44623,79.14983,2026-09-03,731,2026-09-03 07:31:00,338.77,293.75,3.06,n,N20,VIIRS,D,0.33,0.55,2.0NRT
9.65259,78.06654,2026-09-03,731,2026-09-03 07:31:00,335.92,294.43,6.03,n,N20,VIIRS,D,0.44,0.62,2.0NRT
9.7496,78.01988,2026-09-03,731,2026-09-03 07:31:00,342.77,297.86,9.94,n,N20,VIIRS,D,0.44,0.63,2.0NRT
9.75129,78.01684,2026-09-03,731,2026-09-03 07:31:00,343.09,297.06,10.6,n,N20,VIIRS,D,0.44,0.63,2.0NRT
10.49617,79.46641,2026-09-03,731,2026-09-03 07:31:00,343.03,298.62,3.94,n,N20,VIIRS,D,0.34,0.56,2.0NRT
12.74508,78.65624,2026-09-03,731,2026-09-03 07:31:00,335.06,292.08,4.03,n,N20,VIIRS,D,0.35,0.57,2.0NRT
14.10816,77.59407,2026-09-03,731,2026-09-03 07:31:00,330.93,285.44,3.39,n,N20,VIIRS,D,0.39,0.6,2.0NRT
9.40467,80.27582,2026-09-03,731,2026-09-03 07:31:00,344.59,294.97,7.92,n,N20,VIIRS,D,0.63,0.54,2.0NRT
9.65053,78.06663,2026-09-03,731,2026-09-03 07:31:00,343.52,295.22,5.67,n,N20,VIIRS,D,0.44,0.63,2.0NRT
9.22214,80.69701,2026-09-03,731,2026-09-03 07:31:00,335.77,294.27,8.65,n,N20,VIIRS,D,0.59,0.53,2.0NRT
8.6308,80.4159,2026-09-03,731,2026-09-03 07:31:00,333.51,296.55,2.74,n,N20,VIIRS,D,0.64,0.54,2.0NRT
9.13227,80.27708,2026-09-03,731,2026-09-03 07:31:00,340.2,293.4,4.0,n,N20,VIIRS,D,0.32,0.54,2.0NRT
8.34383,80.22264,2026-09-03,731,2026-09-03 07:31:00,350.25,297.31,10.95,n,N20,VIIRS,D,0.33,0.55,2.0NRT
8.34437,80.22562,2026-09-03,731,2026-09-03 07:31:00,342.36,295.88,10.95,n,N20,VIIRS,D,0.33,0.55,2.0NRT
8.35971,80.2533,2026-09-03,731,2026-09-03 07:31:00,335.5,294.26,2.35,n,N20,VIIRS,D,0.33,0.55,2.0NRT
8.41501,80.3905,2026-09-03,731,2026-09-03 07:31:00,367.0,295.38,8.63,h,N20,VIIRS,D,0.32,0.55,2.0NRT
8.46256,80.36608,2026-09-03,731,2026-09-03 07:31:00,333.5,295.22,3.73,n,N20,VIIRS,D,0.32,0.55,2.0NRT
8.49436,77.96617,2026-09-03,731,2026-09-03 07:31:00,330.46,294.43,3.34,n,N20,VIIRS,D,0.47,0.64,2.0NRT
8.51105,80.40782,2026-09-03,731,2026-09-03 07:31:00,331.08,295.65,3.29,n,N20,VIIRS,D,0.32,0.55,2.0NRT
8.52967,80.84583,2026-09-03,731,2026-09-03 07:31:00,335.62,296.99,5.39,n,N20,VIIRS,D,0.6,0.53,2.0NRT
9.20978,80.65526,2026-09-03,731,2026-09-03 07:31:00,338.21,293.49,6.78,n,N20,VIIRS,D,0.6,0.53,2.0NRT
8.53348,80.84363,2026-09-03,731,2026-09-03 07:31:00,336.45,293.62,9.06,n,N20,VIIRS,D,0.6,0.53,2.0NRT
8.72508,80.47949,2026-09-03,731,2026-09-03 07:31:00,344.74,296.91,15.27,n,N20,VIIRS,D,0.63,0.54,2.0NRT
8.79795,80.4024,2026-09-03,731,2026-09-03 07:31:00,343.66,297.73,12.78,n,N20,VIIRS,D,0.63,0.54,2.0NRT
8.79975,80.40611,2026-09-03,731,2026-09-03 07:31:00,331.81,294.91,8.46,n,N20,VIIRS,D,0.63,0.54,2.0NRT
8.86345,78.08493,2026-09-03,731,2026-09-03 07:31:00,338.14,294.83,2.28,n,N20,VIIRS,D,0.46,0.63,2.0NRT
8.9091,80.35435,2026-09-03,731,2026-09-03 07:31:00,339.55,293.47,6.05,n,N20,VIIRS,D,0.63,0.54,2.0NRT
8.94823,80.79115,2026-09-03,731,2026-09-03 07:31:00,333.54,294.69,4.58,n,N20,VIIRS,D,0.59,0.53,2.0NRT
8.995,78.11643,2026-09-03,731,2026-09-03 07:31:00,341.06,295.85,3.27,n,N20,VIIRS,D,0.45,0.63,2.0NRT
8.58942,80.82306,2026-09-03,731,2026-09-03 07:31:00,334.19,296.24,6.13,n,N20,VIIRS,D,0.6,0.53,2.0NRT
23.78796,85.55418,2026-09-03,733,2026-09-03 07:33:00,332.27,293.58,2.83,n,N20,VIIRS,D,0.39,0.36,2.0NRT
23.78466,85.55476,2026-09-03,733,2026-09-03 07:33:00,332.14,294.27,2.83,n,N20,VIIRS,D,0.39,0.36,2.0NRT
21.16354,72.67133,2026-09-03,733,2026-09-03 07:33:00,338.1,287.54,5.44,n,N20,VIIRS,D,0.59,0.7,2.0NRT
23.77443,86.36435,2026-09-03,733,2026-09-03 07:33:00,340.16,296.49,4.56,n,N20,VIIRS,D,0.4,0.37,2.0NRT
23.77833,86.3914,2026-09-03,733,2026-09-03 07:33:00,333.93,296.63,5.61,n,N20,VIIRS,D,0.4,0.37,2.0NRT
21.10291,72.64852,2026-09-03,733,2026-09-03 07:33:00,334.62,288.64,9.08,n,N20,VIIRS,D,0.6,0.7,2.0NRT
22.36557,87.30296,2026-09-03,733,2026-09-03 07:33:00,343.37,298.96,9.64,n,N20,VIIRS,D,0.41,0.37,2.0NRT
23.66255,87.15377,2026-09-03,733,2026-09-03 07:33:00,330.63,292.84,3.12,n,N20,VIIRS,D,0.41,0.37,2.0NRT
27.9844,95.93944,2026-09-03,735,2026-09-03 07:35:00,348.14,289.43,7.85,n,N20,VIIRS,D,0.48,0.65,2.0NRT
29.90034,70.05103,2026-09-03,737,2026-09-03 07:37:00,335.7,294.28,2.92,n,N20,VIIRS,D,0.54,0.68,2.0NRT
31.36748,72.16143,2026-09-03,737,2026-09-03 07:37:00,330.66,295.8,2.41,n,N20,VIIRS,D,0.37,0.58,2.0NRT
31.98055,72.40473,2026-09-03,737,2026-09-03 07:37:00,337.52,296.96,3.05,n,N20,VIIRS,D,0.35,0.57,2.0NRT
31.98557,72.40307,2026-09-03,737,2026-09-03 07:37:00,331.06,296.49,2.79,n,N20,VIIRS,D,0.35,0.57,2.0NRT
35.70685,73.66389,2026-09-03,737,2026-09-03 07:37:00,339.6,297.67,8.0,n,N20,VIIRS,D,0.49,0.48,2.0NRT
28.80634,71.15429,2026-09-03,737,2026-09-03 07:37:00,367.0,298.39,11.08,h,N20,VIIRS,D,0.49,0.65,2.0NRT
7.62325,80.96835,2026-09-03,816,2026-09-03 08:16:00,335.3,303.34,8.76,n,N21,VIIRS,D,0.57,0.43,2.0NRT
7.86326,79.96407,2026-09-03,816,2026-09-03 08:16:00,331.68,296.12,3.04,n,N21,VIIRS,D,0.5,0.41,2.0NRT
7.85638,80.04802,2026-09-03,816,2026-09-03 08:16:00,333.4,296.85,2.72,n,N21,VIIRS,D,0.51,0.41,2.0NRT
7.85264,80.04858,2026-09-03,816,2026-09-03 08:16:00,334.57,298.6,7.95,n,N21,VIIRS,D,0.51,0.41,2.0NRT
7.73774,80.84113,2026-09-03,816,2026-09-03 08:16:00,335.96,301.06,7.68,n,N21,VIIRS,D,0.56,0.43,2.0NRT
7.72421,81.08974,2026-09-03,816,2026-09-03 08:16:00,337.96,302.54,2.74,n,N21,VIIRS,D,0.39,0.44,2.0NRT
7.66577,81.45068,2026-09-03,816,2026-09-03 08:16:00,339.69,301.16,5.64,n,N21,VIIRS,D,0.41,0.45,2.0NRT
7.60967,80.6478,2026-09-03,816,2026-09-03 08:16:00,331.72,298.27,4.39,n,N21,VIIRS,D,0.54,0.42,2.0NRT
7.48285,81.36305,2026-09-03,816,2026-09-03 08:16:00,343.72,302.57,6.87,n,N21,VIIRS,D,0.4,0.44,2.0NRT
7.38834,81.06092,2026-09-03,816,2026-09-03 08:16:00,338.64,306.48,7.7,n,N21,VIIRS,D,0.57,0.43,2.0NRT
7.55352,81.30081,2026-09-03,816,2026-09-03 08:16:00,350.83,306.91,9.55,n,N21,VIIRS,D,0.4,0.44,2.0NRT
7.55303,81.29726,2026-09-03,816,2026-09-03 08:16:00,345.16,307.34,11.53,n,N21,VIIRS,D,0.4,0.44,2.0NRT
7.52646,81.40805,2026-09-03,816,2026-09-03 08:16:00,335.13,301.02,5.95,n,N21,VIIRS,D,0.4,0.44,2.0NRT
7.86806,81.46723,2026-09-03,816,2026-09-03 08:16:00,342.3,301.61,7.53,n,N21,VIIRS,D,0.41,0.45,2.0NRT
7.46059,81.61513,2026-09-03,816,2026-09-03 08:16:00,339.89,299.49,5.81,n,N21,VIIRS,D,0.41,0.45,2.0NRT
7.44659,81.28069,2026-09-03,816,2026-09-03 08:16:00,333.29,301.37,5.42,n,N21,VIIRS,D,0.39,0.44,2.0NRT
7.44384,81.55708,2026-09-03,816,2026-09-03 08:16:00,352.87,299.61,9.25,n,N21,VIIRS,D,0.41,0.45,2.0NRT
7.39849,81.65063,2026-09-03,816,2026-09-03 08:16:00,336.81,298.42,3.54,n,N21,VIIRS,D,0.41,0.45,2.0NRT
7.55756,81.30028,2026-09-03,816,2026-09-03 08:16:00,345.11,307.61,9.55,n,N21,VIIRS,D,0.4,0.44,2.0NRT
7.8992,80.0442,2026-09-03,816,2026-09-03 08:16:00,332.09,298.24,1.93,n,N21,VIIRS,D,0.51,0.41,2.0NRT
8.052,81.29865,2026-09-03,816,2026-09-03 08:16:00,343.17,301.93,5.76,n,N21,VIIRS,D,0.4,0.44,2.0NRT
8.04111,80.36721,2026-09-03,816,2026-09-03 08:16:00,335.65,299.88,4.65,n,N21,VIIRS,D,0.53,0.42,2.0NRT
8.3034,80.67529,2026-09-03,816,2026-09-03 08:16:00,336.16,297.22,7.93,n,N21,VIIRS,D,0.56,0.43,2.0NRT
8.30173,80.23722,2026-09-03,816,2026-09-03 08:16:00,335.24,300.82,6.4,n,N21,VIIRS,D,0.52,0.42,2.0NRT
8.29792,80.23779,2026-09-03,816,2026-09-03 08:16:00,338.58,300.57,8.52,n,N21,VIIRS,D,0.52,0.42,2.0NRT
8.26189,80.14746,2026-09-03,816,2026-09-03 08:16:00,337.03,299.16,9.88,n,N21,VIIRS,D,0.52,0.41,2.0NRT
8.25367,80.14391,2026-09-03,816,2026-09-03 08:16:00,331.71,299.71,3.79,n,N21,VIIRS,D,0.52,0.41,2.0NRT
8.24988,80.14448,2026-09-03,816,2026-09-03 08:16:00,330.46,300.45,3.79,n,N21,VIIRS,D,0.52,0.41,2.0NRT
8.19903,81.06994,2026-09-03,816,2026-09-03 08:16:00,352.69,302.63,19.69,n,N21,VIIRS,D,0.39,0.44,2.0NRT
8.18848,80.68414,2026-09-03,816,2026-09-03 08:16:00,335.38,302.06,4.73,n,N21,VIIRS,D,0.56,0.43,2.0NRT
8.15971,81.32464,2026-09-03,816,2026-09-03 08:16:00,337.61,302.0,6.7,n,N21,VIIRS,D,0.4,0.45,2.0NRT
7.97694,80.23997,2026-09-03,816,2026-09-03 08:16:00,340.4,297.64,3.84,n,N21,VIIRS,D,0.52,0.42,2.0NRT
8.15791,80.28943,2026-09-03,816,2026-09-03 08:16:00,332.48,299.72,1.95,n,N21,VIIRS,D,0.53,0.42,2.0NRT
8.15193,80.6235,2026-09-03,816,2026-09-03 08:16:00,337.53,300.3,7.31,n,N21,VIIRS,D,0.55,0.43,2.0NRT
8.14853,81.33372,2026-09-03,816,2026-09-03 08:16:00,336.72,301.92,8.24,n,N21,VIIRS,D,0.41,0.45,2.0NRT
8.14016,80.30169,2026-09-03,816,2026-09-03 08:16:00,338.92,299.5,5.64,n,N21,VIIRS,D,0.53,0.42,2.0NRT
8.13681,80.30009,2026-09-03,816,2026-09-03 08:16:00,339.45,298.84,4.52,n,N21,VIIRS,D,0.53,0.42,2.0NRT
8.10851,80.26566,2026-09-03,816,2026-09-03 08:16:00,335.08,300.44,6.21,n,N21,VIIRS,D,0.52,0.42,2.0NRT
8.05456,80.64538,2026-09-03,816,2026-09-03 08:16:00,333.86,301.24,5.1,n,N21,VIIRS,D,0.55,0.43,2.0NRT
8.04928,81.42581,2026-09-03,816,2026-09-03 08:16:00,339.38,303.43,9.67,n,N21,VIIRS,D,0.41,0.45,2.0NRT
8.04166,80.36526,2026-09-03,816,2026-09-03 08:16:00,337.12,300.52,6.25,n,N21,VIIRS,D,0.53,0.42,2.0NRT
8.04131,81.28174,2026-09-03,816,2026-09-03 08:16:00,338.65,302.89,4.32,n,N21,VIIRS,D,0.4,0.44,2.0NRT
8.153,80.60322,2026-09-03,816,2026-09-03 08:16:00,335.11,299.69,6.47,n,N21,VIIRS,D,0.55,0.43,2.0NRT
7.38729,81.05939,2026-09-03,816,2026-09-03 08:16:00,339.39,306.74,8.78,n,N21,VIIRS,D,0.57,0.43,2.0NRT
6.8188,81.81318,2026-09-03,816,2026-09-03 08:16:00,339.04,300.11,6.43,n,N21,VIIRS,D,0.42,0.45,2.0NRT
7.38393,81.77567,2026-09-03,816,2026-09-03 08:16:00,335.15,300.57,4.79,n,N21,VIIRS,D,0.42,0.45,2.0NRT
7.07992,81.51616,2026-09-03,816,2026-09-03 08:16:00,337.69,302.55,6.16,n,N21,VIIRS,D,0.4,0.44,2.0NRT
7.07902,81.80709,2026-09-03,816,2026-09-03 08:16:00,335.5,303.31,7.79,n,N21,VIIRS,D,0.42,0.45,2.0NRT
7.07427,81.24828,2026-09-03,816,2026-09-03 08:16:00,330.03,295.09,4.3,n,N21,VIIRS,D,0.39,0.44,2.0NRT
7.0714,81.11739,2026-09-03,816,2026-09-03 08:16:00,338.2,300.64,11.72,n,N21,VIIRS,D,0.57,0.43,2.0NRT
7.07129,81.51371,2026-09-03,816,2026-09-03 08:16:00,335.23,299.95,3.01,n,N21,VIIRS,D,0.4,0.44,2.0NRT
7.07054,81.11572,2026-09-03,816,2026-09-03 08:16:00,338.27,300.53,8.72,n,N21,VIIRS,D,0.57,0.43,2.0NRT
7.04438,81.46957,2026-09-03,816,2026-09-03 08:16:00,337.2,300.33,4.56,n,N21,VIIRS,D,0.4,0.44,2.0NRT
6.99152,81.596,2026-09-03,816,2026-09-03 08:16:00,342.93,301.77,5.38,n,N21,VIIRS,D,0.41,0.45,2.0NRT
6.82495,81.47689,2026-09-03,816,2026-09-03 08:16:00,340.18,304.17,3.11,n,N21,VIIRS,D,0.4,0.44,2.0NRT
8.30373,80.67332,2026-09-03,816,2026-09-03 08:16:00,338.45,300.12,3.46,n,N21,VIIRS,D,0.56,0.43,2.0NRT
6.79974,81.47322,2026-09-03,816,2026-09-03 08:16:00,339.7,306.57,6.41,n,N21,VIIRS,D,0.4,0.44,2.0NRT
6.79854,81.47297,2026-09-03,816,2026-09-03 08:16:00,337.44,306.7,6.69,n,N21,VIIRS,D,0.4,0.44,2.0NRT
6.7477,81.52042,2026-09-03,816,2026-09-03 08:16:00,347.23,305.57,13.48,n,N21,VIIRS,D,0.4,0.44,2.0NRT
6.74365,81.52097,2026-09-03,816,2026-09-03 08:16:00,346.74,307.65,13.48,n,N21,VIIRS,D,0.4,0.44,2.0NRT
6.66724,80.90286,2026-09-03,816,2026-09-03 08:16:00,333.59,298.06,8.62,n,N21,VIIRS,D,0.55,0.42,2.0NRT
8.34712,81.14988,2026-09-03,816,2026-09-03 08:16:00,345.83,300.77,7.74,n,N21,VIIRS,D,0.4,0.44,2.0NRT
6.58789,81.0489,2026-09-03,816,2026-09-03 08:16:00,345.94,300.08,8.7,n,N21,VIIRS,D,0.56,0.43,2.0NRT
6.37186,81.13629,2026-09-03,816,2026-09-03 08:16:00,335.24,298.94,13.79,n,N21,VIIRS,D,0.56,0.43,2.0NRT
6.30033,80.96992,2026-09-03,816,2026-09-03 08:16:00,332.42,298.32,3.65,n,N21,VIIRS,D,0.55,0.42,2.0NRT
7.11715,81.66013,2026-09-03,816,2026-09-03 08:16:00,336.34,301.06,3.05,n,N21,VIIRS,D,0.41,0.45,2.0NRT
7.12232,81.66699,2026-09-03,816,2026-09-03 08:16:00,339.79,301.82,4.78,n,N21,VIIRS,D,0.41,0.45,2.0NRT
7.13533,80.92245,2026-09-03,816,2026-09-03 08:16:00,338.84,301.97,15.3,n,N21,VIIRS,D,0.56,0.43,2.0NRT
7.13598,80.92695,2026-09-03,816,2026-09-03 08:16:00,345.51,300.73,12.17,n,N21,VIIRS,D,0.56,0.43,2.0NRT
7.37362,81.18336,2026-09-03,816,2026-09-03 08:16:00,367.0,311.08,25.05,h,N21,VIIRS,D,0.39,0.44,2.0NRT
7.36681,81.07967,2026-09-03,816,2026-09-03 08:16:00,335.93,304.8,7.25,n,N21,VIIRS,D,0.57,0.43,2.0NRT
7.35865,81.19258,2026-09-03,816,2026-09-03 08:16:00,347.12,309.04,11.3,n,N21,VIIRS,D,0.39,0.44,2.0NRT
7.35566,81.2002,2026-09-03,816,2026-09-03 08:16:00,341.69,308.43,10.86,n,N21,VIIRS,D,0.39,0.44,2.0NRT
7.34618,81.19084,2026-09-03,816,2026-09-03 08:16:00,346.82,308.29,8.8,n,N21,VIIRS,D,0.39,0.44,2.0NRT
7.34219,81.19138,2026-09-03,816,2026-09-03 08:16:00,337.22,307.6,6.82,l,N21,VIIRS,D,0.39,0.44,2.0NRT
7.301,81.23346,2026-09-03,816,2026-09-03 08:16:00,332.7,302.61,3.8,n,N21,VIIRS,D,0.39,0.44,2.0NRT
7.30049,81.22999,2026-09-03,816,2026-09-03 08:16:00,336.47,304.37,3.8,n,N21,VIIRS,D,0.39,0.44,2.0NRT
7.30011,81.12302,2026-09-03,816,2026-09-03 08:16:00,351.18,303.89,5.34,n,N21,VIIRS,D,0.38,0.43,2.0NRT
7.38626,81.77528,2026-09-03,816,2026-09-03 08:16:00,346.98,301.31,5.8,n,N21,VIIRS,D,0.42,0.45,2.0NRT
7.30001,81.15145,2026-09-03,816,2026-09-03 08:16:00,341.73,303.17,10.09,n,N21,VIIRS,D,0.38,0.44,2.0NRT
7.29364,81.76534,2026-09-03,816,2026-09-03 08:16:00,337.04,300.21,3.71,n,N21,VIIRS,D,0.42,0.45,2.0NRT
7.29186,81.17072,2026-09-03,816,2026-09-03 08:16:00,331.1,303.09,3.75,l,N21,VIIRS,D,0.39,0.44,2.0NRT
7.28111,81.67522,2026-09-03,816,2026-09-03 08:16:00,344.64,299.79,6.25,n,N21,VIIRS,D,0.41,0.45,2.0NRT
7.26847,81.12136,2026-09-03,816,2026-09-03 08:16:00,335.42,301.54,3.0,n,N21,VIIRS,D,0.38,0.43,2.0NRT
7.2456,81.1597,2026-09-03,816,2026-09-03 08:16:00,336.53,302.79,3.45,n,N21,VIIRS,D,0.38,0.44,2.0NRT
7.19135,81.77625,2026-09-03,816,2026-09-03 08:16:00,336.12,304.42,2.59,n,N21,VIIRS,D,0.42,0.45,2.0NRT
7.18519,81.55346,2026-09-03,816,2026-09-03 08:16:00,343.53,306.23,11.39,n,N21,VIIRS,D,0.41,0.45,2.0NRT
7.15302,81.79263,2026-09-03,816,2026-09-03 08:16:00,337.19,303.58,3.52,n,N21,VIIRS,D,0.42,0.45,2.0NRT
7.13922,80.92181,2026-09-03,816,2026-09-03 08:16:00,344.99,300.72,22.59,n,N21,VIIRS,D,0.56,0.43,2.0NRT
7.29952,81.1479,2026-09-03,816,2026-09-03 08:16:00,341.39,305.22,9.08,n,N21,VIIRS,D,0.38,0.44,2.0NRT
8.3043,80.59915,2026-09-03,816,2026-09-03 08:16:00,345.28,300.22,5.36,n,N21,VIIRS,D,0.55,0.43,2.0NRT
9.21627,78.64738,2026-09-03,816,2026-09-03 08:16:00,335.65,302.15,11.12,n,N21,VIIRS,D,0.45,0.39,2.0NRT
8.30825,81.16636,2026-09-03,816,2026-09-03 08:16:00,342.98,300.89,11.38,n,N21,VIIRS,D,0.4,0.44,2.0NRT
8.6019,80.48138,2026-09-03,816,2026-09-03 08:16:00,334.03,300.12,11.17,n,N21,VIIRS,D,0.55,0.42,2.0NRT
8.60403,80.47799,2026-09-03,816,2026-09-03 08:16:00,339.18,303.04,14.05,n,N21,VIIRS,D,0.55,0.42,2.0NRT
8.60675,77.96529,2026-09-03,816,2026-09-03 08:16:00,339.2,303.99,4.94,n,N21,VIIRS,D,0.41,0.37,2.0NRT
8.6072,80.47253,2026-09-03,816,2026-09-03 08:16:00,342.52,301.22,9.22,n,N21,VIIRS,D,0.55,0.42,2.0NRT
8.60831,80.47046,2026-09-03,816,2026-09-03 08:16:00,337.84,299.79,5.32,n,N21,VIIRS,D,0.55,0.42,2.0NRT
8.61016,77.96478,2026-09-03,816,2026-09-03 08:16:00,338.69,304.46,3.89,n,N21,VIIRS,D,0.41,0.37,2.0NRT
8.6202,77.77351,2026-09-03,816,2026-09-03 08:16:00,354.2,313.01,23.1,n,N21,VIIRS,D,0.41,0.37,2.0NRT
8.62075,77.77719,2026-09-03,816,2026-09-03 08:16:00,348.05,312.84,31.99,n,N21,VIIRS,D,0.41,0.37,2.0NRT
8.63179,80.41209,2026-09-03,816,2026-09-03 08:16:00,348.45,301.29,15.23,n,N21,VIIRS,D,0.54,0.42,2.0NRT
8.63298,80.56284,2026-09-03,816,2026-09-03 08:16:00,338.38,302.03,10.25,n,N21,VIIRS,D,0.55,0.43,2.0NRT
8.68898,81.06744,2026-09-03,816,2026-09-03 08:16:00,339.73,301.52,5.13,n,N21,VIIRS,D,0.4,0.44,2.0NRT
8.68968,81.0641,2026-09-03,816,2026-09-03 08:16:00,334.83,300.07,4.74,n,N21,VIIRS,D,0.4,0.44,2.0NRT
8.69017,81.06768,2026-09-03,816,2026-09-03 08:16:00,342.04,301.65,4.74,n,N21,VIIRS,D,0.4,0.44,2.0NRT
8.74555,80.33832,2026-09-03,816,2026-09-03 08:16:00,334.07,298.9,5.26,n,N21,VIIRS,D,0.54,0.42,2.0NRT
8.7707,80.86471,2026-09-03,816,2026-09-03 08:16:00,340.44,299.11,7.98,n,N21,VIIRS,D,0.39,0.44,2.0NRT
8.77469,80.86414,2026-09-03,816,2026-09-03 08:16:00,338.22,298.09,4.96,n,N21,VIIRS,D,0.39,0.44,2.0NRT
8.79248,80.99432,2026-09-03,816,2026-09-03 08:16:00,330.07,300.66,2.69,l,N21,VIIRS,D,0.39,0.44,2.0NRT
8.79916,80.5211,2026-09-03,816,2026-09-03 08:16:00,332.55,299.64,5.07,n,N21,VIIRS,D,0.55,0.43,2.0NRT
8.81242,78.05347,2026-09-03,816,2026-09-03 08:16:00,342.91,305.82,8.02,n,N21,VIIRS,D,0.42,0.38,2.0NRT
8.5717,80.36332,2026-09-03,816,2026-09-03 08:16:00,336.6,302.17,7.65,n,N21,VIIRS,D,0.54,0.42,2.0NRT
8.55477,80.80865,2026-09-03,816,2026-09-03 08:16:00,337.77,300.96,14.01,n,N21,VIIRS,D,0.57,0.43,2.0NRT
8.54,80.81329,2026-09-03,816,2026-09-03 08:16:00,337.89,300.88,5.66,n,N21,VIIRS,D,0.57,0.43,2.0NRT
8.53964,80.81607,2026-09-03,816,2026-09-03 08:16:00,338.5,301.32,8.03,n,N21,VIIRS,D,0.57,0.43,2.0NRT
8.36731,81.38072,2026-09-03,816,2026-09-03 08:16:00,334.99,301.62,4.62,n,N21,VIIRS,D,0.41,0.45,2.0NRT
8.39262,80.62502,2026-09-03,816,2026-09-03 08:16:00,336.5,301.8,5.5,n,N21,VIIRS,D,0.55,0.43,2.0NRT
8.42092,80.62338,2026-09-03,816,2026-09-03 08:16:00,346.94,297.93,10.66,n,N21,VIIRS,D,0.55,0.43,2.0NRT
8.42389,80.58739,2026-09-03,816,2026-09-03 08:16:00,335.04,300.77,4.99,n,N21,VIIRS,D,0.55,0.43,2.0NRT
8.42403,80.67662,2026-09-03,816,2026-09-03 08:16:00,340.3,301.34,7.34,n,N21,VIIRS,D,0.56,0.43,2.0NRT
8.42463,80.67908,2026-09-03,816,2026-09-03 08:16:00,338.89,300.42,5.65,n,N21,VIIRS,D,0.56,0.43,2.0NRT
8.43117,80.5259,2026-09-03,816,2026-09-03 08:16:00,337.4,301.8,5.36,n,N21,VIIRS,D,0.55,0.42,2.0NRT
8.44062,80.85381,2026-09-03,816,2026-09-03 08:16:00,338.43,301.32,8.78,n,N21,VIIRS,D,0.57,0.43,2.0NRT
8.44197,80.85606,2026-09-03,816,2026-09-03 08:16:00,336.3,301.66,9.15,n,N21,VIIRS,D,0.57,0.43,2.0NRT
8.82861,80.53207,2026-09-03,816,2026-09-03 08:16:00,331.5,298.75,3.5,n,N21,VIIRS,D,0.55,0.43,2.0NRT
8.44774,81.09569,2026-09-03,816,2026-09-03 08:16:00,341.48,300.04,4.94,n,N21,VIIRS,D,0.4,0.44,2.0NRT
8.46589,81.10767,2026-09-03,816,2026-09-03 08:16:00,337.52,300.74,4.34,n,N21,VIIRS,D,0.4,0.44,2.0NRT
8.47183,80.29427,2026-09-03,816,2026-09-03 08:16:00,333.81,296.64,4.33,n,N21,VIIRS,D,0.53,0.42,2.0NRT
8.49929,80.78248,2026-09-03,816,2026-09-03 08:16:00,346.58,301.74,15.09,n,N21,VIIRS,D,0.57,0.43,2.0NRT
8.51937,80.66792,2026-09-03,816,2026-09-03 08:16:00,330.46,300.27,3.92,n,N21,VIIRS,D,0.56,0.43,2.0NRT
8.51943,80.67055,2026-09-03,816,2026-09-03 08:16:00,334.63,301.72,5.48,n,N21,VIIRS,D,0.56,0.43,2.0NRT
8.52321,80.6138,2026-09-03,816,2026-09-03 08:16:00,334.61,300.96,5.81,n,N21,VIIRS,D,0.56,0.43,2.0NRT
8.52398,80.58556,2026-09-03,816,2026-09-03 08:16:00,334.34,300.52,8.44,n,N21,VIIRS,D,0.55,0.43,2.0NRT
8.52421,80.61604,2026-09-03,816,2026-09-03 08:16:00,333.04,299.16,4.66,n,N21,VIIRS,D,0.56,0.43,2.0NRT
8.52691,80.46416,2026-09-03,816,2026-09-03 08:16:00,335.64,300.5,16.67,n,N21,VIIRS,D,0.54,0.42,2.0NRT
8.46447,80.79271,2026-09-03,816,2026-09-03 08:16:00,330.12,300.34,6.43,l,N21,VIIRS,D,0.57,0.43,2.0NRT
8.83073,80.51394,2026-09-03,816,2026-09-03 08:16:00,334.67,299.47,8.97,n,N21,VIIRS,D,0.55,0.43,2.0NRT
8.83873,77.68748,2026-09-03,816,2026-09-03 08:16:00,339.97,309.13,7.33,n,N21,VIIRS,D,0.41,0.37,2.0NRT
8.86602,78.08418,2026-09-03,816,2026-09-03 08:16:00,348.47,306.22,13.83,n,N21,VIIRS,D,0.42,0.38,2.0NRT
10.11128,77.65968,2026-09-03,816,2026-09-03 08:16:00,349.06,306.96,6.72,n,N21,VIIRS,D,0.42,0.37,2.0NRT
10.11183,77.66344,2026-09-03,816,2026-09-03 08:16:00,343.37,308.57,6.72,n,N21,VIIRS,D,0.42,0.37,2.0NRT
10.11921,77.66613,2026-09-03,816,2026-09-03 08:16:00,342.56,308.33,8.07,n,N21,VIIRS,D,0.42,0.37,2.0NRT
10.23588,79.19627,2026-09-03,816,2026-09-03 08:16:00,338.92,303.12,9.69,n,N21,VIIRS,D,0.49,0.4,2.0NRT
10.67869,78.942,2026-09-03,816,2026-09-03 08:16:00,335.66,296.53,7.36,n,N21,VIIRS,D,0.48,0.4,2.0NRT
10.74984,78.97149,2026-09-03,816,2026-09-03 08:16:00,332.9,295.07,3.0,n,N21,VIIRS,D,0.48,0.4,2.0NRT
10.78625,77.79347,2026-09-03,816,2026-09-03 08:16:00,343.36,305.5,9.5,n,N21,VIIRS,D,0.43,0.38,2.0NRT
10.82759,77.76785,2026-09-03,816,2026-09-03 08:16:00,337.1,300.51,2.88,n,N21,VIIRS,D,0.42,0.38,2.0NRT
10.84841,78.50124,2026-09-03,816,2026-09-03 08:16:00,347.91,299.73,10.66,n,N21,VIIRS,D,0.46,0.39,2.0NRT
9.99129,78.08318,2026-09-03,816,2026-09-03 08:16:00,338.8,304.35,6.7,n,N21,VIIRS,D,0.43,0.38,2.0NRT
11.00386,79.25903,2026-09-03,816,2026-09-03 08:16:00,335.16,300.72,2.95,n,N21,VIIRS,D,0.5,0.41,2.0NRT
11.39026,78.14157,2026-09-03,816,2026-09-03 08:16:00,341.79,296.62,3.98,n,N21,VIIRS,D,0.44,0.39,2.0NRT
11.45467,77.59742,2026-09-03,816,2026-09-03 08:16:00,332.46,294.74,2.43,n,N21,VIIRS,D,0.42,0.38,2.0NRT
11.50959,79.52499,2026-09-03,816,2026-09-03 08:16:00,333.9,290.66,5.71,n,N21,VIIRS,D,0.52,0.42,2.0NRT
8.34293,80.22649,2026-09-03,816,2026-09-03 08:16:00,335.59,300.74,8.01,n,N21,VIIRS,D,0.52,0.42,2.0NRT
8.33996,81.01351,2026-09-03,816,2026-09-03 08:16:00,331.78,298.33,2.12,n,N21,VIIRS,D,0.39,0.44,2.0NRT
8.31947,81.01282,2026-09-03,816,2026-09-03 08:16:00,330.72,301.05,3.4,l,N21,VIIRS,D,0.39,0.44,2.0NRT
8.31279,81.16936,2026-09-03,816,2026-09-03 08:16:00,341.01,300.22,16.03,n,N21,VIIRS,D,0.4,0.44,2.0NRT
8.31229,81.16579,2026-09-03,816,2026-09-03 08:16:00,342.1,299.89,11.38,n,N21,VIIRS,D,0.4,0.44,2.0NRT
8.30875,81.16994,2026-09-03,816,2026-09-03 08:16:00,340.74,298.68,16.03,n,N21,VIIRS,D,0.4,0.44,2.0NRT
11.18612,79.70135,2026-09-03,816,2026-09-03 08:16:00,330.95,299.27,5.73,n,N21,VIIRS,D,0.53,0.42,2.0NRT
8.30514,80.59699,2026-09-03,816,2026-09-03 08:16:00,349.11,301.72,9.56,n,N21,VIIRS,D,0.55,0.43,2.0NRT
9.97086,78.1619,2026-09-03,816,2026-09-03 08:16:00,338.94,305.27,10.42,n,N21,VIIRS,D,0.43,0.38,2.0NRT
9.96128,78.07182,2026-09-03,816,2026-09-03 08:16:00,336.64,304.12,4.62,n,N21,VIIRS,D,0.43,0.38,2.0NRT
8.90981,80.42682,2026-09-03,816,2026-09-03 08:16:00,337.02,301.9,6.22,n,N21,VIIRS,D,0.55,0.42,2.0NRT
8.91155,80.35648,2026-09-03,816,2026-09-03 08:16:00,343.79,301.61,8.92,n,N21,VIIRS,D,0.54,0.42,2.0NRT
8.91308,80.35413,2026-09-03,816,2026-09-03 08:16:00,342.71,301.13,7.77,n,N21,VIIRS,D,0.54,0.42,2.0NRT
8.94545,77.81496,2026-09-03,816,2026-09-03 08:16:00,344.36,308.85,17.83,n,N21,VIIRS,D,0.41,0.37,2.0NRT
8.9933,78.1157,2026-09-03,816,2026-09-03 08:16:00,337.51,304.75,5.51,n,N21,VIIRS,D,0.42,0.38,2.0NRT
8.99674,78.11518,2026-09-03,816,2026-09-03 08:16:00,340.06,305.42,5.51,n,N21,VIIRS,D,0.42,0.38,2.0NRT
9.03737,80.6734,2026-09-03,816,2026-09-03 08:16:00,330.14,297.02,4.43,n,N21,VIIRS,D,0.57,0.43,2.0NRT
9.09089,79.79725,2026-09-03,816,2026-09-03 08:16:00,345.69,301.97,47.93,n,N21,VIIRS,D,0.51,0.41,2.0NRT
9.1417,80.27109,2026-09-03,816,2026-09-03 08:16:00,339.59,299.36,5.97,n,N21,VIIRS,D,0.54,0.42,2.0NRT
9.96184,78.0757,2026-09-03,816,2026-09-03 08:16:00,340.11,306.26,4.62,n,N21,VIIRS,D,0.43,0.38,2.0NRT
9.25096,77.98447,2026-09-03,816,2026-09-03 08:16:00,343.73,303.2,48.71,n,N21,VIIRS,D,0.42,0.38,2.0NRT
9.40306,80.45114,2026-09-03,816,2026-09-03 08:16:00,344.19,300.73,17.65,n,N21,VIIRS,D,0.56,0.43,2.0NRT
9.40516,80.46627,2026-09-03,816,2026-09-03 08:16:00,340.88,300.69,11.33,n,N21,VIIRS,D,0.56,0.43,2.0NRT
9.40838,80.46066,2026-09-03,816,2026-09-03 08:16:00,339.16,301.47,8.48,n,N21,VIIRS,D,0.56,0.43,2.0NRT
9.40985,78.81035,2026-09-03,816,2026-09-03 08:16:00,339.93,299.81,5.62,n,N21,VIIRS,D,0.46,0.39,2.0NRT
9.42013,80.45897,2026-09-03,816,2026-09-03 08:16:00,336.83,300.42,8.46,n,N21,VIIRS,D,0.56,0.43,2.0NRT
9.45867,80.50513,2026-09-03,816,2026-09-03 08:16:00,341.24,298.39,7.59,n,N21,VIIRS,D,0.56,0.43,2.0NRT
9.46056,80.46106,2026-09-03,816,2026-09-03 08:16:00,333.75,301.14,5.32,n,N21,VIIRS,D,0.56,0.43,2.0NRT
9.73456,77.55122,2026-09-03,816,2026-09-03 08:16:00,337.71,305.79,6.46,n,N21,VIIRS,D,0.41,0.37,2.0NRT
9.85865,78.18647,2026-09-03,816,2026-09-03 08:16:00,337.09,302.06,9.4,n,N21,VIIRS,D,0.43,0.38,2.0NRT
9.38139,78.7643,2026-09-03,816,2026-09-03 08:16:00,336.4,299.81,4.09,n,N21,VIIRS,D,0.45,0.39,2.0NRT
8.83035,80.51655,2026-09-03,816,2026-09-03 08:16:00,335.8,299.84,6.69,n,N21,VIIRS,D,0.55,0.43,2.0NRT
6.59339,80.97704,2026-09-03,816,2026-09-03 08:16:00,330.21,299.56,2.4,n,N21,VIIRS,D,0.55,0.43,2.0NRT
8.34346,81.00942,2026-09-03,816,2026-09-03 08:16:00,333.19,301.66,6.01,n,N21,VIIRS,D,0.39,0.44,2.0NRT
14.78736,79.80198,2026-09-03,818,2026-09-03 08:18:00,330.46,289.61,3.45,n,N21,VIIRS,D,0.4,0.44,2.0NRT
16.46553,79.58845,2026-09-03,818,2026-09-03 08:18:00,331.47,292.36,2.66,n,N21,VIIRS,D,0.41,0.45,2.0NRT
18.24572,75.4022,2026-09-03,818,2026-09-03 08:18:00,336.99,294.85,4.06,n,N21,VIIRS,D,0.4,0.37,2.0NRT
18.5062,74.34609,2026-09-03,818,2026-09-03 08:18:00,343.88,303.18,5.6,n,N21,VIIRS,D,0.39,0.36,2.0NRT
18.65981,74.60452,2026-09-03,818,2026-09-03 08:18:00,333.35,303.89,2.45,l,N21,VIIRS,D,0.39,0.36,2.0NRT
13.943,76.36328,2026-09-03,818,2026-09-03 08:18:00,332.79,295.38,3.33,n,N21,VIIRS,D,0.4,0.37,2.0NRT
13.24685,76.39126,2026-09-03,818,2026-09-03 08:18:00,339.05,287.26,5.27,n,N21,VIIRS,D,0.4,0.37,2.0NRT
21.10691,72.6467,2026-09-03,820,2026-09-03 08:20:00,353.0,303.51,9.19,n,N21,VIIRS,D,0.39,0.36,2.0NRT
23.30886,69.4185,2026-09-03,820,2026-09-03 08:20:00,333.65,301.35,5.76,n,N21,VIIRS,D,0.45,0.39,2.0NRT
22.92924,70.1059,2026-09-03,820,2026-09-03 08:20:00,335.84,303.18,8.52,l,N21,VIIRS,D,0.43,0.38,2.0NRT
19.41619,74.73562,2026-09-03,820,2026-09-03 08:20:00,335.63,295.77,4.98,n,N21,VIIRS,D,0.4,0.37,2.0NRT
21.10192,72.63627,2026-09-03,820,2026-09-03 08:20:00,339.66,300.92,9.64,n,N21,VIIRS,D,0.39,0.36,2.0NRT
21.10363,72.64727,2026-09-03,820,2026-09-03 08:20:00,341.64,302.04,9.19,n,N21,VIIRS,D,0.39,0.36,2.0NRT
22.92853,70.10656,2026-09-03,820,2026-09-03 08:20:00,332.86,302.73,7.14,l,N21,VIIRS,D,0.43,0.38,2.0NRT
21.1085,72.63512,2026-09-03,820,2026-09-03 08:20:00,338.53,301.34,6.92,n,N21,VIIRS,D,0.39,0.36,2.0NRT
21.16552,72.67063,2026-09-03,820,2026-09-03 08:20:00,343.59,300.03,5.56,n,N21,VIIRS,D,0.38,0.36,2.0NRT
31.10242,72.35428,2026-09-03,822,2026-09-03 08:22:00,332.57,304.85,2.71,l,N21,VIIRS,D,0.41,0.37,2.0NRT
31.104,72.20413,2026-09-03,822,2026-09-03 08:22:00,330.16,303.68,2.47,l,N21,VIIRS,D,0.4,0.37,2.0NRT
31.16984,75.04272,2026-09-03,822,2026-09-03 08:22:00,335.59,296.53,4.87,n,N21,VIIRS,D,0.51,0.41,2.0NRT
33.63013,73.01676,2026-09-03,822,2026-09-03 08:22:00,333.4,299.46,2.46,n,N21,VIIRS,D,0.44,0.39,2.0NRT
31.23119,72.16363,2026-09-03,822,2026-09-03 08:22:00,342.05,303.06,4.06,n,N21,VIIRS,D,0.4,0.37,2.0NRT
31.46605,74.61465,2026-09-03,822,2026-09-03 08:22:00,336.94,301.01,4.63,n,N21,VIIRS,D,0.49,0.4,2.0NRT
31.52391,72.13649,2026-09-03,822,2026-09-03 08:22:00,337.67,303.5,3.33,n,N21,VIIRS,D,0.4,0.37,2.0NRT
31.62567,74.98903,2026-09-03,822,2026-09-03 08:22:00,332.14,296.26,4.15,n,N21,VIIRS,D,0.51,0.41,2.0NRT
31.81754,74.59283,2026-09-03,822,2026-09-03 08:22:00,340.73,296.72,6.08,n,N21,VIIRS,D,0.5,0.41,2.0NRT
31.04139,72.04004,2026-09-03,822,2026-09-03 08:22:00,334.94,302.09,6.25,n,N21,VIIRS,D,0.4,0.37,2.0NRT
31.03563,74.41142,2026-09-03,822,2026-09-03 08:22:00,335.51,297.85,3.55,n,N21,VIIRS,D,0.48,0.4,2.0NRT
29.43228,69.87639,2026-09-03,822,2026-09-03 08:22:00,335.88,308.63,1.14,l,N21,VIIRS,D,0.39,0.36,2.0NRT
30.57886,74.04327,2026-09-03,822,2026-09-03 08:22:00,330.83,300.38,2.89,n,N21,VIIRS,D,0.46,0.39,2.0NRT
30.57868,72.3315,2026-09-03,822,2026-09-03 08:22:00,332.74,301.73,1.84,n,N21,VIIRS,D,0.4,0.37,2.0NRT
29.43558,69.87576,2026-09-03,822,2026-09-03 08:22:00,334.18,308.71,2.43,l,N21,VIIRS,D,0.39,0.36,2.0NRT
33.26638,72.17457,2026-09-03,822,2026-09-03 08:22:00,333.0,304.14,2.1,l,N21,VIIRS,D,0.41,0.37,2.0NRT
30.78766,73.98348,2026-09-03,822,2026-09-03 08:22:00,333.83,301.61,15.24,n,N21,VIIRS,D,0.46,0.39,2.0NRT
25.67347,68.72453,2026-09-03,915,2026-09-03 09:15:00,330.05,298.81,1.64,n,N20,VIIRS,D,0.35,0.57,2.0NRT
25.38581,68.58442,2026-09-03,915,2026-09-03 09:15:00,330.2,297.74,1.58,n,N20,VIIRS,D,0.34,0.56,2.0NRT
21.16206,72.674,2026-09-03,915,2026-09-03 09:15:00,341.15,289.0,6.29,n,N20,VIIRS,D,0.56,0.68,2.0NRT
30.06881,96.98002,2026-09-03,1904,2026-09-03 19:04:00,305.55,286.23,1.7,n,N21,VIIRS,N,0.45,0.39,2.0NRT
23.80364,86.32647,2026-09-03,1906,2026-09-03 19:06:00,301.69,283.39,1.82,n,N21,VIIRS,N,0.53,0.67,2.0NRT
24.11562,86.86095,2026-09-03,1906,2026-09-03 19:06:00,304.07,278.56,1.61,n,N21,VIIRS,N,0.49,0.65,2.0NRT
23.79543,86.35154,2026-09-03,1906,2026-09-03 19:06:00,312.86,283.09,2.98,n,N21,VIIRS,N,0.52,0.67,2.0NRT
23.55742,87.24039,2026-09-03,1906,2026-09-03 19:06:00,312.47,275.87,3.03,n,N21,VIIRS,N,0.46,0.63,2.0NRT
23.79538,86.34803,2026-09-03,1906,2026-09-03 19:06:00,304.5,283.41,2.37,n,N21,VIIRS,N,0.53,0.67,2.0NRT
23.795,86.35329,2026-09-03,1906,2026-09-03 19:06:00,302.7,283.1,1.73,n,N21,VIIRS,N,0.52,0.67,2.0NRT
23.78024,86.38665,2026-09-03,1906,2026-09-03 19:06:00,305.68,283.81,2.3,n,N21,VIIRS,N,0.52,0.67,2.0NRT
23.77984,86.39172,2026-09-03,1906,2026-09-03 19:06:00,314.52,283.68,2.3,n,N21,VIIRS,N,0.52,0.67,2.0NRT
23.77573,86.3653,2026-09-03,1906,2026-09-03 19:06:00,316.44,283.69,3.08,n,N21,VIIRS,N,0.52,0.67,2.0NRT
23.77547,86.20876,2026-09-03,1906,2026-09-03 19:06:00,305.42,284.93,2.54,n,N21,VIIRS,N,0.54,0.68,2.0NRT
23.7741,86.38596,2026-09-03,1906,2026-09-03 19:06:00,304.86,283.64,2.68,n,N21,VIIRS,N,0.52,0.67,2.0NRT
23.77282,85.99427,2026-09-03,1906,2026-09-03 19:06:00,298.26,281.58,1.41,n,N21,VIIRS,N,0.55,0.68,2.0NRT
23.76677,86.40059,2026-09-03,1906,2026-09-03 19:06:00,304.12,282.21,3.92,n,N21,VIIRS,N,0.52,0.67,2.0NRT
23.76635,86.40579,2026-09-03,1906,2026-09-03 19:06:00,319.98,282.72,4.16,n,N21,VIIRS,N,0.52,0.67,2.0NRT
23.76062,86.39999,2026-09-03,1906,2026-09-03 19:06:00,309.65,282.62,4.13,n,N21,VIIRS,N,0.52,0.67,2.0NRT
23.76022,86.40524,2026-09-03,1906,2026-09-03 19:06:00,301.39,282.12,2.26,n,N21,VIIRS,N,0.52,0.67,2.0NRT
23.73945,86.43385,2026-09-03,1906,2026-09-03 19:06:00,311.62,283.86,2.52,n,N21,VIIRS,N,0.52,0.67,2.0NRT
23.73829,85.00842,2026-09-03,1906,2026-09-03 19:06:00,296.96,279.77,2.02,n,N21,VIIRS,N,0.64,0.72,2.0NRT
23.73333,86.43322,2026-09-03,1906,2026-09-03 19:06:00,306.07,283.6,2.85,n,N21,VIIRS,N,0.52,0.67,2.0NRT
23.71572,86.42124,2026-09-03,1906,2026-09-03 19:06:00,309.72,283.4,3.45,n,N21,VIIRS,N,0.52,0.67,2.0NRT
23.71524,86.422,2026-09-03,1906,2026-09-03 19:06:00,309.37,283.62,3.55,n,N21,VIIRS,N,0.52,0.67,2.0NRT
23.7134,86.4518,2026-09-03,1906,2026-09-03 19:06:00,307.77,283.45,1.76,n,N21,VIIRS,N,0.52,0.67,2.0NRT
23.71272,86.45254,2026-09-03,1906,2026-09-03 19:06:00,306.22,283.52,1.88,n,N21,VIIRS,N,0.52,0.66,2.0NRT
23.69064,87.12126,2026-09-03,1906,2026-09-03 19:06:00,317.22,283.34,4.43,n,N21,VIIRS,N,0.47,0.64,2.0NRT
23.68696,86.39274,2026-09-03,1906,2026-09-03 19:06:00,304.28,283.9,2.9,n,N21,VIIRS,N,0.52,0.67,2.0NRT
23.68665,86.39375,2026-09-03,1906,2026-09-03 19:06:00,303.02,283.65,1.76,n,N21,VIIRS,N,0.52,0.67,2.0NRT
23.68044,86.39726,2026-09-03,1906,2026-09-03 19:06:00,305.35,283.69,2.2,n,N21,VIIRS,N,0.52,0.67,2.0NRT
23.68011,86.3982,2026-09-03,1906,2026-09-03 19:06:00,305.86,283.25,1.98,n,N21,VIIRS,N,0.52,0.67,2.0NRT
23.67398,86.39745,2026-09-03,1906,2026-09-03 19:06:00,304.41,283.26,1.98,n,N21,VIIRS,N,0.52,0.67,2.0NRT
23.66418,87.1554,2026-09-03,1906,2026-09-03 19:06:00,311.03,283.84,2.19,n,N21,VIIRS,N,0.46,0.64,2.0NRT
23.6325,86.83428,2026-09-03,1906,2026-09-03 19:06:00,304.83,283.22,1.12,n,N21,VIIRS,N,0.49,0.65,2.0NRT
23.80322,86.3317,2026-09-03,1906,2026-09-03 19:06:00,311.37,283.56,1.82,n,N21,VIIRS,N,0.53,0.67,2.0NRT
23.58093,86.72375,2026-09-03,1906,2026-09-03 19:06:00,297.7,275.66,1.53,n,N21,VIIRS,N,0.49,0.65,2.0NRT
23.80305,86.3282,2026-09-03,1906,2026-09-03 19:06:00,312.09,283.8,3.29,n,N21,VIIRS,N,0.53,0.67,2.0NRT
23.612,86.78971,2026-09-03,1906,2026-09-03 19:06:00,308.97,282.8,1.86,n,N21,VIIRS,N,0.49,0.65,2.0NRT
23.78556,85.55293,2026-09-03,1906,2026-09-03 19:06:00,302.25,283.21,1.09,n,N21,VIIRS,N,0.59,0.7,2.0NRT
20.09703,94.79616,2026-09-03,1908,2026-09-03 19:08:00,303.98,282.9,1.5,n,N21,VIIRS,N,0.44,0.38,2.0NRT
20.9703,86.02133,2026-09-03,1908,2026-09-03 19:08:00,307.25,285.23,3.2,n,N21,VIIRS,N,0.51,0.66,2.0NRT
20.97102,86.02231,2026-09-03,1908,2026-09-03 19:08:00,301.24,285.24,2.33,n,N21,VIIRS,N,0.51,0.66,2.0NRT
23.64927,85.43691,2026-09-03,1908,2026-09-03 19:08:00,316.21,279.81,5.08,n,N21,VIIRS,N,0.6,0.7,2.0NRT
23.64955,85.43758,2026-09-03,1908,2026-09-03 19:08:00,318.4,279.93,4.68,n,N21,VIIRS,N,0.6,0.71,2.0NRT
23.65697,85.508,2026-09-03,1908,2026-09-03 19:08:00,301.57,281.04,1.18,n,N21,VIIRS,N,0.59,0.7,2.0NRT
23.66802,84.99591,2026-09-03,1908,2026-09-03 19:08:00,300.08,279.53,3.24,n,N21,VIIRS,N,0.64,0.72,2.0NRT
7.38443,80.83474,2026-09-03,1913,2026-09-03 19:13:00,300.26,286.8,2.04,n,N21,VIIRS,N,0.79,0.78,2.0NRT
6.81261,81.61962,2026-09-03,1913,2026-09-03 19:13:00,306.94,287.24,3.31,n,N21,VIIRS,N,0.68,0.74,2.0NRT
6.81508,81.6179,2026-09-03,1913,2026-09-03 19:13:00,309.08,287.19,2.2,n,N21,VIIRS,N,0.68,0.74,2.0NRT
23.66284,87.15459,2026-09-03,2002,2026-09-03 20:02:00,323.26,289.29,3.1,n,N20,VIIRS,N,0.4,0.37,2.0NRT
23.66344,84.99948,2026-09-03,2002,2026-09-03 20:02:00,306.55,287.33,0.92,n,N20,VIIRS,N,0.39,0.36,2.0NRT
23.66433,86.91784,2026-09-03,2002,2026-09-03 20:02:00,306.56,289.42,1.07,n,N20,VIIRS,N,0.39,0.36,2.0NRT
23.66554,87.1591,2026-09-03,2002,2026-09-03 20:02:00,308.6,288.27,0.9,n,N20,VIIRS,N,0.4,0.37,2.0NRT
23.65641,85.50684,2026-09-03,2002,2026-09-03 20:02:00,310.37,287.69,0.98,n,N20,VIIRS,N,0.38,0.36,2.0NRT
23.78161,85.57585,2026-09-03,2002,2026-09-03 20:02:00,304.27,284.23,1.39,n,N20,VIIRS,N,0.38,0.36,2.0NRT
23.66732,84.99632,2026-09-03,2002,2026-09-03 20:02:00,303.53,287.06,0.92,n,N20,VIIRS,N,0.39,0.36,2.0NRT
23.67437,86.3989,2026-09-03,2002,2026-09-03 20:02:00,303.78,288.76,1.25,n,N20,VIIRS,N,0.39,0.36,2.0NRT
23.67766,86.39953,2026-09-03,2002,2026-09-03 20:02:00,312.42,287.22,1.25,n,N20,VIIRS,N,0.39,0.36,2.0NRT
23.67827,86.39577,2026-09-03,2002,2026-09-03 20:02:00,306.12,284.6,0.87,n,N20,VIIRS,N,0.39,0.36,2.0NRT
23.67887,86.39201,2026-09-03,2002,2026-09-03 20:02:00,304.49,286.75,0.87,n,N20,VIIRS,N,0.39,0.36,2.0NRT
23.68316,87.13036,2026-09-03,2002,2026-09-03 20:02:00,310.17,289.84,1.98,n,N20,VIIRS,N,0.4,0.37,2.0NRT
23.68547,86.39327,2026-09-03,2002,2026-09-03 20:02:00,327.45,290.2,4.04,n,N20,VIIRS,N,0.39,0.36,2.0NRT
23.68607,86.38953,2026-09-03,2002,2026-09-03 20:02:00,306.72,288.99,2.12,n,N20,VIIRS,N,0.39,0.36,2.0NRT
23.68842,87.11951,2026-09-03,2002,2026-09-03 20:02:00,317.5,288.92,3.08,n,N20,VIIRS,N,0.4,0.37,2.0NRT
23.69164,87.1003,2026-09-03,2002,2026-09-03 20:02:00,306.55,288.71,1.63,n,N20,VIIRS,N,0.4,0.37,2.0NRT
23.69175,87.12016,2026-09-03,2002,2026-09-03 20:02:00,305.18,288.61,1.08,n,N20,VIIRS,N,0.4,0.37,2.0NRT
23.6924,87.11631,2026-09-03,2002,2026-09-03 20:02:00,305.7,288.48,1.93,n,N20,VIIRS,N,0.4,0.37,2.0NRT
23.69433,87.10479,2026-09-03,2002,2026-09-03 20:02:00,306.35,288.75,1.14,n,N20,VIIRS,N,0.4,0.37,2.0NRT
23.66618,87.15525,2026-09-03,2002,2026-09-03 20:02:00,304.39,287.89,0.9,n,N20,VIIRS,N,0.4,0.37,2.0NRT
23.65043,85.43652,2026-09-03,2002,2026-09-03 20:02:00,320.82,287.97,1.64,n,N20,VIIRS,N,0.38,0.36,2.0NRT
23.5834,86.7272,2026-09-03,2002,2026-09-03 20:02:00,310.78,290.67,1.11,n,N20,VIIRS,N,0.39,0.36,2.0NRT
23.64655,85.43964,2026-09-03,2002,2026-09-03 20:02:00,323.37,287.38,2.11,n,N20,VIIRS,N,0.38,0.36,2.0NRT
29.91132,74.94312,2026-09-03,2002,2026-09-03 20:02:00,306.14,290.62,0.8,n,N20,VIIRS,N,0.49,0.65,2.0NRT
29.91007,74.94244,2026-09-03,2002,2026-09-03 20:02:00,304.52,290.73,1.02,n,N20,VIIRS,N,0.49,0.65,2.0NRT
23.78113,86.39088,2026-09-03,2002,2026-09-03 20:02:00,309.56,287.67,1.05,n,N20,VIIRS,N,0.39,0.36,2.0NRT
29.48014,76.85374,2026-09-03,2002,2026-09-03 20:02:00,305.02,288.34,0.73,n,N20,VIIRS,N,0.37,0.58,2.0NRT
29.47757,76.85374,2026-09-03,2002,2026-09-03 20:02:00,367.0,288.83,9.46,h,N20,VIIRS,N,0.37,0.58,2.0NRT
29.47725,76.85763,2026-09-03,2002,2026-09-03 20:02:00,310.55,289.14,6.79,n,N20,VIIRS,N,0.37,0.58,2.0NRT
29.47475,76.85314,2026-09-03,2002,2026-09-03 20:02:00,367.0,288.75,8.36,h,N20,VIIRS,N,0.37,0.58,2.0NRT
29.47446,76.85703,2026-09-03,2002,2026-09-03 20:02:00,309.14,288.99,5.44,n,N20,VIIRS,N,0.37,0.58,2.0NRT
23.64714,85.43591,2026-09-03,2002,2026-09-03 20:02:00,312.95,287.65,1.38,n,N20,VIIRS,N,0.38,0.36,2.0NRT
28.74499,76.92669,2026-09-03,2002,2026-09-03 20:02:00,296.37,279.34,2.1,n,N20,VIIRS,N,0.36,0.58,2.0NRT
26.7609,83.19978,2026-09-03,2002,2026-09-03 20:02:00,308.37,290.5,3.62,n,N20,VIIRS,N,0.46,0.39,2.0NRT
26.52291,90.5325,2026-09-03,2002,2026-09-03 20:02:00,328.03,288.83,5.79,n,N20,VIIRS,N,0.49,0.4,2.0NRT
25.94085,72.18671,2026-09-03,2002,2026-09-03 20:02:00,305.68,288.86,2.0,n,N20,VIIRS,N,0.67,0.74,2.0NRT
24.11976,86.86308,2026-09-03,2002,2026-09-03 20:02:00,311.02,288.39,1.25,n,N20,VIIRS,N,0.39,0.36,2.0NRT
23.58009,86.72656,2026-09-03,2002,2026-09-03 20:02:00,308.13,290.15,1.11,n,N20,VIIRS,N,0.39,0.36,2.0NRT
23.69442,85.37145,2026-09-03,2002,2026-09-03 20:02:00,311.67,289.11,1.11,n,N20,VIIRS,N,0.39,0.36,2.0NRT
23.60976,85.67492,2026-09-03,2002,2026-09-03 20:02:00,309.37,289.81,0.81,n,N20,VIIRS,N,0.38,0.36,2.0NRT
23.6138,86.7917,2026-09-03,2002,2026-09-03 20:02:00,311.92,290.77,1.37,n,N20,VIIRS,N,0.39,0.36,2.0NRT
28.71685,76.8332,2026-09-03,2002,2026-09-03 20:02:00,299.98,274.6,1.13,n,N20,VIIRS,N,0.37,0.58,2.0NRT
23.69444,87.12463,2026-09-03,2002,2026-09-03 20:02:00,308.89,288.97,1.08,n,N20,VIIRS,N,0.4,0.37,2.0NRT
23.61443,86.78787,2026-09-03,2002,2026-09-03 20:02:00,309.85,290.27,1.32,n,N20,VIIRS,N,0.39,0.36,2.0NRT
23.6953,86.07877,2026-09-03,2002,2026-09-03 20:02:00,302.86,280.9,0.53,n,N20,VIIRS,N,0.38,0.36,2.0NRT
23.75785,85.85593,2026-09-03,2002,2026-09-03 20:02:00,305.14,286.38,0.89,n,N20,VIIRS,N,0.38,0.36,2.0NRT
23.75844,85.8522,2026-09-03,2002,2026-09-03 20:02:00,310.78,286.15,0.89,n,N20,VIIRS,N,0.38,0.36,2.0NRT
23.75893,86.40212,2026-09-03,2002,2026-09-03 20:02:00,302.01,284.55,0.96,n,N20,VIIRS,N,0.39,0.36,2.0NRT
23.76222,86.40276,2026-09-03,2002,2026-09-03 20:02:00,308.28,285.25,1.1,n,N20,VIIRS,N,0.39,0.36,2.0NRT
23.76552,86.40339,2026-09-03,2002,2026-09-03 20:02:00,312.99,286.42,1.1,n,N20,VIIRS,N,0.39,0.36,2.0NRT
23.76881,86.40401,2026-09-03,2002,2026-09-03 20:02:00,303.73,286.4,0.93,n,N20,VIIRS,N,0.39,0.36,2.0NRT
23.77119,86.19974,2026-09-03,2002,2026-09-03 20:02:00,304.78,286.55,0.99,n,N20,VIIRS,N,0.38,0.36,2.0NRT
23.77179,86.196,2026-09-03,2002,2026-09-03 20:02:00,308.84,286.19,1.67,n,N20,VIIRS,N,0.38,0.36,2.0NRT
23.77548,86.36273,2026-09-03,2002,2026-09-03 20:02:00,301.78,279.86,0.87,n,N20,VIIRS,N,0.39,0.36,2.0NRT
23.77783,86.39025,2026-09-03,2002,2026-09-03 20:02:00,303.92,286.71,1.05,n,N20,VIIRS,N,0.39,0.36,2.0NRT
23.77986,86.20908,2026-09-03,2002,2026-09-03 20:02:00,318.46,288.61,2.21,n,N20,VIIRS,N,0.39,0.36,2.0NRT
23.75515,85.85158,2026-09-03,2002,2026-09-03 20:02:00,308.36,286.21,0.89,n,N20,VIIRS,N,0.38,0.36,2.0NRT
24.11708,86.85863,2026-09-03,2002,2026-09-03 20:02:00,316.11,288.72,1.12,n,N20,VIIRS,N,0.39,0.36,2.0NRT
23.84145,86.50287,2026-09-03,2002,2026-09-03 20:02:00,303.98,287.52,0.52,n,N20,VIIRS,N,0.39,0.36,2.0NRT
23.69508,87.1208,2026-09-03,2002,2026-09-03 20:02:00,310.26,289.5,1.08,n,N20,VIIRS,N,0.4,0.37,2.0NRT
23.82555,84.93825,2026-09-03,2002,2026-09-03 20:02:00,303.94,288.67,0.5,n,N20,VIIRS,N,0.39,0.36,2.0NRT
23.82467,85.49529,2026-09-03,2002,2026-09-03 20:02:00,302.86,285.02,0.92,n,N20,VIIRS,N,0.38,0.36,2.0NRT
23.82409,85.49904,2026-09-03,2002,2026-09-03 20:02:00,302.51,284.53,0.92,n,N20,VIIRS,N,0.38,0.36,2.0NRT
23.81538,86.57941,2026-09-03,2002,2026-09-03 20:02:00,309.89,288.82,0.58,n,N20,VIIRS,N,0.39,0.36,2.0NRT
23.80459,86.32961,2026-09-03,2002,2026-09-03 20:02:00,328.48,287.27,2.12,n,N20,VIIRS,N,0.39,0.36,2.0NRT
23.80129,86.32899,2026-09-03,2002,2026-09-03 20:02:00,305.52,285.86,2.12,n,N20,VIIRS,N,0.39,0.36,2.0NRT
23.79767,86.3515,2026-09-03,2002,2026-09-03 20:02:00,314.18,286.72,1.82,n,N20,VIIRS,N,0.39,0.36,2.0NRT
23.78841,85.55404,2026-09-03,2002,2026-09-03 20:02:00,308.98,283.02,1.41,n,N20,VIIRS,N,0.38,0.36,2.0NRT
23.78512,85.55343,2026-09-03,2002,2026-09-03 20:02:00,308.22,282.57,0.94,n,N20,VIIRS,N,0.38,0.36,2.0NRT
23.85833,86.33572,2026-09-03,2002,2026-09-03 20:02:00,309.39,285.49,0.5,n,N20,VIIRS,N,0.39,0.36,2.0NRT
23.75456,85.85532,2026-09-03,2002,2026-09-03 20:02:00,309.18,286.4,0.89,n,N20,VIIRS,N,0.38,0.36,2.0NRT
23.84097,84.94881,2026-09-03,2002,2026-09-03 20:02:00,303.34,288.05,0.55,n,N20,VIIRS,N,0.39,0.36,2.0NRT
23.74545,85.50378,2026-09-03,2002,2026-09-03 20:02:00,301.96,283.79,0.59,n,N20,VIIRS,N,0.38,0.36,2.0NRT
23.69766,87.10545,2026-09-03,2002,2026-09-03 20:02:00,306.8,288.38,1.14,n,N20,VIIRS,N,0.4,0.37,2.0NRT
23.69829,85.36831,2026-09-03,2002,2026-09-03 20:02:00,310.07,288.84,1.17,n,N20,VIIRS,N,0.39,0.36,2.0NRT
23.70932,85.42812,2026-09-03,2002,2026-09-03 20:02:00,303.85,288.25,0.45,n,N20,VIIRS,N,0.38,0.36,2.0NRT
23.71023,86.45091,2026-09-03,2002,2026-09-03 20:02:00,306.45,290.01,1.04,n,N20,VIIRS,N,0.39,0.36,2.0NRT
23.71049,85.2896,2026-09-03,2002,2026-09-03 20:02:00,302.26,286.67,0.48,n,N20,VIIRS,N,0.39,0.36,2.0NRT
23.71084,86.44715,2026-09-03,2002,2026-09-03 20:02:00,322.03,290.78,2.49,n,N20,VIIRS,N,0.39,0.36,2.0NRT
23.71121,86.424,2026-09-03,2002,2026-09-03 20:02:00,305.78,289.23,1.27,n,N20,VIIRS,N,0.39,0.36,2.0NRT
23.71353,86.45154,2026-09-03,2002,2026-09-03 20:02:00,330.73,291.4,2.89,n,N20,VIIRS,N,0.39,0.36,2.0NRT
23.71511,86.42087,2026-09-03,2002,2026-09-03 20:02:00,306.05,289.26,1.27,n,N20,VIIRS,N,0.39,0.36,2.0NRT
23.71841,86.4215,2026-09-03,2002,2026-09-03 20:02:00,305.64,289.83,1.67,n,N20,VIIRS,N,0.39,0.36,2.0NRT
23.69672,85.29093,2026-09-03,2002,2026-09-03 20:02:00,307.13,287.56,0.87,n,N20,VIIRS,N,0.39,0.36,2.0NRT
23.69626,87.09328,2026-09-03,2002,2026-09-03 20:02:00,312.84,288.89,1.31,n,N20,VIIRS,N,0.4,0.37,2.0NRT
23.6973,85.28718,2026-09-03,2002,2026-09-03 20:02:00,306.02,287.62,0.87,n,N20,VIIRS,N,0.39,0.36,2.0NRT
23.69674,85.35646,2026-09-03,2002,2026-09-03 20:02:00,304.52,288.92,0.59,n,N20,VIIRS,N,0.39,0.36,2.0NRT
23.7532,86.41651,2026-09-03,2002,2026-09-03 20:02:00,307.79,288.53,1.06,n,N20,VIIRS,N,0.39,0.36,2.0NRT
23.74027,86.43341,2026-09-03,2002,2026-09-03 20:02:00,309.02,290.24,3.28,n,N20,VIIRS,N,0.39,0.36,2.0NRT
23.74007,85.00873,2026-09-03,2002,2026-09-03 20:02:00,317.46,289.71,2.7,n,N20,VIIRS,N,0.39,0.36,2.0NRT
23.73758,86.42902,2026-09-03,2002,2026-09-03 20:02:00,312.53,289.72,1.41,n,N20,VIIRS,N,0.39,0.36,2.0NRT
23.73697,86.43278,2026-09-03,2002,2026-09-03 20:02:00,341.06,292.07,3.28,n,N20,VIIRS,N,0.39,0.36,2.0NRT
23.725,86.42276,2026-09-03,2002,2026-09-03 20:02:00,313.03,290.96,1.75,n,N20,VIIRS,N,0.39,0.36,2.0NRT
23.7255,85.52321,2026-09-03,2002,2026-09-03 20:02:00,301.47,284.53,0.25,n,N20,VIIRS,N,0.38,0.36,2.0NRT
23.71965,85.0089,2026-09-03,2002,2026-09-03 20:02:00,304.95,285.67,0.69,n,N20,VIIRS,N,0.39,0.36,2.0NRT
23.71866,86.4409,2026-09-03,2002,2026-09-03 20:02:00,314.11,289.64,1.28,n,N20,VIIRS,N,0.39,0.36,2.0NRT
23.72257,86.43778,2026-09-03,2002,2026-09-03 20:02:00,308.92,289.46,2.16,n,N20,VIIRS,N,0.39,0.36,2.0NRT
17.60372,83.19993,2026-09-03,2004,2026-09-03 20:04:00,309.65,292.61,1.9,n,N20,VIIRS,N,0.39,0.36,2.0NRT
17.60983,83.20471,2026-09-03,2004,2026-09-03 20:04:00,326.65,293.72,2.31,n,N20,VIIRS,N,0.39,0.36,2.0NRT
17.69188,83.24426,2026-09-03,2004,2026-09-03 20:04:00,318.58,292.24,1.77,n,N20,VIIRS,N,0.39,0.36,2.0NRT
16.87099,80.02061,2026-09-03,2004,2026-09-03 20:04:00,306.16,289.8,2.28,n,N20,VIIRS,N,0.51,0.41,2.0NRT
17.35811,76.87943,2026-09-03,2004,2026-09-03 20:04:00,303.69,284.78,1.05,n,N20,VIIRS,N,0.54,0.5,2.0NRT
17.96308,83.15963,2026-09-03,2004,2026-09-03 20:04:00,306.04,290.97,1.55,n,N20,VIIRS,N,0.39,0.37,2.0NRT
17.59818,83.19147,2026-09-03,2004,2026-09-03 20:04:00,307.48,292.02,1.29,n,N20,VIIRS,N,0.39,0.36,2.0NRT
17.60705,83.20048,2026-09-03,2004,2026-09-03 20:04:00,314.98,292.67,2.31,n,N20,VIIRS,N,0.39,0.36,2.0NRT
15.17583,76.65791,2026-09-03,2006,2026-09-03 20:06:00,312.3,284.12,3.54,n,N20,VIIRS,N,0.52,0.5,2.0NRT
15.2287,76.76014,2026-09-03,2006,2026-09-03 20:06:00,318.43,288.89,1.69,n,N20,VIIRS,N,0.51,0.49,2.0NRT
15.22415,76.75953,2026-09-03,2006,2026-09-03 20:06:00,308.39,288.75,1.9,n,N20,VIIRS,N,0.51,0.49,2.0NRT
15.18437,76.66389,2026-09-03,2006,2026-09-03 20:06:00,316.88,282.7,4.2,n,N20,VIIRS,N,0.52,0.5,2.0NRT
15.18376,76.66869,2026-09-03,2006,2026-09-03 20:06:00,317.37,285.48,3.3,n,N20,VIIRS,N,0.52,0.5,2.0NRT
15.18315,76.67349,2026-09-03,2006,2026-09-03 20:06:00,309.9,286.21,3.3,n,N20,VIIRS,N,0.52,0.5,2.0NRT
15.18254,76.67829,2026-09-03,2006,2026-09-03 20:06:00,306.64,286.46,2.6,n,N20,VIIRS,N,0.52,0.5,2.0NRT
15.17711,77.10126,2026-09-03,2006,2026-09-03 20:06:00,300.53,273.71,0.93,n,N20,VIIRS,N,0.48,0.48,2.0NRT
15.17644,76.6531,2026-09-03,2006,2026-09-03 20:06:00,311.26,279.38,2.15,n,N20,VIIRS,N,0.52,0.5,2.0NRT
15.17367,76.78399,2026-09-03,2006,2026-09-03 20:06:00,303.2,288.63,1.27,n,N20,VIIRS,N,0.51,0.49,2.0NRT
15.13724,76.70645,2026-09-03,2006,2026-09-03 20:06:00,303.86,287.7,0.62,n,N20,VIIRS,N,0.51,0.5,2.0NRT
15.06992,76.86325,2026-09-03,2006,2026-09-03 20:06:00,298.07,280.71,1.13,n,N20,VIIRS,N,0.5,0.49,2.0NRT
15.02509,78.01545,2026-09-03,2006,2026-09-03 20:06:00,308.47,282.53,1.15,n,N20,VIIRS,N,0.42,0.45,2.0NRT
13.412,78.25958,2026-09-03,2006,2026-09-03 20:06:00,303.36,288.87,0.43,n,N20,VIIRS,N,0.39,0.44,2.0NRT
15.02147,78.0108,2026-09-03,2006,2026-09-03 20:06:00,299.92,279.86,1.15,n,N20,VIIRS,N,0.42,0.45,2.0NRT
10.61815,77.42112,2026-09-03,2006,2026-09-03 20:06:00,308.73,291.53,0.77,n,N20,VIIRS,N,0.4,0.44,2.0NRT
9.73645,77.55113,2026-09-03,2006,2026-09-03 20:06:00,310.68,291.78,1.08,n,N20,VIIRS,N,0.38,0.43,2.0NRT
9.55857,77.51196,2026-09-03,2006,2026-09-03 20:06:00,300.32,286.95,0.19,n,N20,VIIRS,N,0.38,0.43,2.0NRT
9.54934,77.51951,2026-09-03,2006,2026-09-03 20:06:00,315.78,289.25,2.15,n,N20,VIIRS,N,0.38,0.43,2.0NRT
9.54893,77.52233,2026-09-03,2006,2026-09-03 20:06:00,328.06,290.34,3.0,n,N20,VIIRS,N,0.38,0.43,2.0NRT
11.17709,79.08981,2026-09-03,2006,2026-09-03 20:06:00,308.03,292.77,0.88,n,N20,VIIRS,N,0.49,0.4,2.0NRT
6.81165,81.62,2026-09-03,2008,2026-09-03 20:08:00,316.81,291.98,0.8,n,N20,VIIRS,N,0.38,0.36,2.0NRT
8.75604,80.98608,2026-09-03,2008,2026-09-03 20:08:00,313.55,293.68,1.08,n,N20,VIIRS,N,0.4,0.37,2.0NRT
8.62789,80.36659,2026-09-03,2008,2026-09-03 20:08:00,306.31,293.07,1.72,n,N20,VIIRS,N,0.41,0.37,2.0NRT
8.57341,80.40363,2026-09-03,2008,2026-09-03 20:08:00,308.8,293.07,1.53,n,N20,VIIRS,N,0.41,0.37,2.0NRT
8.29983,81.0357,2026-09-03,2008,2026-09-03 20:08:00,306.92,293.59,0.73,n,N20,VIIRS,N,0.39,0.36,2.0NRT
7.38341,80.83238,2026-09-03,2008,2026-09-03 20:08:00,302.19,290.07,0.95,n,N20,VIIRS,N,0.39,0.36,2.0NRT
8.26514,80.19796,2026-09-03,2008,2026-09-03 20:08:00,315.75,292.56,2.41,n,N20,VIIRS,N,0.41,0.37,2.0NRT
6.8327,81.33623,2026-09-03,2008,2026-09-03 20:08:00,310.17,290.64,0.89,n,N20,VIIRS,N,0.39,0.36,2.0NRT
6.82885,81.33916,2026-09-03,2008,2026-09-03 20:08:00,322.19,291.47,2.22,n,N20,VIIRS,N,0.39,0.36,2.0NRT
6.81495,81.62053,2026-09-03,2008,2026-09-03 20:08:00,305.42,291.81,0.8,n,N20,VIIRS,N,0.38,0.36,2.0NRT
8.26856,80.19849,2026-09-03,2008,2026-09-03 20:08:00,324.56,292.67,2.07,n,N20,VIIRS,N,0.41,0.37,2.0NRT
6.81549,81.61707,2026-09-03,2008,2026-09-03 20:08:00,309.32,291.96,1.05,n,N20,VIIRS,N,0.38,0.36,2.0NRT
23.30512,70.47572,2026-09-03,2046,2026-09-03 20:46:00,306.69,294.57,1.37,n,N21,VIIRS,N,0.43,0.38,2.0NRT
31.67875,73.96751,2026-09-03,2046,2026-09-03 20:46:00,309.0,296.31,0.86,n,N21,VIIRS,N,0.39,0.36,2.0NRT
28.42566,69.70036,2026-09-03,2046,2026-09-03 20:46:00,316.08,297.16,1.9,n,N21,VIIRS,N,0.52,0.42,2.0NRT
27.28808,73.84085,2026-09-03,2046,2026-09-03 20:46:00,313.3,296.34,0.68,n,N21,VIIRS,N,0.38,0.36,2.0NRT
26.87844,73.5161,2026-09-03,2046,2026-09-03 20:46:00,307.83,295.38,2.37,n,N21,VIIRS,N,0.39,0.36,2.0NRT
26.87514,73.51547,2026-09-03,2046,2026-09-03 20:46:00,309.26,295.3,2.07,n,N21,VIIRS,N,0.39,0.36,2.0NRT
26.60381,73.68258,2026-09-03,2046,2026-09-03 20:46:00,305.3,289.46,0.86,n,N21,VIIRS,N,0.38,0.36,2.0NRT
23.31438,70.48576,2026-09-03,2046,2026-09-03 20:46:00,309.94,294.84,1.63,n,N21,VIIRS,N,0.43,0.38,2.0NRT
23.30852,71.92302,2026-09-03,2046,2026-09-03 20:46:00,302.05,283.2,0.58,n,N21,VIIRS,N,0.39,0.36,2.0NRT
23.1201,70.08562,2026-09-03,2046,2026-09-03 20:46:00,326.09,294.36,4.11,n,N21,VIIRS,N,0.44,0.38,2.0NRT
32.1031,74.17751,2026-09-03,2046,2026-09-03 20:46:00,309.36,295.85,2.92,n,N21,VIIRS,N,0.39,0.36,2.0NRT
23.11955,70.08704,2026-09-03,2046,2026-09-03 20:46:00,324.6,294.09,3.51,n,N21,VIIRS,N,0.44,0.38,2.0NRT
32.88831,71.6187,2026-09-03,2046,2026-09-03 20:46:00,309.34,295.6,3.26,n,N21,VIIRS,N,0.47,0.4,2.0NRT
22.93496,69.69643,2026-09-03,2046,2026-09-03 20:46:00,307.76,293.57,2.03,n,N21,VIIRS,N,0.46,0.39,2.0NRT
22.93436,69.70084,2026-09-03,2046,2026-09-03 20:46:00,309.93,293.97,2.03,n,N21,VIIRS,N,0.46,0.39,2.0NRT
22.93139,69.69586,2026-09-03,2046,2026-09-03 20:46:00,308.31,293.95,3.15,n,N21,VIIRS,N,0.46,0.39,2.0NRT
22.92464,69.82479,2026-09-03,2046,2026-09-03 20:46:00,305.3,294.49,2.91,n,N21,VIIRS,N,0.45,0.39,2.0NRT
22.41513,69.03777,2026-09-03,2046,2026-09-03 20:46:00,309.75,293.26,3.19,n,N21,VIIRS,N,0.48,0.4,2.0NRT
22.39963,69.01791,2026-09-03,2046,2026-09-03 20:46:00,305.54,293.77,3.18,n,N21,VIIRS,N,0.48,0.4,2.0NRT
22.33877,69.8551,2026-09-03,2046,2026-09-03 20:46:00,308.15,295.5,4.3,n,N21,VIIRS,N,0.44,0.39,2.0NRT
21.62968,72.911,2026-09-03,2046,2026-09-03 20:46:00,299.73,278.8,0.25,n,N21,VIIRS,N,0.38,0.36,2.0NRT
21.16664,72.67046,2026-09-03,2046,2026-09-03 20:46:00,322.83,294.07,3.7,n,N21,VIIRS,N,0.38,0.36,2.0NRT
21.11061,72.63454,2026-09-03,2046,2026-09-03 20:46:00,307.53,294.41,2.17,n,N21,VIIRS,N,0.38,0.36,2.0NRT
21.10831,72.64921,2026-09-03,2046,2026-09-03 20:46:00,307.64,294.94,2.7,n,N21,VIIRS,N,0.38,0.36,2.0NRT
21.10674,72.63763,2026-09-03,2046,2026-09-03 20:46:00,308.49,294.77,2.86,n,N21,VIIRS,N,0.38,0.36,2.0NRT
21.10559,72.64497,2026-09-03,2046,2026-09-03 20:46:00,336.85,296.19,5.98,n,N21,VIIRS,N,0.38,0.36,2.0NRT
21.10502,72.64862,2026-09-03,2046,2026-09-03 20:46:00,318.53,294.39,5.98,n,N21,VIIRS,N,0.38,0.36,2.0NRT
21.10345,72.63704,2026-09-03,2046,2026-09-03 20:46:00,333.77,294.36,2.86,n,N21,VIIRS,N,0.38,0.36,2.0NRT
21.10016,72.63646,2026-09-03,2046,2026-09-03 20:46:00,332.79,294.58,6.12,n,N21,VIIRS,N,0.38,0.36,2.0NRT
20.91031,71.45869,2026-09-03,2046,2026-09-03 20:46:00,316.39,294.64,1.67,n,N21,VIIRS,N,0.39,0.36,2.0NRT
20.86645,70.5637,2026-09-03,2046,2026-09-03 20:46:00,309.83,293.44,1.05,n,N21,VIIRS,N,0.41,0.37,2.0NRT
29.47605,76.85793,2026-09-03,2046,2026-09-03 20:46:00,329.76,293.88,4.09,n,N21,VIIRS,N,0.41,0.37,2.0NRT
22.96819,72.55517,2026-09-03,2046,2026-09-03 20:46:00,307.07,293.79,0.4,n,N21,VIIRS,N,0.39,0.36,2.0NRT
32.57489,72.56052,2026-09-03,2046,2026-09-03 20:46:00,309.8,296.17,3.2,n,N21,VIIRS,N,0.43,0.38,2.0NRT
31.61502,74.37548,2026-09-03,2046,2026-09-03 20:46:00,308.84,295.69,0.8,n,N21,VIIRS,N,0.39,0.36,2.0NRT
33.29784,71.18603,2026-09-03,2046,2026-09-03 20:46:00,306.2,291.91,1.22,n,N21,VIIRS,N,0.5,0.41,2.0NRT
33.68841,72.71086,2026-09-03,2046,2026-09-03 20:46:00,309.78,293.31,3.11,n,N21,VIIRS,N,0.44,0.38,2.0NRT
17.61118,83.20664,2026-09-03,2049,2026-09-03 20:49:00,307.79,287.11,1.76,n,N21,VIIRS,N,0.5,0.66,2.0NRT
15.18064,76.66591,2026-09-03,2049,2026-09-03 20:49:00,324.76,290.71,2.2,n,N21,VIIRS,N,0.42,0.45,2.0NRT
15.17996,76.66974,2026-09-03,2049,2026-09-03 20:49:00,305.7,290.04,2.2,n,N21,VIIRS,N,0.42,0.45,2.0NRT
15.1786,76.6774,2026-09-03,2049,2026-09-03 20:49:00,304.63,290.54,2.62,n,N21,VIIRS,N,0.42,0.45,2.0NRT
15.17859,76.65359,2026-09-03,2049,2026-09-03 20:49:00,305.26,289.91,1.04,n,N21,VIIRS,N,0.42,0.45,2.0NRT
15.17791,76.65741,2026-09-03,2049,2026-09-03 20:49:00,326.69,290.55,1.81,n,N21,VIIRS,N,0.42,0.45,2.0NRT
15.17699,77.10145,2026-09-03,2049,2026-09-03 20:49:00,303.07,283.13,1.21,n,N21,VIIRS,N,0.44,0.46,2.0NRT
15.17451,76.67654,2026-09-03,2049,2026-09-03 20:49:00,305.63,289.91,1.13,n,N21,VIIRS,N,0.42,0.45,2.0NRT
15.1745,76.65276,2026-09-03,2049,2026-09-03 20:49:00,305.33,289.85,1.04,n,N21,VIIRS,N,0.42,0.45,2.0NRT
15.17382,76.65658,2026-09-03,2049,2026-09-03 20:49:00,306.57,290.34,1.81,n,N21,VIIRS,N,0.42,0.45,2.0NRT
15.17314,76.6604,2026-09-03,2049,2026-09-03 20:49:00,303.5,289.81,1.81,n,N21,VIIRS,N,0.42,0.45,2.0NRT
15.17179,76.69175,2026-09-03,2049,2026-09-03 20:49:00,307.81,289.5,1.18,n,N21,VIIRS,N,0.42,0.45,2.0NRT
15.1614,76.37529,2026-09-03,2049,2026-09-03 20:49:00,298.67,282.96,0.52,n,N21,VIIRS,N,0.4,0.44,2.0NRT
15.07199,76.86526,2026-09-03,2049,2026-09-03 20:49:00,301.83,281.27,1.11,n,N21,VIIRS,N,0.43,0.46,2.0NRT
15.02284,78.01471,2026-09-03,2049,2026-09-03 20:49:00,303.58,285.32,1.34,n,N21,VIIRS,N,0.51,0.49,2.0NRT
14.87435,78.05117,2026-09-03,2049,2026-09-03 20:49:00,321.22,288.81,2.81,n,N21,VIIRS,N,0.52,0.5,2.0NRT
13.89939,76.5644,2026-09-03,2049,2026-09-03 20:49:00,304.03,287.4,1.15,n,N21,VIIRS,N,0.43,0.46,2.0NRT
15.18609,76.65908,2026-09-03,2049,2026-09-03 20:49:00,306.28,290.85,1.64,n,N21,VIIRS,N,0.42,0.45,2.0NRT
17.60034,83.19914,2026-09-03,2049,2026-09-03 20:49:00,304.38,287.1,2.14,n,N21,VIIRS,N,0.5,0.66,2.0NRT
23.69308,87.10843,2026-09-03,2049,2026-09-03 20:49:00,301.74,280.99,6.47,n,N21,VIIRS,N,0.66,0.73,2.0NRT
23.70964,86.44592,2026-09-03,2049,2026-09-03 20:49:00,302.83,276.64,2.9,n,N21,VIIRS,N,0.6,0.7,2.0NRT
17.69013,83.24277,2026-09-03,2049,2026-09-03 20:49:00,307.09,286.83,1.13,n,N21,VIIRS,N,0.5,0.66,2.0NRT
17.69266,83.2471,2026-09-03,2049,2026-09-03 20:49:00,313.2,286.96,3.47,n,N21,VIIRS,N,0.5,0.66,2.0NRT
18.67889,73.03624,2026-09-03,2049,2026-09-03 20:49:00,314.72,290.86,2.73,n,N21,VIIRS,N,0.39,0.36,2.0NRT
18.68221,73.03683,2026-09-03,2049,2026-09-03 20:49:00,331.89,291.55,5.42,n,N21,VIIRS,N,0.39,0.36,2.0NRT
18.68341,73.02945,2026-09-03,2049,2026-09-03 20:49:00,308.6,290.98,1.67,n,N21,VIIRS,N,0.39,0.36,2.0NRT
18.68674,73.03004,2026-09-03,2049,2026-09-03 20:49:00,319.05,291.93,1.67,n,N21,VIIRS,N,0.39,0.36,2.0NRT
18.69219,73.03861,2026-09-03,2049,2026-09-03 20:49:00,308.87,291.31,2.04,n,N21,VIIRS,N,0.39,0.36,2.0NRT
19.36892,71.35392,2026-09-03,2049,2026-09-03 20:49:00,315.14,293.76,3.1,n,N21,VIIRS,N,0.39,0.36,2.0NRT
19.57132,71.36473,2026-09-03,2049,2026-09-03 20:49:00,309.3,294.19,3.08,n,N21,VIIRS,N,0.39,0.36,2.0NRT
17.60314,83.20052,2026-09-03,2049,2026-09-03 20:49:00,309.35,287.32,1.59,n,N21,VIIRS,N,0.5,0.66,2.0NRT
23.61539,86.79142,2026-09-03,2049,2026-09-03 20:49:00,302.16,282.7,1.86,n,N21,VIIRS,N,0.63,0.72,2.0NRT
25.94356,72.19094,2026-09-03,2049,2026-09-03 20:49:00,331.2,296.13,3.76,n,N21,VIIRS,N,0.4,0.37,2.0NRT
24.69003,73.00208,2026-09-03,2049,2026-09-03 20:49:00,312.72,293.86,1.68,n,N21,VIIRS,N,0.38,0.36,2.0NRT
23.80544,86.33025,2026-09-03,2049,2026-09-03 20:49:00,301.68,268.95,2.41,n,N21,VIIRS,N,0.58,0.7,2.0NRT
23.79371,86.35073,2026-09-03,2049,2026-09-03 20:49:00,297.17,265.22,1.06,n,N21,VIIRS,N,0.59,0.7,2.0NRT
23.78815,85.55396,2026-09-03,2049,2026-09-03 20:49:00,298.36,276.08,1.97,n,N21,VIIRS,N,0.52,0.67,2.0NRT
23.76123,86.40075,2026-09-03,2049,2026-09-03 20:49:00,303.17,271.55,2.55,n,N21,VIIRS,N,0.59,0.7,2.0NRT
23.74199,85.00803,2026-09-03,2049,2026-09-03 20:49:00,304.62,284.62,1.42,n,N21,VIIRS,N,0.49,0.65,2.0NRT
23.741,85.00602,2026-09-03,2049,2026-09-03 20:49:00,300.73,284.48,1.68,n,N21,VIIRS,N,0.49,0.65,2.0NRT
17.60904,83.20199,2026-09-03,2049,2026-09-03 20:49:00,309.25,287.21,3.25,n,N21,VIIRS,N,0.5,0.66,2.0NRT
19.67412,71.67126,2026-09-03,2049,2026-09-03 20:49:00,305.61,287.49,1.64,n,N21,VIIRS,N,0.39,0.36,2.0NRT
23.61643,86.78899,2026-09-03,2049,2026-09-03 20:49:00,302.57,282.4,1.6,n,N21,VIIRS,N,0.63,0.72,2.0NRT
23.68988,87.121,2026-09-03,2049,2026-09-03 20:49:00,303.36,280.95,6.27,n,N21,VIIRS,N,0.66,0.73,2.0NRT
11.10315,77.76294,2026-09-03,2051,2026-09-03 20:51:00,306.76,289.5,0.94,n,N21,VIIRS,N,0.58,0.52,2.0NRT
9.73405,77.55091,2026-09-03,2051,2026-09-03 20:51:00,312.29,291.43,2.6,n,N21,VIIRS,N,0.59,0.53,2.0NRT
9.5471,77.52013,2026-09-03,2051,2026-09-03 20:51:00,308.51,288.67,2.79,n,N21,VIIRS,N,0.59,0.53,2.0NRT
8.11158,80.80983,2026-09-03,2051,2026-09-03 20:51:00,314.66,289.77,2.37,n,N21,VIIRS,N,0.53,0.67,2.0NRT
8.11056,80.81093,2026-09-03,2051,2026-09-03 20:51:00,315.49,289.75,1.78,n,N21,VIIRS,N,0.53,0.67,2.0NRT
7.89997,80.61448,2026-09-03,2051,2026-09-03 20:51:00,306.98,289.11,0.72,n,N21,VIIRS,N,0.51,0.66,2.0NRT
7.81611,80.62204,2026-09-03,2051,2026-09-03 20:51:00,307.15,289.3,1.22,n,N21,VIIRS,N,0.52,0.67,2.0NRT
11.18059,79.10029,2026-09-03,2051,2026-09-03 20:51:00,313.59,290.21,1.28,n,N21,VIIRS,N,0.35,0.57,2.0NRT
32.72236,72.92319,2026-09-03,2140,2026-09-03 21:40:00,303.06,290.92,0.9,n,N20,VIIRS,N,0.33,0.55,2.0NRT
32.64611,72.97604,2026-09-03,2140,2026-09-03 21:40:00,305.0,291.71,1.06,n,N20,VIIRS,N,0.33,0.55,2.0NRT
33.29866,71.1848,2026-09-03,2140,2026-09-03 21:40:00,308.47,290.62,1.0,n,N20,VIIRS,N,0.51,0.49,2.0NRT
32.88735,71.617,2026-09-03,2140,2026-09-03 21:40:00,307.21,292.08,3.17,n,N20,VIIRS,N,0.55,0.51,2.0NRT
29.47375,76.85448,2026-09-03,2142,2026-09-03 21:42:00,316.52,287.5,3.16,n,N20,VIIRS,N,0.66,0.73,2.0NRT
29.47193,76.86103,2026-09-03,2142,2026-09-03 21:42:00,313.99,287.4,3.16,n,N20,VIIRS,N,0.66,0.73,2.0NRT
28.42469,69.70127,2026-09-03,2142,2026-09-03 21:42:00,308.89,295.49,1.58,n,N20,VIIRS,N,0.53,0.5,2.0NRT
25.94423,72.19559,2026-09-03,2142,2026-09-03 21:42:00,310.82,292.21,1.92,n,N20,VIIRS,N,0.43,0.62,2.0NRT
25.94266,72.1937,2026-09-03,2142,2026-09-03 21:42:00,315.55,292.06,1.66,n,N20,VIIRS,N,0.43,0.62,2.0NRT
29.47733,76.8575,2026-09-03,2142,2026-09-03 21:42:00,334.66,288.13,5.4,n,N20,VIIRS,N,0.66,0.73,2.0NRT
29.90804,74.94972,2026-09-03,2142,2026-09-03 21:42:00,304.42,290.39,0.96,n,N20,VIIRS,N,0.5,0.66,2.0NRT
21.11042,72.64252,2026-09-03,2144,2026-09-03 21:44:00,302.58,286.94,1.64,n,N20,VIIRS,N,0.58,0.7,2.0NRT
23.49735,68.57843,2026-09-03,2144,2026-09-03 21:44:00,305.16,292.28,1.13,n,N20,VIIRS,N,0.57,0.52,2.0NRT
21.1702,72.67035,2026-09-03,2144,2026-09-03 21:44:00,302.88,287.41,2.07,n,N20,VIIRS,N,0.58,0.7,2.0NRT
21.16396,72.66865,2026-09-03,2144,2026-09-03 21:44:00,320.12,287.33,2.07,n,N20,VIIRS,N,0.58,0.7,2.0NRT
21.1091,72.64794,2026-09-03,2144,2026-09-03 21:44:00,303.32,287.57,1.64,n,N20,VIIRS,N,0.58,0.7,2.0NRT
21.10634,72.64722,2026-09-03,2144,2026-09-03 21:44:00,303.47,287.36,1.48,n,N20,VIIRS,N,0.58,0.7,2.0NRT
21.10505,72.65266,2026-09-03,2144,2026-09-03 21:44:00,303.05,287.14,1.48,n,N20,VIIRS,N,0.58,0.7,2.0NRT
20.36032,72.94863,2026-09-03,2144,2026-09-03 21:44:00,300.96,283.78,1.27,n,N20,VIIRS,N,0.63,0.72,2.0NRT
28.50743,97.02318,2026-09-04,622,2026-09-04 06:22:00,330.67,296.49,4.49,n,N21,VIIRS,D,0.5,0.41,2.0NRT
28.50004,97.02452,2026-09-04,622,2026-09-04 06:22:00,334.58,295.92,6.77,n,N21,VIIRS,D,0.5,0.41,2.0NRT
28.48533,97.02769,2026-09-04,622,2026-09-04 06:22:00,330.4,293.97,4.56,n,N21,VIIRS,D,0.5,0.41,2.0NRT
6.89503,81.66534,2026-09-04,712,2026-09-04 07:12:00,333.26,292.05,15.69,n,N20,VIIRS,D,0.59,0.7,2.0NRT
6.82742,81.33201,2026-09-04,712,2026-09-04 07:12:00,333.12,286.83,0.98,n,N20,VIIRS,D,0.63,0.72,2.0NRT
6.82668,81.33308,2026-09-04,712,2026-09-04 07:12:00,341.49,286.42,2.93,n,N20,VIIRS,D,0.63,0.72,2.0NRT
8.54235,80.3744,2026-09-04,712,2026-09-04 07:12:00,337.36,285.99,4.67,n,N20,VIIRS,D,0.68,0.74,2.0NRT
8.54459,80.37231,2026-09-04,712,2026-09-04 07:12:00,347.07,288.58,6.86,n,N20,VIIRS,D,0.68,0.74,2.0NRT
8.54552,80.85181,2026-09-04,712,2026-09-04 07:12:00,330.25,286.27,7.65,n,N20,VIIRS,D,0.63,0.72,2.0NRT
6.896,81.67058,2026-09-04,712,2026-09-04 07:12:00,332.33,290.92,9.7,n,N20,VIIRS,D,0.59,0.7,2.0NRT
7.4607,81.24904,2026-09-04,712,2026-09-04 07:12:00,333.01,289.91,3.69,n,N20,VIIRS,D,0.62,0.71,2.0NRT
7.707,81.09916,2026-09-04,712,2026-09-04 07:12:00,334.77,289.09,4.47,n,N20,VIIRS,D,0.63,0.72,2.0NRT
7.70815,81.10244,2026-09-04,712,2026-09-04 07:12:00,330.64,290.08,3.81,n,N20,VIIRS,D,0.63,0.72,2.0NRT
8.01449,81.27029,2026-09-04,712,2026-09-04 07:12:00,338.06,291.8,8.57,n,N20,VIIRS,D,0.6,0.71,2.0NRT
8.20375,81.32036,2026-09-04,712,2026-09-04 07:12:00,343.82,292.64,10.19,n,N20,VIIRS,D,0.6,0.7,2.0NRT
8.20534,81.31903,2026-09-04,712,2026-09-04 07:12:00,340.42,292.37,16.61,n,N20,VIIRS,D,0.59,0.7,2.0NRT
8.39582,81.08801,2026-09-04,712,2026-09-04 07:12:00,331.14,289.84,8.45,n,N20,VIIRS,D,0.61,0.71,2.0NRT
7.49698,81.7366,2026-09-04,712,2026-09-04 07:12:00,332.32,291.19,3.05,n,N20,VIIRS,D,0.57,0.69,2.0NRT
8.40456,81.06378,2026-09-04,712,2026-09-04 07:12:00,334.76,290.03,7.44,n,N20,VIIRS,D,0.61,0.71,2.0NRT
7.43091,81.71309,2026-09-04,712,2026-09-04 07:12:00,329.71,291.99,6.07,n,N20,VIIRS,D,0.58,0.7,2.0NRT
7.29266,81.82796,2026-09-04,712,2026-09-04 07:12:00,344.67,292.85,5.6,n,N20,VIIRS,D,0.57,0.69,2.0NRT
7.16258,81.81094,2026-09-04,712,2026-09-04 07:12:00,334.7,291.93,5.04,n,N20,VIIRS,D,0.57,0.69,2.0NRT
7.29266,81.13496,2026-09-04,712,2026-09-04 07:12:00,333.31,287.45,7.34,n,N20,VIIRS,D,0.64,0.72,2.0NRT
8.40722,80.73176,2026-09-04,712,2026-09-04 07:12:00,337.36,289.44,7.11,n,N20,VIIRS,D,0.65,0.73,2.0NRT
7.43366,81.71141,2026-09-04,712,2026-09-04 07:12:00,333.44,292.03,6.1,n,N20,VIIRS,D,0.58,0.69,2.0NRT
17.60935,82.68137,2026-09-04,714,2026-09-04 07:14:00,336.49,292.41,4.0,n,N20,VIIRS,D,0.32,0.55,2.0NRT
28.49755,97.02412,2026-09-04,716,2026-09-04 07:16:00,338.75,295.59,7.47,n,N20,VIIRS,D,0.58,0.52,2.0NRT
28.49703,97.02219,2026-09-04,716,2026-09-04 07:16:00,341.2,295.59,7.02,n,N20,VIIRS,D,0.58,0.52,2.0NRT
20.88834,84.98114,2026-09-04,716,2026-09-04 07:16:00,329.15,289.91,2.35,n,N20,VIIRS,D,0.4,0.44,2.0NRT
21.74705,83.8432,2026-09-04,716,2026-09-04 07:16:00,333.02,290.19,7.19,n,N20,VIIRS,D,0.45,0.47,2.0NRT
26.99477,87.50374,2026-09-04,716,2026-09-04 07:16:00,337.89,292.42,2.81,n,N20,VIIRS,D,0.4,0.37,2.0NRT
23.69273,87.12243,2026-09-04,716,2026-09-04 07:16:00,331.45,296.84,5.66,l,N20,VIIRS,D,0.43,0.38,2.0NRT
23.71243,86.45306,2026-09-04,716,2026-09-04 07:16:00,334.05,295.19,6.0,l,N20,VIIRS,D,0.46,0.39,2.0NRT
7.41481,81.14605,2026-09-04,756,2026-09-04 07:56:00,340.24,302.52,6.04,n,N21,VIIRS,D,0.38,0.36,2.0NRT
7.20063,81.01414,2026-09-04,756,2026-09-04 07:56:00,337.55,307.84,5.86,l,N21,VIIRS,D,0.38,0.36,2.0NRT
7.28636,81.71537,2026-09-04,756,2026-09-04 07:56:00,331.1,300.57,2.55,n,N21,VIIRS,D,0.39,0.36,2.0NRT
7.28966,81.71487,2026-09-04,756,2026-09-04 07:56:00,335.03,299.36,3.28,n,N21,VIIRS,D,0.39,0.36,2.0NRT
7.31458,81.15795,2026-09-04,756,2026-09-04 07:56:00,331.07,302.69,4.84,l,N21,VIIRS,D,0.38,0.36,2.0NRT
7.33481,81.56585,2026-09-04,756,2026-09-04 07:56:00,330.77,301.2,2.59,l,N21,VIIRS,D,0.39,0.36,2.0NRT
7.33858,81.72524,2026-09-04,756,2026-09-04 07:56:00,334.11,304.34,4.96,l,N21,VIIRS,D,0.39,0.36,2.0NRT
7.36531,81.83537,2026-09-04,756,2026-09-04 07:56:00,332.57,302.37,2.34,n,N21,VIIRS,D,0.39,0.36,2.0NRT
7.36872,81.74561,2026-09-04,756,2026-09-04 07:56:00,335.28,303.71,4.81,n,N21,VIIRS,D,0.39,0.36,2.0NRT
7.38195,81.74361,2026-09-04,756,2026-09-04 07:56:00,338.74,305.39,7.79,n,N21,VIIRS,D,0.39,0.36,2.0NRT
7.18345,81.80295,2026-09-04,756,2026-09-04 07:56:00,340.18,305.7,10.47,n,N21,VIIRS,D,0.39,0.36,2.0NRT
7.17065,81.02296,2026-09-04,756,2026-09-04 07:56:00,336.04,306.82,3.92,l,N21,VIIRS,D,0.38,0.36,2.0NRT
6.82348,81.55391,2026-09-04,756,2026-09-04 07:56:00,344.29,304.43,11.56,n,N21,VIIRS,D,0.39,0.36,2.0NRT
7.1319,80.92328,2026-09-04,756,2026-09-04 07:56:00,338.76,305.12,21.59,n,N21,VIIRS,D,0.38,0.36,2.0NRT
7.08992,81.78862,2026-09-04,756,2026-09-04 07:56:00,341.64,305.99,10.49,n,N21,VIIRS,D,0.39,0.36,2.0NRT
7.01437,81.60546,2026-09-04,756,2026-09-04 07:56:00,347.78,306.41,10.62,n,N21,VIIRS,D,0.39,0.36,2.0NRT
7.01385,81.602,2026-09-04,756,2026-09-04 07:56:00,336.09,306.45,6.18,l,N21,VIIRS,D,0.39,0.36,2.0NRT
6.99614,81.61886,2026-09-04,756,2026-09-04 07:56:00,335.82,305.74,7.11,n,N21,VIIRS,D,0.39,0.36,2.0NRT
6.94629,81.60164,2026-09-04,756,2026-09-04 07:56:00,337.15,305.01,5.79,n,N21,VIIRS,D,0.39,0.36,2.0NRT
6.8893,81.63238,2026-09-04,756,2026-09-04 07:56:00,339.24,304.61,10.01,n,N21,VIIRS,D,0.39,0.36,2.0NRT
6.88057,81.55229,2026-09-04,756,2026-09-04 07:56:00,337.68,302.29,6.26,n,N21,VIIRS,D,0.39,0.36,2.0NRT
6.72797,81.30743,2026-09-04,756,2026-09-04 07:56:00,336.76,303.41,6.67,n,N21,VIIRS,D,0.38,0.36,2.0NRT
6.34658,81.12452,2026-09-04,756,2026-09-04 07:56:00,332.91,297.44,151.07,n,N21,VIIRS,D,0.38,0.36,2.0NRT
6.28038,80.98396,2026-09-04,756,2026-09-04 07:56:00,332.67,302.43,2.44,n,N21,VIIRS,D,0.38,0.36,2.0NRT
7.44885,81.62225,2026-09-04,756,2026-09-04 07:56:00,336.07,301.46,2.72,n,N21,VIIRS,D,0.39,0.36,2.0NRT
7.15772,81.07076,2026-09-04,756,2026-09-04 07:56:00,333.46,308.14,3.87,l,N21,VIIRS,D,0.38,0.36,2.0NRT
7.48911,81.68732,2026-09-04,756,2026-09-04 07:56:00,344.36,305.31,3.93,n,N21,VIIRS,D,0.39,0.36,2.0NRT
7.80802,81.49847,2026-09-04,756,2026-09-04 07:56:00,347.86,304.14,7.98,n,N21,VIIRS,D,0.39,0.36,2.0NRT
7.5063,81.66331,2026-09-04,756,2026-09-04 07:56:00,336.75,304.79,3.55,n,N21,VIIRS,D,0.39,0.36,2.0NRT
8.39051,80.33973,2026-09-04,756,2026-09-04 07:56:00,349.25,305.27,6.3,n,N21,VIIRS,D,0.39,0.36,2.0NRT
8.40062,81.05363,2026-09-04,756,2026-09-04 07:56:00,339.8,298.42,13.29,n,N21,VIIRS,D,0.38,0.36,2.0NRT
8.41521,81.08327,2026-09-04,756,2026-09-04 07:56:00,332.94,299.74,4.06,n,N21,VIIRS,D,0.38,0.36,2.0NRT
8.45161,80.60664,2026-09-04,756,2026-09-04 07:56:00,334.12,302.53,1.83,n,N21,VIIRS,D,0.38,0.36,2.0NRT
8.46263,80.5023,2026-09-04,756,2026-09-04 07:56:00,336.81,300.66,1.55,n,N21,VIIRS,D,0.38,0.36,2.0NRT
8.46592,80.50179,2026-09-04,756,2026-09-04 07:56:00,344.01,304.4,5.01,n,N21,VIIRS,D,0.38,0.36,2.0NRT
8.50317,80.85683,2026-09-04,756,2026-09-04 07:56:00,337.52,300.66,2.19,n,N21,VIIRS,D,0.38,0.36,2.0NRT
8.53555,80.84832,2026-09-04,756,2026-09-04 07:56:00,335.22,303.01,3.38,n,N21,VIIRS,D,0.38,0.36,2.0NRT
8.56557,80.39687,2026-09-04,756,2026-09-04 07:56:00,333.19,302.98,3.96,n,N21,VIIRS,D,0.39,0.36,2.0NRT
8.58052,80.82632,2026-09-04,756,2026-09-04 07:56:00,342.18,300.31,4.99,n,N21,VIIRS,D,0.38,0.36,2.0NRT
8.62883,80.81182,2026-09-04,756,2026-09-04 07:56:00,337.33,305.26,5.85,n,N21,VIIRS,D,0.38,0.36,2.0NRT
8.62977,80.75155,2026-09-04,756,2026-09-04 07:56:00,337.31,303.7,8.72,n,N21,VIIRS,D,0.38,0.36,2.0NRT
8.62998,80.41513,2026-09-04,756,2026-09-04 07:56:00,343.79,306.34,7.79,n,N21,VIIRS,D,0.38,0.36,2.0NRT
8.63109,80.71597,2026-09-04,756,2026-09-04 07:56:00,334.85,305.83,6.35,l,N21,VIIRS,D,0.38,0.36,2.0NRT
8.66461,80.39914,2026-09-04,756,2026-09-04 07:56:00,342.22,305.78,5.09,n,N21,VIIRS,D,0.38,0.36,2.0NRT
8.66645,80.25687,2026-09-04,756,2026-09-04 07:56:00,338.37,304.43,6.17,n,N21,VIIRS,D,0.39,0.36,2.0NRT
8.66974,80.25637,2026-09-04,756,2026-09-04 07:56:00,346.19,303.78,6.17,n,N21,VIIRS,D,0.39,0.36,2.0NRT
8.78873,80.87485,2026-09-04,756,2026-09-04 07:56:00,332.71,300.13,4.35,n,N21,VIIRS,D,0.38,0.36,2.0NRT
8.80511,80.9609,2026-09-04,756,2026-09-04 07:56:00,333.87,305.89,7.58,l,N21,VIIRS,D,0.38,0.36,2.0NRT
8.80604,80.56779,2026-09-04,756,2026-09-04 07:56:00,338.63,305.81,5.36,n,N21,VIIRS,D,0.38,0.36,2.0NRT
8.8539,80.49944,2026-09-04,756,2026-09-04 07:56:00,336.49,299.6,4.22,n,N21,VIIRS,D,0.38,0.36,2.0NRT
8.38897,80.66645,2026-09-04,756,2026-09-04 07:56:00,334.27,302.8,2.18,n,N21,VIIRS,D,0.38,0.36,2.0NRT
8.36302,80.78355,2026-09-04,756,2026-09-04 07:56:00,337.0,302.28,3.93,n,N21,VIIRS,D,0.38,0.36,2.0NRT
8.34787,81.00182,2026-09-04,756,2026-09-04 07:56:00,338.8,302.44,9.24,n,N21,VIIRS,D,0.38,0.36,2.0NRT
8.23799,80.32517,2026-09-04,756,2026-09-04 07:56:00,332.47,298.48,0.89,n,N21,VIIRS,D,0.39,0.36,2.0NRT
7.52764,81.5356,2026-09-04,756,2026-09-04 07:56:00,342.13,301.58,4.73,n,N21,VIIRS,D,0.39,0.36,2.0NRT
7.58536,81.69408,2026-09-04,756,2026-09-04 07:56:00,345.45,304.64,4.06,n,N21,VIIRS,D,0.39,0.36,2.0NRT
7.58866,81.69358,2026-09-04,756,2026-09-04 07:56:00,336.75,303.45,4.06,n,N21,VIIRS,D,0.39,0.36,2.0NRT
7.62607,80.81576,2026-09-04,756,2026-09-04 07:56:00,334.23,302.28,5.95,n,N21,VIIRS,D,0.38,0.36,2.0NRT
7.65317,81.60113,2026-09-04,756,2026-09-04 07:56:00,335.59,303.49,3.26,n,N21,VIIRS,D,0.39,0.36,2.0NRT
7.67421,81.5837,2026-09-04,756,2026-09-04 07:56:00,342.52,305.76,5.82,n,N21,VIIRS,D,0.39,0.36,2.0NRT
7.69832,81.58286,2026-09-04,756,2026-09-04 07:56:00,337.35,303.47,2.51,n,N21,VIIRS,D,0.39,0.36,2.0NRT
7.82094,80.04519,2026-09-04,756,2026-09-04 07:56:00,335.12,298.5,3.31,n,N21,VIIRS,D,0.39,0.36,2.0NRT
7.85959,81.43733,2026-09-04,756,2026-09-04 07:56:00,346.53,308.35,11.42,n,N21,VIIRS,D,0.39,0.36,2.0NRT
7.88555,80.61863,2026-09-04,756,2026-09-04 07:56:00,333.91,303.42,5.87,n,N21,VIIRS,D,0.38,0.36,2.0NRT
7.49081,81.53765,2026-09-04,756,2026-09-04 07:56:00,330.07,301.52,3.71,l,N21,VIIRS,D,0.39,0.36,2.0NRT
7.91103,80.85941,2026-09-04,756,2026-09-04 07:56:00,337.76,302.19,8.69,n,N21,VIIRS,D,0.38,0.36,2.0NRT
7.95397,80.11404,2026-09-04,756,2026-09-04 07:56:00,332.68,303.37,5.83,l,N21,VIIRS,D,0.39,0.36,2.0NRT
7.95904,81.44292,2026-09-04,756,2026-09-04 07:56:00,335.76,301.69,1.73,n,N21,VIIRS,D,0.39,0.36,2.0NRT
8.02827,80.35555,2026-09-04,756,2026-09-04 07:56:00,342.88,303.56,5.42,n,N21,VIIRS,D,0.39,0.36,2.0NRT
8.04136,81.401,2026-09-04,756,2026-09-04 07:56:00,339.65,304.56,5.83,n,N21,VIIRS,D,0.39,0.36,2.0NRT
8.04398,81.41837,2026-09-04,756,2026-09-04 07:56:00,351.82,307.04,8.55,n,N21,VIIRS,D,0.39,0.36,2.0NRT
8.04439,80.61527,2026-09-04,756,2026-09-04 07:56:00,338.81,305.0,1.41,n,N21,VIIRS,D,0.38,0.36,2.0NRT
8.04833,81.42481,2026-09-04,756,2026-09-04 07:56:00,348.08,305.28,11.83,n,N21,VIIRS,D,0.39,0.36,2.0NRT
8.05559,80.66657,2026-09-04,756,2026-09-04 07:56:00,367.0,309.0,18.67,h,N21,VIIRS,D,0.38,0.36,2.0NRT
8.06257,80.69025,2026-09-04,756,2026-09-04 07:56:00,351.53,306.37,8.88,n,N21,VIIRS,D,0.38,0.36,2.0NRT
8.21197,80.57375,2026-09-04,756,2026-09-04 07:56:00,342.94,302.33,8.3,n,N21,VIIRS,D,0.38,0.36,2.0NRT
7.91331,80.55775,2026-09-04,756,2026-09-04 07:56:00,347.18,301.47,8.51,n,N21,VIIRS,D,0.38,0.36,2.0NRT
8.04345,81.41489,2026-09-04,756,2026-09-04 07:56:00,338.87,304.96,8.55,n,N21,VIIRS,D,0.39,0.36,2.0NRT
8.67037,77.99406,2026-09-04,758,2026-09-04 07:58:00,336.26,305.55,6.68,l,N21,VIIRS,D,0.44,0.39,2.0NRT
8.91448,80.54321,2026-09-04,758,2026-09-04 07:58:00,333.78,305.52,4.63,l,N21,VIIRS,D,0.38,0.36,2.0NRT
15.31594,75.73133,2026-09-04,758,2026-09-04 07:58:00,334.48,300.38,8.92,l,N21,VIIRS,D,0.47,0.4,2.0NRT
15.24046,76.69371,2026-09-04,758,2026-09-04 07:58:00,332.44,300.92,2.23,l,N21,VIIRS,D,0.43,0.38,2.0NRT
15.1836,76.64207,2026-09-04,758,2026-09-04 07:58:00,340.29,301.44,6.27,n,N21,VIIRS,D,0.43,0.38,2.0NRT
14.58262,78.69115,2026-09-04,758,2026-09-04 07:58:00,332.81,297.53,2.62,n,N21,VIIRS,D,0.39,0.36,2.0NRT
14.14273,76.50105,2026-09-04,758,2026-09-04 07:58:00,334.52,299.57,7.06,l,N21,VIIRS,D,0.45,0.39,2.0NRT
10.87023,79.84801,2026-09-04,758,2026-09-04 07:58:00,337.26,301.77,3.23,n,N21,VIIRS,D,0.39,0.36,2.0NRT
10.23521,79.19682,2026-09-04,758,2026-09-04 07:58:00,336.6,302.56,5.05,l,N21,VIIRS,D,0.39,0.37,2.0NRT
9.82879,78.55407,2026-09-04,758,2026-09-04 07:58:00,334.45,302.71,2.01,l,N21,VIIRS,D,0.41,0.37,2.0NRT
9.82854,77.56429,2026-09-04,758,2026-09-04 07:58:00,338.99,303.65,5.62,n,N21,VIIRS,D,0.45,0.39,2.0NRT
9.72387,78.35549,2026-09-04,758,2026-09-04 07:58:00,334.19,305.43,5.33,l,N21,VIIRS,D,0.42,0.38,2.0NRT
9.44964,80.48254,2026-09-04,758,2026-09-04 07:58:00,345.3,301.94,8.56,n,N21,VIIRS,D,0.38,0.36,2.0NRT
8.89498,80.50372,2026-09-04,758,2026-09-04 07:58:00,340.17,303.82,5.51,n,N21,VIIRS,D,0.38,0.36,2.0NRT
9.40687,80.29053,2026-09-04,758,2026-09-04 07:58:00,344.61,302.53,13.9,n,N21,VIIRS,D,0.38,0.36,2.0NRT
9.40358,80.29104,2026-09-04,758,2026-09-04 07:58:00,344.85,303.02,7.0,n,N21,VIIRS,D,0.38,0.36,2.0NRT
9.39895,80.43722,2026-09-04,758,2026-09-04 07:58:00,335.38,304.15,5.29,n,N21,VIIRS,D,0.38,0.36,2.0NRT
9.39725,80.44811,2026-09-04,758,2026-09-04 07:58:00,344.19,301.66,6.58,n,N21,VIIRS,D,0.38,0.36,2.0NRT
9.35835,78.81918,2026-09-04,758,2026-09-04 07:58:00,335.56,301.0,3.34,l,N21,VIIRS,D,0.41,0.37,2.0NRT
9.14391,78.26399,2026-09-04,758,2026-09-04 07:58:00,338.19,305.32,4.67,l,N21,VIIRS,D,0.43,0.38,2.0NRT
9.14291,78.26405,2026-09-04,758,2026-09-04 07:58:00,337.37,304.86,4.73,l,N21,VIIRS,D,0.43,0.38,2.0NRT
9.10257,80.2827,2026-09-04,758,2026-09-04 07:58:00,333.98,302.89,2.8,n,N21,VIIRS,D,0.38,0.36,2.0NRT
9.03487,80.21505,2026-09-04,758,2026-09-04 07:58:00,332.04,297.56,2.6,n,N21,VIIRS,D,0.39,0.36,2.0NRT
8.98223,80.83372,2026-09-04,758,2026-09-04 07:58:00,333.13,303.89,7.3,l,N21,VIIRS,D,0.38,0.36,2.0NRT
8.92298,80.40017,2026-09-04,758,2026-09-04 07:58:00,340.83,301.79,3.13,n,N21,VIIRS,D,0.38,0.36,2.0NRT
9.42775,80.38309,2026-09-04,758,2026-09-04 07:58:00,338.73,303.62,4.79,n,N21,VIIRS,D,0.38,0.36,2.0NRT
23.67067,86.93721,2026-09-04,801,2026-09-04 08:01:00,328.62,288.51,3.42,n,N21,VIIRS,D,0.37,0.58,2.0NRT
21.80368,83.89217,2026-09-04,801,2026-09-04 08:01:00,332.23,294.0,4.49,n,N21,VIIRS,D,0.45,0.47,2.0NRT
21.75494,83.84254,2026-09-04,801,2026-09-04 08:01:00,343.12,294.29,8.02,n,N21,VIIRS,D,0.44,0.46,2.0NRT
21.75491,83.84193,2026-09-04,801,2026-09-04 08:01:00,335.54,294.33,6.72,n,N21,VIIRS,D,0.44,0.46,2.0NRT
17.36039,81.81102,2026-09-04,801,2026-09-04 08:01:00,332.31,296.45,2.81,n,N21,VIIRS,D,0.45,0.39,2.0NRT
21.74218,83.84354,2026-09-04,801,2026-09-04 08:01:00,342.51,295.8,7.2,n,N21,VIIRS,D,0.44,0.46,2.0NRT
21.10447,72.64493,2026-09-04,801,2026-09-04 08:01:00,344.27,298.24,26.51,n,N21,VIIRS,D,0.57,0.43,2.0NRT
21.10295,72.63681,2026-09-04,801,2026-09-04 08:01:00,342.12,298.44,26.3,n,N21,VIIRS,D,0.38,0.43,2.0NRT
17.08758,79.68736,2026-09-04,801,2026-09-04 08:01:00,338.48,291.83,3.75,n,N21,VIIRS,D,0.39,0.36,2.0NRT
21.74643,83.84301,2026-09-04,801,2026-09-04 08:01:00,341.48,293.51,7.2,n,N21,VIIRS,D,0.44,0.46,2.0NRT
28.45172,68.14643,2026-09-04,803,2026-09-04 08:03:00,339.79,299.67,8.53,n,N21,VIIRS,D,0.51,0.5,2.0NRT
28.45281,68.15152,2026-09-04,803,2026-09-04 08:03:00,333.9,300.96,8.53,n,N21,VIIRS,D,0.51,0.5,2.0NRT
27.68697,68.91329,2026-09-04,803,2026-09-04 08:03:00,337.46,298.9,4.96,n,N21,VIIRS,D,0.48,0.48,2.0NRT
27.68594,68.91248,2026-09-04,803,2026-09-04 08:03:00,336.17,299.54,2.38,n,N21,VIIRS,D,0.48,0.48,2.0NRT
23.70967,86.44809,2026-09-04,803,2026-09-04 08:03:00,332.23,290.08,5.2,n,N21,VIIRS,D,0.34,0.56,2.0NRT
23.69337,87.12283,2026-09-04,803,2026-09-04 08:03:00,328.2,289.76,4.18,n,N21,VIIRS,D,0.38,0.59,2.0NRT
23.69087,87.12269,2026-09-04,803,2026-09-04 08:03:00,328.83,289.42,5.68,n,N21,VIIRS,D,0.38,0.59,2.0NRT
32.43508,71.37002,2026-09-04,805,2026-09-04 08:05:00,332.32,296.77,4.53,n,N21,VIIRS,D,0.45,0.39,2.0NRT
32.43423,71.36531,2026-09-04,805,2026-09-04 08:05:00,332.68,298.09,4.53,n,N21,VIIRS,D,0.45,0.39,2.0NRT
31.5513,74.73685,2026-09-04,805,2026-09-04 08:05:00,337.88,299.64,9.12,n,N21,VIIRS,D,0.38,0.36,2.0NRT
29.33518,69.01418,2026-09-04,805,2026-09-04 08:05:00,341.68,306.9,2.18,n,N21,VIIRS,D,0.44,0.46,2.0NRT
29.80614,68.75408,2026-09-04,805,2026-09-04 08:05:00,337.48,305.53,3.02,n,N21,VIIRS,D,0.45,0.47,2.0NRT
9.45251,80.50063,2026-09-04,852,2026-09-04 08:52:00,331.41,281.02,4.9,n,N20,VIIRS,D,0.64,0.72,2.0NRT
9.40713,80.29379,2026-09-04,852,2026-09-04 08:52:00,340.05,288.59,5.73,n,N20,VIIRS,D,0.62,0.72,2.0NRT
9.32813,77.77109,2026-09-04,852,2026-09-04 08:52:00,344.38,296.84,2.23,n,N20,VIIRS,D,0.42,0.61,2.0NRT
9.227,77.50995,2026-09-04,852,2026-09-04 08:52:00,333.23,295.71,5.08,n,N20,VIIRS,D,0.4,0.6,2.0NRT
8.84704,77.70026,2026-09-04,852,2026-09-04 08:52:00,350.85,299.87,10.59,n,N20,VIIRS,D,0.41,0.6,2.0NRT
8.84148,77.70094,2026-09-04,852,2026-09-04 08:52:00,352.84,300.24,8.48,n,N20,VIIRS,D,0.41,0.6,2.0NRT
8.83588,77.99625,2026-09-04,852,2026-09-04 08:52:00,330.84,295.53,2.09,n,N20,VIIRS,D,0.43,0.62,2.0NRT
8.73432,77.86235,2026-09-04,852,2026-09-04 08:52:00,336.58,294.95,1.87,n,N20,VIIRS,D,0.42,0.61,2.0NRT
8.69732,80.86606,2026-09-04,852,2026-09-04 08:52:00,339.0,290.71,11.01,n,N20,VIIRS,D,0.67,0.73,2.0NRT
8.69493,80.86718,2026-09-04,852,2026-09-04 08:52:00,335.13,289.98,7.3,n,N20,VIIRS,D,0.66,0.73,2.0NRT
8.56839,80.39928,2026-09-04,852,2026-09-04 08:52:00,336.02,289.67,6.46,n,N20,VIIRS,D,0.62,0.71,2.0NRT
8.55636,80.87636,2026-09-04,852,2026-09-04 08:52:00,348.62,290.02,11.72,n,N20,VIIRS,D,0.66,0.73,2.0NRT
8.53726,77.82267,2026-09-04,852,2026-09-04 08:52:00,367.0,296.22,5.15,h,N20,VIIRS,D,0.41,0.61,2.0NRT
8.53678,77.81892,2026-09-04,852,2026-09-04 08:52:00,339.01,295.86,5.15,n,N20,VIIRS,D,0.41,0.61,2.0NRT
8.43013,80.51373,2026-09-04,852,2026-09-04 08:52:00,335.6,287.16,8.06,n,N20,VIIRS,D,0.62,0.72,2.0NRT
9.84708,78.08351,2026-09-04,852,2026-09-04 08:52:00,330.17,295.5,2.27,n,N20,VIIRS,D,0.45,0.63,2.0NRT
8.42327,77.67912,2026-09-04,852,2026-09-04 08:52:00,342.48,292.17,3.6,n,N20,VIIRS,D,0.4,0.6,2.0NRT
8.23217,80.60614,2026-09-04,852,2026-09-04 08:52:00,334.29,288.06,3.61,n,N20,VIIRS,D,0.63,0.72,2.0NRT
8.2301,80.60484,2026-09-04,852,2026-09-04 08:52:00,344.58,288.6,7.86,n,N20,VIIRS,D,0.63,0.72,2.0NRT
7.91409,80.55795,2026-09-04,852,2026-09-04 08:52:00,353.42,288.99,13.66,n,N20,VIIRS,D,0.62,0.71,2.0NRT
7.90929,80.56167,2026-09-04,852,2026-09-04 08:52:00,348.28,288.83,14.95,n,N20,VIIRS,D,0.62,0.71,2.0NRT
7.71155,79.86526,2026-09-04,852,2026-09-04 08:52:00,331.96,289.18,3.33,n,N20,VIIRS,D,0.55,0.68,2.0NRT
7.70872,79.86331,2026-09-04,852,2026-09-04 08:52:00,330.47,289.36,3.61,n,N20,VIIRS,D,0.55,0.68,2.0NRT
7.70602,81.09903,2026-09-04,852,2026-09-04 08:52:00,330.59,290.42,8.43,n,N20,VIIRS,D,0.67,0.74,2.0NRT
7.44237,81.24368,2026-09-04,852,2026-09-04 08:52:00,367.0,290.17,39.68,h,N20,VIIRS,D,0.68,0.74,2.0NRT
6.79202,81.54022,2026-09-04,852,2026-09-04 08:52:00,340.2,291.05,8.68,n,N20,VIIRS,D,0.7,0.75,2.0NRT
8.4311,80.50901,2026-09-04,852,2026-09-04 08:52:00,344.77,290.2,11.13,n,N20,VIIRS,D,0.62,0.72,2.0NRT
8.42943,80.50793,2026-09-04,852,2026-09-04 08:52:00,335.1,290.47,8.06,n,N20,VIIRS,D,0.62,0.72,2.0NRT
6.79195,81.54296,2026-09-04,852,2026-09-04 08:52:00,336.55,290.25,8.57,n,N20,VIIRS,D,0.7,0.75,2.0NRT
13.90252,78.07291,2026-09-04,854,2026-09-04 08:54:00,330.71,292.87,2.74,n,N20,VIIRS,D,0.5,0.66,2.0NRT
22.92564,70.10651,2026-09-04,856,2026-09-04 08:56:00,330.89,303.22,6.03,l,N20,VIIRS,D,0.4,0.44,2.0NRT
29.33545,69.01601,2026-09-04,858,2026-09-04 08:58:00,350.1,308.66,4.74,n,N20,VIIRS,D,0.41,0.45,2.0NRT
29.90779,74.95393,2026-09-04,858,2026-09-04 08:58:00,334.59,293.52,3.63,n,N20,VIIRS,D,0.48,0.64,2.0NRT
28.45271,68.15234,2026-09-04,858,2026-09-04 08:58:00,338.37,304.2,7.33,n,N20,VIIRS,D,0.54,0.42,2.0NRT
28.45206,68.1468,2026-09-04,858,2026-09-04 08:58:00,334.78,302.85,7.33,n,N20,VIIRS,D,0.54,0.42,2.0NRT
26.26703,68.71362,2026-09-04,858,2026-09-04 08:58:00,344.71,301.56,6.71,n,N20,VIIRS,D,0.55,0.42,2.0NRT
25.80554,72.25489,2026-09-04,858,2026-09-04 08:58:00,332.06,299.27,2.74,n,N20,VIIRS,D,0.58,0.52,2.0NRT
26.22089,68.72581,2026-09-04,858,2026-09-04 08:58:00,347.03,302.44,7.33,n,N20,VIIRS,D,0.55,0.42,2.0NRT
25.69429,68.37287,2026-09-04,858,2026-09-04 08:58:00,346.32,304.52,9.16,n,N20,VIIRS,D,0.52,0.41,2.0NRT
25.60187,68.655,2026-09-04,858,2026-09-04 08:58:00,334.98,300.64,5.99,n,N20,VIIRS,D,0.53,0.42,2.0NRT
24.46648,68.4707,2026-09-04,858,2026-09-04 08:58:00,332.04,297.77,2.73,n,N20,VIIRS,D,0.51,0.41,2.0NRT
23.32104,68.85722,2026-09-04,858,2026-09-04 08:58:00,336.7,299.01,9.54,n,N20,VIIRS,D,0.51,0.41,2.0NRT
25.80458,72.25359,2026-09-04,858,2026-09-04 08:58:00,333.21,299.16,3.59,n,N20,VIIRS,D,0.58,0.52,2.0NRT
32.43343,71.37107,2026-09-04,900,2026-09-04 09:00:00,340.84,293.38,7.83,n,N20,VIIRS,D,0.61,0.54,2.0NRT
32.4346,71.36937,2026-09-04,900,2026-09-04 09:00:00,338.7,293.88,4.95,n,N20,VIIRS,D,0.61,0.54,2.0NRT
20.96736,86.01295,2026-09-04,1945,2026-09-04 19:45:00,308.0,291.76,2.65,n,N20,VIIRS,N,0.49,0.4,2.0NRT
20.9686,85.17159,2026-09-04,1945,2026-09-04 19:45:00,315.88,291.21,2.3,n,N20,VIIRS,N,0.54,0.42,2.0NRT
20.96791,85.1768,2026-09-04,1945,2026-09-04 19:45:00,322.99,291.23,2.3,n,N20,VIIRS,N,0.54,0.42,2.0NRT
20.96678,85.15539,2026-09-04,1945,2026-09-04 19:45:00,305.04,290.62,1.76,n,N20,VIIRS,N,0.54,0.42,2.0NRT
20.97179,85.17737,2026-09-04,1945,2026-09-04 19:45:00,313.35,291.08,2.26,n,N20,VIIRS,N,0.54,0.42,2.0NRT
20.96592,86.0509,2026-09-04,1945,2026-09-04 19:45:00,311.63,291.46,2.15,n,N20,VIIRS,N,0.49,0.4,2.0NRT
20.9654,85.16582,2026-09-04,1945,2026-09-04 19:45:00,312.97,291.2,2.21,n,N20,VIIRS,N,0.54,0.42,2.0NRT
20.96471,85.17104,2026-09-04,1945,2026-09-04 19:45:00,316.58,291.65,2.3,n,N20,VIIRS,N,0.54,0.42,2.0NRT
20.97066,85.15594,2026-09-04,1945,2026-09-04 19:45:00,308.38,290.93,1.76,n,N20,VIIRS,N,0.54,0.42,2.0NRT
20.96609,85.16059,2026-09-04,1945,2026-09-04 19:45:00,309.4,290.98,2.21,n,N20,VIIRS,N,0.54,0.42,2.0NRT
20.97234,86.00415,2026-09-04,1945,2026-09-04 19:45:00,319.52,292.37,3.98,n,N20,VIIRS,N,0.49,0.4,2.0NRT
21.07859,85.03478,2026-09-04,1945,2026-09-04 19:45:00,308.23,292.05,1.72,n,N20,VIIRS,N,0.55,0.43,2.0NRT
20.97705,85.16749,2026-09-04,1945,2026-09-04 19:45:00,307.31,290.62,1.92,n,N20,VIIRS,N,0.54,0.42,2.0NRT
20.97789,85.16972,2026-09-04,1945,2026-09-04 19:45:00,317.03,290.96,2.91,n,N20,VIIRS,N,0.54,0.42,2.0NRT
21.00192,86.02525,2026-09-04,1945,2026-09-04 19:45:00,307.05,291.38,1.34,n,N20,VIIRS,N,0.49,0.4,2.0NRT
21.07399,85.03953,2026-09-04,1945,2026-09-04 19:45:00,310.03,291.36,1.72,n,N20,VIIRS,N,0.55,0.43,2.0NRT
21.07651,85.05077,2026-09-04,1945,2026-09-04 19:45:00,304.98,291.01,1.64,n,N20,VIIRS,N,0.55,0.43,2.0NRT
21.07721,85.04541,2026-09-04,1945,2026-09-04 19:45:00,308.77,291.34,1.64,n,N20,VIIRS,N,0.55,0.43,2.0NRT
21.0779,85.04008,2026-09-04,1945,2026-09-04 19:45:00,307.91,291.62,1.72,n,N20,VIIRS,N,0.55,0.43,2.0NRT
20.9643,86.00772,2026-09-04,1945,2026-09-04 19:45:00,330.58,291.99,3.71,n,N20,VIIRS,N,0.49,0.4,2.0NRT
21.19856,81.41629,2026-09-04,1945,2026-09-04 19:45:00,304.65,284.76,2.49,n,N20,VIIRS,N,0.62,0.54,2.0NRT
21.31351,81.58866,2026-09-04,1945,2026-09-04 19:45:00,300.4,286.7,2.88,n,N20,VIIRS,N,0.61,0.53,2.0NRT
20.97636,85.1727,2026-09-04,1945,2026-09-04 19:45:00,312.88,290.97,2.26,n,N20,VIIRS,N,0.54,0.42,2.0NRT
20.96403,85.17625,2026-09-04,1945,2026-09-04 19:45:00,307.09,291.54,2.3,n,N20,VIIRS,N,0.54,0.42,2.0NRT
20.88582,84.98159,2026-09-04,1945,2026-09-04 19:45:00,307.64,291.13,2.05,n,N20,VIIRS,N,0.55,0.43,2.0NRT
20.96266,85.18659,2026-09-04,1945,2026-09-04 19:45:00,326.48,291.44,5.54,n,N20,VIIRS,N,0.54,0.42,2.0NRT
20.52115,85.7233,2026-09-04,1945,2026-09-04 19:45:00,306.01,290.54,0.8,n,N20,VIIRS,N,0.5,0.41,2.0NRT
20.75939,85.29863,2026-09-04,1945,2026-09-04 19:45:00,308.31,290.16,1.49,n,N20,VIIRS,N,0.53,0.42,2.0NRT
20.76009,85.29348,2026-09-04,1945,2026-09-04 19:45:00,311.28,290.06,1.49,n,N20,VIIRS,N,0.53,0.42,2.0NRT
20.76198,85.29599,2026-09-04,1945,2026-09-04 19:45:00,315.32,290.69,3.06,n,N20,VIIRS,N,0.53,0.42,2.0NRT
20.78581,85.26316,2026-09-04,1945,2026-09-04 19:45:00,304.97,284.95,0.74,n,N20,VIIRS,N,0.53,0.42,2.0NRT
20.78966,85.26375,2026-09-04,1945,2026-09-04 19:45:00,300.47,283.23,0.48,n,N20,VIIRS,N,0.53,0.42,2.0NRT
20.79032,85.25867,2026-09-04,1945,2026-09-04 19:45:00,304.98,284.65,3.83,n,N20,VIIRS,N,0.53,0.42,2.0NRT
20.79482,85.25418,2026-09-04,1945,2026-09-04 19:45:00,336.09,288.01,3.83,n,N20,VIIRS,N,0.53,0.42,2.0NRT
20.79802,85.25985,2026-09-04,1945,2026-09-04 19:45:00,309.64,286.98,1.69,n,N20,VIIRS,N,0.53,0.42,2.0NRT
20.80639,85.25585,2026-09-04,1945,2026-09-04 19:45:00,312.76,285.5,1.39,n,N20,VIIRS,N,0.53,0.42,2.0NRT
20.81025,85.25641,2026-09-04,1945,2026-09-04 19:45:00,303.44,285.19,1.39,n,N20,VIIRS,N,0.53,0.42,2.0NRT
20.86416,84.99455,2026-09-04,1945,2026-09-04 19:45:00,306.71,291.36,2.92,n,N20,VIIRS,N,0.55,0.43,2.0NRT
20.86484,84.98934,2026-09-04,1945,2026-09-04 19:45:00,323.11,291.81,2.92,n,N20,VIIRS,N,0.55,0.43,2.0NRT
20.86552,84.9841,2026-09-04,1945,2026-09-04 19:45:00,305.95,290.19,0.94,n,N20,VIIRS,N,0.55,0.43,2.0NRT
20.872,84.9957,2026-09-04,1945,2026-09-04 19:45:00,305.34,290.71,1.46,n,N20,VIIRS,N,0.55,0.43,2.0NRT
21.48853,81.76635,2026-09-04,1945,2026-09-04 19:45:00,306.61,288.09,1.58,n,N20,VIIRS,N,0.59,0.53,2.0NRT
20.88974,84.98213,2026-09-04,1945,2026-09-04 19:45:00,306.9,290.82,1.59,n,N20,VIIRS,N,0.55,0.43,2.0NRT
20.94188,86.06137,2026-09-04,1945,2026-09-04 19:45:00,306.31,291.96,1.95,n,N20,VIIRS,N,0.49,0.4,2.0NRT
20.95116,86.04861,2026-09-04,1945,2026-09-04 19:45:00,332.74,292.2,5.36,n,N20,VIIRS,N,0.49,0.4,2.0NRT
20.95179,86.04398,2026-09-04,1945,2026-09-04 19:45:00,324.77,291.43,4.11,n,N20,VIIRS,N,0.49,0.4,2.0NRT
20.95728,85.01494,2026-09-04,1945,2026-09-04 19:45:00,305.05,290.78,2.65,n,N20,VIIRS,N,0.55,0.43,2.0NRT
20.96366,86.01239,2026-09-04,1945,2026-09-04 19:45:00,313.49,291.22,2.1,n,N20,VIIRS,N,0.49,0.4,2.0NRT
21.67433,82.0772,2026-09-04,1945,2026-09-04 19:45:00,305.67,288.67,1.64,n,N20,VIIRS,N,0.57,0.52,2.0NRT
22.79053,86.19944,2026-09-04,1945,2026-09-04 19:45:00,301.18,286.04,1.55,n,N20,VIIRS,N,0.5,0.41,2.0NRT
21.80177,85.56622,2026-09-04,1945,2026-09-04 19:45:00,303.26,290.29,0.77,n,N20,VIIRS,N,0.53,0.42,2.0NRT
23.63086,86.29086,2026-09-04,1945,2026-09-04 19:45:00,304.85,288.46,1.98,n,N20,VIIRS,N,0.51,0.41,2.0NRT
23.66457,87.15292,2026-09-04,1945,2026-09-04 19:45:00,306.12,285.22,1.98,n,N20,VIIRS,N,0.46,0.39,2.0NRT
23.66828,86.08938,2026-09-04,1945,2026-09-04 19:45:00,304.82,289.58,0.7,n,N20,VIIRS,N,0.52,0.42,2.0NRT
23.66861,86.09241,2026-09-04,1945,2026-09-04 19:45:00,304.6,289.39,1.1,n,N20,VIIRS,N,0.52,0.41,2.0NRT
23.6727,86.11592,2026-09-04,1945,2026-09-04 19:45:00,307.65,289.63,1.43,n,N20,VIIRS,N,0.52,0.41,2.0NRT
23.67355,86.11382,2026-09-04,1945,2026-09-04 19:45:00,306.79,289.38,1.2,n,N20,VIIRS,N,0.52,0.41,2.0NRT
23.67653,86.08544,2026-09-04,1945,2026-09-04 19:45:00,332.99,290.38,5.49,n,N20,VIIRS,N,0.52,0.42,2.0NRT
23.6769,86.08849,2026-09-04,1945,2026-09-04 19:45:00,329.24,289.77,3.8,n,N20,VIIRS,N,0.52,0.41,2.0NRT
23.67757,86.0834,2026-09-04,1945,2026-09-04 19:45:00,312.11,290.05,2.98,n,N20,VIIRS,N,0.52,0.42,2.0NRT
23.67913,86.39618,2026-09-04,1945,2026-09-04 19:45:00,305.87,285.63,2.46,n,N20,VIIRS,N,0.5,0.41,2.0NRT
23.6797,86.09111,2026-09-04,1945,2026-09-04 19:45:00,306.36,289.81,1.78,n,N20,VIIRS,N,0.52,0.42,2.0NRT
23.68287,86.09675,2026-09-04,1945,2026-09-04 19:45:00,314.7,289.87,2.29,n,N20,VIIRS,N,0.52,0.41,2.0NRT
23.6271,86.29028,2026-09-04,1945,2026-09-04 19:45:00,316.74,287.85,2.62,n,N20,VIIRS,N,0.51,0.41,2.0NRT
23.68351,86.09167,2026-09-04,1945,2026-09-04 19:45:00,308.79,289.58,1.78,n,N20,VIIRS,N,0.52,0.42,2.0NRT
23.68725,86.39246,2026-09-04,1945,2026-09-04 19:45:00,298.55,280.08,0.85,n,N20,VIIRS,N,0.5,0.41,2.0NRT
23.70133,86.07359,2026-09-04,1945,2026-09-04 19:45:00,325.08,289.49,3.04,n,N20,VIIRS,N,0.52,0.42,2.0NRT
21.76627,85.57944,2026-09-04,1945,2026-09-04 19:45:00,303.93,290.72,0.84,n,N20,VIIRS,N,0.53,0.42,2.0NRT
23.74095,85.01152,2026-09-04,1945,2026-09-04 19:45:00,301.76,286.04,1.02,n,N20,VIIRS,N,0.4,0.44,2.0NRT
23.75638,85.85539,2026-09-04,1945,2026-09-04 19:45:00,315.1,290.88,1.81,n,N20,VIIRS,N,0.54,0.42,2.0NRT
23.75705,85.85013,2026-09-04,1945,2026-09-04 19:45:00,306.07,289.81,1.55,n,N20,VIIRS,N,0.54,0.42,2.0NRT
23.76024,85.85598,2026-09-04,1945,2026-09-04 19:45:00,305.19,290.07,1.81,n,N20,VIIRS,N,0.54,0.42,2.0NRT
23.77746,85.9965,2026-09-04,1945,2026-09-04 19:45:00,303.75,288.25,0.87,n,N20,VIIRS,N,0.53,0.42,2.0NRT
23.79674,86.35042,2026-09-04,1945,2026-09-04 19:45:00,316.46,288.69,3.37,n,N20,VIIRS,N,0.51,0.41,2.0NRT
23.80306,86.33125,2026-09-04,1945,2026-09-04 19:45:00,321.78,288.12,5.45,n,N20,VIIRS,N,0.51,0.41,2.0NRT
23.82189,85.4938,2026-09-04,1945,2026-09-04 19:45:00,302.75,289.53,3.0,n,N20,VIIRS,N,0.56,0.43,2.0NRT
23.82713,84.57284,2026-09-04,1945,2026-09-04 19:45:00,305.57,288.62,1.64,n,N20,VIIRS,N,0.42,0.45,2.0NRT
23.68371,90.52704,2026-09-04,1945,2026-09-04 19:45:00,306.18,290.18,2.26,n,N20,VIIRS,N,0.38,0.36,2.0NRT
23.61143,85.67391,2026-09-04,1945,2026-09-04 19:45:00,299.32,285.78,0.67,n,N20,VIIRS,N,0.55,0.42,2.0NRT
23.71379,86.45164,2026-09-04,1945,2026-09-04 19:45:00,302.36,281.46,1.5,n,N20,VIIRS,N,0.5,0.41,2.0NRT
22.79802,86.20056,2026-09-04,1945,2026-09-04 19:45:00,307.02,283.16,2.58,n,N20,VIIRS,N,0.5,0.41,2.0NRT
23.58349,86.72443,2026-09-04,1945,2026-09-04 19:45:00,310.74,289.96,3.5,n,N20,VIIRS,N,0.48,0.4,2.0NRT
21.80338,83.88976,2026-09-04,1945,2026-09-04 19:45:00,304.01,285.71,3.25,n,N20,VIIRS,N,0.44,0.46,2.0NRT
21.9245,85.22453,2026-09-04,1945,2026-09-04 19:45:00,309.84,290.6,2.47,n,N20,VIIRS,N,0.55,0.43,2.0NRT
21.98605,83.23032,2026-09-04,1945,2026-09-04 19:45:00,306.78,288.47,1.53,n,N20,VIIRS,N,0.49,0.48,2.0NRT
21.98718,82.01293,2026-09-04,1945,2026-09-04 19:45:00,302.84,287.69,1.66,n,N20,VIIRS,N,0.58,0.52,2.0NRT
22.00649,82.67026,2026-09-04,1945,2026-09-04 19:45:00,310.55,289.28,1.58,n,N20,VIIRS,N,0.53,0.5,2.0NRT
22.05358,85.46653,2026-09-04,1945,2026-09-04 19:45:00,303.4,289.87,0.57,n,N20,VIIRS,N,0.54,0.42,2.0NRT
22.20825,84.86081,2026-09-04,1945,2026-09-04 19:45:00,307.17,290.62,1.72,n,N20,VIIRS,N,0.39,0.44,2.0NRT
22.20911,84.5486,2026-09-04,1945,2026-09-04 19:45:00,304.1,290.19,1.0,n,N20,VIIRS,N,0.41,0.45,2.0NRT
22.21096,84.862,2026-09-04,1945,2026-09-04 19:45:00,323.3,290.84,2.77,n,N20,VIIRS,N,0.39,0.44,2.0NRT
22.21227,84.86139,2026-09-04,1945,2026-09-04 19:45:00,322.69,290.81,1.72,n,N20,VIIRS,N,0.39,0.44,2.0NRT
22.21387,84.83931,2026-09-04,1945,2026-09-04 19:45:00,303.66,290.17,0.71,n,N20,VIIRS,N,0.39,0.44,2.0NRT
22.22404,84.75963,2026-09-04,1945,2026-09-04 19:45:00,304.25,290.23,1.29,n,N20,VIIRS,N,0.39,0.44,2.0NRT
22.20486,84.84573,2026-09-04,1945,2026-09-04 19:45:00,311.23,290.26,1.05,n,N20,VIIRS,N,0.39,0.44,2.0NRT
22.22502,84.75196,2026-09-04,1945,2026-09-04 19:45:00,306.08,290.33,0.79,n,N20,VIIRS,N,0.39,0.44,2.0NRT
22.79195,86.19707,2026-09-04,1945,2026-09-04 19:45:00,302.5,283.82,1.52,n,N20,VIIRS,N,0.5,0.41,2.0NRT
22.79119,86.19455,2026-09-04,1945,2026-09-04 19:45:00,301.64,284.17,1.28,n,N20,VIIRS,N,0.5,0.41,2.0NRT
22.78679,86.19888,2026-09-04,1945,2026-09-04 19:45:00,302.33,285.6,1.55,n,N20,VIIRS,N,0.5,0.41,2.0NRT
22.35858,82.30212,2026-09-04,1945,2026-09-04 19:45:00,306.68,288.32,1.72,n,N20,VIIRS,N,0.56,0.52,2.0NRT
22.78821,86.19647,2026-09-04,1945,2026-09-04 19:45:00,300.73,284.59,1.52,n,N20,VIIRS,N,0.5,0.41,2.0NRT
22.32974,82.60709,2026-09-04,1945,2026-09-04 19:45:00,313.55,288.71,1.69,n,N20,VIIRS,N,0.54,0.51,2.0NRT
22.32217,82.59026,2026-09-04,1945,2026-09-04 19:45:00,309.99,288.49,1.83,n,N20,VIIRS,N,0.54,0.51,2.0NRT
22.3204,82.56351,2026-09-04,1945,2026-09-04 19:45:00,312.32,288.91,2.95,n,N20,VIIRS,N,0.54,0.51,2.0NRT
22.2256,84.75111,2026-09-04,1945,2026-09-04 19:45:00,306.1,290.53,0.84,n,N20,VIIRS,N,0.39,0.44,2.0NRT
22.7957,86.19765,2026-09-04,1945,2026-09-04 19:45:00,309.13,282.16,2.39,n,N20,VIIRS,N,0.5,0.41,2.0NRT
17.69568,83.24305,2026-09-04,1947,2026-09-04 19:47:00,303.24,283.8,1.39,n,N20,VIIRS,N,0.43,0.46,2.0NRT
16.87441,80.02161,2026-09-04,1947,2026-09-04 19:47:00,305.42,291.09,0.95,n,N20,VIIRS,N,0.34,0.56,2.0NRT
16.87649,80.11887,2026-09-04,1947,2026-09-04 19:47:00,306.51,291.59,0.89,n,N20,VIIRS,N,0.33,0.55,2.0NRT
17.14758,78.22211,2026-09-04,1947,2026-09-04 19:47:00,302.44,286.05,1.68,n,N20,VIIRS,N,0.45,0.63,2.0NRT
17.46647,80.65131,2026-09-04,1947,2026-09-04 19:47:00,304.12,289.24,0.92,n,N20,VIIRS,N,0.62,0.54,2.0NRT
17.60224,83.1994,2026-09-04,1947,2026-09-04 19:47:00,307.87,288.87,2.41,n,N20,VIIRS,N,0.43,0.46,2.0NRT
15.55391,79.64561,2026-09-04,1947,2026-09-04 19:47:00,367.0,290.49,4.15,h,N20,VIIRS,N,0.34,0.56,2.0NRT
19.09895,82.16625,2026-09-04,1947,2026-09-04 19:47:00,310.93,289.45,1.37,n,N20,VIIRS,N,0.52,0.5,2.0NRT
17.95983,80.79558,2026-09-04,1947,2026-09-04 19:47:00,304.9,289.34,1.29,n,N20,VIIRS,N,0.62,0.54,2.0NRT
19.09347,82.17397,2026-09-04,1947,2026-09-04 19:47:00,303.72,289.7,1.55,n,N20,VIIRS,N,0.52,0.5,2.0NRT
19.10354,82.16685,2026-09-04,1947,2026-09-04 19:47:00,305.84,290.14,1.37,n,N20,VIIRS,N,0.52,0.5,2.0NRT
19.09925,82.16467,2026-09-04,1947,2026-09-04 19:47:00,310.06,289.21,2.96,n,N20,VIIRS,N,0.52,0.5,2.0NRT
19.10384,82.16526,2026-09-04,1947,2026-09-04 19:47:00,302.63,289.75,1.53,n,N20,VIIRS,N,0.52,0.5,2.0NRT
15.55355,79.64883,2026-09-04,1947,2026-09-04 19:47:00,306.53,290.09,4.15,n,N20,VIIRS,N,0.34,0.56,2.0NRT
17.95862,80.79625,2026-09-04,1947,2026-09-04 19:47:00,305.51,289.73,2.32,n,N20,VIIRS,N,0.62,0.54,2.0NRT
15.55275,79.64386,2026-09-04,1947,2026-09-04 19:47:00,307.83,289.81,8.43,n,N20,VIIRS,N,0.34,0.56,2.0NRT
14.99631,76.8468,2026-09-04,1947,2026-09-04 19:47:00,303.2,289.58,0.57,n,N20,VIIRS,N,0.52,0.67,2.0NRT
15.54873,79.64497,2026-09-04,1947,2026-09-04 19:47:00,326.96,289.97,4.15,n,N20,VIIRS,N,0.34,0.56,2.0NRT
15.17644,76.67462,2026-09-04,1947,2026-09-04 19:47:00,307.18,289.89,1.85,n,N20,VIIRS,N,0.54,0.68,2.0NRT
15.17453,77.09926,2026-09-04,1947,2026-09-04 19:47:00,303.72,286.09,0.74,n,N20,VIIRS,N,0.5,0.66,2.0NRT
6.55411,80.76434,2026-09-04,1947,2026-09-04 19:47:00,309.34,290.19,0.99,n,N20,VIIRS,N,0.43,0.46,2.0NRT
9.62249,80.28364,2026-09-04,1947,2026-09-04 19:47:00,349.07,287.74,9.9,n,N20,VIIRS,N,0.52,0.5,2.0NRT
9.80491,77.56216,2026-09-04,1947,2026-09-04 19:47:00,312.16,289.0,0.97,n,N20,VIIRS,N,0.4,0.6,2.0NRT
15.55236,79.64706,2026-09-04,1947,2026-09-04 19:47:00,354.8,291.67,14.79,n,N20,VIIRS,N,0.34,0.56,2.0NRT
13.7129,79.61954,2026-09-04,1947,2026-09-04 19:47:00,305.32,289.35,1.35,n,N20,VIIRS,N,0.33,0.55,2.0NRT
10.12954,77.52656,2026-09-04,1947,2026-09-04 19:47:00,311.78,287.65,1.47,n,N20,VIIRS,N,0.4,0.6,2.0NRT
15.16905,76.37527,2026-09-04,1947,2026-09-04 19:47:00,300.28,287.84,1.53,n,N20,VIIRS,N,0.56,0.69,2.0NRT
15.17856,76.65443,2026-09-04,1947,2026-09-04 19:47:00,308.14,290.38,2.77,n,N20,VIIRS,N,0.54,0.68,2.0NRT
15.18269,76.67524,2026-09-04,1947,2026-09-04 19:47:00,311.05,290.06,1.85,n,N20,VIIRS,N,0.54,0.68,2.0NRT
15.18323,76.6702,2026-09-04,1947,2026-09-04 19:47:00,308.2,289.93,1.85,n,N20,VIIRS,N,0.54,0.68,2.0NRT
15.18375,76.66516,2026-09-04,1947,2026-09-04 19:47:00,317.98,290.41,4.16,n,N20,VIIRS,N,0.54,0.68,2.0NRT
15.52532,79.6533,2026-09-04,1947,2026-09-04 19:47:00,307.48,289.95,1.91,n,N20,VIIRS,N,0.34,0.56,2.0NRT
15.54836,79.64817,2026-09-04,1947,2026-09-04 19:47:00,316.16,290.33,4.15,n,N20,VIIRS,N,0.34,0.56,2.0NRT
15.13655,76.70815,2026-09-04,1947,2026-09-04 19:47:00,302.65,289.77,1.34,n,N20,VIIRS,N,0.53,0.67,2.0NRT
15.17254,76.37836,2026-09-04,1947,2026-09-04 19:47:00,300.32,287.79,2.1,n,N20,VIIRS,N,0.56,0.69,2.0NRT
11.17693,79.08677,2026-09-04,1949,2026-09-04 19:49:00,307.96,288.59,2.11,n,N20,VIIRS,N,0.33,0.55,2.0NRT
11.19646,79.05567,2026-09-04,1949,2026-09-04 19:49:00,300.86,286.76,1.55,n,N20,VIIRS,N,0.33,0.55,2.0NRT
33.68977,72.71101,2026-09-04,2025,2026-09-04 20:25:00,304.71,289.38,1.46,n,N21,VIIRS,N,0.5,0.49,2.0NRT
32.57359,72.56334,2026-09-04,2025,2026-09-04 20:25:00,310.53,292.39,4.49,n,N21,VIIRS,N,0.49,0.49,2.0NRT
22.57397,85.89982,2026-09-04,2027,2026-09-04 20:27:00,308.57,287.86,2.35,n,N21,VIIRS,N,0.59,0.53,2.0NRT
21.92094,83.35299,2026-09-04,2027,2026-09-04 20:27:00,315.44,291.29,3.35,n,N21,VIIRS,N,0.42,0.45,2.0NRT
23.67495,86.39895,2026-09-04,2027,2026-09-04 20:27:00,308.71,287.65,4.28,n,N21,VIIRS,N,0.6,0.53,2.0NRT
23.67599,86.39859,2026-09-04,2027,2026-09-04 20:27:00,310.18,287.67,4.63,n,N21,VIIRS,N,0.6,0.53,2.0NRT
23.67618,86.39325,2026-09-04,2027,2026-09-04 20:27:00,305.6,287.11,2.72,n,N21,VIIRS,N,0.6,0.53,2.0NRT
23.67716,86.08454,2026-09-04,2027,2026-09-04 20:27:00,309.76,288.39,4.16,n,N21,VIIRS,N,0.57,0.52,2.0NRT
23.67951,86.09674,2026-09-04,2027,2026-09-04 20:27:00,303.88,287.86,1.53,n,N21,VIIRS,N,0.57,0.52,2.0NRT
23.68097,86.39436,2026-09-04,2027,2026-09-04 20:27:00,309.86,287.7,5.51,n,N21,VIIRS,N,0.6,0.53,2.0NRT
23.68196,86.394,2026-09-04,2027,2026-09-04 20:27:00,312.96,287.64,4.13,n,N21,VIIRS,N,0.6,0.53,2.0NRT
23.69345,86.07731,2026-09-04,2027,2026-09-04 20:27:00,303.77,287.8,1.82,n,N21,VIIRS,N,0.57,0.52,2.0NRT
23.69927,86.07301,2026-09-04,2027,2026-09-04 20:27:00,309.74,287.87,1.64,n,N21,VIIRS,N,0.57,0.52,2.0NRT
23.73676,85.02216,2026-09-04,2027,2026-09-04 20:27:00,304.0,287.98,1.0,n,N21,VIIRS,N,0.49,0.49,2.0NRT
23.6655,86.09307,2026-09-04,2027,2026-09-04 20:27:00,304.43,287.67,0.9,n,N21,VIIRS,N,0.57,0.52,2.0NRT
23.75455,85.85443,2026-09-04,2027,2026-09-04 20:27:00,306.0,288.28,3.7,n,N21,VIIRS,N,0.55,0.51,2.0NRT
23.77521,86.20977,2026-09-04,2027,2026-09-04 20:27:00,308.47,288.27,2.95,n,N21,VIIRS,N,0.58,0.52,2.0NRT
23.77994,86.21085,2026-09-04,2027,2026-09-04 20:27:00,325.09,288.53,5.37,n,N21,VIIRS,N,0.58,0.52,2.0NRT
23.78857,85.55117,2026-09-04,2027,2026-09-04 20:27:00,312.54,288.26,3.06,n,N21,VIIRS,N,0.53,0.5,2.0NRT
23.80973,84.8444,2026-09-04,2027,2026-09-04 20:27:00,303.08,288.45,1.53,n,N21,VIIRS,N,0.48,0.48,2.0NRT
24.16057,82.56489,2026-09-04,2027,2026-09-04 20:27:00,323.92,283.64,3.75,n,N21,VIIRS,N,0.52,0.42,2.0NRT
25.38896,68.58175,2026-09-04,2027,2026-09-04 20:27:00,319.29,293.33,2.37,n,N21,VIIRS,N,0.36,0.57,2.0NRT
25.38899,68.58163,2026-09-04,2027,2026-09-04 20:27:00,320.01,293.08,2.02,n,N21,VIIRS,N,0.36,0.57,2.0NRT
27.93793,69.72253,2026-09-04,2027,2026-09-04 20:27:00,305.93,294.9,0.53,n,N21,VIIRS,N,0.32,0.55,2.0NRT
28.42548,69.6997,2026-09-04,2027,2026-09-04 20:27:00,313.97,294.98,1.16,n,N21,VIIRS,N,0.33,0.55,2.0NRT
21.87757,83.55456,2026-09-04,2027,2026-09-04 20:27:00,312.13,290.4,2.9,n,N21,VIIRS,N,0.43,0.46,2.0NRT
23.77284,86.19751,2026-09-04,2027,2026-09-04 20:27:00,309.02,288.02,4.45,n,N21,VIIRS,N,0.58,0.52,2.0NRT
23.649,85.43903,2026-09-04,2027,2026-09-04 20:27:00,313.66,288.68,3.21,n,N21,VIIRS,N,0.52,0.5,2.0NRT
27.93711,69.72305,2026-09-04,2027,2026-09-04 20:27:00,310.42,294.87,0.62,n,N21,VIIRS,N,0.32,0.55,2.0NRT
22.57533,85.8947,2026-09-04,2027,2026-09-04 20:27:00,305.86,288.27,4.22,n,N21,VIIRS,N,0.59,0.53,2.0NRT
23.64511,85.43939,2026-09-04,2027,2026-09-04 20:27:00,307.89,288.51,2.4,n,N21,VIIRS,N,0.52,0.5,2.0NRT
21.92527,85.22544,2026-09-04,2027,2026-09-04 20:27:00,309.87,289.84,3.27,n,N21,VIIRS,N,0.55,0.51,2.0NRT
21.93093,85.22124,2026-09-04,2027,2026-09-04 20:27:00,303.45,289.3,1.05,n,N21,VIIRS,N,0.55,0.51,2.0NRT
21.98263,83.23072,2026-09-04,2027,2026-09-04 20:27:00,306.36,290.26,1.56,n,N21,VIIRS,N,0.41,0.45,2.0NRT
22.01428,83.75243,2026-09-04,2027,2026-09-04 20:27:00,298.04,286.23,2.24,n,N21,VIIRS,N,0.44,0.46,2.0NRT
22.0328,83.36366,2026-09-04,2027,2026-09-04 20:27:00,305.03,290.02,1.01,n,N21,VIIRS,N,0.42,0.45,2.0NRT
22.03358,83.35964,2026-09-04,2027,2026-09-04 20:27:00,304.65,290.11,1.01,n,N21,VIIRS,N,0.42,0.45,2.0NRT
22.03922,83.35251,2026-09-04,2027,2026-09-04 20:27:00,315.74,290.65,2.58,n,N21,VIIRS,N,0.42,0.45,2.0NRT
22.05206,85.46372,2026-09-04,2027,2026-09-04 20:27:00,302.45,288.64,1.51,n,N21,VIIRS,N,0.56,0.52,2.0NRT
22.13197,85.41842,2026-09-04,2027,2026-09-04 20:27:00,301.85,288.79,1.28,n,N21,VIIRS,N,0.56,0.51,2.0NRT
22.20184,84.84525,2026-09-04,2027,2026-09-04 20:27:00,302.87,289.34,0.7,n,N21,VIIRS,N,0.51,0.5,2.0NRT
21.92734,83.34194,2026-09-04,2027,2026-09-04 20:27:00,303.6,290.16,2.46,n,N21,VIIRS,N,0.42,0.45,2.0NRT
22.31225,82.53288,2026-09-04,2027,2026-09-04 20:27:00,305.0,289.74,2.46,n,N21,VIIRS,N,0.56,0.43,2.0NRT
22.57509,85.89431,2026-09-04,2027,2026-09-04 20:27:00,304.68,288.37,2.35,n,N21,VIIRS,N,0.59,0.53,2.0NRT
22.20785,84.86195,2026-09-04,2027,2026-09-04 20:27:00,304.89,289.96,1.54,n,N21,VIIRS,N,0.51,0.5,2.0NRT
22.35892,82.30322,2026-09-04,2027,2026-09-04 20:27:00,331.58,290.81,6.61,n,N21,VIIRS,N,0.54,0.42,2.0NRT
22.35509,82.3024,2026-09-04,2027,2026-09-04 20:27:00,316.81,290.45,2.63,n,N21,VIIRS,N,0.54,0.42,2.0NRT
21.92171,83.349,2026-09-04,2027,2026-09-04 20:27:00,322.13,291.46,3.42,n,N21,VIIRS,N,0.42,0.45,2.0NRT
22.32191,82.54604,2026-09-04,2027,2026-09-04 20:27:00,304.5,290.31,1.97,n,N21,VIIRS,N,0.56,0.43,2.0NRT
22.31894,82.56203,2026-09-04,2027,2026-09-04 20:27:00,312.8,290.8,1.84,n,N21,VIIRS,N,0.56,0.43,2.0NRT
22.31794,82.56736,2026-09-04,2027,2026-09-04 20:27:00,304.53,290.54,1.84,n,N21,VIIRS,N,0.56,0.43,2.0NRT
22.31613,82.53371,2026-09-04,2027,2026-09-04 20:27:00,305.5,290.1,1.92,n,N21,VIIRS,N,0.56,0.43,2.0NRT
22.3314,82.60392,2026-09-04,2027,2026-09-04 20:27:00,309.28,289.68,2.16,n,N21,VIIRS,N,0.56,0.43,2.0NRT
20.98007,85.13609,2026-09-04,2029,2026-09-04 20:29:00,307.52,289.85,4.86,n,N21,VIIRS,N,0.56,0.52,2.0NRT
20.97813,85.16908,2026-09-04,2029,2026-09-04 20:29:00,310.85,289.37,2.28,n,N21,VIIRS,N,0.57,0.52,2.0NRT
20.97812,85.13499,2026-09-04,2029,2026-09-04 20:29:00,313.58,290.18,3.61,n,N21,VIIRS,N,0.56,0.52,2.0NRT
20.97641,85.16805,2026-09-04,2029,2026-09-04 20:29:00,308.18,289.4,2.12,n,N21,VIIRS,N,0.57,0.52,2.0NRT
20.97535,85.17338,2026-09-04,2029,2026-09-04 20:29:00,310.2,289.27,2.12,n,N21,VIIRS,N,0.57,0.52,2.0NRT
20.97238,85.17323,2026-09-04,2029,2026-09-04 20:29:00,314.51,289.58,4.25,n,N21,VIIRS,N,0.57,0.52,2.0NRT
20.97069,85.1722,2026-09-04,2029,2026-09-04 20:29:00,333.21,289.91,3.09,n,N21,VIIRS,N,0.57,0.52,2.0NRT
20.97029,85.14977,2026-09-04,2029,2026-09-04 20:29:00,307.59,289.64,3.65,n,N21,VIIRS,N,0.57,0.52,2.0NRT
20.96963,85.17749,2026-09-04,2029,2026-09-04 20:29:00,311.51,289.05,2.58,n,N21,VIIRS,N,0.57,0.52,2.0NRT
20.96922,85.15513,2026-09-04,2029,2026-09-04 20:29:00,319.73,289.64,3.89,n,N21,VIIRS,N,0.57,0.52,2.0NRT
20.96836,86.00922,2026-09-04,2029,2026-09-04 20:29:00,306.03,289.77,2.99,n,N21,VIIRS,N,0.32,0.55,2.0NRT
20.96774,86.01222,2026-09-04,2029,2026-09-04 20:29:00,338.76,290.0,2.3,n,N21,VIIRS,N,0.32,0.55,2.0NRT
20.96747,85.14973,2026-09-04,2029,2026-09-04 20:29:00,315.34,289.71,2.82,n,N21,VIIRS,N,0.57,0.52,2.0NRT
20.9671,86.01527,2026-09-04,2029,2026-09-04 20:29:00,307.59,289.68,2.3,n,N21,VIIRS,N,0.32,0.55,2.0NRT
20.96636,85.15505,2026-09-04,2029,2026-09-04 20:29:00,307.32,289.58,2.82,n,N21,VIIRS,N,0.57,0.52,2.0NRT
20.96603,85.17105,2026-09-04,2029,2026-09-04 20:29:00,304.31,289.46,3.09,n,N21,VIIRS,N,0.57,0.52,2.0NRT
20.9651,86.04973,2026-09-04,2029,2026-09-04 20:29:00,307.44,289.03,0.81,n,N21,VIIRS,N,0.32,0.55,2.0NRT
21.00091,86.02672,2026-09-04,2029,2026-09-04 20:29:00,308.82,289.19,0.6,n,N21,VIIRS,N,0.32,0.55,2.0NRT
20.96552,85.1827,2026-09-04,2029,2026-09-04 20:29:00,306.53,289.2,3.3,n,N21,VIIRS,N,0.57,0.52,2.0NRT
20.96962,86.00316,2026-09-04,2029,2026-09-04 20:29:00,310.51,290.04,1.1,n,N21,VIIRS,N,0.32,0.55,2.0NRT
20.96772,85.17207,2026-09-04,2029,2026-09-04 20:29:00,333.32,290.06,4.25,n,N21,VIIRS,N,0.57,0.52,2.0NRT
21.75558,83.84492,2026-09-04,2029,2026-09-04 20:29:00,333.98,291.52,7.95,n,N21,VIIRS,N,0.45,0.47,2.0NRT
21.10486,72.64244,2026-09-04,2029,2026-09-04 20:29:00,309.95,291.22,5.9,n,N21,VIIRS,N,0.53,0.42,2.0NRT
22.41646,69.03892,2026-09-04,2029,2026-09-04 20:29:00,304.38,291.66,2.29,n,N21,VIIRS,N,0.62,0.54,2.0NRT
20.96497,85.17637,2026-09-04,2029,2026-09-04 20:29:00,304.65,289.37,2.58,n,N21,VIIRS,N,0.57,0.52,2.0NRT
22.26482,75.1333,2026-09-04,2029,2026-09-04 20:29:00,300.77,281.44,0.87,n,N21,VIIRS,N,0.42,0.38,2.0NRT
22.0062,82.6703,2026-09-04,2029,2026-09-04 20:29:00,306.37,290.25,1.43,n,N21,VIIRS,N,0.57,0.43,2.0NRT
22.00347,82.66862,2026-09-04,2029,2026-09-04 20:29:00,313.1,290.67,2.46,n,N21,VIIRS,N,0.57,0.43,2.0NRT
22.00226,82.66946,2026-09-04,2029,2026-09-04 20:29:00,307.87,290.92,1.59,n,N21,VIIRS,N,0.57,0.43,2.0NRT
21.98617,82.01387,2026-09-04,2029,2026-09-04 20:29:00,303.96,290.08,0.73,n,N21,VIIRS,N,0.53,0.42,2.0NRT
21.87629,83.49454,2026-09-04,2029,2026-09-04 20:29:00,311.43,290.43,2.1,n,N21,VIIRS,N,0.43,0.46,2.0NRT
21.77244,83.82623,2026-09-04,2029,2026-09-04 20:29:00,303.05,289.73,1.97,n,N21,VIIRS,N,0.45,0.47,2.0NRT
21.10421,72.64756,2026-09-04,2029,2026-09-04 20:29:00,332.4,293.92,8.22,n,N21,VIIRS,N,0.53,0.42,2.0NRT
21.76404,83.84689,2026-09-04,2029,2026-09-04 20:29:00,318.39,290.3,3.72,n,N21,VIIRS,N,0.45,0.47,2.0NRT
21.75642,83.84061,2026-09-04,2029,2026-09-04 20:29:00,305.63,290.07,4.64,n,N21,VIIRS,N,0.45,0.47,2.0NRT
21.75135,83.84393,2026-09-04,2029,2026-09-04 20:29:00,314.33,290.11,9.07,n,N21,VIIRS,N,0.45,0.47,2.0NRT
21.74713,83.84291,2026-09-04,2029,2026-09-04 20:29:00,342.75,292.71,9.07,n,N21,VIIRS,N,0.45,0.47,2.0NRT
21.7429,83.84189,2026-09-04,2029,2026-09-04 20:29:00,330.29,291.46,3.9,n,N21,VIIRS,N,0.45,0.47,2.0NRT
21.73868,83.84087,2026-09-04,2029,2026-09-04 20:29:00,309.6,290.71,3.9,n,N21,VIIRS,N,0.45,0.47,2.0NRT
21.43282,72.97475,2026-09-04,2029,2026-09-04 20:29:00,306.16,291.24,2.19,n,N21,VIIRS,N,0.52,0.41,2.0NRT
21.33749,78.96925,2026-09-04,2029,2026-09-04 20:29:00,311.0,283.93,2.07,n,N21,VIIRS,N,0.4,0.37,2.0NRT
21.18247,81.38527,2026-09-04,2029,2026-09-04 20:29:00,312.06,283.93,3.59,n,N21,VIIRS,N,0.5,0.41,2.0NRT
21.10807,72.64812,2026-09-04,2029,2026-09-04 20:29:00,317.42,292.51,3.67,n,N21,VIIRS,N,0.53,0.42,2.0NRT
21.76321,83.85123,2026-09-04,2029,2026-09-04 20:29:00,312.58,290.52,3.72,n,N21,VIIRS,N,0.45,0.47,2.0NRT
20.96473,86.00188,2026-09-04,2029,2026-09-04 20:29:00,308.9,289.39,1.1,n,N21,VIIRS,N,0.32,0.55,2.0NRT
20.79106,85.25298,2026-09-04,2029,2026-09-04 20:29:00,309.51,289.59,3.93,n,N21,VIIRS,N,0.58,0.52,2.0NRT
20.96416,85.16563,2026-09-04,2029,2026-09-04 20:29:00,316.66,290.01,4.38,n,N21,VIIRS,N,0.57,0.52,2.0NRT
20.75744,85.29634,2026-09-04,2029,2026-09-04 20:29:00,305.19,289.33,2.46,n,N21,VIIRS,N,0.58,0.52,2.0NRT
19.37008,71.35457,2026-09-04,2029,2026-09-04 20:29:00,320.14,293.08,1.56,n,N21,VIIRS,N,0.4,0.44,2.0NRT
19.10266,82.16485,2026-09-04,2029,2026-09-04 20:29:00,304.91,290.69,0.94,n,N21,VIIRS,N,0.4,0.44,2.0NRT
19.10197,82.16858,2026-09-04,2029,2026-09-04 20:29:00,309.55,292.06,0.94,n,N21,VIIRS,N,0.4,0.44,2.0NRT
19.09797,82.16772,2026-09-04,2029,2026-09-04 20:29:00,314.56,290.6,2.11,n,N21,VIIRS,N,0.4,0.44,2.0NRT
19.08926,82.16974,2026-09-04,2029,2026-09-04 20:29:00,302.41,290.76,1.06,n,N21,VIIRS,N,0.4,0.44,2.0NRT
19.01937,72.89208,2026-09-04,2029,2026-09-04 20:29:00,330.53,293.33,5.81,n,N21,VIIRS,N,0.49,0.4,2.0NRT
18.72065,79.53902,2026-09-04,2029,2026-09-04 20:29:00,303.84,289.14,1.06,n,N21,VIIRS,N,0.44,0.39,2.0NRT
18.71714,79.53836,2026-09-04,2029,2026-09-04 20:29:00,307.76,290.53,1.06,n,N21,VIIRS,N,0.44,0.39,2.0NRT
18.71292,79.54187,2026-09-04,2029,2026-09-04 20:29:00,303.78,289.94,1.23,n,N21,VIIRS,N,0.44,0.39,2.0NRT
18.68379,73.03027,2026-09-04,2029,2026-09-04 20:29:00,312.5,292.99,2.49,n,N21,VIIRS,N,0.48,0.4,2.0NRT
18.67952,73.03425,2026-09-04,2029,2026-09-04 20:29:00,319.0,292.93,2.49,n,N21,VIIRS,N,0.48,0.4,2.0NRT
17.95817,80.79167,2026-09-04,2029,2026-09-04 20:29:00,306.13,288.86,2.33,n,N21,VIIRS,N,0.52,0.42,2.0NRT
17.95732,80.79652,2026-09-04,2029,2026-09-04 20:29:00,318.65,288.83,2.33,n,N21,VIIRS,N,0.52,0.42,2.0NRT
17.1409,77.18513,2026-09-04,2029,2026-09-04 20:29:00,310.67,292.26,0.92,n,N21,VIIRS,N,0.39,0.36,2.0NRT
17.13875,77.17729,2026-09-04,2029,2026-09-04 20:29:00,310.4,292.66,0.79,n,N21,VIIRS,N,0.39,0.36,2.0NRT
16.87203,80.02309,2026-09-04,2029,2026-09-04 20:29:00,307.03,294.41,1.33,n,N21,VIIRS,N,0.49,0.4,2.0NRT
16.69608,79.64787,2026-09-04,2029,2026-09-04 20:29:00,307.53,294.49,2.3,n,N21,VIIRS,N,0.47,0.4,2.0NRT
22.93105,69.69788,2026-09-04,2029,2026-09-04 20:29:00,309.78,292.98,4.33,n,N21,VIIRS,N,0.57,0.52,2.0NRT
20.7841,85.26288,2026-09-04,2029,2026-09-04 20:29:00,305.23,289.57,2.22,n,N21,VIIRS,N,0.58,0.52,2.0NRT
20.78993,85.25848,2026-09-04,2029,2026-09-04 20:29:00,306.07,289.63,3.93,n,N21,VIIRS,N,0.58,0.52,2.0NRT
20.79577,85.25407,2026-09-04,2029,2026-09-04 20:29:00,330.6,289.28,3.93,n,N21,VIIRS,N,0.58,0.52,2.0NRT
20.80516,85.25643,2026-09-04,2029,2026-09-04 20:29:00,312.49,289.8,3.49,n,N21,VIIRS,N,0.58,0.52,2.0NRT
20.9639,85.18172,2026-09-04,2029,2026-09-04 20:29:00,310.79,289.41,2.58,n,N21,VIIRS,N,0.57,0.52,2.0NRT
20.96346,86.00796,2026-09-04,2029,2026-09-04 20:29:00,327.6,289.61,2.99,n,N21,VIIRS,N,0.32,0.55,2.0NRT
20.96306,85.17092,2026-09-04,2029,2026-09-04 20:29:00,313.02,289.75,4.84,n,N21,VIIRS,N,0.57,0.52,2.0NRT
20.96283,86.01097,2026-09-04,2029,2026-09-04 20:29:00,320.67,289.55,2.3,n,N21,VIIRS,N,0.32,0.55,2.0NRT
20.96282,85.1871,2026-09-04,2029,2026-09-04 20:29:00,326.7,289.69,7.21,n,N21,VIIRS,N,0.57,0.52,2.0NRT
20.96244,85.16457,2026-09-04,2029,2026-09-04 20:29:00,311.63,289.83,2.34,n,N21,VIIRS,N,0.57,0.52,2.0NRT
20.9622,86.01398,2026-09-04,2029,2026-09-04 20:29:00,305.74,288.95,2.3,n,N21,VIIRS,N,0.32,0.55,2.0NRT
20.96137,85.16988,2026-09-04,2029,2026-09-04 20:29:00,313.46,289.65,2.34,n,N21,VIIRS,N,0.57,0.52,2.0NRT
20.96085,85.18159,2026-09-04,2029,2026-09-04 20:29:00,306.72,289.53,1.64,n,N21,VIIRS,N,0.57,0.52,2.0NRT
20.9644,85.1881,2026-09-04,2029,2026-09-04 20:29:00,323.33,289.61,3.3,n,N21,VIIRS,N,0.57,0.52,2.0NRT
20.95973,85.18695,2026-09-04,2029,2026-09-04 20:29:00,306.14,289.44,1.64,n,N21,VIIRS,N,0.57,0.52,2.0NRT
20.95094,86.04309,2026-09-04,2029,2026-09-04 20:29:00,315.02,289.18,2.49,n,N21,VIIRS,N,0.32,0.55,2.0NRT
20.95031,86.0461,2026-09-04,2029,2026-09-04 20:29:00,324.25,289.36,2.95,n,N21,VIIRS,N,0.32,0.55,2.0NRT
20.94966,86.04922,2026-09-04,2029,2026-09-04 20:29:00,320.98,289.44,2.95,n,N21,VIIRS,N,0.32,0.55,2.0NRT
20.91005,71.45995,2026-09-04,2029,2026-09-04 20:29:00,311.01,293.42,1.59,n,N21,VIIRS,N,0.42,0.45,2.0NRT
20.89007,84.97992,2026-09-04,2029,2026-09-04 20:29:00,305.71,289.61,1.65,n,N21,VIIRS,N,0.55,0.51,2.0NRT
20.88799,84.98059,2026-09-04,2029,2026-09-04 20:29:00,309.58,289.88,3.23,n,N21,VIIRS,N,0.55,0.51,2.0NRT
20.88442,84.98401,2026-09-04,2029,2026-09-04 20:29:00,312.42,290.17,2.55,n,N21,VIIRS,N,0.55,0.51,2.0NRT
20.86384,84.99004,2026-09-04,2029,2026-09-04 20:29:00,330.69,290.64,4.5,n,N21,VIIRS,N,0.55,0.51,2.0NRT
20.86278,84.99536,2026-09-04,2029,2026-09-04 20:29:00,311.65,289.97,4.5,n,N21,VIIRS,N,0.56,0.51,2.0NRT
20.95401,85.01299,2026-09-04,2029,2026-09-04 20:29:00,305.31,289.97,2.11,n,N21,VIIRS,N,0.55,0.51,2.0NRT
22.93502,69.69705,2026-09-04,2029,2026-09-04 20:29:00,306.21,292.3,4.7,n,N21,VIIRS,N,0.57,0.52,2.0NRT
20.96709,85.16577,2026-09-04,2029,2026-09-04 20:29:00,307.01,289.6,3.09,n,N21,VIIRS,N,0.57,0.52,2.0NRT
20.96663,85.17735,2026-09-04,2029,2026-09-04 20:29:00,310.74,289.47,4.25,n,N21,VIIRS,N,0.57,0.52,2.0NRT
15.30179,76.22112,2026-09-04,2032,2026-09-04 20:32:00,304.47,291.62,0.83,n,N21,VIIRS,N,0.39,0.36,2.0NRT
15.17443,76.70186,2026-09-04,2032,2026-09-04 20:32:00,308.74,293.76,1.07,n,N21,VIIRS,N,0.39,0.36,2.0NRT
15.17439,76.78685,2026-09-04,2032,2026-09-04 20:32:00,306.9,293.39,1.34,n,N21,VIIRS,N,0.39,0.36,2.0NRT
15.17277,76.69064,2026-09-04,2032,2026-09-04 20:32:00,311.73,293.65,1.65,n,N21,VIIRS,N,0.39,0.36,2.0NRT
15.1706,76.68289,2026-09-04,2032,2026-09-04 20:32:00,314.21,293.82,1.6,n,N21,VIIRS,N,0.39,0.36,2.0NRT
15.16957,76.66797,2026-09-04,2032,2026-09-04 20:32:00,307.85,294.26,1.3,n,N21,VIIRS,N,0.39,0.36,2.0NRT
15.16934,76.71221,2026-09-04,2032,2026-09-04 20:32:00,305.43,293.92,0.72,n,N21,VIIRS,N,0.39,0.36,2.0NRT
15.169,76.67155,2026-09-04,2032,2026-09-04 20:32:00,316.31,294.31,2.09,n,N21,VIIRS,N,0.39,0.36,2.0NRT
15.16758,76.38126,2026-09-04,2032,2026-09-04 20:32:00,311.8,292.91,1.68,n,N21,VIIRS,N,0.39,0.36,2.0NRT
15.13563,76.71016,2026-09-04,2032,2026-09-04 20:32:00,307.55,293.71,0.75,n,N21,VIIRS,N,0.39,0.36,2.0NRT
15.02215,78.01551,2026-09-04,2032,2026-09-04 20:32:00,316.91,295.53,5.41,n,N21,VIIRS,N,0.42,0.38,2.0NRT
13.8985,76.56481,2026-09-04,2032,2026-09-04 20:32:00,311.93,292.49,1.16,n,N21,VIIRS,N,0.39,0.36,2.0NRT
13.71096,79.62003,2026-09-04,2032,2026-09-04 20:32:00,306.03,292.14,3.33,n,N21,VIIRS,N,0.52,0.41,2.0NRT
12.71426,76.89852,2026-09-04,2032,2026-09-04 20:32:00,307.39,290.9,0.68,n,N21,VIIRS,N,0.4,0.37,2.0NRT
12.02063,76.65154,2026-09-04,2032,2026-09-04 20:32:00,304.14,288.89,0.8,n,N21,VIIRS,N,0.4,0.37,2.0NRT
12.01868,76.65131,2026-09-04,2032,2026-09-04 20:32:00,303.06,288.79,0.73,n,N21,VIIRS,N,0.4,0.37,2.0NRT
11.81028,77.91938,2026-09-04,2032,2026-09-04 20:32:00,314.3,292.58,3.31,n,N21,VIIRS,N,0.45,0.39,2.0NRT
11.81003,77.92034,2026-09-04,2032,2026-09-04 20:32:00,318.11,292.86,3.41,n,N21,VIIRS,N,0.45,0.39,2.0NRT
11.80959,77.92345,2026-09-04,2032,2026-09-04 20:32:00,311.3,293.37,3.31,n,N21,VIIRS,N,0.45,0.39,2.0NRT
15.1746,76.65777,2026-09-04,2032,2026-09-04 20:32:00,340.33,295.67,4.05,n,N21,VIIRS,N,0.39,0.36,2.0NRT
11.80936,77.92444,2026-09-04,2032,2026-09-04 20:32:00,308.01,293.29,3.41,n,N21,VIIRS,N,0.45,0.39,2.0NRT
15.17505,76.67628,2026-09-04,2032,2026-09-04 20:32:00,312.61,294.55,1.42,n,N21,VIIRS,N,0.39,0.36,2.0NRT
15.17517,76.65417,2026-09-04,2032,2026-09-04 20:32:00,324.8,295.4,2.87,n,N21,VIIRS,N,0.39,0.36,2.0NRT
16.20395,75.20745,2026-09-04,2032,2026-09-04 20:32:00,303.66,291.49,0.53,n,N21,VIIRS,N,0.39,0.36,2.0NRT
15.68357,78.45914,2026-09-04,2032,2026-09-04 20:32:00,308.44,293.71,1.57,n,N21,VIIRS,N,0.43,0.38,2.0NRT
15.65936,73.9884,2026-09-04,2032,2026-09-04 20:32:00,303.32,287.15,0.83,n,N21,VIIRS,N,0.41,0.37,2.0NRT
15.55637,79.6452,2026-09-04,2032,2026-09-04 20:32:00,308.28,292.8,4.46,n,N21,VIIRS,N,0.49,0.4,2.0NRT
15.55518,79.64732,2026-09-04,2032,2026-09-04 20:32:00,324.0,292.99,5.92,n,N21,VIIRS,N,0.49,0.4,2.0NRT
15.55193,79.64904,2026-09-04,2032,2026-09-04 20:32:00,329.25,293.18,4.3,n,N21,VIIRS,N,0.49,0.4,2.0NRT
15.55151,79.64663,2026-09-04,2032,2026-09-04 20:32:00,330.27,292.94,5.92,n,N21,VIIRS,N,0.49,0.4,2.0NRT
15.54826,79.64835,2026-09-04,2032,2026-09-04 20:32:00,317.21,292.93,4.3,n,N21,VIIRS,N,0.49,0.4,2.0NRT
15.3368,76.27806,2026-09-04,2032,2026-09-04 20:32:00,306.0,292.57,1.04,n,N21,VIIRS,N,0.39,0.36,2.0NRT
15.33238,76.28462,2026-09-04,2032,2026-09-04 20:32:00,309.57,291.48,0.7,n,N21,VIIRS,N,0.39,0.36,2.0NRT
15.19841,76.37912,2026-09-04,2032,2026-09-04 20:32:00,301.76,291.46,1.3,n,N21,VIIRS,N,0.39,0.36,2.0NRT
15.18489,76.31473,2026-09-04,2032,2026-09-04 20:32:00,308.09,292.65,0.86,n,N21,VIIRS,N,0.39,0.36,2.0NRT
15.18366,76.64443,2026-09-04,2032,2026-09-04 20:32:00,305.75,293.98,1.25,n,N21,VIIRS,N,0.39,0.36,2.0NRT
15.18351,76.66653,2026-09-04,2032,2026-09-04 20:32:00,341.14,294.26,7.62,n,N21,VIIRS,N,0.39,0.36,2.0NRT
15.18178,76.67729,2026-09-04,2032,2026-09-04 20:32:00,306.3,294.38,1.38,n,N21,VIIRS,N,0.39,0.36,2.0NRT
15.17848,76.65473,2026-09-04,2032,2026-09-04 20:32:00,333.16,295.13,2.87,n,N21,VIIRS,N,0.39,0.36,2.0NRT
15.17847,76.67673,2026-09-04,2032,2026-09-04 20:32:00,308.26,294.39,1.38,n,N21,VIIRS,N,0.39,0.36,2.0NRT
15.17791,77.10437,2026-09-04,2032,2026-09-04 20:32:00,309.33,293.66,1.18,n,N21,VIIRS,N,0.4,0.37,2.0NRT
15.17791,76.65833,2026-09-04,2032,2026-09-04 20:32:00,313.8,294.63,4.05,n,N21,VIIRS,N,0.39,0.36,2.0NRT
15.17516,77.10014,2026-09-04,2032,2026-09-04 20:32:00,308.97,293.79,1.19,n,N21,VIIRS,N,0.4,0.37,2.0NRT
11.5186,77.70729,2026-09-04,2032,2026-09-04 20:32:00,303.15,284.04,1.48,n,N21,VIIRS,N,0.44,0.38,2.0NRT
15.17088,76.38181,2026-09-04,2032,2026-09-04 20:32:00,306.5,292.88,1.14,n,N21,VIIRS,N,0.39,0.36,2.0NRT
11.2685,80.00368,2026-09-04,2032,2026-09-04 20:32:00,331.73,291.25,4.56,n,N21,VIIRS,N,0.39,0.44,2.0NRT
10.92628,78.4984,2026-09-04,2032,2026-09-04 20:32:00,314.41,291.57,4.48,n,N21,VIIRS,N,0.49,0.4,2.0NRT
10.61504,77.50061,2026-09-04,2032,2026-09-04 20:32:00,309.05,292.05,1.42,n,N21,VIIRS,N,0.44,0.39,2.0NRT
9.97884,76.37681,2026-09-04,2032,2026-09-04 20:32:00,302.32,286.96,1.63,n,N21,VIIRS,N,0.41,0.37,2.0NRT
9.80522,77.56261,2026-09-04,2032,2026-09-04 20:32:00,315.54,292.58,2.07,n,N21,VIIRS,N,0.45,0.39,2.0NRT
9.71209,80.08627,2026-09-04,2032,2026-09-04 20:32:00,306.74,291.97,2.35,n,N21,VIIRS,N,0.42,0.45,2.0NRT
11.51788,77.70787,2026-09-04,2032,2026-09-04 20:32:00,308.15,283.35,1.62,n,N21,VIIRS,N,0.44,0.39,2.0NRT
6.83037,81.32511,2026-09-04,2034,2026-09-04 20:34:00,306.21,289.64,2.26,n,N21,VIIRS,N,0.57,0.52,2.0NRT
6.74468,81.16464,2026-09-04,2034,2026-09-04 20:34:00,307.26,290.04,2.57,n,N21,VIIRS,N,0.55,0.51,2.0NRT
6.5537,80.76502,2026-09-04,2034,2026-09-04 20:34:00,311.97,289.75,2.49,n,N21,VIIRS,N,0.52,0.5,2.0NRT
6.55232,80.76828,2026-09-04,2034,2026-09-04 20:34:00,316.15,290.03,1.97,n,N21,VIIRS,N,0.52,0.5,2.0NRT
25.38969,68.58154,2026-09-04,2123,2026-09-04 21:23:00,322.72,295.31,1.75,n,N20,VIIRS,N,0.44,0.38,2.0NRT
26.09432,68.88023,2026-09-04,2123,2026-09-04 21:23:00,314.25,296.3,1.57,n,N20,VIIRS,N,0.44,0.39,2.0NRT
31.25797,76.92616,2026-09-04,2123,2026-09-04 21:23:00,299.97,287.19,1.0,n,N20,VIIRS,N,0.32,0.55,2.0NRT
31.25863,76.92339,2026-09-04,2123,2026-09-04 21:23:00,299.65,286.47,0.74,n,N20,VIIRS,N,0.32,0.55,2.0NRT
32.28931,70.7398,2026-09-04,2123,2026-09-04 21:23:00,307.04,294.16,1.64,n,N20,VIIRS,N,0.44,0.39,2.0NRT
15.07322,76.86325,2026-09-04,2125,2026-09-04 21:25:00,302.44,288.4,1.44,n,N20,VIIRS,N,0.72,0.76,2.0NRT
28.42326,69.70197,2026-09-04,2125,2026-09-04 21:25:00,316.8,296.94,1.47,n,N20,VIIRS,N,0.45,0.39,2.0NRT
27.94094,69.72205,2026-09-04,2125,2026-09-04 21:25:00,310.66,296.64,0.94,n,N20,VIIRS,N,0.46,0.39,2.0NRT
23.31587,70.48626,2026-09-04,2125,2026-09-04 21:25:00,307.31,293.87,0.85,n,N20,VIIRS,N,0.39,0.44,2.0NRT
15.07344,76.86353,2026-09-04,2125,2026-09-04 21:25:00,302.69,288.8,1.65,n,N20,VIIRS,N,0.72,0.76,2.0NRT
15.13675,76.70895,2026-09-04,2125,2026-09-04 21:25:00,301.39,287.8,1.44,n,N20,VIIRS,N,0.7,0.75,2.0NRT
15.17627,76.65868,2026-09-04,2125,2026-09-04 21:25:00,301.35,287.48,2.5,n,N20,VIIRS,N,0.7,0.75,2.0NRT
15.17767,76.65236,2026-09-04,2125,2026-09-04 21:25:00,304.58,287.09,2.23,n,N20,VIIRS,N,0.7,0.75,2.0NRT
15.17813,77.10228,2026-09-04,2125,2026-09-04 21:25:00,303.75,287.15,2.86,n,N20,VIIRS,N,0.74,0.76,2.0NRT
15.17927,76.65517,2026-09-04,2125,2026-09-04 21:25:00,309.6,287.34,4.31,n,N20,VIIRS,N,0.69,0.75,2.0NRT
15.18306,76.66953,2026-09-04,2125,2026-09-04 21:25:00,303.1,287.56,3.27,n,N20,VIIRS,N,0.7,0.75,2.0NRT
18.68169,73.03407,2026-09-04,2125,2026-09-04 21:25:00,301.62,290.29,1.48,n,N20,VIIRS,N,0.34,0.56,2.0NRT
15.18014,76.6731,2026-09-04,2125,2026-09-04 21:25:00,303.04,287.38,3.38,n,N20,VIIRS,N,0.7,0.75,2.0NRT
18.68741,73.03207,2026-09-04,2125,2026-09-04 21:25:00,306.38,290.44,2.08,n,N20,VIIRS,N,0.34,0.56,2.0NRT
23.30543,70.47614,2026-09-04,2125,2026-09-04 21:25:00,304.73,293.76,0.81,n,N20,VIIRS,N,0.39,0.44,2.0NRT
23.12136,70.08435,2026-09-04,2125,2026-09-04 21:25:00,318.21,293.79,2.74,n,N20,VIIRS,N,0.56,0.43,2.0NRT
23.12135,70.08555,2026-09-04,2125,2026-09-04 21:25:00,317.95,293.71,3.21,n,N20,VIIRS,N,0.56,0.43,2.0NRT
18.6861,73.0384,2026-09-04,2125,2026-09-04 21:25:00,301.8,290.11,0.96,n,N20,VIIRS,N,0.34,0.56,2.0NRT
22.93045,70.10779,2026-09-04,2125,2026-09-04 21:25:00,305.4,293.7,3.36,n,N20,VIIRS,N,0.56,0.43,2.0NRT
22.93466,69.69984,2026-09-04,2125,2026-09-04 21:25:00,313.25,294.09,3.11,n,N20,VIIRS,N,0.54,0.42,2.0NRT
19.02249,72.89153,2026-09-04,2125,2026-09-04 21:25:00,334.0,290.05,3.86,n,N20,VIIRS,N,0.33,0.55,2.0NRT
19.02186,72.89457,2026-09-04,2125,2026-09-04 21:25:00,332.93,290.4,4.03,n,N20,VIIRS,N,0.33,0.55,2.0NRT
18.69118,73.03957,2026-09-04,2125,2026-09-04 21:25:00,303.11,289.73,0.96,n,N20,VIIRS,N,0.34,0.56,2.0NRT
20.91111,71.4613,2026-09-04,2125,2026-09-04 21:25:00,304.79,291.61,1.05,n,N20,VIIRS,N,0.49,0.49,2.0NRT
28.4967,97.02299,2026-09-05,601,2026-09-05 06:01:00,326.36,291.75,6.39,n,N21,VIIRS,D,0.61,0.54,2.0NRT
20.96386,86.00793,2026-09-05,657,2026-09-05 06:57:00,349.45,292.29,4.4,n,N20,VIIRS,D,0.34,0.56,2.0NRT
20.75933,85.29932,2026-09-05,657,2026-09-05 06:57:00,331.12,293.52,4.79,n,N20,VIIRS,D,0.38,0.59,2.0NRT
20.86409,84.99059,2026-09-05,657,2026-09-05 06:57:00,331.74,292.61,4.32,n,N20,VIIRS,D,0.4,0.6,2.0NRT
20.96189,86.00809,2026-09-05,657,2026-09-05 06:57:00,343.96,292.03,5.75,n,N20,VIIRS,D,0.34,0.56,2.0NRT
23.69259,87.12342,2026-09-05,659,2026-09-05 06:59:00,328.11,292.48,5.48,n,N20,VIIRS,D,0.51,0.49,2.0NRT
29.30879,88.86539,2026-09-05,659,2026-09-05 06:59:00,328.51,292.95,2.99,n,N20,VIIRS,D,0.49,0.4,2.0NRT
23.6451,85.44025,2026-09-05,659,2026-09-05 06:59:00,336.59,292.04,3.74,n,N20,VIIRS,D,0.33,0.55,2.0NRT
8.12731,80.6135,2026-09-05,737,2026-09-05 07:37:00,332.39,297.2,3.66,n,N21,VIIRS,D,0.39,0.44,2.0NRT
8.28638,80.99302,2026-09-05,737,2026-09-05 07:37:00,344.51,301.74,12.4,n,N21,VIIRS,D,0.55,0.43,2.0NRT
8.2833,80.51466,2026-09-05,737,2026-09-05 07:37:00,339.89,298.47,8.39,n,N21,VIIRS,D,0.39,0.44,2.0NRT
8.26432,80.63666,2026-09-05,737,2026-09-05 07:37:00,335.7,301.06,5.11,n,N21,VIIRS,D,0.39,0.44,2.0NRT
8.25945,80.32359,2026-09-05,737,2026-09-05 07:37:00,345.26,300.31,6.93,n,N21,VIIRS,D,0.41,0.45,2.0NRT
8.25539,80.32426,2026-09-05,737,2026-09-05 07:37:00,333.93,298.68,3.19,n,N21,VIIRS,D,0.41,0.45,2.0NRT
8.2525,80.25742,2026-09-05,737,2026-09-05 07:37:00,331.97,302.73,3.74,l,N21,VIIRS,D,0.41,0.45,2.0NRT
8.20811,81.32212,2026-09-05,737,2026-09-05 07:37:00,334.14,302.68,8.67,n,N21,VIIRS,D,0.53,0.42,2.0NRT
8.20732,81.31739,2026-09-05,737,2026-09-05 07:37:00,341.2,303.71,8.67,n,N21,VIIRS,D,0.53,0.42,2.0NRT
8.20279,81.02484,2026-09-05,737,2026-09-05 07:37:00,330.71,300.79,4.3,l,N21,VIIRS,D,0.55,0.43,2.0NRT
8.18213,80.6822,2026-09-05,737,2026-09-05 07:37:00,338.55,299.2,4.04,n,N21,VIIRS,D,0.39,0.44,2.0NRT
8.17761,80.5827,2026-09-05,737,2026-09-05 07:37:00,341.08,298.28,7.58,n,N21,VIIRS,D,0.39,0.44,2.0NRT
8.12893,80.54842,2026-09-05,737,2026-09-05 07:37:00,346.63,300.82,8.5,n,N21,VIIRS,D,0.39,0.44,2.0NRT
8.1255,80.55262,2026-09-05,737,2026-09-05 07:37:00,340.07,300.05,8.18,n,N21,VIIRS,D,0.39,0.44,2.0NRT
8.37836,80.62711,2026-09-05,737,2026-09-05 07:37:00,331.03,300.48,5.46,n,N21,VIIRS,D,0.39,0.44,2.0NRT
8.12346,80.81154,2026-09-05,737,2026-09-05 07:37:00,367.0,303.71,32.44,h,N21,VIIRS,D,0.57,0.43,2.0NRT
8.10218,81.10001,2026-09-05,737,2026-09-05 07:37:00,334.7,300.97,5.27,n,N21,VIIRS,D,0.55,0.43,2.0NRT
8.08739,81.36948,2026-09-05,737,2026-09-05 07:37:00,333.97,298.45,22.49,n,N21,VIIRS,D,0.53,0.42,2.0NRT
8.05173,80.66666,2026-09-05,737,2026-09-05 07:37:00,335.82,299.87,4.08,n,N21,VIIRS,D,0.39,0.44,2.0NRT
8.04815,80.00616,2026-09-05,737,2026-09-05 07:37:00,335.02,296.88,7.4,n,N21,VIIRS,D,0.43,0.46,2.0NRT
8.04671,81.42775,2026-09-05,737,2026-09-05 07:37:00,336.73,303.12,5.95,n,N21,VIIRS,D,0.53,0.42,2.0NRT
8.03861,80.61135,2026-09-05,737,2026-09-05 07:37:00,330.45,297.51,4.84,n,N21,VIIRS,D,0.39,0.44,2.0NRT
8.01859,81.42266,2026-09-05,737,2026-09-05 07:37:00,344.26,302.43,8.5,n,N21,VIIRS,D,0.53,0.42,2.0NRT
7.98671,80.79081,2026-09-05,737,2026-09-05 07:37:00,347.02,297.87,9.95,n,N21,VIIRS,D,0.38,0.43,2.0NRT
7.97723,80.04148,2026-09-05,737,2026-09-05 07:37:00,334.23,296.78,4.37,n,N21,VIIRS,D,0.43,0.46,2.0NRT
7.96371,81.28021,2026-09-05,737,2026-09-05 07:37:00,337.41,301.92,12.37,n,N21,VIIRS,D,0.54,0.42,2.0NRT
7.9628,80.032,2026-09-05,737,2026-09-05 07:37:00,341.13,295.51,5.71,n,N21,VIIRS,D,0.43,0.46,2.0NRT
7.96233,80.07906,2026-09-05,737,2026-09-05 07:37:00,330.31,298.05,3.98,n,N21,VIIRS,D,0.42,0.46,2.0NRT
7.9603,80.60966,2026-09-05,737,2026-09-05 07:37:00,343.38,300.1,4.0,n,N21,VIIRS,D,0.39,0.44,2.0NRT
8.12492,80.54909,2026-09-05,737,2026-09-05 07:37:00,353.29,298.49,8.18,n,N21,VIIRS,D,0.39,0.44,2.0NRT
8.37986,80.62785,2026-09-05,737,2026-09-05 07:37:00,331.83,300.36,2.61,n,N21,VIIRS,D,0.39,0.44,2.0NRT
7.01142,79.91348,2026-09-05,737,2026-09-05 07:37:00,339.05,295.02,6.73,n,N21,VIIRS,D,0.45,0.47,2.0NRT
8.3987,81.03794,2026-09-05,737,2026-09-05 07:37:00,337.46,301.73,6.59,n,N21,VIIRS,D,0.55,0.42,2.0NRT
7.95669,80.02126,2026-09-05,737,2026-09-05 07:37:00,331.42,297.18,3.26,n,N21,VIIRS,D,0.43,0.46,2.0NRT
8.69129,80.8086,2026-09-05,737,2026-09-05 07:37:00,334.11,300.92,4.55,n,N21,VIIRS,D,0.56,0.43,2.0NRT
8.68196,80.89706,2026-09-05,737,2026-09-05 07:37:00,334.01,297.17,8.93,n,N21,VIIRS,D,0.55,0.43,2.0NRT
8.68055,80.91254,2026-09-05,737,2026-09-05 07:37:00,333.32,299.52,11.9,n,N21,VIIRS,D,0.55,0.43,2.0NRT
8.67286,80.84249,2026-09-05,737,2026-09-05 07:37:00,336.4,298.93,9.91,n,N21,VIIRS,D,0.56,0.43,2.0NRT
8.67236,80.71859,2026-09-05,737,2026-09-05 07:37:00,333.78,298.05,3.77,n,N21,VIIRS,D,0.57,0.43,2.0NRT
8.6564,81.06465,2026-09-05,737,2026-09-05 07:37:00,335.54,300.37,12.42,n,N21,VIIRS,D,0.54,0.42,2.0NRT
8.65199,80.86128,2026-09-05,737,2026-09-05 07:37:00,331.5,298.06,4.36,n,N21,VIIRS,D,0.56,0.43,2.0NRT
8.64695,80.8314,2026-09-05,737,2026-09-05 07:37:00,335.05,299.62,8.81,n,N21,VIIRS,D,0.56,0.43,2.0NRT
8.63492,80.80767,2026-09-05,737,2026-09-05 07:37:00,338.69,300.74,7.12,n,N21,VIIRS,D,0.56,0.43,2.0NRT
8.63026,80.8055,2026-09-05,737,2026-09-05 07:37:00,331.4,301.82,13.65,l,N21,VIIRS,D,0.56,0.43,2.0NRT
8.63017,80.80332,2026-09-05,737,2026-09-05 07:37:00,330.97,302.03,11.21,l,N21,VIIRS,D,0.56,0.43,2.0NRT
8.63003,80.38985,2026-09-05,737,2026-09-05 07:37:00,346.0,300.73,9.6,n,N21,VIIRS,D,0.4,0.44,2.0NRT
8.62842,77.79488,2026-09-05,737,2026-09-05 07:37:00,343.54,300.2,9.66,n,N21,VIIRS,D,0.59,0.53,2.0NRT
8.38692,81.01472,2026-09-05,737,2026-09-05 07:37:00,333.98,297.81,5.14,n,N21,VIIRS,D,0.55,0.43,2.0NRT
8.62472,80.7961,2026-09-05,737,2026-09-05 07:37:00,332.17,301.58,10.52,n,N21,VIIRS,D,0.56,0.43,2.0NRT
8.59021,80.60898,2026-09-05,737,2026-09-05 07:37:00,337.45,299.65,5.34,n,N21,VIIRS,D,0.38,0.44,2.0NRT
8.5738,80.39909,2026-09-05,737,2026-09-05 07:37:00,331.1,300.58,2.98,n,N21,VIIRS,D,0.4,0.44,2.0NRT
8.51638,80.74951,2026-09-05,737,2026-09-05 07:37:00,330.49,302.5,7.31,l,N21,VIIRS,D,0.57,0.43,2.0NRT
8.51198,80.60393,2026-09-05,737,2026-09-05 07:37:00,340.56,299.96,9.11,n,N21,VIIRS,D,0.39,0.44,2.0NRT
8.49506,80.74255,2026-09-05,737,2026-09-05 07:37:00,337.97,299.43,7.6,n,N21,VIIRS,D,0.57,0.43,2.0NRT
8.4883,80.8731,2026-09-05,737,2026-09-05 07:37:00,332.8,297.94,6.54,n,N21,VIIRS,D,0.56,0.43,2.0NRT
8.47817,80.66403,2026-09-05,737,2026-09-05 07:37:00,340.91,300.17,4.31,n,N21,VIIRS,D,0.38,0.43,2.0NRT
8.44381,81.09562,2026-09-05,737,2026-09-05 07:37:00,340.51,302.91,10.44,n,N21,VIIRS,D,0.54,0.42,2.0NRT
8.44334,80.19783,2026-09-05,737,2026-09-05 07:37:00,340.25,297.98,7.97,n,N21,VIIRS,D,0.41,0.45,2.0NRT
8.44075,81.1011,2026-09-05,737,2026-09-05 07:37:00,335.52,302.37,8.05,n,N21,VIIRS,D,0.54,0.42,2.0NRT
8.42401,80.38447,2026-09-05,737,2026-09-05 07:37:00,336.58,296.12,4.34,n,N21,VIIRS,D,0.4,0.44,2.0NRT
8.42342,80.3809,2026-09-05,737,2026-09-05 07:37:00,336.8,296.24,4.34,n,N21,VIIRS,D,0.4,0.44,2.0NRT
8.40295,80.43198,2026-09-05,737,2026-09-05 07:37:00,339.07,296.54,4.55,n,N21,VIIRS,D,0.4,0.44,2.0NRT
8.40236,80.42842,2026-09-05,737,2026-09-05 07:37:00,335.3,296.38,4.55,n,N21,VIIRS,D,0.4,0.44,2.0NRT
8.62455,77.91331,2026-09-05,737,2026-09-05 07:37:00,335.09,296.57,6.53,n,N21,VIIRS,D,0.58,0.52,2.0NRT
7.95537,79.93833,2026-09-05,737,2026-09-05 07:37:00,336.55,297.25,3.18,n,N21,VIIRS,D,0.43,0.46,2.0NRT
7.1267,81.58102,2026-09-05,737,2026-09-05 07:37:00,333.21,297.53,7.19,n,N21,VIIRS,D,0.53,0.42,2.0NRT
7.94699,81.31493,2026-09-05,737,2026-09-05 07:37:00,340.02,305.11,13.42,n,N21,VIIRS,D,0.54,0.42,2.0NRT
7.45985,81.03954,2026-09-05,737,2026-09-05 07:37:00,342.39,303.93,29.39,n,N21,VIIRS,D,0.56,0.43,2.0NRT
7.4486,81.74319,2026-09-05,737,2026-09-05 07:37:00,335.26,300.76,4.01,l,N21,VIIRS,D,0.51,0.41,2.0NRT
7.44639,81.72941,2026-09-05,737,2026-09-05 07:37:00,341.41,300.57,4.9,n,N21,VIIRS,D,0.51,0.41,2.0NRT
7.41682,81.31386,2026-09-05,737,2026-09-05 07:37:00,336.03,300.5,11.63,n,N21,VIIRS,D,0.54,0.42,2.0NRT
7.34721,81.81381,2026-09-05,737,2026-09-05 07:37:00,331.86,300.69,10.43,l,N21,VIIRS,D,0.51,0.41,2.0NRT
7.30446,81.81128,2026-09-05,737,2026-09-05 07:37:00,337.25,300.54,12.02,l,N21,VIIRS,D,0.51,0.41,2.0NRT
7.30372,81.80671,2026-09-05,737,2026-09-05 07:37:00,333.51,299.34,9.75,l,N21,VIIRS,D,0.51,0.41,2.0NRT
7.29247,81.19645,2026-09-05,737,2026-09-05 07:37:00,334.19,299.52,4.12,n,N21,VIIRS,D,0.56,0.43,2.0NRT
7.27667,81.78283,2026-09-05,737,2026-09-05 07:37:00,337.05,300.59,8.24,n,N21,VIIRS,D,0.51,0.41,2.0NRT
7.18388,81.00388,2026-09-05,737,2026-09-05 07:37:00,333.58,299.91,10.2,n,N21,VIIRS,D,0.57,0.43,2.0NRT
7.1271,81.57954,2026-09-05,737,2026-09-05 07:37:00,335.21,297.74,7.56,n,N21,VIIRS,D,0.53,0.42,2.0NRT
8.69212,80.8136,2026-09-05,737,2026-09-05 07:37:00,331.93,300.57,4.55,n,N21,VIIRS,D,0.56,0.43,2.0NRT
6.87156,81.51328,2026-09-05,737,2026-09-05 07:37:00,339.57,304.4,7.54,n,N21,VIIRS,D,0.54,0.42,2.0NRT
6.7517,81.36264,2026-09-05,737,2026-09-05 07:37:00,339.05,300.41,3.31,n,N21,VIIRS,D,0.55,0.43,2.0NRT
6.75038,81.36082,2026-09-05,737,2026-09-05 07:37:00,334.74,297.95,1.71,n,N21,VIIRS,D,0.55,0.43,2.0NRT
6.7238,81.31964,2026-09-05,737,2026-09-05 07:37:00,333.39,303.11,10.94,n,N21,VIIRS,D,0.56,0.43,2.0NRT
6.69915,81.38907,2026-09-05,737,2026-09-05 07:37:00,335.98,301.92,6.48,n,N21,VIIRS,D,0.55,0.43,2.0NRT
6.69526,81.38967,2026-09-05,737,2026-09-05 07:37:00,336.5,302.96,6.48,n,N21,VIIRS,D,0.55,0.43,2.0NRT
6.54579,80.764,2026-09-05,737,2026-09-05 07:37:00,333.55,296.25,3.41,n,N21,VIIRS,D,0.4,0.44,2.0NRT
6.46584,81.11925,2026-09-05,737,2026-09-05 07:37:00,341.97,302.32,5.64,n,N21,VIIRS,D,0.38,0.44,2.0NRT
6.394,81.1214,2026-09-05,737,2026-09-05 07:37:00,340.94,300.47,5.67,n,N21,VIIRS,D,0.39,0.44,2.0NRT
6.39331,81.12367,2026-09-05,737,2026-09-05 07:37:00,342.58,302.45,6.15,n,N21,VIIRS,D,0.38,0.44,2.0NRT
6.32819,81.16702,2026-09-05,737,2026-09-05 07:37:00,331.01,300.29,3.34,n,N21,VIIRS,D,0.38,0.43,2.0NRT
6.31515,81.08774,2026-09-05,737,2026-09-05 07:37:00,336.61,300.33,2.48,n,N21,VIIRS,D,0.39,0.44,2.0NRT
6.27628,81.02616,2026-09-05,737,2026-09-05 07:37:00,337.53,297.77,3.74,n,N21,VIIRS,D,0.39,0.44,2.0NRT
6.19029,81.01449,2026-09-05,737,2026-09-05 07:37:00,350.84,303.74,32.72,n,N21,VIIRS,D,0.39,0.44,2.0NRT
6.18512,81.0081,2026-09-05,737,2026-09-05 07:37:00,341.64,300.02,6.97,n,N21,VIIRS,D,0.39,0.44,2.0NRT
6.18111,81.00873,2026-09-05,737,2026-09-05 07:37:00,367.0,301.42,6.97,h,N21,VIIRS,D,0.39,0.44,2.0NRT
6.18053,81.00521,2026-09-05,737,2026-09-05 07:37:00,341.6,300.2,6.97,n,N21,VIIRS,D,0.39,0.44,2.0NRT
7.46377,81.03889,2026-09-05,737,2026-09-05 07:37:00,343.98,302.57,29.39,n,N21,VIIRS,D,0.56,0.43,2.0NRT
7.94932,81.3782,2026-09-05,737,2026-09-05 07:37:00,339.55,301.3,9.43,n,N21,VIIRS,D,0.53,0.42,2.0NRT
7.46416,81.04201,2026-09-05,737,2026-09-05 07:37:00,340.02,303.81,19.18,n,N21,VIIRS,D,0.56,0.43,2.0NRT
7.57632,81.47676,2026-09-05,737,2026-09-05 07:37:00,334.11,299.54,6.85,n,N21,VIIRS,D,0.53,0.42,2.0NRT
7.94627,81.38355,2026-09-05,737,2026-09-05 07:37:00,335.76,300.52,5.04,n,N21,VIIRS,D,0.53,0.42,2.0NRT
7.9455,81.37881,2026-09-05,737,2026-09-05 07:37:00,348.99,300.33,9.43,n,N21,VIIRS,D,0.53,0.42,2.0NRT
7.9424,80.42964,2026-09-05,737,2026-09-05 07:37:00,336.74,296.88,5.46,n,N21,VIIRS,D,0.4,0.44,2.0NRT
7.94169,81.37943,2026-09-05,737,2026-09-05 07:37:00,335.18,299.73,6.46,n,N21,VIIRS,D,0.53,0.42,2.0NRT
7.94071,81.18967,2026-09-05,737,2026-09-05 07:37:00,339.42,301.59,7.56,n,N21,VIIRS,D,0.54,0.42,2.0NRT
7.93787,81.38004,2026-09-05,737,2026-09-05 07:37:00,338.14,302.73,6.46,n,N21,VIIRS,D,0.53,0.42,2.0NRT
7.93559,81.39014,2026-09-05,737,2026-09-05 07:37:00,338.79,302.86,18.22,n,N21,VIIRS,D,0.53,0.42,2.0NRT
7.93482,81.3854,2026-09-05,737,2026-09-05 07:37:00,339.82,302.59,18.22,n,N21,VIIRS,D,0.53,0.42,2.0NRT
7.93027,81.40559,2026-09-05,737,2026-09-05 07:37:00,345.23,299.9,10.04,n,N21,VIIRS,D,0.53,0.42,2.0NRT
7.91461,80.61813,2026-09-05,737,2026-09-05 07:37:00,341.32,300.04,8.43,n,N21,VIIRS,D,0.39,0.44,2.0NRT
7.90802,80.30027,2026-09-05,737,2026-09-05 07:37:00,331.69,298.86,6.39,n,N21,VIIRS,D,0.41,0.45,2.0NRT
7.89461,80.31826,2026-09-05,737,2026-09-05 07:37:00,332.67,297.53,9.0,n,N21,VIIRS,D,0.41,0.45,2.0NRT
7.89418,80.31764,2026-09-05,737,2026-09-05 07:37:00,339.76,297.94,5.35,n,N21,VIIRS,D,0.41,0.45,2.0NRT
7.8576,81.43509,2026-09-05,737,2026-09-05 07:37:00,339.81,302.63,11.9,n,N21,VIIRS,D,0.53,0.42,2.0NRT
7.85721,81.43674,2026-09-05,737,2026-09-05 07:37:00,340.02,302.57,7.88,n,N21,VIIRS,D,0.53,0.42,2.0NRT
7.85701,80.05032,2026-09-05,737,2026-09-05 07:37:00,330.48,296.21,15.84,n,N21,VIIRS,D,0.43,0.46,2.0NRT
7.85636,80.0465,2026-09-05,737,2026-09-05 07:37:00,347.38,299.53,37.54,n,N21,VIIRS,D,0.43,0.46,2.0NRT
7.79544,80.17777,2026-09-05,737,2026-09-05 07:37:00,331.9,297.2,4.53,n,N21,VIIRS,D,0.42,0.45,2.0NRT
7.79131,80.17845,2026-09-05,737,2026-09-05 07:37:00,342.19,297.69,4.53,n,N21,VIIRS,D,0.42,0.45,2.0NRT
7.78929,80.66798,2026-09-05,737,2026-09-05 07:37:00,331.91,298.89,1.73,n,N21,VIIRS,D,0.39,0.44,2.0NRT
7.75945,81.19453,2026-09-05,737,2026-09-05 07:37:00,338.75,304.42,10.88,n,N21,VIIRS,D,0.55,0.42,2.0NRT
7.75302,80.72077,2026-09-05,737,2026-09-05 07:37:00,333.29,300.55,3.7,n,N21,VIIRS,D,0.39,0.44,2.0NRT
7.74439,81.5052,2026-09-05,737,2026-09-05 07:37:00,336.63,301.07,6.25,n,N21,VIIRS,D,0.53,0.42,2.0NRT
7.68374,81.12951,2026-09-05,737,2026-09-05 07:37:00,333.78,301.26,5.6,n,N21,VIIRS,D,0.55,0.43,2.0NRT
7.67152,81.17696,2026-09-05,737,2026-09-05 07:37:00,336.83,303.08,5.52,n,N21,VIIRS,D,0.55,0.43,2.0NRT
7.66872,80.19806,2026-09-05,737,2026-09-05 07:37:00,340.08,296.98,3.35,n,N21,VIIRS,D,0.42,0.45,2.0NRT
7.62918,80.65575,2026-09-05,737,2026-09-05 07:37:00,339.48,297.58,7.88,n,N21,VIIRS,D,0.39,0.44,2.0NRT
7.61551,81.0793,2026-09-05,737,2026-09-05 07:37:00,344.99,304.14,16.68,n,N21,VIIRS,D,0.56,0.43,2.0NRT
7.61417,81.02277,2026-09-05,737,2026-09-05 07:37:00,338.77,303.02,6.41,n,N21,VIIRS,D,0.56,0.43,2.0NRT
7.57095,81.46792,2026-09-05,737,2026-09-05 07:37:00,332.02,298.72,6.57,n,N21,VIIRS,D,0.53,0.42,2.0NRT
8.69386,81.01614,2026-09-05,737,2026-09-05 07:37:00,338.59,302.04,12.99,n,N21,VIIRS,D,0.54,0.42,2.0NRT
7.16188,81.62848,2026-09-05,737,2026-09-05 07:37:00,333.79,298.88,4.59,n,N21,VIIRS,D,0.53,0.42,2.0NRT
8.72705,80.56362,2026-09-05,737,2026-09-05 07:37:00,337.53,300.67,4.42,n,N21,VIIRS,D,0.39,0.44,2.0NRT
9.39205,78.88804,2026-09-05,737,2026-09-05 07:37:00,340.54,298.99,4.69,n,N21,VIIRS,D,0.48,0.48,2.0NRT
9.39592,78.88686,2026-09-05,737,2026-09-05 07:37:00,336.72,298.79,4.61,n,N21,VIIRS,D,0.48,0.48,2.0NRT
9.39643,78.8873,2026-09-05,737,2026-09-05 07:37:00,333.15,298.66,4.69,n,N21,VIIRS,D,0.48,0.48,2.0NRT
9.39784,80.42539,2026-09-05,737,2026-09-05 07:37:00,342.0,299.87,4.57,n,N21,VIIRS,D,0.38,0.43,2.0NRT
9.41481,80.42964,2026-09-05,737,2026-09-05 07:37:00,349.38,301.0,19.06,n,N21,VIIRS,D,0.38,0.43,2.0NRT
9.41498,80.45523,2026-09-05,737,2026-09-05 07:37:00,333.44,300.47,12.91,n,N21,VIIRS,D,0.57,0.43,2.0NRT
9.41584,80.46038,2026-09-05,737,2026-09-05 07:37:00,345.39,300.28,12.91,n,N21,VIIRS,D,0.57,0.43,2.0NRT
9.43119,80.4056,2026-09-05,737,2026-09-05 07:37:00,335.33,299.79,2.81,n,N21,VIIRS,D,0.38,0.44,2.0NRT
9.43621,80.41788,2026-09-05,737,2026-09-05 07:37:00,339.65,299.4,4.28,n,N21,VIIRS,D,0.38,0.43,2.0NRT
9.44193,80.42754,2026-09-05,737,2026-09-05 07:37:00,331.66,298.91,2.16,n,N21,VIIRS,D,0.38,0.43,2.0NRT
9.47066,80.501,2026-09-05,737,2026-09-05 07:37:00,336.6,299.41,6.14,n,N21,VIIRS,D,0.57,0.43,2.0NRT
10.09445,77.89512,2026-09-05,737,2026-09-05 07:37:00,342.08,301.1,13.48,n,N21,VIIRS,D,0.55,0.51,2.0NRT
10.09586,77.89691,2026-09-05,737,2026-09-05 07:37:00,340.86,299.51,9.09,n,N21,VIIRS,D,0.55,0.51,2.0NRT
10.27044,77.25731,2026-09-05,737,2026-09-05 07:37:00,330.63,297.08,7.7,n,N21,VIIRS,D,0.6,0.53,2.0NRT
10.40149,79.27921,2026-09-05,737,2026-09-05 07:37:00,331.57,297.24,7.13,n,N21,VIIRS,D,0.44,0.46,2.0NRT
10.43229,79.63264,2026-09-05,737,2026-09-05 07:37:00,342.49,298.67,4.35,n,N21,VIIRS,D,0.41,0.45,2.0NRT
10.43859,77.31449,2026-09-05,737,2026-09-05 07:37:00,339.76,301.16,12.02,n,N21,VIIRS,D,0.59,0.53,2.0NRT
10.68266,77.4065,2026-09-05,737,2026-09-05 07:37:00,338.57,303.34,11.41,n,N21,VIIRS,D,0.58,0.52,2.0NRT
10.71123,79.4289,2026-09-05,737,2026-09-05 07:37:00,341.69,300.29,6.18,n,N21,VIIRS,D,0.42,0.45,2.0NRT
10.87756,79.31715,2026-09-05,737,2026-09-05 07:37:00,332.91,298.71,4.55,n,N21,VIIRS,D,0.43,0.46,2.0NRT
10.98393,78.21921,2026-09-05,737,2026-09-05 07:37:00,337.97,300.17,7.0,n,N21,VIIRS,D,0.5,0.49,2.0NRT
11.00214,77.12466,2026-09-05,737,2026-09-05 07:37:00,339.89,303.19,13.48,n,N21,VIIRS,D,0.6,0.53,2.0NRT
8.70343,80.85784,2026-09-05,737,2026-09-05 07:37:00,335.87,300.87,10.5,n,N21,VIIRS,D,0.56,0.43,2.0NRT
9.39154,78.88762,2026-09-05,737,2026-09-05 07:37:00,338.73,299.34,4.61,n,N21,VIIRS,D,0.48,0.48,2.0NRT
9.37131,80.31544,2026-09-05,737,2026-09-05 07:37:00,343.55,299.78,9.02,n,N21,VIIRS,D,0.39,0.44,2.0NRT
9.42989,80.40474,2026-09-05,737,2026-09-05 07:37:00,334.33,299.84,2.23,n,N21,VIIRS,D,0.38,0.44,2.0NRT
9.3084,78.79866,2026-09-05,737,2026-09-05 07:37:00,339.66,297.82,3.98,n,N21,VIIRS,D,0.49,0.49,2.0NRT
8.7325,80.71602,2026-09-05,737,2026-09-05 07:37:00,335.58,297.79,9.94,n,N21,VIIRS,D,0.57,0.43,2.0NRT
8.74177,77.40366,2026-09-05,737,2026-09-05 07:37:00,340.22,301.53,10.53,n,N21,VIIRS,D,0.62,0.54,2.0NRT
9.33327,77.42467,2026-09-05,737,2026-09-05 07:37:00,339.48,296.24,4.67,n,N21,VIIRS,D,0.61,0.53,2.0NRT
8.74992,77.84068,2026-09-05,737,2026-09-05 07:37:00,335.67,298.97,15.53,n,N21,VIIRS,D,0.58,0.52,2.0NRT
8.75356,80.52709,2026-09-05,737,2026-09-05 07:37:00,354.44,302.1,15.19,n,N21,VIIRS,D,0.39,0.44,2.0NRT
8.77072,80.10439,2026-09-05,737,2026-09-05 07:37:00,333.71,299.01,3.88,n,N21,VIIRS,D,0.41,0.45,2.0NRT
8.80412,80.99981,2026-09-05,737,2026-09-05 07:37:00,344.37,302.68,10.88,n,N21,VIIRS,D,0.54,0.42,2.0NRT
8.80878,81.00401,2026-09-05,737,2026-09-05 07:37:00,333.38,299.01,7.87,n,N21,VIIRS,D,0.54,0.42,2.0NRT
8.81183,80.99852,2026-09-05,737,2026-09-05 07:37:00,336.95,301.31,18.44,n,N21,VIIRS,D,0.54,0.42,2.0NRT
8.81388,80.96309,2026-09-05,737,2026-09-05 07:37:00,331.23,299.49,5.44,n,N21,VIIRS,D,0.55,0.42,2.0NRT
8.84348,78.11538,2026-09-05,737,2026-09-05 07:37:00,332.2,298.73,3.27,n,N21,VIIRS,D,0.55,0.51,2.0NRT
8.84688,77.52462,2026-09-05,737,2026-09-05 07:37:00,344.05,303.55,11.27,n,N21,VIIRS,D,0.61,0.53,2.0NRT
8.74959,80.52776,2026-09-05,737,2026-09-05 07:37:00,355.1,302.93,82.75,n,N21,VIIRS,D,0.39,0.44,2.0NRT
8.87289,77.61432,2026-09-05,737,2026-09-05 07:37:00,343.61,301.85,7.78,n,N21,VIIRS,D,0.6,0.53,2.0NRT
8.85195,80.53835,2026-09-05,737,2026-09-05 07:37:00,330.59,297.98,2.46,n,N21,VIIRS,D,0.39,0.44,2.0NRT
9.0763,80.40665,2026-09-05,737,2026-09-05 07:37:00,345.22,300.6,10.5,n,N21,VIIRS,D,0.39,0.44,2.0NRT
8.99111,80.8628,2026-09-05,737,2026-09-05 07:37:00,339.07,295.81,31.11,n,N21,VIIRS,D,0.55,0.43,2.0NRT
8.94453,80.78122,2026-09-05,737,2026-09-05 07:37:00,344.01,301.74,9.23,n,N21,VIIRS,D,0.56,0.43,2.0NRT
8.94371,80.77622,2026-09-05,737,2026-09-05 07:37:00,332.19,301.62,5.56,n,N21,VIIRS,D,0.56,0.43,2.0NRT
9.01345,80.58607,2026-09-05,737,2026-09-05 07:37:00,336.83,297.05,5.19,n,N21,VIIRS,D,0.57,0.43,2.0NRT
8.91644,80.87761,2026-09-05,737,2026-09-05 07:37:00,334.99,296.23,3.9,n,N21,VIIRS,D,0.55,0.43,2.0NRT
8.89377,80.86111,2026-09-05,737,2026-09-05 07:37:00,336.35,301.44,6.5,n,N21,VIIRS,D,0.55,0.43,2.0NRT
8.89071,80.86668,2026-09-05,737,2026-09-05 07:37:00,335.6,300.51,7.63,n,N21,VIIRS,D,0.55,0.43,2.0NRT
8.88239,80.88835,2026-09-05,737,2026-09-05 07:37:00,333.34,298.67,4.24,n,N21,VIIRS,D,0.55,0.43,2.0NRT
8.92807,80.87569,2026-09-05,737,2026-09-05 07:37:00,334.67,297.96,7.13,n,N21,VIIRS,D,0.55,0.43,2.0NRT
14.8944,79.23558,2026-09-05,739,2026-09-05 07:39:00,337.63,304.76,13.38,n,N21,VIIRS,D,0.56,0.43,2.0NRT
15.16326,78.87621,2026-09-05,739,2026-09-05 07:39:00,344.53,306.18,8.69,n,N21,VIIRS,D,0.39,0.44,2.0NRT
15.05152,77.10382,2026-09-05,739,2026-09-05 07:39:00,339.01,300.38,6.89,n,N21,VIIRS,D,0.51,0.49,2.0NRT
15.05385,77.10737,2026-09-05,739,2026-09-05 07:39:00,337.91,301.86,8.26,n,N21,VIIRS,D,0.51,0.49,2.0NRT
15.08309,77.31823,2026-09-05,739,2026-09-05 07:39:00,342.25,300.72,6.51,n,N21,VIIRS,D,0.49,0.49,2.0NRT
15.08391,77.32272,2026-09-05,739,2026-09-05 07:39:00,339.45,301.4,11.74,n,N21,VIIRS,D,0.49,0.49,2.0NRT
15.14559,77.5779,2026-09-05,739,2026-09-05 07:39:00,336.17,301.03,5.52,n,N21,VIIRS,D,0.47,0.48,2.0NRT
15.16157,78.87546,2026-09-05,739,2026-09-05 07:39:00,343.2,304.9,6.56,n,N21,VIIRS,D,0.39,0.44,2.0NRT
15.18071,79.9314,2026-09-05,739,2026-09-05 07:39:00,331.23,298.08,8.37,n,N21,VIIRS,D,0.51,0.41,2.0NRT
16.87762,79.99414,2026-09-05,739,2026-09-05 07:39:00,331.98,301.59,4.26,l,N21,VIIRS,D,0.48,0.4,2.0NRT
15.97591,78.40904,2026-09-05,739,2026-09-05 07:39:00,341.13,300.09,2.35,n,N21,VIIRS,D,0.4,0.44,2.0NRT
16.18167,75.15438,2026-09-05,739,2026-09-05 07:39:00,346.32,297.58,3.88,n,N21,VIIRS,D,0.33,0.55,2.0NRT
16.46725,79.59427,2026-09-05,739,2026-09-05 07:39:00,331.45,303.99,4.62,l,N21,VIIRS,D,0.51,0.41,2.0NRT
16.518,78.36384,2026-09-05,739,2026-09-05 07:39:00,339.6,297.35,6.01,n,N21,VIIRS,D,0.4,0.44,2.0NRT
17.04735,81.88509,2026-09-05,739,2026-09-05 07:39:00,333.51,297.78,3.4,n,N21,VIIRS,D,0.4,0.37,2.0NRT
17.60797,83.20338,2026-09-05,739,2026-09-05 07:39:00,331.3,300.58,4.54,n,N21,VIIRS,D,0.38,0.36,2.0NRT
17.61126,83.20282,2026-09-05,739,2026-09-05 07:39:00,330.46,300.55,3.1,l,N21,VIIRS,D,0.38,0.36,2.0NRT
19.09286,82.17107,2026-09-05,739,2026-09-05 07:39:00,333.96,298.66,4.83,n,N21,VIIRS,D,0.39,0.36,2.0NRT
14.89373,79.23341,2026-09-05,739,2026-09-05 07:39:00,344.92,306.78,11.33,n,N21,VIIRS,D,0.56,0.43,2.0NRT
15.18146,76.66666,2026-09-05,739,2026-09-05 07:39:00,332.37,300.59,8.52,n,N21,VIIRS,D,0.54,0.51,2.0NRT
14.88983,79.23417,2026-09-05,739,2026-09-05 07:39:00,337.37,302.61,5.26,n,N21,VIIRS,D,0.56,0.43,2.0NRT
14.29248,79.05112,2026-09-05,739,2026-09-05 07:39:00,339.86,299.56,5.16,n,N21,VIIRS,D,0.39,0.44,2.0NRT
14.74564,79.71235,2026-09-05,739,2026-09-05 07:39:00,336.25,305.58,10.25,n,N21,VIIRS,D,0.53,0.42,2.0NRT
14.7626,79.65701,2026-09-05,739,2026-09-05 07:39:00,337.34,305.71,8.58,n,N21,VIIRS,D,0.53,0.42,2.0NRT
11.48418,77.27011,2026-09-05,739,2026-09-05 07:39:00,333.99,300.69,3.57,n,N21,VIIRS,D,0.57,0.52,2.0NRT
12.15397,78.16905,2026-09-05,739,2026-09-05 07:39:00,336.62,302.19,4.39,n,N21,VIIRS,D,0.48,0.48,2.0NRT
12.8087,79.956,2026-09-05,739,2026-09-05 07:39:00,331.25,300.28,3.42,n,N21,VIIRS,D,0.55,0.43,2.0NRT
12.98483,74.85038,2026-09-05,739,2026-09-05 07:39:00,331.47,293.42,3.31,n,N21,VIIRS,D,0.39,0.59,2.0NRT
13.40306,77.79495,2026-09-05,739,2026-09-05 07:39:00,331.54,303.21,4.98,l,N21,VIIRS,D,0.49,0.48,2.0NRT
13.98039,77.90034,2026-09-05,739,2026-09-05 07:39:00,333.52,297.82,4.5,n,N21,VIIRS,D,0.47,0.48,2.0NRT
13.99219,78.44974,2026-09-05,739,2026-09-05 07:39:00,339.86,301.76,5.69,n,N21,VIIRS,D,0.43,0.46,2.0NRT
14.29637,79.04987,2026-09-05,739,2026-09-05 07:39:00,339.91,299.87,5.16,n,N21,VIIRS,D,0.39,0.44,2.0NRT
14.29697,79.05332,2026-09-05,739,2026-09-05 07:39:00,351.13,300.03,10.83,n,N21,VIIRS,D,0.39,0.44,2.0NRT
13.83938,78.43033,2026-09-05,739,2026-09-05 07:39:00,333.73,304.36,6.4,l,N21,VIIRS,D,0.44,0.46,2.0NRT
14.42101,78.31239,2026-09-05,739,2026-09-05 07:39:00,339.84,305.8,7.07,n,N21,VIIRS,D,0.43,0.46,2.0NRT
14.38531,77.7276,2026-09-05,739,2026-09-05 07:39:00,340.52,302.25,6.8,n,N21,VIIRS,D,0.47,0.48,2.0NRT
14.74364,78.99567,2026-09-05,739,2026-09-05 07:39:00,342.35,302.29,5.59,n,N21,VIIRS,D,0.39,0.44,2.0NRT
14.66505,79.76515,2026-09-05,739,2026-09-05 07:39:00,338.05,303.38,8.22,n,N21,VIIRS,D,0.53,0.42,2.0NRT
14.66492,79.76666,2026-09-05,739,2026-09-05 07:39:00,337.9,303.79,5.81,n,N21,VIIRS,D,0.53,0.42,2.0NRT
14.62758,79.59048,2026-09-05,739,2026-09-05 07:39:00,337.53,302.9,3.52,n,N21,VIIRS,D,0.54,0.42,2.0NRT
14.74425,78.99921,2026-09-05,739,2026-09-05 07:39:00,339.52,302.1,6.21,n,N21,VIIRS,D,0.39,0.44,2.0NRT
14.53701,79.08536,2026-09-05,739,2026-09-05 07:39:00,341.22,301.77,7.22,n,N21,VIIRS,D,0.39,0.44,2.0NRT
14.52478,79.06197,2026-09-05,739,2026-09-05 07:39:00,339.03,304.58,3.45,n,N21,VIIRS,D,0.39,0.44,2.0NRT
14.57085,79.05241,2026-09-05,739,2026-09-05 07:39:00,331.71,303.67,2.7,l,N21,VIIRS,D,0.39,0.44,2.0NRT
23.67541,86.40211,2026-09-05,741,2026-09-05 07:41:00,331.36,299.31,7.66,n,N21,VIIRS,D,0.52,0.42,2.0NRT
21.75295,83.84393,2026-09-05,741,2026-09-05 07:41:00,332.49,299.16,4.44,n,N21,VIIRS,D,0.4,0.37,2.0NRT
21.80075,83.89083,2026-09-05,741,2026-09-05 07:41:00,331.1,299.07,4.61,n,N21,VIIRS,D,0.4,0.37,2.0NRT
21.91979,83.35107,2026-09-05,741,2026-09-05 07:41:00,333.15,295.87,4.81,n,N21,VIIRS,D,0.39,0.36,2.0NRT
21.98429,83.2333,2026-09-05,741,2026-09-05 07:41:00,330.89,297.5,5.54,n,N21,VIIRS,D,0.39,0.36,2.0NRT
22.01548,83.75323,2026-09-05,741,2026-09-05 07:41:00,332.23,298.5,4.0,n,N21,VIIRS,D,0.4,0.37,2.0NRT
22.20641,84.86032,2026-09-05,741,2026-09-05 07:41:00,333.67,293.64,2.9,n,N21,VIIRS,D,0.43,0.38,2.0NRT
22.37712,87.28085,2026-09-05,741,2026-09-05 07:41:00,344.15,301.14,10.49,n,N21,VIIRS,D,0.56,0.43,2.0NRT
23.55816,87.24094,2026-09-05,741,2026-09-05 07:41:00,340.7,288.98,9.32,n,N21,VIIRS,D,0.39,0.44,2.0NRT
23.66361,87.15351,2026-09-05,741,2026-09-05 07:41:00,332.47,294.03,6.54,n,N21,VIIRS,D,0.38,0.43,2.0NRT
23.67755,86.08622,2026-09-05,741,2026-09-05 07:41:00,331.24,298.56,6.59,n,N21,VIIRS,D,0.5,0.41,2.0NRT
24.16025,82.56627,2026-09-05,741,2026-09-05 07:41:00,335.71,297.05,3.52,n,N21,VIIRS,D,0.39,0.36,2.0NRT
23.68237,86.39584,2026-09-05,741,2026-09-05 07:41:00,333.83,298.26,8.94,n,N21,VIIRS,D,0.52,0.42,2.0NRT
23.68554,86.39025,2026-09-05,741,2026-09-05 07:41:00,330.44,297.05,5.08,n,N21,VIIRS,D,0.52,0.42,2.0NRT
23.73679,86.4326,2026-09-05,741,2026-09-05 07:41:00,340.33,296.6,9.67,n,N21,VIIRS,D,0.53,0.42,2.0NRT
23.75651,86.40362,2026-09-05,741,2026-09-05 07:41:00,330.47,296.28,6.33,n,N21,VIIRS,D,0.52,0.42,2.0NRT
23.76031,86.40304,2026-09-05,741,2026-09-05 07:41:00,334.22,296.61,6.5,n,N21,VIIRS,D,0.52,0.42,2.0NRT
23.76412,86.40247,2026-09-05,741,2026-09-05 07:41:00,339.26,296.81,6.5,n,N21,VIIRS,D,0.52,0.42,2.0NRT
23.77806,86.38996,2026-09-05,741,2026-09-05 07:41:00,330.56,296.61,7.18,n,N21,VIIRS,D,0.52,0.42,2.0NRT
23.77862,86.21019,2026-09-05,741,2026-09-05 07:41:00,337.05,296.7,8.62,n,N21,VIIRS,D,0.51,0.41,2.0NRT
23.78238,86.20961,2026-09-05,741,2026-09-05 07:41:00,331.12,295.78,4.32,n,N21,VIIRS,D,0.51,0.41,2.0NRT
21.7496,83.84448,2026-09-05,741,2026-09-05 07:41:00,332.62,299.58,4.66,n,N21,VIIRS,D,0.4,0.37,2.0NRT
23.67857,86.39642,2026-09-05,741,2026-09-05 07:41:00,332.5,298.92,7.66,n,N21,VIIRS,D,0.52,0.42,2.0NRT
21.74906,83.84065,2026-09-05,741,2026-09-05 07:41:00,334.1,298.25,5.14,n,N21,VIIRS,D,0.4,0.37,2.0NRT
21.74318,83.84072,2026-09-05,741,2026-09-05 07:41:00,338.54,301.18,3.69,n,N21,VIIRS,D,0.4,0.37,2.0NRT
21.74571,83.8412,2026-09-05,741,2026-09-05 07:41:00,337.03,300.69,5.14,n,N21,VIIRS,D,0.4,0.37,2.0NRT
20.79373,85.25279,2026-09-05,741,2026-09-05 07:41:00,337.35,302.21,11.33,n,N21,VIIRS,D,0.43,0.38,2.0NRT
20.86238,84.98907,2026-09-05,741,2026-09-05 07:41:00,332.44,298.19,4.32,n,N21,VIIRS,D,0.42,0.38,2.0NRT
20.86294,84.99312,2026-09-05,741,2026-09-05 07:41:00,332.71,300.19,9.04,n,N21,VIIRS,D,0.42,0.38,2.0NRT
20.95183,86.04603,2026-09-05,741,2026-09-05 07:41:00,337.08,299.89,11.3,n,N21,VIIRS,D,0.47,0.4,2.0NRT
20.95243,86.05051,2026-09-05,741,2026-09-05 07:41:00,337.76,300.36,12.48,n,N21,VIIRS,D,0.47,0.4,2.0NRT
20.9564,85.01198,2026-09-05,741,2026-09-05 07:41:00,331.15,302.24,5.42,l,N21,VIIRS,D,0.43,0.38,2.0NRT
20.96243,85.18635,2026-09-05,741,2026-09-05 07:41:00,344.47,301.74,5.69,n,N21,VIIRS,D,0.43,0.38,2.0NRT
20.96299,85.19049,2026-09-05,741,2026-09-05 07:41:00,336.16,302.37,5.69,n,N21,VIIRS,D,0.43,0.38,2.0NRT
20.96368,85.16933,2026-09-05,741,2026-09-05 07:41:00,337.04,301.56,4.3,n,N21,VIIRS,D,0.43,0.38,2.0NRT
20.96423,85.17345,2026-09-05,741,2026-09-05 07:41:00,331.03,300.29,4.3,n,N21,VIIRS,D,0.43,0.38,2.0NRT
20.96715,85.16881,2026-09-05,741,2026-09-05 07:41:00,330.83,301.6,4.69,l,N21,VIIRS,D,0.43,0.38,2.0NRT
20.96827,85.17702,2026-09-05,741,2026-09-05 07:41:00,336.07,301.48,3.89,n,N21,VIIRS,D,0.43,0.38,2.0NRT
20.9684,85.15186,2026-09-05,741,2026-09-05 07:41:00,338.21,302.5,7.87,n,N21,VIIRS,D,0.43,0.38,2.0NRT
20.97174,85.17648,2026-09-05,741,2026-09-05 07:41:00,330.59,300.16,3.89,n,N21,VIIRS,D,0.43,0.38,2.0NRT
20.97349,86.00412,2026-09-05,741,2026-09-05 07:41:00,330.64,298.91,7.97,n,N21,VIIRS,D,0.47,0.39,2.0NRT
20.76047,85.29589,2026-09-05,741,2026-09-05 07:41:00,334.78,301.5,9.92,n,N21,VIIRS,D,0.43,0.38,2.0NRT
20.97813,85.17133,2026-09-05,741,2026-09-05 07:41:00,330.81,300.09,6.07,n,N21,VIIRS,D,0.43,0.38,2.0NRT
21.67903,84.03973,2026-09-05,741,2026-09-05 07:41:00,334.77,301.91,6.22,n,N21,VIIRS,D,0.4,0.37,2.0NRT
21.73983,83.84127,2026-09-05,741,2026-09-05 07:41:00,330.66,301.02,3.69,l,N21,VIIRS,D,0.4,0.37,2.0NRT
21.74626,83.84503,2026-09-05,741,2026-09-05 07:41:00,332.02,300.45,4.66,n,N21,VIIRS,D,0.4,0.37,2.0NRT
20.96771,85.17292,2026-09-05,741,2026-09-05 07:41:00,340.7,302.02,4.69,n,N21,VIIRS,D,0.43,0.38,2.0NRT
31.37815,74.56349,2026-09-05,744,2026-09-05 07:44:00,332.02,296.82,3.97,n,N21,VIIRS,D,0.55,0.43,2.0NRT
33.41675,79.18602,2026-09-05,744,2026-09-05 07:44:00,344.83,307.7,11.67,n,N21,VIIRS,D,0.38,0.36,2.0NRT
31.66948,72.3751,2026-09-05,744,2026-09-05 07:44:00,333.46,296.86,3.55,n,N21,VIIRS,D,0.47,0.48,2.0NRT
30.81249,72.55888,2026-09-05,744,2026-09-05 07:44:00,334.23,298.28,6.85,n,N21,VIIRS,D,0.48,0.48,2.0NRT
29.78598,72.77218,2026-09-05,744,2026-09-05 07:44:00,340.26,297.7,7.58,n,N21,VIIRS,D,0.49,0.49,2.0NRT
30.31288,70.03531,2026-09-05,744,2026-09-05 07:44:00,347.5,301.74,4.29,n,N21,VIIRS,D,0.35,0.56,2.0NRT
27.19736,68.5406,2026-09-05,744,2026-09-05 07:44:00,332.3,296.21,2.85,n,N21,VIIRS,D,0.5,0.66,2.0NRT
30.81151,72.55773,2026-09-05,744,2026-09-05 07:44:00,331.32,298.8,6.37,n,N21,VIIRS,D,0.48,0.48,2.0NRT
8.63039,81.018,2026-09-05,835,2026-09-05 08:35:00,332.0,295.67,3.35,n,N20,VIIRS,D,0.32,0.55,2.0NRT
8.63365,81.00626,2026-09-05,835,2026-09-05 08:35:00,343.6,296.05,4.27,n,N20,VIIRS,D,0.32,0.55,2.0NRT
8.63422,81.0086,2026-09-05,835,2026-09-05 08:35:00,343.41,295.43,4.06,n,N20,VIIRS,D,0.32,0.55,2.0NRT
8.66199,80.4765,2026-09-05,835,2026-09-05 08:35:00,342.36,296.29,8.83,n,N20,VIIRS,D,0.59,0.53,2.0NRT
8.66335,77.85443,2026-09-05,835,2026-09-05 08:35:00,342.19,300.85,6.18,n,N20,VIIRS,D,0.4,0.44,2.0NRT
8.66348,80.47971,2026-09-05,835,2026-09-05 08:35:00,339.79,293.95,7.0,n,N20,VIIRS,D,0.59,0.53,2.0NRT
8.91334,80.88364,2026-09-05,835,2026-09-05 08:35:00,351.33,294.18,17.17,n,N20,VIIRS,D,0.63,0.54,2.0NRT
8.90312,80.73378,2026-09-05,835,2026-09-05 08:35:00,331.49,294.29,4.77,n,N20,VIIRS,D,0.62,0.54,2.0NRT
8.68592,80.36002,2026-09-05,835,2026-09-05 08:35:00,337.27,293.95,9.79,n,N20,VIIRS,D,0.58,0.52,2.0NRT
8.69003,80.35413,2026-09-05,835,2026-09-05 08:35:00,342.94,296.4,15.68,n,N20,VIIRS,D,0.58,0.52,2.0NRT
8.80643,80.99896,2026-09-05,835,2026-09-05 08:35:00,336.19,295.53,3.6,n,N20,VIIRS,D,0.32,0.55,2.0NRT
8.80683,81.00191,2026-09-05,835,2026-09-05 08:35:00,344.27,295.43,3.6,n,N20,VIIRS,D,0.32,0.55,2.0NRT
8.83359,80.86121,2026-09-05,835,2026-09-05 08:35:00,332.29,296.83,3.43,n,N20,VIIRS,D,0.63,0.54,2.0NRT
8.84791,80.33019,2026-09-05,835,2026-09-05 08:35:00,333.77,296.83,4.99,n,N20,VIIRS,D,0.58,0.52,2.0NRT
8.84869,80.74088,2026-09-05,835,2026-09-05 08:35:00,336.45,291.64,5.08,n,N20,VIIRS,D,0.62,0.54,2.0NRT
8.89092,80.71809,2026-09-05,835,2026-09-05 08:35:00,338.86,293.99,3.67,n,N20,VIIRS,D,0.62,0.54,2.0NRT
8.62999,81.01508,2026-09-05,835,2026-09-05 08:35:00,335.73,296.32,3.35,n,N20,VIIRS,D,0.32,0.55,2.0NRT
8.66824,80.84473,2026-09-05,835,2026-09-05 08:35:00,355.54,296.18,17.98,n,N20,VIIRS,D,0.63,0.54,2.0NRT
8.62976,81.01569,2026-09-05,835,2026-09-05 08:35:00,345.75,296.31,3.19,n,N20,VIIRS,D,0.32,0.55,2.0NRT
8.51285,80.86169,2026-09-05,835,2026-09-05 08:35:00,338.32,296.48,14.14,n,N20,VIIRS,D,0.62,0.54,2.0NRT
8.62524,77.79489,2026-09-05,835,2026-09-05 08:35:00,345.46,303.16,9.68,n,N20,VIIRS,D,0.39,0.44,2.0NRT
8.47975,80.66825,2026-09-05,835,2026-09-05 08:35:00,339.84,293.67,5.46,n,N20,VIIRS,D,0.6,0.53,2.0NRT
8.4924,80.74388,2026-09-05,835,2026-09-05 08:35:00,335.69,297.03,10.84,n,N20,VIIRS,D,0.61,0.54,2.0NRT
8.49545,80.74538,2026-09-05,835,2026-09-05 08:35:00,334.12,296.58,7.66,n,N20,VIIRS,D,0.61,0.54,2.0NRT
8.49795,80.86361,2026-09-05,835,2026-09-05 08:35:00,335.1,295.65,10.57,n,N20,VIIRS,D,0.62,0.54,2.0NRT
8.50194,80.86491,2026-09-05,835,2026-09-05 08:35:00,345.48,295.62,15.29,n,N20,VIIRS,D,0.62,0.54,2.0NRT
8.50292,80.86298,2026-09-05,835,2026-09-05 08:35:00,333.45,295.26,12.66,n,N20,VIIRS,D,0.62,0.54,2.0NRT
8.51187,80.86365,2026-09-05,835,2026-09-05 08:35:00,337.69,296.08,9.06,n,N20,VIIRS,D,0.62,0.54,2.0NRT
8.91756,80.87724,2026-09-05,835,2026-09-05 08:35:00,340.5,294.91,5.71,n,N20,VIIRS,D,0.63,0.54,2.0NRT
8.62617,77.79392,2026-09-05,835,2026-09-05 08:35:00,344.77,303.53,11.19,n,N20,VIIRS,D,0.39,0.44,2.0NRT
8.5488,80.75332,2026-09-05,835,2026-09-05 08:35:00,331.78,297.29,3.76,n,N20,VIIRS,D,0.61,0.54,2.0NRT
8.56359,80.7514,2026-09-05,835,2026-09-05 08:35:00,342.17,295.07,10.34,n,N20,VIIRS,D,0.61,0.54,2.0NRT
8.56928,80.75635,2026-09-05,835,2026-09-05 08:35:00,331.35,295.5,5.21,n,N20,VIIRS,D,0.61,0.54,2.0NRT
8.57936,80.36658,2026-09-05,835,2026-09-05 08:35:00,343.55,297.47,6.4,n,N20,VIIRS,D,0.58,0.52,2.0NRT
8.58346,80.36069,2026-09-05,835,2026-09-05 08:35:00,333.8,298.05,7.66,n,N20,VIIRS,D,0.58,0.52,2.0NRT
8.61087,80.49184,2026-09-05,835,2026-09-05 08:35:00,349.67,294.22,12.99,n,N20,VIIRS,D,0.59,0.53,2.0NRT
8.61873,81.00755,2026-09-05,835,2026-09-05 08:35:00,340.59,293.15,3.73,n,N20,VIIRS,D,0.32,0.55,2.0NRT
8.62201,77.91603,2026-09-05,835,2026-09-05 08:35:00,344.29,297.36,3.42,n,N20,VIIRS,D,0.4,0.44,2.0NRT
8.62456,81.01276,2026-09-05,835,2026-09-05 08:35:00,336.04,295.42,3.66,n,N20,VIIRS,D,0.32,0.55,2.0NRT
8.55488,80.72415,2026-09-05,835,2026-09-05 08:35:00,335.38,297.28,6.61,n,N20,VIIRS,D,0.61,0.54,2.0NRT
8.9399,80.78111,2026-09-05,835,2026-09-05 08:35:00,350.17,297.57,17.64,n,N20,VIIRS,D,0.62,0.54,2.0NRT
9.1435,77.5413,2026-09-05,835,2026-09-05 08:35:00,342.79,304.2,13.91,n,N20,VIIRS,D,0.38,0.44,2.0NRT
8.94159,80.78485,2026-09-05,835,2026-09-05 08:35:00,341.84,296.34,10.25,n,N20,VIIRS,D,0.63,0.54,2.0NRT
10.9785,76.98156,2026-09-05,835,2026-09-05 08:35:00,335.4,298.12,3.11,n,N20,VIIRS,D,0.56,0.43,2.0NRT
11.00253,77.12383,2026-09-05,835,2026-09-05 08:35:00,346.08,306.55,10.19,n,N20,VIIRS,D,0.38,0.43,2.0NRT
11.95854,78.75902,2026-09-05,835,2026-09-05 08:35:00,332.21,297.02,4.19,n,N20,VIIRS,D,0.5,0.49,2.0NRT
12.00694,76.52467,2026-09-05,835,2026-09-05 08:35:00,335.43,304.71,6.58,n,N20,VIIRS,D,0.55,0.42,2.0NRT
12.06562,77.03265,2026-09-05,835,2026-09-05 08:35:00,340.18,305.58,3.69,n,N20,VIIRS,D,0.39,0.44,2.0NRT
12.08199,76.8081,2026-09-05,835,2026-09-05 08:35:00,337.54,308.2,6.82,l,N20,VIIRS,D,0.57,0.43,2.0NRT
12.09133,76.81746,2026-09-05,835,2026-09-05 08:35:00,339.62,306.51,5.82,n,N20,VIIRS,D,0.57,0.43,2.0NRT
12.10958,76.89243,2026-09-05,835,2026-09-05 08:35:00,330.14,303.45,0.64,l,N20,VIIRS,D,0.38,0.43,2.0NRT
10.93433,77.19016,2026-09-05,835,2026-09-05 08:35:00,340.17,305.95,6.53,n,N20,VIIRS,D,0.39,0.44,2.0NRT
12.17388,78.93881,2026-09-05,835,2026-09-05 08:35:00,342.31,299.54,6.41,n,N20,VIIRS,D,0.52,0.5,2.0NRT
12.91621,76.08082,2026-09-05,835,2026-09-05 08:35:00,335.2,301.48,12.58,n,N20,VIIRS,D,0.53,0.42,2.0NRT
12.91732,76.07881,2026-09-05,835,2026-09-05 08:35:00,339.05,303.88,11.8,n,N20,VIIRS,D,0.53,0.42,2.0NRT
15.975,78.41002,2026-09-05,835,2026-09-05 08:35:00,330.59,297.04,3.64,n,N20,VIIRS,D,0.54,0.51,2.0NRT
16.17167,74.87211,2026-09-05,835,2026-09-05 08:35:00,335.74,300.34,3.47,n,N20,VIIRS,D,0.5,0.41,2.0NRT
16.44525,77.82963,2026-09-05,835,2026-09-05 08:35:00,341.96,298.94,8.84,n,N20,VIIRS,D,0.5,0.49,2.0NRT
18.69589,74.44584,2026-09-05,835,2026-09-05 08:35:00,334.58,296.48,3.78,n,N20,VIIRS,D,0.5,0.41,2.0NRT
18.5752,74.46596,2026-09-05,835,2026-09-05 08:35:00,332.15,297.06,1.68,n,N20,VIIRS,D,0.5,0.41,2.0NRT
8.47898,80.66276,2026-09-05,835,2026-09-05 08:35:00,331.71,296.66,9.8,n,N20,VIIRS,D,0.6,0.53,2.0NRT
12.48486,77.34094,2026-09-05,835,2026-09-05 08:35:00,334.62,305.56,4.6,l,N20,VIIRS,D,0.41,0.45,2.0NRT
10.87593,77.97946,2026-09-05,835,2026-09-05 08:35:00,344.35,302.68,10.19,n,N20,VIIRS,D,0.43,0.46,2.0NRT
10.85424,78.68019,2026-09-05,835,2026-09-05 08:35:00,351.58,298.37,20.51,n,N20,VIIRS,D,0.48,0.48,2.0NRT
10.10579,77.83781,2026-09-05,835,2026-09-05 08:35:00,336.52,302.21,4.29,n,N20,VIIRS,D,0.41,0.45,2.0NRT
8.95618,80.33566,2026-09-05,835,2026-09-05 08:35:00,334.48,297.39,4.56,n,N20,VIIRS,D,0.58,0.52,2.0NRT
8.95679,80.82365,2026-09-05,835,2026-09-05 08:35:00,341.32,295.65,7.96,n,N20,VIIRS,D,0.63,0.54,2.0NRT
8.96491,80.88564,2026-09-05,835,2026-09-05 08:35:00,331.14,295.8,2.26,n,N20,VIIRS,D,0.32,0.54,2.0NRT
8.97607,80.89304,2026-09-05,835,2026-09-05 08:35:00,334.57,296.07,2.28,n,N20,VIIRS,D,0.32,0.54,2.0NRT
9.0026,77.52624,2026-09-05,835,2026-09-05 08:35:00,337.58,303.15,5.89,n,N20,VIIRS,D,0.57,0.43,2.0NRT
9.0214,80.73956,2026-09-05,835,2026-09-05 08:35:00,336.91,295.36,8.72,n,N20,VIIRS,D,0.62,0.54,2.0NRT
9.02295,80.74258,2026-09-05,835,2026-09-05 08:35:00,330.2,294.9,6.04,n,N20,VIIRS,D,0.62,0.54,2.0NRT
9.06088,77.72623,2026-09-05,835,2026-09-05 08:35:00,352.02,304.68,12.33,n,N20,VIIRS,D,0.39,0.44,2.0NRT
9.06405,80.12766,2026-09-05,835,2026-09-05 08:35:00,340.56,295.41,7.68,n,N20,VIIRS,D,0.57,0.52,2.0NRT
9.0654,80.13042,2026-09-05,835,2026-09-05 08:35:00,341.89,295.44,13.0,n,N20,VIIRS,D,0.57,0.52,2.0NRT
9.07003,80.67902,2026-09-05,835,2026-09-05 08:35:00,335.15,294.85,10.16,n,N20,VIIRS,D,0.62,0.54,2.0NRT
9.07684,80.46976,2026-09-05,835,2026-09-05 08:35:00,330.48,294.92,5.58,n,N20,VIIRS,D,0.6,0.53,2.0NRT
9.3083,78.79848,2026-09-05,835,2026-09-05 08:35:00,334.36,296.31,2.19,n,N20,VIIRS,D,0.46,0.47,2.0NRT
9.30978,78.79932,2026-09-05,835,2026-09-05 08:35:00,335.84,296.63,2.44,n,N20,VIIRS,D,0.46,0.47,2.0NRT
9.33417,77.69457,2026-09-05,835,2026-09-05 08:35:00,342.44,304.48,7.78,n,N20,VIIRS,D,0.39,0.44,2.0NRT
9.76065,80.18707,2026-09-05,835,2026-09-05 08:35:00,344.71,293.5,8.76,n,N20,VIIRS,D,0.58,0.52,2.0NRT
9.81357,77.32077,2026-09-05,835,2026-09-05 08:35:00,333.04,303.53,4.39,l,N20,VIIRS,D,0.57,0.43,2.0NRT
9.94851,78.64626,2026-09-05,835,2026-09-05 08:35:00,336.3,300.88,5.68,n,N20,VIIRS,D,0.46,0.47,2.0NRT
10.02841,78.05846,2026-09-05,835,2026-09-05 08:35:00,335.35,300.7,8.53,n,N20,VIIRS,D,0.43,0.46,2.0NRT
8.94084,80.77914,2026-09-05,835,2026-09-05 08:35:00,339.96,296.68,4.25,n,N20,VIIRS,D,0.63,0.54,2.0NRT
8.47743,80.8335,2026-09-05,835,2026-09-05 08:35:00,330.31,293.46,4.65,n,N20,VIIRS,D,0.62,0.54,2.0NRT
8.24379,80.22986,2026-09-05,835,2026-09-05 08:35:00,336.5,295.53,6.52,n,N20,VIIRS,D,0.56,0.51,2.0NRT
8.47105,80.49921,2026-09-05,835,2026-09-05 08:35:00,339.91,295.53,10.13,n,N20,VIIRS,D,0.59,0.53,2.0NRT
7.58904,80.83503,2026-09-05,835,2026-09-05 08:35:00,331.56,295.74,2.9,n,N20,VIIRS,D,0.6,0.53,2.0NRT
7.57166,81.37946,2026-09-05,835,2026-09-05 08:35:00,331.56,294.46,3.12,n,N20,VIIRS,D,0.33,0.55,2.0NRT
7.30252,81.83919,2026-09-05,835,2026-09-05 08:35:00,336.53,293.43,2.92,n,N20,VIIRS,D,0.35,0.57,2.0NRT
6.35687,80.85714,2026-09-05,835,2026-09-05 08:35:00,340.91,293.69,5.29,n,N20,VIIRS,D,0.58,0.52,2.0NRT
6.19321,81.01443,2026-09-05,835,2026-09-05 08:35:00,338.92,296.41,5.9,n,N20,VIIRS,D,0.59,0.53,2.0NRT
6.1891,81.02039,2026-09-05,835,2026-09-05 08:35:00,334.44,295.61,8.23,n,N20,VIIRS,D,0.59,0.53,2.0NRT
7.61915,80.83672,2026-09-05,835,2026-09-05 08:35:00,331.58,297.03,4.13,n,N20,VIIRS,D,0.6,0.53,2.0NRT
6.18836,81.01508,2026-09-05,835,2026-09-05 08:35:00,344.66,296.98,8.23,n,N20,VIIRS,D,0.59,0.53,2.0NRT
7.86078,81.44814,2026-09-05,835,2026-09-05 08:35:00,331.14,295.24,2.09,n,N20,VIIRS,D,0.34,0.56,2.0NRT
7.87521,80.60765,2026-09-05,835,2026-09-05 08:35:00,334.17,296.17,7.43,n,N20,VIIRS,D,0.59,0.53,2.0NRT
7.89703,80.65909,2026-09-05,835,2026-09-05 08:35:00,330.6,294.55,7.61,n,N20,VIIRS,D,0.59,0.53,2.0NRT
7.92275,81.40601,2026-09-05,835,2026-09-05 08:35:00,331.37,294.32,1.94,n,N20,VIIRS,D,0.33,0.56,2.0NRT
7.92954,81.27548,2026-09-05,835,2026-09-05 08:35:00,339.87,296.3,3.06,n,N20,VIIRS,D,0.33,0.55,2.0NRT
7.9593,81.19045,2026-09-05,835,2026-09-05 08:35:00,334.72,297.1,2.91,n,N20,VIIRS,D,0.32,0.55,2.0NRT
7.85981,79.88152,2026-09-05,835,2026-09-05 08:35:00,335.29,294.35,0.98,n,N20,VIIRS,D,0.52,0.5,2.0NRT
7.6666,81.17891,2026-09-05,835,2026-09-05 08:35:00,367.0,298.25,14.13,h,N20,VIIRS,D,0.32,0.54,2.0NRT
7.688,80.99461,2026-09-05,835,2026-09-05 08:35:00,330.29,297.57,5.31,n,N20,VIIRS,D,0.62,0.54,2.0NRT
7.69826,81.59924,2026-09-05,835,2026-09-05 08:35:00,330.38,295.57,2.98,n,N20,VIIRS,D,0.34,0.56,2.0NRT
8.4773,80.66657,2026-09-05,835,2026-09-05 08:35:00,345.53,294.65,13.75,n,N20,VIIRS,D,0.6,0.53,2.0NRT
7.85522,80.04656,2026-09-05,835,2026-09-05 08:35:00,342.0,294.22,9.01,n,N20,VIIRS,D,0.54,0.51,2.0NRT
7.85405,80.04834,2026-09-05,835,2026-09-05 08:35:00,348.94,295.4,9.92,n,N20,VIIRS,D,0.54,0.51,2.0NRT
7.84678,81.38197,2026-09-05,835,2026-09-05 08:35:00,340.93,289.99,2.91,n,N20,VIIRS,D,0.33,0.55,2.0NRT
7.8272,79.84754,2026-09-05,835,2026-09-05 08:35:00,334.18,296.24,4.26,n,N20,VIIRS,D,0.52,0.5,2.0NRT
7.82685,79.84628,2026-09-05,835,2026-09-05 08:35:00,332.4,296.57,4.42,n,N20,VIIRS,D,0.52,0.5,2.0NRT
7.79826,81.06105,2026-09-05,835,2026-09-05 08:35:00,345.2,297.32,15.18,n,N20,VIIRS,D,0.63,0.54,2.0NRT
7.79363,81.05916,2026-09-05,835,2026-09-05 08:35:00,336.71,297.08,6.6,n,N20,VIIRS,D,0.63,0.54,2.0NRT
7.78638,81.04273,2026-09-05,835,2026-09-05 08:35:00,342.97,298.86,11.49,n,N20,VIIRS,D,0.63,0.54,2.0NRT
7.7859,81.04527,2026-09-05,835,2026-09-05 08:35:00,352.85,298.7,20.16,n,N20,VIIRS,D,0.63,0.54,2.0NRT
7.78141,81.04338,2026-09-05,835,2026-09-05 08:35:00,342.47,298.37,6.12,n,N20,VIIRS,D,0.63,0.54,2.0NRT
7.76541,81.22837,2026-09-05,835,2026-09-05 08:35:00,353.31,299.41,7.87,n,N20,VIIRS,D,0.32,0.55,2.0NRT
7.75175,81.20334,2026-09-05,835,2026-09-05 08:35:00,335.14,286.1,3.47,n,N20,VIIRS,D,0.32,0.55,2.0NRT
7.75135,81.20041,2026-09-05,835,2026-09-05 08:35:00,354.41,295.12,3.47,n,N20,VIIRS,D,0.32,0.55,2.0NRT
7.70901,81.60101,2026-09-05,835,2026-09-05 08:35:00,336.01,294.54,1.76,n,N20,VIIRS,D,0.34,0.56,2.0NRT
7.95969,81.19335,2026-09-05,835,2026-09-05 08:35:00,333.27,297.56,2.59,n,N20,VIIRS,D,0.32,0.55,2.0NRT
7.96009,81.19627,2026-09-05,835,2026-09-05 08:35:00,335.78,297.5,2.59,n,N20,VIIRS,D,0.32,0.55,2.0NRT
7.87594,80.61301,2026-09-05,835,2026-09-05 08:35:00,337.36,295.61,9.43,n,N20,VIIRS,D,0.59,0.53,2.0NRT
7.96991,80.47933,2026-09-05,835,2026-09-05 08:35:00,339.87,295.35,7.53,n,N20,VIIRS,D,0.58,0.52,2.0NRT
8.18007,81.08625,2026-09-05,835,2026-09-05 08:35:00,331.33,297.41,4.7,n,N20,VIIRS,D,0.32,0.55,2.0NRT
8.21037,81.01023,2026-09-05,835,2026-09-05 08:35:00,330.85,296.37,3.83,n,N20,VIIRS,D,0.63,0.54,2.0NRT
8.21099,81.01199,2026-09-05,835,2026-09-05 08:35:00,331.25,296.57,3.7,n,N20,VIIRS,D,0.63,0.54,2.0NRT
8.23654,81.05126,2026-09-05,835,2026-09-05 08:35:00,367.0,295.84,5.97,h,N20,VIIRS,D,0.32,0.54,2.0NRT
7.96513,81.19561,2026-09-05,835,2026-09-05 08:35:00,355.66,295.67,5.28,n,N20,VIIRS,D,0.32,0.55,2.0NRT
8.34808,80.59987,2026-09-05,835,2026-09-05 08:35:00,345.13,294.82,5.28,n,N20,VIIRS,D,0.6,0.53,2.0NRT
8.35752,80.77731,2026-09-05,835,2026-09-05 08:35:00,341.62,293.9,4.6,n,N20,VIIRS,D,0.61,0.54,2.0NRT
8.36763,81.03859,2026-09-05,835,2026-09-05 08:35:00,332.21,296.17,2.82,n,N20,VIIRS,D,0.32,0.55,2.0NRT
8.37276,80.28262,2026-09-05,835,2026-09-05 08:35:00,333.91,295.18,5.07,n,N20,VIIRS,D,0.57,0.52,2.0NRT
8.3865,81.02721,2026-09-05,835,2026-09-05 08:35:00,338.89,295.66,3.42,n,N20,VIIRS,D,0.32,0.54,2.0NRT
8.3869,81.03013,2026-09-05,835,2026-09-05 08:35:00,344.32,296.73,3.42,n,N20,VIIRS,D,0.32,0.54,2.0NRT
8.43571,80.67415,2026-09-05,835,2026-09-05 08:35:00,336.76,296.11,5.65,n,N20,VIIRS,D,0.6,0.53,2.0NRT
8.44498,80.49495,2026-09-05,835,2026-09-05 08:35:00,333.2,294.39,5.86,n,N20,VIIRS,D,0.59,0.53,2.0NRT
8.44955,77.58025,2026-09-05,835,2026-09-05 08:35:00,343.95,300.87,6.76,n,N20,VIIRS,D,0.57,0.43,2.0NRT
8.46988,80.49715,2026-09-05,835,2026-09-05 08:35:00,338.93,296.48,6.12,n,N20,VIIRS,D,0.59,0.53,2.0NRT
8.1586,80.18225,2026-09-05,835,2026-09-05 08:35:00,332.2,296.21,4.52,n,N20,VIIRS,D,0.55,0.51,2.0NRT
6.18278,81.01041,2026-09-05,835,2026-09-05 08:35:00,330.74,296.31,5.97,n,N20,VIIRS,D,0.59,0.53,2.0NRT
8.25692,80.32709,2026-09-05,835,2026-09-05 08:35:00,333.24,294.0,2.29,n,N20,VIIRS,D,0.57,0.52,2.0NRT
8.12208,80.80826,2026-09-05,835,2026-09-05 08:35:00,335.26,296.26,7.02,n,N20,VIIRS,D,0.61,0.53,2.0NRT
7.97756,80.25401,2026-09-05,835,2026-09-05 08:35:00,349.93,296.56,10.84,n,N20,VIIRS,D,0.56,0.51,2.0NRT
8.12283,80.81379,2026-09-05,835,2026-09-05 08:35:00,349.02,296.44,7.02,n,N20,VIIRS,D,0.61,0.54,2.0NRT
7.99603,80.38634,2026-09-05,835,2026-09-05 08:35:00,341.24,295.55,6.18,n,N20,VIIRS,D,0.57,0.52,2.0NRT
8.01511,80.62984,2026-09-05,835,2026-09-05 08:35:00,334.61,295.76,11.4,n,N20,VIIRS,D,0.59,0.53,2.0NRT
8.01838,80.68953,2026-09-05,835,2026-09-05 08:35:00,340.82,294.29,13.6,n,N20,VIIRS,D,0.6,0.53,2.0NRT
8.02543,81.19125,2026-09-05,835,2026-09-05 08:35:00,336.15,297.24,3.13,n,N20,VIIRS,D,0.32,0.55,2.0NRT
8.02606,80.17345,2026-09-05,835,2026-09-05 08:35:00,335.39,295.2,6.06,n,N20,VIIRS,D,0.55,0.51,2.0NRT
7.97826,80.25906,2026-09-05,835,2026-09-05 08:35:00,342.92,295.15,10.84,n,N20,VIIRS,D,0.56,0.51,2.0NRT
8.03712,80.61059,2026-09-05,835,2026-09-05 08:35:00,332.49,295.39,5.14,n,N20,VIIRS,D,0.59,0.53,2.0NRT
8.05333,80.66654,2026-09-05,835,2026-09-05 08:35:00,330.01,297.5,9.18,n,N20,VIIRS,D,0.6,0.53,2.0NRT
8.06007,79.87634,2026-09-05,835,2026-09-05 08:35:00,340.56,294.55,4.68,n,N20,VIIRS,D,0.53,0.5,2.0NRT
8.06046,79.87606,2026-09-05,835,2026-09-05 08:35:00,341.99,294.43,7.5,n,N20,VIIRS,D,0.53,0.5,2.0NRT
8.07874,80.34695,2026-09-05,835,2026-09-05 08:35:00,332.9,295.9,5.55,n,N20,VIIRS,D,0.57,0.52,2.0NRT
8.08862,80.63449,2026-09-05,835,2026-09-05 08:35:00,340.5,296.68,9.97,n,N20,VIIRS,D,0.59,0.53,2.0NRT
8.11792,80.81448,2026-09-05,835,2026-09-05 08:35:00,330.15,296.38,7.02,n,N20,VIIRS,D,0.61,0.54,2.0NRT
8.03651,80.61398,2026-09-05,835,2026-09-05 08:35:00,331.48,295.65,8.08,n,N20,VIIRS,D,0.59,0.53,2.0NRT
14.61918,79.51504,2026-09-05,837,2026-09-05 08:37:00,331.84,297.9,2.49,n,N20,VIIRS,D,0.61,0.54,2.0NRT
14.6866,79.73649,2026-09-05,837,2026-09-05 08:37:00,332.88,299.25,2.21,n,N20,VIIRS,D,0.32,0.54,2.0NRT
14.68688,79.73868,2026-09-05,837,2026-09-05 08:37:00,351.12,299.83,5.85,n,N20,VIIRS,D,0.32,0.54,2.0NRT
14.68694,79.73945,2026-09-05,837,2026-09-05 08:37:00,339.5,299.13,2.39,n,N20,VIIRS,D,0.32,0.54,2.0NRT
14.6912,77.86673,2026-09-05,837,2026-09-05 08:37:00,332.75,301.16,3.67,n,N20,VIIRS,D,0.48,0.48,2.0NRT
14.77551,79.7985,2026-09-05,837,2026-09-05 08:37:00,336.79,293.93,3.53,n,N20,VIIRS,D,0.32,0.55,2.0NRT
15.59282,79.31487,2026-09-05,837,2026-09-05 08:37:00,335.87,298.05,4.19,n,N20,VIIRS,D,0.61,0.54,2.0NRT
14.90556,80.03411,2026-09-05,837,2026-09-05 08:37:00,331.57,295.05,3.66,n,N20,VIIRS,D,0.34,0.56,2.0NRT
15.08348,77.32135,2026-09-05,837,2026-09-05 08:37:00,348.9,301.12,8.48,n,N20,VIIRS,D,0.45,0.47,2.0NRT
22.41711,69.04068,2026-09-05,837,2026-09-05 08:37:00,332.95,302.11,3.14,n,N20,VIIRS,D,0.39,0.36,2.0NRT
22.7807,69.45878,2026-09-05,837,2026-09-05 08:37:00,347.66,304.55,5.93,n,N20,VIIRS,D,0.38,0.36,2.0NRT
22.93241,69.69872,2026-09-05,837,2026-09-05 08:37:00,333.68,297.33,4.1,n,N20,VIIRS,D,0.38,0.36,2.0NRT
14.58984,76.70616,2026-09-05,837,2026-09-05 08:37:00,342.71,300.07,1.09,n,N20,VIIRS,D,0.4,0.44,2.0NRT
14.82764,78.13876,2026-09-05,837,2026-09-05 08:37:00,334.05,299.55,6.95,n,N20,VIIRS,D,0.5,0.49,2.0NRT
14.43444,77.70826,2026-09-05,837,2026-09-05 08:37:00,342.64,301.6,10.4,n,N20,VIIRS,D,0.46,0.47,2.0NRT
25.38611,68.58273,2026-09-05,837,2026-09-05 08:37:00,335.75,303.33,3.23,n,N20,VIIRS,D,0.38,0.36,2.0NRT
14.30583,77.72722,2026-09-05,837,2026-09-05 08:37:00,344.62,304.58,12.16,n,N20,VIIRS,D,0.46,0.47,2.0NRT
14.21385,79.22749,2026-09-05,837,2026-09-05 08:37:00,331.31,296.92,2.16,n,N20,VIIRS,D,0.58,0.52,2.0NRT
13.97459,80.08726,2026-09-05,837,2026-09-05 08:37:00,332.92,294.68,1.05,n,N20,VIIRS,D,0.33,0.55,2.0NRT
14.43309,77.70782,2026-09-05,837,2026-09-05 08:37:00,345.74,300.74,5.09,n,N20,VIIRS,D,0.46,0.47,2.0NRT
32.28847,73.2804,2026-09-05,839,2026-09-05 08:39:00,336.55,294.7,2.43,n,N20,VIIRS,D,0.42,0.45,2.0NRT
32.03239,70.58744,2026-09-05,839,2026-09-05 08:39:00,331.4,301.1,1.02,n,N20,VIIRS,D,0.46,0.39,2.0NRT
30.48693,73.84731,2026-09-05,839,2026-09-05 08:39:00,333.33,296.03,3.47,n,N20,VIIRS,D,0.43,0.46,2.0NRT
28.42537,69.70226,2026-09-05,839,2026-09-05 08:39:00,335.99,307.29,3.05,l,N20,VIIRS,D,0.4,0.37,2.0NRT
28.27718,68.16656,2026-09-05,839,2026-09-05 08:39:00,335.54,309.4,4.9,l,N20,VIIRS,D,0.38,0.36,2.0NRT
27.60247,68.69715,2026-09-05,839,2026-09-05 08:39:00,330.57,304.83,1.54,l,N20,VIIRS,D,0.39,0.36,2.0NRT
27.43381,70.85704,2026-09-05,839,2026-09-05 08:39:00,345.35,309.37,7.71,n,N20,VIIRS,D,0.43,0.38,2.0NRT
27.4251,70.81876,2026-09-05,839,2026-09-05 08:39:00,340.09,310.94,4.51,l,N20,VIIRS,D,0.43,0.38,2.0NRT
27.43322,70.85271,2026-09-05,839,2026-09-05 08:39:00,339.12,307.31,7.71,n,N20,VIIRS,D,0.43,0.38,2.0NRT
27.38026,95.33467,2026-09-05,1828,2026-09-05 18:28:00,301.69,275.98,4.51,n,N21,VIIRS,N,0.61,0.71,2.0NRT
22.35589,96.70292,2026-09-05,1830,2026-09-05 18:30:00,302.46,286.06,1.36,n,N21,VIIRS,N,0.45,0.63,2.0NRT
22.35504,96.70245,2026-09-05,1830,2026-09-05 18:30:00,304.58,286.31,1.22,n,N21,VIIRS,N,0.45,0.63,2.0NRT
21.59217,96.22788,2026-09-05,1830,2026-09-05 18:30:00,306.32,286.91,1.58,n,N21,VIIRS,N,0.47,0.64,2.0NRT
15.12755,94.78048,2026-09-05,1832,2026-09-05 18:32:00,323.16,285.57,6.0,n,N21,VIIRS,N,0.49,0.65,2.0NRT
15.12482,94.77975,2026-09-05,1832,2026-09-05 18:32:00,328.1,285.55,5.59,n,N21,VIIRS,N,0.49,0.65,2.0NRT
23.77441,86.36259,2026-09-05,1923,2026-09-05 19:23:00,311.34,271.28,0.78,n,N20,VIIRS,N,0.32,0.55,2.0NRT
23.77493,86.19585,2026-09-05,1923,2026-09-05 19:23:00,299.12,274.71,1.82,n,N20,VIIRS,N,0.33,0.55,2.0NRT
23.77525,86.19253,2026-09-05,1923,2026-09-05 19:23:00,297.06,273.71,0.94,n,N20,VIIRS,N,0.33,0.55,2.0NRT
23.77727,86.38577,2026-09-05,1923,2026-09-05 19:23:00,305.92,273.47,0.96,n,N20,VIIRS,N,0.32,0.55,2.0NRT
23.77879,86.20972,2026-09-05,1923,2026-09-05 19:23:00,305.14,281.73,1.72,n,N20,VIIRS,N,0.33,0.55,2.0NRT
23.7791,86.20641,2026-09-05,1923,2026-09-05 19:23:00,307.37,281.14,2.63,n,N20,VIIRS,N,0.33,0.55,2.0NRT
23.78201,86.38963,2026-09-05,1923,2026-09-05 19:23:00,311.6,272.85,0.96,n,N20,VIIRS,N,0.32,0.55,2.0NRT
23.80313,86.3307,2026-09-05,1923,2026-09-05 19:23:00,299.64,265.41,0.58,n,N20,VIIRS,N,0.33,0.55,2.0NRT
27.46206,95.47509,2026-09-05,1923,2026-09-05 19:23:00,309.11,288.95,1.46,n,N20,VIIRS,N,0.39,0.36,2.0NRT
23.80344,86.32746,2026-09-05,1923,2026-09-05 19:23:00,299.3,267.35,0.61,n,N20,VIIRS,N,0.33,0.55,2.0NRT
23.7741,86.36582,2026-09-05,1923,2026-09-05 19:23:00,303.37,270.96,0.63,n,N20,VIIRS,N,0.32,0.55,2.0NRT
23.80851,86.32807,2026-09-05,1923,2026-09-05 19:23:00,297.19,269.18,0.61,n,N20,VIIRS,N,0.33,0.55,2.0NRT
23.79619,86.34912,2026-09-05,1923,2026-09-05 19:23:00,302.05,270.94,0.48,n,N20,VIIRS,N,0.32,0.55,2.0NRT
23.80125,86.34982,2026-09-05,1923,2026-09-05 19:23:00,307.24,274.81,1.36,n,N20,VIIRS,N,0.32,0.55,2.0NRT
23.79588,86.35237,2026-09-05,1923,2026-09-05 19:23:00,300.11,272.03,0.48,n,N20,VIIRS,N,0.32,0.55,2.0NRT
23.77039,86.40411,2026-09-05,1923,2026-09-05 19:23:00,302.92,273.27,1.07,n,N20,VIIRS,N,0.32,0.55,2.0NRT
23.77696,86.38895,2026-09-05,1923,2026-09-05 19:23:00,300.37,273.43,0.96,n,N20,VIIRS,N,0.32,0.55,2.0NRT
23.76565,86.40026,2026-09-05,1923,2026-09-05 19:23:00,300.97,272.02,1.82,n,N20,VIIRS,N,0.32,0.55,2.0NRT
23.76658,86.3907,2026-09-05,1923,2026-09-05 19:23:00,303.87,277.18,1.54,n,N20,VIIRS,N,0.32,0.55,2.0NRT
23.66634,87.15578,2026-09-05,1923,2026-09-05 19:23:00,317.36,290.2,4.75,n,N20,VIIRS,N,0.57,0.52,2.0NRT
23.68955,87.11856,2026-09-05,1923,2026-09-05 19:23:00,310.49,289.7,4.93,n,N20,VIIRS,N,0.58,0.52,2.0NRT
23.69493,87.11353,2026-09-05,1923,2026-09-05 19:23:00,307.16,289.52,2.3,n,N20,VIIRS,N,0.58,0.52,2.0NRT
23.69551,87.10785,2026-09-05,1923,2026-09-05 19:23:00,307.48,289.12,2.3,n,N20,VIIRS,N,0.58,0.52,2.0NRT
23.69436,87.11919,2026-09-05,1923,2026-09-05 19:23:00,314.37,289.79,5.74,n,N20,VIIRS,N,0.58,0.52,2.0NRT
23.75404,86.41497,2026-09-05,1923,2026-09-05 19:23:00,303.62,272.33,0.77,n,N20,VIIRS,N,0.32,0.55,2.0NRT
23.7603,86.40284,2026-09-05,1923,2026-09-05 19:23:00,299.74,270.26,0.47,n,N20,VIIRS,N,0.32,0.55,2.0NRT
23.76062,86.39961,2026-09-05,1923,2026-09-05 19:23:00,302.62,270.63,1.06,n,N20,VIIRS,N,0.32,0.55,2.0NRT
23.76534,86.40349,2026-09-05,1923,2026-09-05 19:23:00,315.82,272.15,1.07,n,N20,VIIRS,N,0.32,0.55,2.0NRT
23.56073,87.23611,2026-09-05,1925,2026-09-05 19:25:00,310.71,289.86,2.63,n,N20,VIIRS,N,0.57,0.52,2.0NRT
23.61127,85.67277,2026-09-05,1925,2026-09-05 19:25:00,299.22,278.63,0.36,n,N20,VIIRS,N,0.36,0.57,2.0NRT
23.56278,87.0825,2026-09-05,1925,2026-09-05 19:25:00,310.48,290.43,1.79,n,N20,VIIRS,N,0.58,0.52,2.0NRT
23.56203,87.08309,2026-09-05,1925,2026-09-05 19:25:00,312.8,290.18,2.37,n,N20,VIIRS,N,0.58,0.52,2.0NRT
23.56106,87.23698,2026-09-05,1925,2026-09-05 19:25:00,315.76,289.88,5.72,n,N20,VIIRS,N,0.57,0.52,2.0NRT
23.61148,85.67413,2026-09-05,1925,2026-09-05 19:25:00,303.14,280.36,0.55,n,N20,VIIRS,N,0.36,0.57,2.0NRT
23.56012,87.24169,2026-09-05,1925,2026-09-05 19:25:00,307.16,289.86,2.63,n,N20,VIIRS,N,0.57,0.52,2.0NRT
22.80418,86.08908,2026-09-05,1925,2026-09-05 19:25:00,310.46,290.64,1.47,n,N20,VIIRS,N,0.33,0.55,2.0NRT
23.55536,87.2411,2026-09-05,1925,2026-09-05 19:25:00,306.2,290.09,2.63,n,N20,VIIRS,N,0.57,0.52,2.0NRT
22.96413,85.99792,2026-09-05,1925,2026-09-05 19:25:00,304.65,289.82,0.55,n,N20,VIIRS,N,0.33,0.56,2.0NRT
22.87717,86.06215,2026-09-05,1925,2026-09-05 19:25:00,314.57,290.6,1.64,n,N20,VIIRS,N,0.33,0.55,2.0NRT
23.61385,86.78893,2026-09-05,1925,2026-09-05 19:25:00,307.47,289.84,4.17,n,N20,VIIRS,N,0.6,0.53,2.0NRT
22.7991,86.08846,2026-09-05,1925,2026-09-05 19:25:00,311.78,290.22,1.15,n,N20,VIIRS,N,0.33,0.55,2.0NRT
22.79804,86.19794,2026-09-05,1925,2026-09-05 19:25:00,313.33,290.93,1.39,n,N20,VIIRS,N,0.32,0.55,2.0NRT
22.79299,86.19738,2026-09-05,1925,2026-09-05 19:25:00,307.98,290.96,1.39,n,N20,VIIRS,N,0.32,0.55,2.0NRT
23.55573,87.24197,2026-09-05,1925,2026-09-05 19:25:00,307.49,290.31,6.12,n,N20,VIIRS,N,0.57,0.52,2.0NRT
23.64886,85.43806,2026-09-05,1925,2026-09-05 19:25:00,325.92,286.51,1.69,n,N20,VIIRS,N,0.37,0.58,2.0NRT
23.666,84.999,2026-09-05,1925,2026-09-05 19:25:00,310.1,287.88,1.49,n,N20,VIIRS,N,0.4,0.6,2.0NRT
23.65887,85.50546,2026-09-05,1925,2026-09-05 19:25:00,303.29,281.76,0.63,n,N20,VIIRS,N,0.37,0.58,2.0NRT
22.57535,85.88969,2026-09-05,1925,2026-09-05 19:25:00,306.07,289.82,2.01,n,N20,VIIRS,N,0.34,0.56,2.0NRT
23.68207,86.08438,2026-09-05,1925,2026-09-05 19:25:00,305.68,267.27,0.81,n,N20,VIIRS,N,0.34,0.56,2.0NRT
23.68409,87.12768,2026-09-05,1925,2026-09-05 19:25:00,308.02,289.24,2.17,n,N20,VIIRS,N,0.58,0.52,2.0NRT
23.68951,87.1226,2026-09-05,1925,2026-09-05 19:25:00,309.86,290.08,2.17,n,N20,VIIRS,N,0.58,0.52,2.0NRT
23.69889,85.36634,2026-09-05,1925,2026-09-05 19:25:00,305.06,286.86,0.82,n,N20,VIIRS,N,0.37,0.58,2.0NRT
23.70099,86.07278,2026-09-05,1925,2026-09-05 19:25:00,318.05,276.9,1.13,n,N20,VIIRS,N,0.34,0.56,2.0NRT
23.7373,86.43405,2026-09-05,1925,2026-09-05 19:25:00,300.68,264.62,0.39,n,N20,VIIRS,N,0.32,0.55,2.0NRT
23.6798,86.39781,2026-09-05,1925,2026-09-05 19:25:00,304.47,269.34,0.55,n,N20,VIIRS,N,0.32,0.55,2.0NRT
23.67914,86.08373,2026-09-05,1925,2026-09-05 19:25:00,311.44,268.6,0.8,n,N20,VIIRS,N,0.34,0.56,2.0NRT
23.67692,86.08381,2026-09-05,1925,2026-09-05 19:25:00,300.61,268.52,0.81,n,N20,VIIRS,N,0.34,0.56,2.0NRT
23.67184,84.99578,2026-09-05,1925,2026-09-05 19:25:00,302.86,286.5,0.76,n,N20,VIIRS,N,0.4,0.6,2.0NRT
23.67165,84.99418,2026-09-05,1925,2026-09-05 19:25:00,304.73,285.84,1.6,n,N20,VIIRS,N,0.4,0.6,2.0NRT
23.66663,87.1541,2026-09-05,1925,2026-09-05 19:25:00,313.19,290.34,4.14,n,N20,VIIRS,N,0.57,0.52,2.0NRT
23.73763,86.4309,2026-09-05,1925,2026-09-05 19:25:00,300.79,264.87,0.39,n,N20,VIIRS,N,0.32,0.55,2.0NRT
23.66578,84.99745,2026-09-05,1925,2026-09-05 19:25:00,310.52,287.52,2.08,n,N20,VIIRS,N,0.39,0.6,2.0NRT
23.64919,85.43445,2026-09-05,1925,2026-09-05 19:25:00,316.86,285.85,1.69,n,N20,VIIRS,N,0.37,0.58,2.0NRT
22.57469,85.89632,2026-09-05,1925,2026-09-05 19:25:00,320.47,290.51,1.77,n,N20,VIIRS,N,0.34,0.56,2.0NRT
21.6751,84.03875,2026-09-05,1925,2026-09-05 19:25:00,304.72,286.63,1.31,n,N20,VIIRS,N,0.43,0.62,2.0NRT
22.37779,87.27859,2026-09-05,1925,2026-09-05 19:25:00,328.67,291.7,6.52,n,N20,VIIRS,N,0.54,0.51,2.0NRT
21.68121,84.0351,2026-09-05,1925,2026-09-05 19:25:00,307.64,287.15,1.76,n,N20,VIIRS,N,0.43,0.62,2.0NRT
21.68082,84.03934,2026-09-05,1925,2026-09-05 19:25:00,309.86,287.56,1.31,n,N20,VIIRS,N,0.43,0.62,2.0NRT
21.57263,85.64584,2026-09-05,1925,2026-09-05 19:25:00,303.23,288.81,0.45,n,N20,VIIRS,N,0.34,0.56,2.0NRT
19.10137,82.16523,2026-09-05,1925,2026-09-05 19:25:00,308.25,286.07,2.07,n,N20,VIIRS,N,0.54,0.68,2.0NRT
17.6948,83.24045,2026-09-05,1925,2026-09-05 19:25:00,317.07,289.69,3.14,n,N20,VIIRS,N,0.44,0.62,2.0NRT
17.69332,83.24108,2026-09-05,1925,2026-09-05 19:25:00,314.76,289.05,2.76,n,N20,VIIRS,N,0.44,0.62,2.0NRT
22.38003,87.27818,2026-09-05,1925,2026-09-05 19:25:00,327.43,291.55,7.26,n,N20,VIIRS,N,0.54,0.51,2.0NRT
17.61015,83.20161,2026-09-05,1925,2026-09-05 19:25:00,317.68,289.42,2.59,n,N20,VIIRS,N,0.44,0.62,2.0NRT
15.12624,94.78121,2026-09-05,1925,2026-09-05 19:25:00,332.24,291.48,4.99,n,N20,VIIRS,N,0.4,0.37,2.0NRT
23.84328,84.94684,2026-09-05,1925,2026-09-05 19:25:00,298.18,278.39,0.52,n,N20,VIIRS,N,0.4,0.6,2.0NRT
23.8387,85.46757,2026-09-05,1925,2026-09-05 19:25:00,300.7,280.21,0.52,n,N20,VIIRS,N,0.37,0.58,2.0NRT
23.8252,85.49538,2026-09-05,1925,2026-09-05 19:25:00,298.88,278.12,0.74,n,N20,VIIRS,N,0.37,0.58,2.0NRT
23.75867,85.85409,2026-09-05,1925,2026-09-05 19:25:00,299.35,273.16,1.02,n,N20,VIIRS,N,0.35,0.57,2.0NRT
23.75433,86.41714,2026-09-05,1925,2026-09-05 19:25:00,301.97,273.02,1.2,n,N20,VIIRS,N,0.32,0.55,2.0NRT
17.60911,83.20141,2026-09-05,1925,2026-09-05 19:25:00,315.69,289.17,3.13,n,N20,VIIRS,N,0.44,0.62,2.0NRT
21.75756,84.02261,2026-09-05,1925,2026-09-05 19:25:00,308.01,286.78,1.54,n,N20,VIIRS,N,0.43,0.62,2.0NRT
21.68499,85.43456,2026-09-05,1925,2026-09-05 19:25:00,304.08,288.44,0.57,n,N20,VIIRS,N,0.35,0.57,2.0NRT
21.92455,85.22067,2026-09-05,1925,2026-09-05 19:25:00,308.0,287.07,1.0,n,N20,VIIRS,N,0.36,0.58,2.0NRT
22.37088,87.29912,2026-09-05,1925,2026-09-05 19:25:00,306.66,290.45,3.46,n,N20,VIIRS,N,0.54,0.51,2.0NRT
22.36829,87.29809,2026-09-05,1925,2026-09-05 19:25:00,316.01,290.77,4.82,n,N20,VIIRS,N,0.54,0.51,2.0NRT
22.36625,87.01411,2026-09-05,1925,2026-09-05 19:25:00,309.08,290.54,1.75,n,N20,VIIRS,N,0.57,0.52,2.0NRT
22.3662,87.29851,2026-09-05,1925,2026-09-05 19:25:00,318.82,290.71,3.46,n,N20,VIIRS,N,0.54,0.51,2.0NRT
22.3609,87.01897,2026-09-05,1925,2026-09-05 19:25:00,305.71,290.54,1.23,n,N20,VIIRS,N,0.56,0.52,2.0NRT
21.75904,84.0227,2026-09-05,1925,2026-09-05 19:25:00,302.35,286.48,0.82,n,N20,VIIRS,N,0.43,0.62,2.0NRT
22.21219,84.86086,2026-09-05,1925,2026-09-05 19:25:00,306.85,288.28,1.75,n,N20,VIIRS,N,0.39,0.59,2.0NRT
22.21696,84.86906,2026-09-05,1925,2026-09-05 19:25:00,310.3,287.88,1.33,n,N20,VIIRS,N,0.39,0.59,2.0NRT
22.211,84.86073,2026-09-05,1925,2026-09-05 19:25:00,307.75,287.87,2.26,n,N20,VIIRS,N,0.39,0.59,2.0NRT
22.0543,85.46281,2026-09-05,1925,2026-09-05 19:25:00,303.28,288.26,0.63,n,N20,VIIRS,N,0.35,0.57,2.0NRT
22.05409,88.12331,2026-09-05,1925,2026-09-05 19:25:00,313.14,291.68,4.8,n,N20,VIIRS,N,0.48,0.48,2.0NRT
21.96817,85.31213,2026-09-05,1925,2026-09-05 19:25:00,302.9,287.98,0.6,n,N20,VIIRS,N,0.36,0.57,2.0NRT
21.9302,85.21793,2026-09-05,1925,2026-09-05 19:25:00,299.16,287.91,1.0,n,N20,VIIRS,N,0.36,0.58,2.0NRT
21.92986,85.22138,2026-09-05,1925,2026-09-05 19:25:00,308.46,288.07,1.0,n,N20,VIIRS,N,0.36,0.58,2.0NRT
22.21149,84.86848,2026-09-05,1925,2026-09-05 19:25:00,302.74,287.69,1.33,n,N20,VIIRS,N,0.39,0.59,2.0NRT
23.75631,86.39796,2026-09-05,1925,2026-09-05 19:25:00,299.4,275.0,0.77,n,N20,VIIRS,N,0.32,0.55,2.0NRT
13.15991,80.27797,2026-09-05,1928,2026-09-05 19:28:00,306.34,285.87,1.59,n,N20,VIIRS,N,0.61,0.71,2.0NRT
13.16012,80.28133,2026-09-05,1928,2026-09-05 19:28:00,306.44,286.03,2.69,n,N20,VIIRS,N,0.61,0.71,2.0NRT
7.70126,80.44299,2026-09-05,1930,2026-09-05 19:30:00,300.99,281.53,1.02,n,N20,VIIRS,N,0.5,0.66,2.0NRT
27.49386,86.55471,2026-09-05,2008,2026-09-05 20:08:00,296.24,283.05,0.75,n,N21,VIIRS,N,0.44,0.38,2.0NRT
29.47612,76.85525,2026-09-05,2008,2026-09-05 20:08:00,303.57,287.24,0.57,n,N21,VIIRS,N,0.48,0.48,2.0NRT
29.72195,72.06939,2026-09-05,2008,2026-09-05 20:08:00,318.61,289.21,3.19,n,N21,VIIRS,N,0.48,0.64,2.0NRT
32.09121,74.14559,2026-09-05,2008,2026-09-05 20:08:00,308.15,290.77,1.38,n,N21,VIIRS,N,0.38,0.58,2.0NRT
27.45998,95.47742,2026-09-05,2008,2026-09-05 20:08:00,302.81,285.46,0.34,n,N21,VIIRS,N,0.46,0.63,2.0NRT
23.67502,86.08669,2026-09-05,2010,2026-09-05 20:10:00,313.97,291.53,2.56,n,N21,VIIRS,N,0.46,0.39,2.0NRT
23.76203,86.40067,2026-09-05,2010,2026-09-05 20:10:00,313.64,275.82,2.1,n,N21,VIIRS,N,0.48,0.4,2.0NRT
23.69731,85.35693,2026-09-05,2010,2026-09-05 20:10:00,301.44,284.32,0.98,n,N21,VIIRS,N,0.43,0.38,2.0NRT
23.71215,86.44777,2026-09-05,2010,2026-09-05 20:10:00,312.63,289.7,2.39,n,N21,VIIRS,N,0.48,0.4,2.0NRT
23.71131,86.4524,2026-09-05,2010,2026-09-05 20:10:00,319.92,290.31,3.36,n,N21,VIIRS,N,0.48,0.4,2.0NRT
23.70852,86.447,2026-09-05,2010,2026-09-05 20:10:00,315.9,289.96,2.39,n,N21,VIIRS,N,0.48,0.4,2.0NRT
23.69961,86.07338,2026-09-05,2010,2026-09-05 20:10:00,323.47,285.72,4.46,n,N21,VIIRS,N,0.46,0.39,2.0NRT
23.67533,86.40147,2026-09-05,2010,2026-09-05 20:10:00,321.76,294.59,3.81,n,N21,VIIRS,N,0.48,0.4,2.0NRT
23.69594,87.0929,2026-09-05,2010,2026-09-05 20:10:00,308.84,287.72,2.14,n,N21,VIIRS,N,0.52,0.41,2.0NRT
23.69513,85.36953,2026-09-05,2010,2026-09-05 20:10:00,317.14,288.69,2.54,n,N21,VIIRS,N,0.43,0.38,2.0NRT
23.69505,85.28721,2026-09-05,2010,2026-09-05 20:10:00,305.53,289.69,1.94,n,N21,VIIRS,N,0.43,0.38,2.0NRT
23.69411,87.12382,2026-09-05,2010,2026-09-05 20:10:00,314.47,289.23,4.7,n,N21,VIIRS,N,0.52,0.41,2.0NRT
23.68659,87.12218,2026-09-05,2010,2026-09-05 20:10:00,311.02,288.57,5.3,n,N21,VIIRS,N,0.52,0.41,2.0NRT
23.68512,86.38915,2026-09-05,2010,2026-09-05 20:10:00,307.59,291.83,3.98,n,N21,VIIRS,N,0.48,0.4,2.0NRT
23.68428,86.39372,2026-09-05,2010,2026-09-05 20:10:00,330.86,294.16,3.98,n,N21,VIIRS,N,0.48,0.4,2.0NRT
23.68136,86.0927,2026-09-05,2010,2026-09-05 20:10:00,329.91,291.39,8.96,n,N21,VIIRS,N,0.46,0.39,2.0NRT
23.68057,86.09719,2026-09-05,2010,2026-09-05 20:10:00,326.49,291.32,6.99,n,N21,VIIRS,N,0.46,0.39,2.0NRT
23.71271,86.42383,2026-09-05,2010,2026-09-05 20:10:00,309.43,291.78,3.71,n,N21,VIIRS,N,0.48,0.4,2.0NRT
23.67981,86.39758,2026-09-05,2010,2026-09-05 20:10:00,312.26,293.12,4.02,n,N21,VIIRS,N,0.48,0.4,2.0NRT
20.69557,78.63858,2026-09-05,2010,2026-09-05 20:10:00,312.01,289.79,1.69,n,N21,VIIRS,N,0.46,0.39,2.0NRT
20.78375,85.26329,2026-09-05,2010,2026-09-05 20:10:00,308.54,288.87,3.11,n,N21,VIIRS,N,0.46,0.39,2.0NRT
20.78809,85.25961,2026-09-05,2010,2026-09-05 20:10:00,304.18,285.85,1.75,n,N21,VIIRS,N,0.46,0.39,2.0NRT
20.79319,85.25151,2026-09-05,2010,2026-09-05 20:10:00,303.43,284.29,1.11,n,N21,VIIRS,N,0.46,0.39,2.0NRT
20.80549,85.25647,2026-09-05,2010,2026-09-05 20:10:00,303.08,286.5,1.68,n,N21,VIIRS,N,0.46,0.39,2.0NRT
20.88697,84.98214,2026-09-05,2010,2026-09-05 20:10:00,310.44,282.62,2.3,n,N21,VIIRS,N,0.45,0.39,2.0NRT
20.95448,85.01337,2026-09-05,2010,2026-09-05 20:10:00,301.26,279.03,1.77,n,N21,VIIRS,N,0.45,0.39,2.0NRT
21.07742,85.0393,2026-09-05,2010,2026-09-05 20:10:00,310.86,291.45,3.03,n,N21,VIIRS,N,0.45,0.39,2.0NRT
21.09986,72.63612,2026-09-05,2010,2026-09-05 20:10:00,301.42,286.78,0.87,n,N21,VIIRS,N,0.35,0.57,2.0NRT
21.10406,72.64688,2026-09-05,2010,2026-09-05 20:10:00,311.77,290.06,3.22,n,N21,VIIRS,N,0.35,0.57,2.0NRT
21.1044,72.64349,2026-09-05,2010,2026-09-05 20:10:00,308.08,287.78,2.29,n,N21,VIIRS,N,0.35,0.57,2.0NRT
21.33678,78.96844,2026-09-05,2010,2026-09-05 20:10:00,304.58,286.98,1.0,n,N21,VIIRS,N,0.45,0.39,2.0NRT
21.75567,84.02476,2026-09-05,2010,2026-09-05 20:10:00,307.75,292.57,2.65,n,N21,VIIRS,N,0.41,0.37,2.0NRT
21.76371,84.01826,2026-09-05,2010,2026-09-05 20:10:00,312.38,292.64,4.55,n,N21,VIIRS,N,0.41,0.37,2.0NRT
23.67702,86.39223,2026-09-05,2010,2026-09-05 20:10:00,309.54,291.7,2.6,n,N21,VIIRS,N,0.48,0.4,2.0NRT
23.71806,85.00999,2026-09-05,2010,2026-09-05 20:10:00,307.03,287.2,0.49,n,N21,VIIRS,N,0.42,0.38,2.0NRT
23.73718,85.02235,2026-09-05,2010,2026-09-05 20:10:00,302.78,286.36,0.7,n,N21,VIIRS,N,0.42,0.38,2.0NRT
23.73728,86.43386,2026-09-05,2010,2026-09-05 20:10:00,331.03,286.7,6.3,n,N21,VIIRS,N,0.48,0.4,2.0NRT
25.39075,68.58009,2026-09-05,2010,2026-09-05 20:10:00,312.25,292.53,2.81,n,N21,VIIRS,N,0.72,0.75,2.0NRT
25.39008,68.57923,2026-09-05,2010,2026-09-05 20:10:00,311.22,292.34,1.85,n,N21,VIIRS,N,0.72,0.76,2.0NRT
24.20427,82.71069,2026-09-05,2010,2026-09-05 20:10:00,306.37,283.66,2.18,n,N21,VIIRS,N,0.38,0.36,2.0NRT
24.14729,82.65858,2026-09-05,2010,2026-09-05 20:10:00,302.08,287.02,0.78,n,N21,VIIRS,N,0.38,0.36,2.0NRT
24.13681,82.726,2026-09-05,2010,2026-09-05 20:10:00,310.82,289.68,1.21,n,N21,VIIRS,N,0.38,0.36,2.0NRT
23.82782,84.57143,2026-09-05,2010,2026-09-05 20:10:00,309.52,289.38,2.2,n,N21,VIIRS,N,0.41,0.37,2.0NRT
23.80522,86.3315,2026-09-05,2010,2026-09-05 20:10:00,305.43,269.68,2.3,n,N21,VIIRS,N,0.47,0.4,2.0NRT
23.80162,86.33073,2026-09-05,2010,2026-09-05 20:10:00,312.04,270.26,2.3,n,N21,VIIRS,N,0.47,0.4,2.0NRT
23.78718,85.55292,2026-09-05,2010,2026-09-05 20:10:00,309.71,276.13,1.22,n,N21,VIIRS,N,0.44,0.38,2.0NRT
23.78103,86.2099,2026-09-05,2010,2026-09-05 20:10:00,326.33,284.23,4.33,n,N21,VIIRS,N,0.47,0.4,2.0NRT
23.77997,85.57357,2026-09-05,2010,2026-09-05 20:10:00,300.83,280.76,1.04,n,N21,VIIRS,N,0.44,0.38,2.0NRT
23.77989,86.38808,2026-09-05,2010,2026-09-05 20:10:00,304.38,273.5,1.46,n,N21,VIIRS,N,0.48,0.4,2.0NRT
23.77909,86.34697,2026-09-05,2010,2026-09-05 20:10:00,302.54,271.37,1.53,n,N21,VIIRS,N,0.48,0.4,2.0NRT
23.77898,86.38986,2026-09-05,2010,2026-09-05 20:10:00,309.4,274.82,2.73,n,N21,VIIRS,N,0.48,0.4,2.0NRT
23.77744,86.20918,2026-09-05,2010,2026-09-05 20:10:00,311.4,284.65,3.25,n,N21,VIIRS,N,0.47,0.4,2.0NRT
23.77627,86.38731,2026-09-05,2010,2026-09-05 20:10:00,300.34,272.44,1.46,n,N21,VIIRS,N,0.48,0.4,2.0NRT
23.77583,86.36533,2026-09-05,2010,2026-09-05 20:10:00,301.3,274.57,1.55,n,N21,VIIRS,N,0.48,0.4,2.0NRT
23.73929,85.01005,2026-09-05,2010,2026-09-05 20:10:00,312.86,289.07,2.29,n,N21,VIIRS,N,0.42,0.38,2.0NRT
23.74508,85.50452,2026-09-05,2010,2026-09-05 20:10:00,300.71,282.52,0.54,n,N21,VIIRS,N,0.44,0.38,2.0NRT
23.75274,85.85497,2026-09-05,2010,2026-09-05 20:10:00,307.17,289.72,1.31,n,N21,VIIRS,N,0.45,0.39,2.0NRT
23.75628,85.85568,2026-09-05,2010,2026-09-05 20:10:00,308.78,290.23,2.67,n,N21,VIIRS,N,0.45,0.39,2.0NRT
23.75704,85.85133,2026-09-05,2010,2026-09-05 20:10:00,309.4,289.26,1.52,n,N21,VIIRS,N,0.45,0.39,2.0NRT
23.75759,86.4045,2026-09-05,2010,2026-09-05 20:10:00,310.67,279.56,2.42,n,N21,VIIRS,N,0.48,0.4,2.0NRT
21.76709,84.0189,2026-09-05,2010,2026-09-05 20:10:00,322.11,293.11,2.59,n,N21,VIIRS,N,0.41,0.37,2.0NRT
23.75841,86.3999,2026-09-05,2010,2026-09-05 20:10:00,304.9,277.02,2.01,n,N21,VIIRS,N,0.48,0.4,2.0NRT
23.76483,86.40603,2026-09-05,2010,2026-09-05 20:10:00,309.74,276.0,1.75,n,N21,VIIRS,N,0.48,0.4,2.0NRT
23.76565,86.40144,2026-09-05,2010,2026-09-05 20:10:00,301.05,273.73,2.1,n,N21,VIIRS,N,0.48,0.4,2.0NRT
23.76927,86.40222,2026-09-05,2010,2026-09-05 20:10:00,300.53,273.14,1.09,n,N21,VIIRS,N,0.48,0.4,2.0NRT
23.77187,86.19864,2026-09-05,2010,2026-09-05 20:10:00,303.1,277.17,0.92,n,N21,VIIRS,N,0.47,0.4,2.0NRT
23.77222,86.36455,2026-09-05,2010,2026-09-05 20:10:00,308.15,274.3,2.31,n,N21,VIIRS,N,0.48,0.4,2.0NRT
23.77267,86.19411,2026-09-05,2010,2026-09-05 20:10:00,301.46,277.59,1.01,n,N21,VIIRS,N,0.47,0.4,2.0NRT
23.76121,86.40527,2026-09-05,2010,2026-09-05 20:10:00,312.45,277.56,1.75,n,N21,VIIRS,N,0.48,0.4,2.0NRT
21.77047,84.01955,2026-09-05,2010,2026-09-05 20:10:00,310.59,292.24,2.59,n,N21,VIIRS,N,0.41,0.37,2.0NRT
23.67618,86.39684,2026-09-05,2010,2026-09-05 20:10:00,314.98,293.67,3.81,n,N21,VIIRS,N,0.48,0.4,2.0NRT
21.81763,83.99536,2026-09-05,2010,2026-09-05 20:10:00,305.71,291.41,3.04,n,N21,VIIRS,N,0.41,0.37,2.0NRT
22.57382,85.89554,2026-09-05,2010,2026-09-05 20:10:00,342.22,294.39,7.45,n,N21,VIIRS,N,0.47,0.4,2.0NRT
22.57463,85.89106,2026-09-05,2010,2026-09-05 20:10:00,309.35,292.93,2.21,n,N21,VIIRS,N,0.47,0.4,2.0NRT
22.59097,85.90384,2026-09-05,2010,2026-09-05 20:10:00,307.25,292.47,1.84,n,N21,VIIRS,N,0.47,0.4,2.0NRT
22.78233,86.20396,2026-09-05,2010,2026-09-05 20:10:00,306.54,293.29,1.65,n,N21,VIIRS,N,0.48,0.4,2.0NRT
22.78679,86.20014,2026-09-05,2010,2026-09-05 20:10:00,308.97,293.68,1.65,n,N21,VIIRS,N,0.48,0.4,2.0NRT
23.6678,84.99622,2026-09-05,2010,2026-09-05 20:10:00,304.81,290.35,0.75,n,N21,VIIRS,N,0.42,0.38,2.0NRT
23.66499,87.15402,2026-09-05,2010,2026-09-05 20:10:00,303.51,274.19,1.2,n,N21,VIIRS,N,0.52,0.42,2.0NRT
23.66405,87.15904,2026-09-05,2010,2026-09-05 20:10:00,305.22,271.82,1.2,n,N21,VIIRS,N,0.52,0.42,2.0NRT
23.66368,84.99961,2026-09-05,2010,2026-09-05 20:10:00,304.65,290.89,0.9,n,N21,VIIRS,N,0.42,0.38,2.0NRT
22.37877,87.28007,2026-09-05,2010,2026-09-05 20:10:00,327.63,293.8,3.77,n,N21,VIIRS,N,0.56,0.43,2.0NRT
23.56101,87.08167,2026-09-05,2010,2026-09-05 20:10:00,312.78,292.49,4.73,n,N21,VIIRS,N,0.52,0.41,2.0NRT
23.56006,87.23399,2026-09-05,2010,2026-09-05 20:10:00,310.14,291.54,2.63,n,N21,VIIRS,N,0.53,0.42,2.0NRT
23.55911,87.23907,2026-09-05,2010,2026-09-05 20:10:00,315.09,291.65,5.76,n,N21,VIIRS,N,0.53,0.42,2.0NRT
23.55145,86.54217,2026-09-05,2010,2026-09-05 20:10:00,304.01,285.36,1.05,n,N21,VIIRS,N,0.49,0.4,2.0NRT
22.87283,88.21246,2026-09-05,2010,2026-09-05 20:10:00,305.18,289.89,2.67,n,N21,VIIRS,N,0.41,0.45,2.0NRT
22.87173,86.06425,2026-09-05,2010,2026-09-05 20:10:00,309.81,292.42,1.5,n,N21,VIIRS,N,0.47,0.4,2.0NRT
22.81455,86.08678,2026-09-05,2010,2026-09-05 20:10:00,319.93,292.35,3.02,n,N21,VIIRS,N,0.48,0.4,2.0NRT
22.79769,86.20249,2026-09-05,2010,2026-09-05 20:10:00,307.99,293.22,2.29,n,N21,VIIRS,N,0.48,0.4,2.0NRT
22.79125,86.19631,2026-09-05,2010,2026-09-05 20:10:00,308.75,293.4,2.41,n,N21,VIIRS,N,0.48,0.4,2.0NRT
22.7896,86.20553,2026-09-05,2010,2026-09-05 20:10:00,310.74,293.44,3.02,n,N21,VIIRS,N,0.48,0.4,2.0NRT
23.561,87.22893,2026-09-05,2010,2026-09-05 20:10:00,310.94,291.43,2.63,n,N21,VIIRS,N,0.53,0.42,2.0NRT
22.36787,87.01679,2026-09-05,2010,2026-09-05 20:10:00,307.73,292.8,1.5,n,N21,VIIRS,N,0.54,0.42,2.0NRT
22.3749,87.27922,2026-09-05,2010,2026-09-05 20:10:00,314.23,293.32,3.77,n,N21,VIIRS,N,0.56,0.43,2.0NRT
22.20885,84.86406,2026-09-05,2010,2026-09-05 20:10:00,322.75,291.11,5.04,n,N21,VIIRS,N,0.43,0.38,2.0NRT
21.85717,83.96687,2026-09-05,2010,2026-09-05 20:10:00,309.54,291.72,3.14,n,N21,VIIRS,N,0.41,0.37,2.0NRT
21.9213,83.34872,2026-09-05,2010,2026-09-05 20:10:00,300.73,285.13,0.91,n,N21,VIIRS,N,0.39,0.36,2.0NRT
21.92353,85.22436,2026-09-05,2010,2026-09-05 20:10:00,317.76,290.94,2.65,n,N21,VIIRS,N,0.45,0.39,2.0NRT
21.92794,83.34996,2026-09-05,2010,2026-09-05 20:10:00,295.74,283.72,0.86,n,N21,VIIRS,N,0.39,0.36,2.0NRT
21.93132,85.22147,2026-09-05,2010,2026-09-05 20:10:00,310.59,291.02,1.77,n,N21,VIIRS,N,0.45,0.39,2.0NRT
21.98956,85.32646,2026-09-05,2010,2026-09-05 20:10:00,305.55,290.81,1.09,n,N21,VIIRS,N,0.45,0.39,2.0NRT
22.05061,88.12418,2026-09-05,2010,2026-09-05 20:10:00,308.05,292.31,2.71,n,N21,VIIRS,N,0.42,0.45,2.0NRT
22.05307,85.4641,2026-09-05,2010,2026-09-05 20:10:00,309.95,291.15,1.36,n,N21,VIIRS,N,0.46,0.39,2.0NRT
22.0547,88.12509,2026-09-05,2010,2026-09-05 20:10:00,313.7,292.83,3.41,n,N21,VIIRS,N,0.42,0.45,2.0NRT
22.20611,84.85925,2026-09-05,2010,2026-09-05 20:10:00,317.65,289.35,2.82,n,N21,VIIRS,N,0.43,0.38,2.0NRT
22.20814,84.86816,2026-09-05,2010,2026-09-05 20:10:00,305.04,290.68,2.03,n,N21,VIIRS,N,0.43,0.38,2.0NRT
21.80179,83.8933,2026-09-05,2010,2026-09-05 20:10:00,302.5,289.19,1.38,n,N21,VIIRS,N,0.4,0.37,2.0NRT
22.20956,84.85995,2026-09-05,2010,2026-09-05 20:10:00,329.75,291.42,5.04,n,N21,VIIRS,N,0.43,0.38,2.0NRT
22.21017,84.8771,2026-09-05,2010,2026-09-05 20:10:00,305.71,291.75,1.91,n,N21,VIIRS,N,0.43,0.38,2.0NRT
22.21312,84.83941,2026-09-05,2010,2026-09-05 20:10:00,306.67,291.11,1.68,n,N21,VIIRS,N,0.43,0.38,2.0NRT
22.24511,87.3878,2026-09-05,2010,2026-09-05 20:10:00,316.97,292.8,5.6,n,N21,VIIRS,N,0.57,0.43,2.0NRT
22.35643,87.29174,2026-09-05,2010,2026-09-05 20:10:00,309.11,292.3,1.61,n,N21,VIIRS,N,0.56,0.43,2.0NRT
22.36023,87.01515,2026-09-05,2010,2026-09-05 20:10:00,306.85,293.05,1.64,n,N21,VIIRS,N,0.54,0.42,2.0NRT
22.3632,87.29877,2026-09-05,2010,2026-09-05 20:10:00,315.58,293.03,2.93,n,N21,VIIRS,N,0.56,0.43,2.0NRT
22.36405,87.01598,2026-09-05,2010,2026-09-05 20:10:00,307.67,293.27,1.64,n,N21,VIIRS,N,0.54,0.42,2.0NRT
22.36707,87.29963,2026-09-05,2010,2026-09-05 20:10:00,314.18,293.19,2.93,n,N21,VIIRS,N,0.56,0.43,2.0NRT
15.17192,76.66631,2026-09-05,2012,2026-09-05 20:12:00,305.74,292.11,1.81,n,N21,VIIRS,N,0.5,0.41,2.0NRT
15.17172,76.69458,2026-09-05,2012,2026-09-05 20:12:00,305.11,291.7,1.26,n,N21,VIIRS,N,0.5,0.41,2.0NRT
15.16989,76.37828,2026-09-05,2012,2026-09-05 20:12:00,304.37,290.96,1.64,n,N21,VIIRS,N,0.52,0.41,2.0NRT
15.17237,76.68996,2026-09-05,2012,2026-09-05 20:12:00,308.78,291.93,1.26,n,N21,VIIRS,N,0.5,0.41,2.0NRT
15.18312,76.65155,2026-09-05,2012,2026-09-05 20:12:00,307.36,292.72,1.62,n,N21,VIIRS,N,0.5,0.41,2.0NRT
15.17379,77.10085,2026-09-05,2012,2026-09-05 20:12:00,306.8,292.81,1.56,n,N21,VIIRS,N,0.48,0.4,2.0NRT
15.65958,73.99016,2026-09-05,2012,2026-09-05 20:12:00,306.89,291.5,1.05,n,N21,VIIRS,N,0.49,0.49,2.0NRT
15.33358,76.28581,2026-09-05,2012,2026-09-05 20:12:00,307.91,291.42,1.29,n,N21,VIIRS,N,0.53,0.42,2.0NRT
15.33241,76.28778,2026-09-05,2012,2026-09-05 20:12:00,304.18,291.44,1.25,n,N21,VIIRS,N,0.53,0.42,2.0NRT
15.2251,76.76094,2026-09-05,2012,2026-09-05 20:12:00,308.24,292.19,1.37,n,N21,VIIRS,N,0.49,0.41,2.0NRT
15.22446,76.76551,2026-09-05,2012,2026-09-05 20:12:00,307.97,292.36,1.37,n,N21,VIIRS,N,0.49,0.41,2.0NRT
15.18623,76.65672,2026-09-05,2012,2026-09-05 20:12:00,307.98,293.31,2.33,n,N21,VIIRS,N,0.5,0.41,2.0NRT
15.16922,76.38309,2026-09-05,2012,2026-09-05 20:12:00,304.51,291.05,1.93,n,N21,VIIRS,N,0.52,0.41,2.0NRT
15.18124,76.66544,2026-09-05,2012,2026-09-05 20:12:00,330.93,293.11,5.22,n,N21,VIIRS,N,0.5,0.41,2.0NRT
15.17999,76.67468,2026-09-05,2012,2026-09-05 20:12:00,310.65,292.94,2.82,n,N21,VIIRS,N,0.5,0.41,2.0NRT
15.17876,76.65566,2026-09-05,2012,2026-09-05 20:12:00,309.99,292.85,1.62,n,N21,VIIRS,N,0.5,0.41,2.0NRT
15.17873,76.67195,2026-09-05,2012,2026-09-05 20:12:00,308.45,292.18,1.45,n,N21,VIIRS,N,0.5,0.41,2.0NRT
15.17808,76.67657,2026-09-05,2012,2026-09-05 20:12:00,316.25,293.07,1.45,n,N21,VIIRS,N,0.5,0.41,2.0NRT
15.17761,76.65297,2026-09-05,2012,2026-09-05 20:12:00,309.37,292.93,2.12,n,N21,VIIRS,N,0.5,0.41,2.0NRT
15.17696,76.65759,2026-09-05,2012,2026-09-05 20:12:00,313.08,293.37,2.12,n,N21,VIIRS,N,0.5,0.41,2.0NRT
15.17626,76.67416,2026-09-05,2012,2026-09-05 20:12:00,313.32,292.76,2.82,n,N21,VIIRS,N,0.5,0.41,2.0NRT
15.17563,76.67879,2026-09-05,2012,2026-09-05 20:12:00,309.68,292.9,2.87,n,N21,VIIRS,N,0.5,0.41,2.0NRT
15.17502,76.65514,2026-09-05,2012,2026-09-05 20:12:00,324.56,293.97,4.05,n,N21,VIIRS,N,0.5,0.41,2.0NRT
15.17434,76.67606,2026-09-05,2012,2026-09-05 20:12:00,305.63,291.88,1.45,n,N21,VIIRS,N,0.5,0.41,2.0NRT
15.17387,76.65245,2026-09-05,2012,2026-09-05 20:12:00,314.05,291.55,2.61,n,N21,VIIRS,N,0.5,0.41,2.0NRT
15.17375,76.6927,2026-09-05,2012,2026-09-05 20:12:00,315.48,292.3,2.55,n,N21,VIIRS,N,0.5,0.41,2.0NRT
15.16609,76.37775,2026-09-05,2012,2026-09-05 20:12:00,303.82,290.84,1.2,n,N21,VIIRS,N,0.52,0.41,2.0NRT
17.08061,79.32659,2026-09-05,2012,2026-09-05 20:12:00,310.3,275.83,1.28,n,N21,VIIRS,N,0.41,0.37,2.0NRT
15.02176,78.01606,2026-09-05,2012,2026-09-05 20:12:00,318.16,296.52,1.73,n,N21,VIIRS,N,0.43,0.38,2.0NRT
15.02234,78.01205,2026-09-05,2012,2026-09-05 20:12:00,308.61,294.74,1.24,n,N21,VIIRS,N,0.43,0.38,2.0NRT
17.62253,83.19462,2026-09-05,2012,2026-09-05 20:12:00,310.5,294.19,1.23,n,N21,VIIRS,N,0.41,0.37,2.0NRT
17.6104,83.20434,2026-09-05,2012,2026-09-05 20:12:00,330.16,295.47,3.91,n,N21,VIIRS,N,0.41,0.37,2.0NRT
17.60699,83.20371,2026-09-05,2012,2026-09-05 20:12:00,310.74,294.66,1.1,n,N21,VIIRS,N,0.41,0.37,2.0NRT
17.60359,83.20309,2026-09-05,2012,2026-09-05 20:12:00,311.08,294.39,1.1,n,N21,VIIRS,N,0.41,0.37,2.0NRT
17.4632,80.65212,2026-09-05,2012,2026-09-05 20:12:00,310.59,289.62,1.14,n,N21,VIIRS,N,0.39,0.36,2.0NRT
17.69201,83.24284,2026-09-05,2012,2026-09-05 20:12:00,315.25,293.91,2.79,n,N21,VIIRS,N,0.42,0.37,2.0NRT
17.14211,77.18413,2026-09-05,2012,2026-09-05 20:12:00,309.55,292.69,3.88,n,N21,VIIRS,N,0.49,0.41,2.0NRT
17.08116,79.32281,2026-09-05,2012,2026-09-05 20:12:00,308.76,276.7,1.28,n,N21,VIIRS,N,0.41,0.37,2.0NRT
17.06219,76.97944,2026-09-05,2012,2026-09-05 20:12:00,307.89,292.18,1.92,n,N21,VIIRS,N,0.51,0.41,2.0NRT
13.37448,78.87302,2026-09-05,2012,2026-09-05 20:12:00,304.49,292.03,0.63,n,N21,VIIRS,N,0.4,0.37,2.0NRT
13.70996,79.61896,2026-09-05,2012,2026-09-05 20:12:00,311.56,295.77,1.22,n,N21,VIIRS,N,0.39,0.36,2.0NRT
14.14932,77.59215,2026-09-05,2012,2026-09-05 20:12:00,330.34,294.88,4.01,n,N21,VIIRS,N,0.44,0.38,2.0NRT
14.60506,78.52165,2026-09-05,2012,2026-09-05 20:12:00,312.98,296.64,1.12,n,N21,VIIRS,N,0.41,0.37,2.0NRT
17.13967,77.17435,2026-09-05,2012,2026-09-05 20:12:00,310.04,293.07,4.25,n,N21,VIIRS,N,0.49,0.41,2.0NRT
18.72084,79.53776,2026-09-05,2012,2026-09-05 20:12:00,312.1,292.04,2.03,n,N21,VIIRS,N,0.41,0.37,2.0NRT
7.69845,80.4473,2026-09-05,2014,2026-09-05 20:14:00,307.03,288.0,1.1,n,N21,VIIRS,N,0.4,0.37,2.0NRT
7.69903,80.44368,2026-09-05,2014,2026-09-05 20:14:00,305.56,288.37,1.1,n,N21,VIIRS,N,0.4,0.37,2.0NRT
8.11788,80.81081,2026-09-05,2014,2026-09-05 20:14:00,304.52,277.79,1.64,n,N21,VIIRS,N,0.41,0.37,2.0NRT
8.12039,80.55531,2026-09-05,2014,2026-09-05 20:14:00,299.18,265.38,0.54,n,N21,VIIRS,N,0.4,0.37,2.0NRT
8.38256,80.80727,2026-09-05,2014,2026-09-05 20:14:00,307.45,290.44,1.41,n,N21,VIIRS,N,0.41,0.37,2.0NRT
8.67761,77.63989,2026-09-05,2014,2026-09-05 20:14:00,315.85,287.39,2.61,n,N21,VIIRS,N,0.4,0.37,2.0NRT
8.70224,78.05685,2026-09-05,2014,2026-09-05 20:14:00,307.38,285.29,1.29,n,N21,VIIRS,N,0.39,0.36,2.0NRT
11.94986,76.94534,2026-09-05,2014,2026-09-05 20:14:00,307.4,289.7,1.03,n,N21,VIIRS,N,0.45,0.39,2.0NRT
12.62565,79.78779,2026-09-05,2014,2026-09-05 20:14:00,314.52,290.27,2.0,n,N21,VIIRS,N,0.38,0.36,2.0NRT
13.4158,75.98129,2026-09-05,2014,2026-09-05 20:14:00,309.57,291.52,1.67,n,N21,VIIRS,N,0.52,0.41,2.0NRT
6.30928,80.96051,2026-09-05,2014,2026-09-05 20:14:00,303.95,271.22,1.34,n,N21,VIIRS,N,0.43,0.38,2.0NRT
12.80543,77.43291,2026-09-05,2014,2026-09-05 20:14:00,306.42,290.17,0.66,n,N21,VIIRS,N,0.44,0.38,2.0NRT
13.01668,77.74179,2026-09-05,2014,2026-09-05 20:14:00,303.01,290.02,0.5,n,N21,VIIRS,N,0.43,0.38,2.0NRT
12.95159,79.9017,2026-09-05,2014,2026-09-05 20:14:00,308.28,292.92,0.77,n,N21,VIIRS,N,0.38,0.36,2.0NRT
35.96867,68.6859,2026-09-05,2101,2026-09-05 21:01:00,305.32,292.44,1.66,n,N20,VIIRS,N,0.5,0.41,2.0NRT
35.96949,68.68713,2026-09-05,2101,2026-09-05 21:01:00,302.05,291.48,0.94,n,N20,VIIRS,N,0.5,0.41,2.0NRT
31.25992,76.92314,2026-09-05,2104,2026-09-05 21:04:00,300.63,289.45,0.4,n,N20,VIIRS,N,0.53,0.42,2.0NRT
31.61647,74.37518,2026-09-05,2104,2026-09-05 21:04:00,310.03,294.09,2.26,n,N20,VIIRS,N,0.41,0.37,2.0NRT
31.64455,74.15454,2026-09-05,2104,2026-09-05 21:04:00,309.91,293.01,1.53,n,N20,VIIRS,N,0.41,0.37,2.0NRT
33.29763,71.1851,2026-09-05,2104,2026-09-05 21:04:00,309.82,291.77,0.79,n,N20,VIIRS,N,0.39,0.36,2.0NRT
33.84956,72.87093,2026-09-05,2104,2026-09-05 21:04:00,305.63,292.41,0.77,n,N20,VIIRS,N,0.38,0.36,2.0NRT
28.42367,69.70199,2026-09-05,2104,2026-09-05 21:04:00,311.4,297.49,2.95,n,N20,VIIRS,N,0.4,0.37,2.0NRT
29.47778,76.85781,2026-09-05,2104,2026-09-05 21:04:00,305.57,290.94,1.29,n,N20,VIIRS,N,0.56,0.43,2.0NRT
25.38767,68.58012,2026-09-05,2106,2026-09-05 21:06:00,316.37,296.64,1.04,n,N20,VIIRS,N,0.4,0.37,2.0NRT
25.38709,68.58413,2026-09-05,2106,2026-09-05 21:06:00,307.84,296.46,0.92,n,N20,VIIRS,N,0.4,0.37,2.0NRT
24.82338,73.09252,2026-09-05,2106,2026-09-05 21:06:00,304.65,292.58,0.78,n,N20,VIIRS,N,0.44,0.38,2.0NRT
24.8199,73.09176,2026-09-05,2106,2026-09-05 21:06:00,306.36,292.22,0.78,n,N20,VIIRS,N,0.44,0.38,2.0NRT
24.69006,73.00367,2026-09-05,2106,2026-09-05 21:06:00,308.43,292.41,1.18,n,N20,VIIRS,N,0.44,0.38,2.0NRT
21.33948,78.96864,2026-09-05,2106,2026-09-05 21:06:00,306.66,286.14,0.7,n,N20,VIIRS,N,0.36,0.57,2.0NRT
23.30572,70.47698,2026-09-05,2106,2026-09-05 21:06:00,308.73,294.21,1.1,n,N20,VIIRS,N,0.39,0.36,2.0NRT
22.41734,69.04001,2026-09-05,2106,2026-09-05 21:06:00,305.17,292.74,1.21,n,N20,VIIRS,N,0.39,0.36,2.0NRT
20.91168,71.4588,2026-09-05,2106,2026-09-05 21:06:00,315.76,294.24,1.32,n,N20,VIIRS,N,0.42,0.38,2.0NRT
19.10254,82.16389,2026-09-05,2106,2026-09-05 21:06:00,306.83,284.85,1.65,n,N20,VIIRS,N,0.64,0.72,2.0NRT
19.10114,82.16985,2026-09-05,2106,2026-09-05 21:06:00,299.56,284.92,1.41,n,N20,VIIRS,N,0.64,0.72,2.0NRT
23.3177,70.48697,2026-09-05,2106,2026-09-05 21:06:00,305.42,294.26,0.98,n,N20,VIIRS,N,0.39,0.36,2.0NRT
21.1022,72.63403,2026-09-05,2106,2026-09-05 21:06:00,303.0,289.7,2.97,n,N20,VIIRS,N,0.46,0.39,2.0NRT
15.18026,76.65346,2026-09-05,2108,2026-09-05 21:08:00,304.16,288.74,0.73,n,N20,VIIRS,N,0.34,0.56,2.0NRT
15.33788,76.27744,2026-09-05,2108,2026-09-05 21:08:00,309.63,289.55,2.58,n,N20,VIIRS,N,0.63,0.54,2.0NRT
15.86784,79.38237,2026-09-05,2108,2026-09-05 21:08:00,317.85,278.42,1.71,n,N20,VIIRS,N,0.49,0.65,2.0NRT
15.86545,79.38067,2026-09-05,2108,2026-09-05 21:08:00,326.38,278.45,2.76,n,N20,VIIRS,N,0.49,0.65,2.0NRT
15.86193,79.38101,2026-09-05,2108,2026-09-05 21:08:00,300.06,278.62,1.73,n,N20,VIIRS,N,0.49,0.65,2.0NRT
15.65885,73.98855,2026-09-05,2108,2026-09-05 21:08:00,310.57,289.49,1.39,n,N20,VIIRS,N,0.44,0.46,2.0NRT
17.142,77.18357,2026-09-05,2108,2026-09-05 21:08:00,304.72,289.48,0.53,n,N20,VIIRS,N,0.33,0.56,2.0NRT
15.2252,76.76069,2026-09-05,2108,2026-09-05 21:08:00,303.33,288.64,0.86,n,N20,VIIRS,N,0.34,0.56,2.0NRT
15.22457,76.7638,2026-09-05,2108,2026-09-05 21:08:00,306.29,289.33,0.92,n,N20,VIIRS,N,0.34,0.56,2.0NRT
15.19864,76.37866,2026-09-05,2108,2026-09-05 21:08:00,304.09,288.49,0.76,n,N20,VIIRS,N,0.32,0.55,2.0NRT
11.63562,77.6582,2026-09-05,2108,2026-09-05 21:08:00,304.36,284.92,1.07,n,N20,VIIRS,N,0.46,0.63,2.0NRT
13.41738,75.9798,2026-09-05,2108,2026-09-05 21:08:00,302.16,289.92,0.4,n,N20,VIIRS,N,0.33,0.55,2.0NRT
13.89865,76.5645,2026-09-05,2108,2026-09-05 21:08:00,307.32,291.3,0.66,n,N20,VIIRS,N,0.35,0.57,2.0NRT
14.15109,77.59263,2026-09-05,2108,2026-09-05 21:08:00,304.87,290.68,1.0,n,N20,VIIRS,N,0.41,0.6,2.0NRT
14.15187,77.58869,2026-09-05,2108,2026-09-05 21:08:00,308.89,290.73,1.17,n,N20,VIIRS,N,0.41,0.6,2.0NRT
15.07157,76.86669,2026-09-05,2108,2026-09-05 21:08:00,303.27,289.42,1.31,n,N20,VIIRS,N,0.35,0.57,2.0NRT
15.07222,76.8634,2026-09-05,2108,2026-09-05 21:08:00,304.51,289.46,1.18,n,N20,VIIRS,N,0.35,0.57,2.0NRT
15.13699,76.71162,2026-09-05,2108,2026-09-05 21:08:00,302.57,288.5,0.67,n,N20,VIIRS,N,0.34,0.56,2.0NRT
15.13762,76.70852,2026-09-05,2108,2026-09-05 21:08:00,308.77,288.73,0.94,n,N20,VIIRS,N,0.34,0.56,2.0NRT
15.16696,76.37938,2026-09-05,2108,2026-09-05 21:08:00,303.96,289.11,0.6,n,N20,VIIRS,N,0.32,0.55,2.0NRT
15.17523,76.65232,2026-09-05,2108,2026-09-05 21:08:00,303.49,288.48,0.73,n,N20,VIIRS,N,0.34,0.56,2.0NRT
15.18284,76.66691,2026-09-05,2108,2026-09-05 21:08:00,308.78,289.42,1.37,n,N20,VIIRS,N,0.34,0.56,2.0NRT
15.17531,76.78477,2026-09-05,2108,2026-09-05 21:08:00,303.99,289.4,0.99,n,N20,VIIRS,N,0.34,0.56,2.0NRT
15.17597,76.675,2026-09-05,2108,2026-09-05 21:08:00,317.24,289.07,1.81,n,N20,VIIRS,N,0.34,0.56,2.0NRT
15.1776,77.10127,2026-09-05,2108,2026-09-05 21:08:00,312.62,289.71,1.56,n,N20,VIIRS,N,0.36,0.57,2.0NRT
15.17965,76.65654,2026-09-05,2108,2026-09-05 21:08:00,312.82,289.26,2.34,n,N20,VIIRS,N,0.34,0.56,2.0NRT
17.95665,80.78942,2026-09-05,2108,2026-09-05 21:08:00,306.24,285.94,1.7,n,N20,VIIRS,N,0.55,0.68,2.0NRT
17.9612,80.79105,2026-09-05,2108,2026-09-05 21:08:00,309.72,286.8,2.13,n,N20,VIIRS,N,0.55,0.68,2.0NRT
18.71488,79.53679,2026-09-05,2108,2026-09-05 21:08:00,301.81,286.07,1.16,n,N20,VIIRS,N,0.44,0.63,2.0NRT
17.08589,79.32469,2026-09-05,2108,2026-09-05 21:08:00,303.71,271.13,1.23,n,N20,VIIRS,N,0.46,0.64,2.0NRT
17.08617,79.32299,2026-09-05,2108,2026-09-05 21:08:00,297.99,271.15,1.33,n,N20,VIIRS,N,0.46,0.64,2.0NRT
33.80205,72.09871,2026-09-05,2148,2026-09-05 21:48:00,301.51,288.03,1.0,n,N21,VIIRS,N,0.42,0.61,2.0NRT
33.29659,71.18657,2026-09-05,2148,2026-09-05 21:48:00,304.36,287.69,0.68,n,N21,VIIRS,N,0.38,0.59,2.0NRT
28.42337,69.70081,2026-09-05,2150,2026-09-05 21:50:00,309.17,294.32,1.66,n,N21,VIIRS,N,0.41,0.61,2.0NRT
25.38878,68.58372,2026-09-05,2150,2026-09-05 21:50:00,320.61,294.03,2.04,n,N21,VIIRS,N,0.41,0.61,2.0NRT
27.87482,96.91916,2026-09-06,544,2026-09-06 05:44:00,325.16,288.27,9.28,n,N21,VIIRS,D,0.62,0.71,2.0NRT
25.02915,96.36425,2026-09-06,637,2026-09-06 06:37:00,328.9,295.5,4.44,n,N20,VIIRS,D,0.43,0.38,2.0NRT
27.87494,96.92095,2026-09-06,640,2026-09-06 06:40:00,331.02,296.46,5.75,n,N20,VIIRS,D,0.39,0.36,2.0NRT
27.87556,96.92477,2026-09-06,640,2026-09-06 06:40:00,338.88,297.66,5.75,n,N20,VIIRS,D,0.39,0.36,2.0NRT
28.4852,97.02938,2026-09-06,640,2026-09-06 06:40:00,330.93,293.48,1.67,n,N20,VIIRS,D,0.39,0.36,2.0NRT
28.49798,97.02338,2026-09-06,640,2026-09-06 06:40:00,341.75,298.49,6.03,n,N20,VIIRS,D,0.39,0.36,2.0NRT
28.51981,97.01084,2026-09-06,640,2026-09-06 06:40:00,330.9,289.36,2.72,n,N20,VIIRS,D,0.39,0.36,2.0NRT
29.62895,90.97001,2026-09-06,640,2026-09-06 06:40:00,328.92,299.97,4.33,l,N20,VIIRS,D,0.45,0.47,2.0NRT
29.65425,90.98629,2026-09-06,640,2026-09-06 06:40:00,327.18,297.97,4.81,l,N20,VIIRS,D,0.44,0.46,2.0NRT
29.66132,90.99944,2026-09-06,640,2026-09-06 06:40:00,327.5,295.75,3.6,n,N20,VIIRS,D,0.44,0.46,2.0NRT
29.66549,90.99844,2026-09-06,640,2026-09-06 06:40:00,348.1,297.88,7.92,n,N20,VIIRS,D,0.44,0.46,2.0NRT
29.66967,90.99748,2026-09-06,640,2026-09-06 06:40:00,344.24,299.14,7.92,n,N20,VIIRS,D,0.44,0.46,2.0NRT
29.68256,91.14607,2026-09-06,640,2026-09-06 06:40:00,327.21,292.82,4.21,n,N20,VIIRS,D,0.43,0.46,2.0NRT
6.26479,80.856,2026-09-06,718,2026-09-06 07:18:00,351.46,296.69,13.31,n,N21,VIIRS,D,0.42,0.61,2.0NRT
6.88099,81.67355,2026-09-06,718,2026-09-06 07:18:00,367.0,301.0,19.05,h,N21,VIIRS,D,0.36,0.58,2.0NRT
6.80699,81.5274,2026-09-06,718,2026-09-06 07:18:00,347.78,298.34,5.73,n,N21,VIIRS,D,0.37,0.58,2.0NRT
6.81131,81.58534,2026-09-06,718,2026-09-06 07:18:00,344.7,299.2,3.01,n,N21,VIIRS,D,0.37,0.58,2.0NRT
6.81132,81.5843,2026-09-06,718,2026-09-06 07:18:00,334.12,298.21,4.7,n,N21,VIIRS,D,0.37,0.58,2.0NRT
6.81905,81.4146,2026-09-06,718,2026-09-06 07:18:00,331.4,296.89,3.09,n,N21,VIIRS,D,0.38,0.59,2.0NRT
6.83906,81.46586,2026-09-06,718,2026-09-06 07:18:00,367.0,300.21,11.57,h,N21,VIIRS,D,0.38,0.58,2.0NRT
6.88043,81.67033,2026-09-06,718,2026-09-06 07:18:00,367.0,300.39,19.05,h,N21,VIIRS,D,0.36,0.58,2.0NRT
6.89384,81.41226,2026-09-06,718,2026-09-06 07:18:00,333.36,293.64,2.39,n,N21,VIIRS,D,0.38,0.59,2.0NRT
6.89532,81.41201,2026-09-06,718,2026-09-06 07:18:00,334.11,293.92,3.0,n,N21,VIIRS,D,0.38,0.59,2.0NRT
6.80248,81.47531,2026-09-06,718,2026-09-06 07:18:00,330.66,297.58,2.26,n,N21,VIIRS,D,0.38,0.58,2.0NRT
6.91043,81.4743,2026-09-06,718,2026-09-06 07:18:00,337.73,295.74,4.41,n,N21,VIIRS,D,0.37,0.58,2.0NRT
6.91203,81.47757,2026-09-06,718,2026-09-06 07:18:00,331.16,296.14,3.7,n,N21,VIIRS,D,0.37,0.58,2.0NRT
6.94837,81.41089,2026-09-06,718,2026-09-06 07:18:00,341.84,291.99,4.0,n,N21,VIIRS,D,0.38,0.59,2.0NRT
7.13712,81.77805,2026-09-06,718,2026-09-06 07:18:00,332.86,297.81,3.41,n,N21,VIIRS,D,0.35,0.57,2.0NRT
6.9616,81.82992,2026-09-06,718,2026-09-06 07:18:00,336.04,299.08,3.39,n,N21,VIIRS,D,0.35,0.57,2.0NRT
6.96544,81.56973,2026-09-06,718,2026-09-06 07:18:00,331.37,296.44,2.55,n,N21,VIIRS,D,0.37,0.58,2.0NRT
6.96602,81.57301,2026-09-06,718,2026-09-06 07:18:00,330.79,297.47,2.55,n,N21,VIIRS,D,0.37,0.58,2.0NRT
6.98108,81.59716,2026-09-06,718,2026-09-06 07:18:00,330.52,297.51,3.16,n,N21,VIIRS,D,0.37,0.58,2.0NRT
6.98463,81.58661,2026-09-06,718,2026-09-06 07:18:00,344.35,297.34,7.12,n,N21,VIIRS,D,0.37,0.58,2.0NRT
6.91146,81.47424,2026-09-06,718,2026-09-06 07:18:00,334.19,296.17,4.23,n,N21,VIIRS,D,0.37,0.58,2.0NRT
6.78527,81.52767,2026-09-06,718,2026-09-06 07:18:00,331.77,299.12,2.76,n,N21,VIIRS,D,0.37,0.58,2.0NRT
7.13942,81.07836,2026-09-06,718,2026-09-06 07:18:00,346.53,293.58,9.71,n,N21,VIIRS,D,0.4,0.6,2.0NRT
6.75515,81.35358,2026-09-06,718,2026-09-06 07:18:00,331.3,297.04,2.37,n,N21,VIIRS,D,0.38,0.59,2.0NRT
6.13999,81.04825,2026-09-06,718,2026-09-06 07:18:00,333.88,295.22,6.32,n,N21,VIIRS,D,0.41,0.61,2.0NRT
6.77872,81.42638,2026-09-06,718,2026-09-06 07:18:00,340.23,297.23,3.23,n,N21,VIIRS,D,0.38,0.59,2.0NRT
6.20132,81.16903,2026-09-06,718,2026-09-06 07:18:00,333.27,296.47,3.69,n,N21,VIIRS,D,0.4,0.6,2.0NRT
6.2606,80.85835,2026-09-06,718,2026-09-06 07:18:00,351.16,293.8,5.93,n,N21,VIIRS,D,0.42,0.61,2.0NRT
6.26617,80.85738,2026-09-06,718,2026-09-06 07:18:00,339.29,296.69,5.93,n,N21,VIIRS,D,0.42,0.61,2.0NRT
6.34067,81.12275,2026-09-06,718,2026-09-06 07:18:00,338.15,297.11,7.03,n,N21,VIIRS,D,0.4,0.6,2.0NRT
6.3413,81.12635,2026-09-06,718,2026-09-06 07:18:00,346.24,297.66,7.03,n,N21,VIIRS,D,0.4,0.6,2.0NRT
6.34997,81.34798,2026-09-06,718,2026-09-06 07:18:00,335.99,287.72,4.88,n,N21,VIIRS,D,0.39,0.59,2.0NRT
6.37201,80.78787,2026-09-06,718,2026-09-06 07:18:00,331.81,294.16,4.16,n,N21,VIIRS,D,0.43,0.62,2.0NRT
6.38048,81.02711,2026-09-06,718,2026-09-06 07:18:00,347.96,294.27,22.19,n,N21,VIIRS,D,0.41,0.61,2.0NRT
6.20039,81.16876,2026-09-06,718,2026-09-06 07:18:00,335.24,296.39,3.8,n,N21,VIIRS,D,0.4,0.6,2.0NRT
6.38111,81.0295,2026-09-06,718,2026-09-06 07:18:00,367.0,296.6,41.73,h,N21,VIIRS,D,0.41,0.61,2.0NRT
6.3811,81.03073,2026-09-06,718,2026-09-06 07:18:00,367.0,295.37,22.19,h,N21,VIIRS,D,0.41,0.61,2.0NRT
6.71646,81.32162,2026-09-06,718,2026-09-06 07:18:00,333.26,297.49,4.97,n,N21,VIIRS,D,0.39,0.59,2.0NRT
6.71105,81.29081,2026-09-06,718,2026-09-06 07:18:00,330.7,297.83,3.72,n,N21,VIIRS,D,0.39,0.59,2.0NRT
6.60755,80.89721,2026-09-06,718,2026-09-06 07:18:00,341.27,297.69,6.91,n,N21,VIIRS,D,0.42,0.61,2.0NRT
6.73372,81.19785,2026-09-06,718,2026-09-06 07:18:00,347.71,294.3,5.66,n,N21,VIIRS,D,0.39,0.6,2.0NRT
6.45108,81.04076,2026-09-06,718,2026-09-06 07:18:00,367.0,294.56,12.17,h,N21,VIIRS,D,0.41,0.61,2.0NRT
6.42158,81.25405,2026-09-06,718,2026-09-06 07:18:00,332.79,293.38,2.57,n,N21,VIIRS,D,0.39,0.6,2.0NRT
6.51894,80.90942,2026-09-06,718,2026-09-06 07:18:00,332.71,294.65,4.16,n,N21,VIIRS,D,0.42,0.61,2.0NRT
8.50486,80.21972,2026-09-06,720,2026-09-06 07:20:00,367.0,292.63,12.4,h,N21,VIIRS,D,0.43,0.62,2.0NRT
8.48377,80.7354,2026-09-06,720,2026-09-06 07:20:00,342.97,293.84,8.85,n,N21,VIIRS,D,0.4,0.6,2.0NRT
8.49623,80.73165,2026-09-06,720,2026-09-06 07:20:00,333.61,293.23,6.87,n,N21,VIIRS,D,0.4,0.6,2.0NRT
8.50005,80.7328,2026-09-06,720,2026-09-06 07:20:00,332.18,292.95,5.63,n,N21,VIIRS,D,0.4,0.6,2.0NRT
8.50305,80.21844,2026-09-06,720,2026-09-06 07:20:00,334.87,292.0,13.15,n,N21,VIIRS,D,0.43,0.62,2.0NRT
8.47246,80.60928,2026-09-06,720,2026-09-06 07:20:00,367.0,290.5,13.47,h,N21,VIIRS,D,0.4,0.6,2.0NRT
8.50377,80.22226,2026-09-06,720,2026-09-06 07:20:00,367.0,292.79,13.15,h,N21,VIIRS,D,0.43,0.62,2.0NRT
8.50555,80.22356,2026-09-06,720,2026-09-06 07:20:00,367.0,292.89,12.4,h,N21,VIIRS,D,0.43,0.62,2.0NRT
8.58104,80.63495,2026-09-06,720,2026-09-06 07:20:00,331.2,285.51,4.77,n,N21,VIIRS,D,0.4,0.6,2.0NRT
8.51852,80.23936,2026-09-06,720,2026-09-06 07:20:00,336.6,291.83,4.18,n,N21,VIIRS,D,0.43,0.62,2.0NRT
8.52117,80.80617,2026-09-06,720,2026-09-06 07:20:00,335.46,291.48,3.71,n,N21,VIIRS,D,0.39,0.59,2.0NRT
8.56027,80.74605,2026-09-06,720,2026-09-06 07:20:00,338.78,292.03,7.99,n,N21,VIIRS,D,0.39,0.6,2.0NRT
8.58128,80.83142,2026-09-06,720,2026-09-06 07:20:00,350.04,291.14,7.14,n,N21,VIIRS,D,0.39,0.59,2.0NRT
8.59793,80.51321,2026-09-06,720,2026-09-06 07:20:00,334.42,292.58,5.95,n,N21,VIIRS,D,0.41,0.6,2.0NRT
8.60402,80.83466,2026-09-06,720,2026-09-06 07:20:00,350.04,293.27,10.79,n,N21,VIIRS,D,0.39,0.59,2.0NRT
8.61992,80.69353,2026-09-06,720,2026-09-06 07:20:00,335.94,283.25,3.98,n,N21,VIIRS,D,0.4,0.6,2.0NRT
8.44197,80.31695,2026-09-06,720,2026-09-06 07:20:00,367.0,293.21,14.84,h,N21,VIIRS,D,0.42,0.61,2.0NRT
8.51684,80.59992,2026-09-06,720,2026-09-06 07:20:00,349.7,285.91,7.3,n,N21,VIIRS,D,0.4,0.6,2.0NRT
7.27871,81.71591,2026-09-06,720,2026-09-06 07:20:00,330.25,296.21,1.65,n,N21,VIIRS,D,0.35,0.57,2.0NRT
8.42983,80.65374,2026-09-06,720,2026-09-06 07:20:00,330.33,293.35,4.75,n,N21,VIIRS,D,0.4,0.6,2.0NRT
8.4052,80.67271,2026-09-06,720,2026-09-06 07:20:00,367.0,293.99,20.19,h,N21,VIIRS,D,0.4,0.6,2.0NRT
7.99665,80.21604,2026-09-06,720,2026-09-06 07:20:00,354.86,290.78,14.2,n,N21,VIIRS,D,0.44,0.62,2.0NRT
7.99323,80.27926,2026-09-06,720,2026-09-06 07:20:00,344.62,293.04,8.5,n,N21,VIIRS,D,0.43,0.62,2.0NRT
7.96503,80.01275,2026-09-06,720,2026-09-06 07:20:00,330.19,290.92,6.79,n,N21,VIIRS,D,0.45,0.63,2.0NRT
7.96385,80.16504,2026-09-06,720,2026-09-06 07:20:00,353.18,292.08,9.14,n,N21,VIIRS,D,0.44,0.62,2.0NRT
7.9611,80.1642,2026-09-06,720,2026-09-06 07:20:00,330.71,291.21,9.82,n,N21,VIIRS,D,0.44,0.63,2.0NRT
7.95078,80.12637,2026-09-06,720,2026-09-06 07:20:00,332.7,292.95,3.13,n,N21,VIIRS,D,0.44,0.63,2.0NRT
7.93987,80.68458,2026-09-06,720,2026-09-06 07:20:00,340.47,291.25,7.64,n,N21,VIIRS,D,0.41,0.6,2.0NRT
7.87399,80.89081,2026-09-06,720,2026-09-06 07:20:00,334.55,293.74,3.75,n,N21,VIIRS,D,0.4,0.6,2.0NRT
7.84237,80.23505,2026-09-06,720,2026-09-06 07:20:00,332.42,291.97,4.36,n,N21,VIIRS,D,0.44,0.62,2.0NRT
7.77094,80.0999,2026-09-06,720,2026-09-06 07:20:00,332.59,292.06,7.01,n,N21,VIIRS,D,0.45,0.63,2.0NRT
7.71267,80.71763,2026-09-06,720,2026-09-06 07:20:00,336.98,292.19,2.52,n,N21,VIIRS,D,0.41,0.61,2.0NRT
7.70656,81.5966,2026-09-06,720,2026-09-06 07:20:00,346.17,295.7,5.03,n,N21,VIIRS,D,0.36,0.57,2.0NRT
7.99679,80.27979,2026-09-06,720,2026-09-06 07:20:00,341.19,289.58,4.63,n,N21,VIIRS,D,0.43,0.62,2.0NRT
7.62587,80.83673,2026-09-06,720,2026-09-06 07:20:00,345.04,295.8,7.39,n,N21,VIIRS,D,0.4,0.6,2.0NRT
7.42608,81.66621,2026-09-06,720,2026-09-06 07:20:00,367.0,296.09,13.61,h,N21,VIIRS,D,0.36,0.57,2.0NRT
7.4122,81.67829,2026-09-06,720,2026-09-06 07:20:00,330.12,293.89,3.08,n,N21,VIIRS,D,0.35,0.57,2.0NRT
7.3979,81.65795,2026-09-06,720,2026-09-06 07:20:00,334.09,293.96,2.42,n,N21,VIIRS,D,0.36,0.57,2.0NRT
7.38701,81.78769,2026-09-06,720,2026-09-06 07:20:00,353.81,295.58,6.41,n,N21,VIIRS,D,0.35,0.57,2.0NRT
7.38412,81.78901,2026-09-06,720,2026-09-06 07:20:00,336.91,295.45,7.62,n,N21,VIIRS,D,0.35,0.57,2.0NRT
7.33437,81.72919,2026-09-06,720,2026-09-06 07:20:00,336.18,296.55,3.16,n,N21,VIIRS,D,0.35,0.57,2.0NRT
7.33059,79.98771,2026-09-06,720,2026-09-06 07:20:00,333.04,291.71,5.64,n,N21,VIIRS,D,0.47,0.64,2.0NRT
7.3258,81.80125,2026-09-06,720,2026-09-06 07:20:00,343.89,297.44,3.43,n,N21,VIIRS,D,0.35,0.57,2.0NRT
7.30871,81.79452,2026-09-06,720,2026-09-06 07:20:00,339.75,295.93,3.65,n,N21,VIIRS,D,0.35,0.57,2.0NRT
7.30816,81.79142,2026-09-06,720,2026-09-06 07:20:00,336.0,296.18,3.77,n,N21,VIIRS,D,0.35,0.57,2.0NRT
7.30356,81.79538,2026-09-06,720,2026-09-06 07:20:00,330.05,296.17,2.26,n,N21,VIIRS,D,0.35,0.57,2.0NRT
7.28894,81.74327,2026-09-06,720,2026-09-06 07:20:00,332.78,297.54,2.1,n,N21,VIIRS,D,0.35,0.57,2.0NRT
7.50104,81.74751,2026-09-06,720,2026-09-06 07:20:00,332.1,294.21,4.6,n,N21,VIIRS,D,0.35,0.57,2.0NRT
8.01386,81.25735,2026-09-06,720,2026-09-06 07:20:00,330.66,295.78,4.11,n,N21,VIIRS,D,0.37,0.58,2.0NRT
8.02004,80.31163,2026-09-06,720,2026-09-06 07:20:00,330.28,289.97,5.14,n,N21,VIIRS,D,0.43,0.62,2.0NRT
8.03601,80.61691,2026-09-06,720,2026-09-06 07:20:00,335.39,289.62,4.62,n,N21,VIIRS,D,0.41,0.61,2.0NRT
8.40454,80.66913,2026-09-06,720,2026-09-06 07:20:00,338.29,293.34,11.31,n,N21,VIIRS,D,0.4,0.6,2.0NRT
8.40215,80.72793,2026-09-06,720,2026-09-06 07:20:00,331.46,295.02,8.26,n,N21,VIIRS,D,0.4,0.6,2.0NRT
8.40109,80.43324,2026-09-06,720,2026-09-06 07:20:00,337.34,292.84,7.74,n,N21,VIIRS,D,0.42,0.61,2.0NRT
8.39976,80.67367,2026-09-06,720,2026-09-06 07:20:00,338.29,293.79,4.77,n,N21,VIIRS,D,0.4,0.6,2.0NRT
8.36823,80.78828,2026-09-06,720,2026-09-06 07:20:00,330.98,292.03,3.54,n,N21,VIIRS,D,0.39,0.6,2.0NRT
8.36094,80.77875,2026-09-06,720,2026-09-06 07:20:00,343.56,293.89,4.98,n,N21,VIIRS,D,0.39,0.6,2.0NRT
8.32054,80.30001,2026-09-06,720,2026-09-06 07:20:00,342.88,291.87,6.07,n,N21,VIIRS,D,0.43,0.62,2.0NRT
8.31937,80.3007,2026-09-06,720,2026-09-06 07:20:00,338.03,291.51,7.38,n,N21,VIIRS,D,0.43,0.62,2.0NRT
8.31421,80.17928,2026-09-06,720,2026-09-06 07:20:00,330.06,291.8,5.0,n,N21,VIIRS,D,0.43,0.62,2.0NRT
8.30469,80.80684,2026-09-06,720,2026-09-06 07:20:00,367.0,295.08,15.36,h,N21,VIIRS,D,0.39,0.6,2.0NRT
8.30296,80.80885,2026-09-06,720,2026-09-06 07:20:00,367.0,294.13,11.53,h,N21,VIIRS,D,0.39,0.6,2.0NRT
8.30274,80.79626,2026-09-06,720,2026-09-06 07:20:00,343.23,293.16,10.11,n,N21,VIIRS,D,0.39,0.6,2.0NRT
8.30048,80.79481,2026-09-06,720,2026-09-06 07:20:00,334.35,293.53,8.18,n,N21,VIIRS,D,0.39,0.6,2.0NRT
8.28515,80.98885,2026-09-06,720,2026-09-06 07:20:00,332.07,292.89,5.99,n,N21,VIIRS,D,0.38,0.59,2.0NRT
8.2606,80.25567,2026-09-06,720,2026-09-06 07:20:00,349.96,292.22,10.8,n,N21,VIIRS,D,0.43,0.62,2.0NRT
8.25499,80.25665,2026-09-06,720,2026-09-06 07:20:00,343.4,293.89,10.8,n,N21,VIIRS,D,0.43,0.62,2.0NRT
8.24302,80.53432,2026-09-06,720,2026-09-06 07:20:00,330.47,289.93,3.0,n,N21,VIIRS,D,0.41,0.61,2.0NRT
8.22987,80.77476,2026-09-06,720,2026-09-06 07:20:00,340.29,292.22,7.29,n,N21,VIIRS,D,0.4,0.6,2.0NRT
8.22733,80.605,2026-09-06,720,2026-09-06 07:20:00,331.76,294.58,9.38,n,N21,VIIRS,D,0.41,0.6,2.0NRT
8.21838,80.77317,2026-09-06,720,2026-09-06 07:20:00,331.0,289.9,5.06,n,N21,VIIRS,D,0.4,0.6,2.0NRT
8.17463,80.5954,2026-09-06,720,2026-09-06 07:20:00,367.0,292.29,18.08,h,N21,VIIRS,D,0.41,0.61,2.0NRT
8.09861,80.55402,2026-09-06,720,2026-09-06 07:20:00,343.5,292.18,10.32,n,N21,VIIRS,D,0.41,0.61,2.0NRT
8.07245,80.22962,2026-09-06,720,2026-09-06 07:20:00,335.56,288.64,4.66,n,N21,VIIRS,D,0.44,0.62,2.0NRT
8.06931,80.23161,2026-09-06,720,2026-09-06 07:20:00,335.04,288.07,5.34,n,N21,VIIRS,D,0.44,0.62,2.0NRT
8.04178,80.64662,2026-09-06,720,2026-09-06 07:20:00,330.47,291.49,3.01,n,N21,VIIRS,D,0.41,0.6,2.0NRT
8.0389,80.3515,2026-09-06,720,2026-09-06 07:20:00,349.41,290.15,9.39,n,N21,VIIRS,D,0.43,0.62,2.0NRT
8.03638,80.61749,2026-09-06,720,2026-09-06 07:20:00,342.81,289.61,3.13,n,N21,VIIRS,D,0.41,0.61,2.0NRT
8.42046,80.63319,2026-09-06,720,2026-09-06 07:20:00,334.48,292.02,5.29,n,N21,VIIRS,D,0.4,0.6,2.0NRT
8.1549,81.41106,2026-09-06,720,2026-09-06 07:20:00,330.14,292.83,3.03,n,N21,VIIRS,D,0.36,0.57,2.0NRT
8.6569,80.49527,2026-09-06,720,2026-09-06 07:20:00,345.0,290.39,8.82,n,N21,VIIRS,D,0.41,0.6,2.0NRT
8.65885,80.50611,2026-09-06,720,2026-09-06 07:20:00,330.59,288.47,8.34,n,N21,VIIRS,D,0.41,0.6,2.0NRT
9.40206,80.4609,2026-09-06,720,2026-09-06 07:20:00,346.37,292.14,8.5,n,N21,VIIRS,D,0.4,0.6,2.0NRT
9.4027,80.46444,2026-09-06,720,2026-09-06 07:20:00,341.1,291.79,8.93,n,N21,VIIRS,D,0.4,0.6,2.0NRT
9.40877,80.467,2026-09-06,720,2026-09-06 07:20:00,367.0,292.53,10.66,h,N21,VIIRS,D,0.4,0.6,2.0NRT
9.42008,80.36726,2026-09-06,720,2026-09-06 07:20:00,330.35,290.76,2.24,n,N21,VIIRS,D,0.4,0.6,2.0NRT
9.46915,80.47984,2026-09-06,720,2026-09-06 07:20:00,349.73,289.89,19.34,n,N21,VIIRS,D,0.4,0.6,2.0NRT
9.4698,80.48336,2026-09-06,720,2026-09-06 07:20:00,355.61,287.85,19.34,l,N21,VIIRS,D,0.4,0.6,2.0NRT
9.47606,80.45673,2026-09-06,720,2026-09-06 07:20:00,340.28,289.8,4.51,n,N21,VIIRS,D,0.4,0.6,2.0NRT
9.76366,80.16456,2026-09-06,720,2026-09-06 07:20:00,338.37,289.64,6.59,n,N21,VIIRS,D,0.41,0.61,2.0NRT
9.39895,80.3748,2026-09-06,720,2026-09-06 07:20:00,336.16,289.92,3.96,n,N21,VIIRS,D,0.4,0.6,2.0NRT
9.76915,80.16356,2026-09-06,720,2026-09-06 07:20:00,355.69,289.47,6.59,l,N21,VIIRS,D,0.41,0.61,2.0NRT
10.3562,79.15823,2026-09-06,720,2026-09-06 07:20:00,339.14,286.24,5.56,n,N21,VIIRS,D,0.47,0.64,2.0NRT
10.35633,79.15871,2026-09-06,720,2026-09-06 07:20:00,337.42,286.42,6.29,n,N21,VIIRS,D,0.47,0.64,2.0NRT
10.89275,77.62709,2026-09-06,720,2026-09-06 07:20:00,335.17,290.69,7.34,n,N21,VIIRS,D,0.58,0.7,2.0NRT
10.93033,78.4953,2026-09-06,720,2026-09-06 07:20:00,331.85,289.5,3.63,n,N21,VIIRS,D,0.51,0.66,2.0NRT
10.94046,78.16074,2026-09-06,720,2026-09-06 07:20:00,342.28,285.74,3.88,n,N21,VIIRS,D,0.54,0.68,2.0NRT
11.62928,76.9966,2026-09-06,720,2026-09-06 07:20:00,333.19,288.3,10.29,n,N21,VIIRS,D,0.63,0.72,2.0NRT
8.6582,80.50248,2026-09-06,720,2026-09-06 07:20:00,367.0,291.04,12.67,h,N21,VIIRS,D,0.41,0.6,2.0NRT
8.64632,80.62362,2026-09-06,720,2026-09-06 07:20:00,335.58,290.09,5.54,n,N21,VIIRS,D,0.4,0.6,2.0NRT
9.77767,78.38486,2026-09-06,720,2026-09-06 07:20:00,346.77,285.86,11.04,n,N21,VIIRS,D,0.54,0.68,2.0NRT
9.38468,80.51876,2026-09-06,720,2026-09-06 07:20:00,345.42,291.0,5.7,n,N21,VIIRS,D,0.39,0.6,2.0NRT
9.398,80.37682,2026-09-06,720,2026-09-06 07:20:00,338.47,289.34,2.85,n,N21,VIIRS,D,0.4,0.6,2.0NRT
9.35343,80.28749,2026-09-06,720,2026-09-06 07:20:00,331.28,288.26,2.47,n,N21,VIIRS,D,0.41,0.61,2.0NRT
8.71491,80.53058,2026-09-06,720,2026-09-06 07:20:00,352.79,292.75,10.12,n,N21,VIIRS,D,0.4,0.6,2.0NRT
8.74539,80.20245,2026-09-06,720,2026-09-06 07:20:00,333.89,290.37,6.95,n,N21,VIIRS,D,0.43,0.62,2.0NRT
8.7461,80.20624,2026-09-06,720,2026-09-06 07:20:00,339.04,291.76,9.98,n,N21,VIIRS,D,0.43,0.62,2.0NRT
8.749,80.532,2026-09-06,720,2026-09-06 07:20:00,343.0,293.02,14.43,n,N21,VIIRS,D,0.4,0.6,2.0NRT
8.74966,80.53562,2026-09-06,720,2026-09-06 07:20:00,344.77,292.98,7.6,n,N21,VIIRS,D,0.4,0.6,2.0NRT
8.75512,80.53464,2026-09-06,720,2026-09-06 07:20:00,332.54,293.1,7.6,n,N21,VIIRS,D,0.4,0.6,2.0NRT
8.77759,80.53429,2026-09-06,720,2026-09-06 07:20:00,331.58,292.23,6.3,n,N21,VIIRS,D,0.4,0.6,2.0NRT
8.79782,80.55302,2026-09-06,720,2026-09-06 07:20:00,348.62,292.38,4.9,n,N21,VIIRS,D,0.4,0.6,2.0NRT
9.3743,80.46233,2026-09-06,720,2026-09-06 07:20:00,339.61,290.52,4.13,n,N21,VIIRS,D,0.4,0.6,2.0NRT
8.81484,80.48472,2026-09-06,720,2026-09-06 07:20:00,330.84,292.52,5.35,n,N21,VIIRS,D,0.41,0.6,2.0NRT
8.80965,80.57843,2026-09-06,720,2026-09-06 07:20:00,331.78,294.34,6.62,n,N21,VIIRS,D,0.4,0.6,2.0NRT
8.91877,80.43142,2026-09-06,720,2026-09-06 07:20:00,346.19,291.36,7.5,n,N21,VIIRS,D,0.41,0.6,2.0NRT
8.92696,80.8857,2026-09-06,720,2026-09-06 07:20:00,340.01,287.4,7.56,n,N21,VIIRS,D,0.38,0.59,2.0NRT
8.93288,80.76529,2026-09-06,720,2026-09-06 07:20:00,333.95,288.73,3.04,n,N21,VIIRS,D,0.39,0.59,2.0NRT
9.00035,80.66301,2026-09-06,720,2026-09-06 07:20:00,340.28,279.16,6.38,n,N21,VIIRS,D,0.39,0.59,2.0NRT
9.06089,77.65742,2026-09-06,720,2026-09-06 07:20:00,330.2,289.16,6.47,n,N21,VIIRS,D,0.63,0.72,2.0NRT
9.07009,80.51222,2026-09-06,720,2026-09-06 07:20:00,332.68,290.14,3.66,n,N21,VIIRS,D,0.4,0.6,2.0NRT
9.2094,80.80424,2026-09-06,720,2026-09-06 07:20:00,352.76,292.71,7.03,n,N21,VIIRS,D,0.38,0.59,2.0NRT
9.23457,80.66959,2026-09-06,720,2026-09-06 07:20:00,348.94,292.19,8.1,n,N21,VIIRS,D,0.39,0.59,2.0NRT
8.87522,80.72227,2026-09-06,720,2026-09-06 07:20:00,337.42,290.26,4.28,n,N21,VIIRS,D,0.39,0.59,2.0NRT
16.5745,79.53558,2026-09-06,722,2026-09-06 07:22:00,337.48,295.02,3.57,n,N21,VIIRS,D,0.34,0.56,2.0NRT
17.85695,82.5862,2026-09-06,722,2026-09-06 07:22:00,340.58,299.03,13.78,n,N21,VIIRS,D,0.41,0.45,2.0NRT
18.34005,83.61451,2026-09-06,722,2026-09-06 07:22:00,341.79,299.78,6.89,n,N21,VIIRS,D,0.52,0.42,2.0NRT
29.13242,89.25173,2026-09-06,724,2026-09-06 07:24:00,329.32,303.32,5.2,l,N21,VIIRS,D,0.48,0.4,2.0NRT
27.98621,96.97636,2026-09-06,724,2026-09-06 07:24:00,336.58,291.79,6.46,n,N21,VIIRS,D,0.44,0.63,2.0NRT
25.02586,96.36914,2026-09-06,724,2026-09-06 07:24:00,335.06,291.21,2.58,n,N21,VIIRS,D,0.38,0.59,2.0NRT
27.37982,95.33495,2026-09-06,724,2026-09-06 07:24:00,331.0,289.17,3.08,n,N21,VIIRS,D,0.34,0.56,2.0NRT
25.24637,96.33969,2026-09-06,724,2026-09-06 07:24:00,353.77,291.46,7.76,n,N21,VIIRS,D,0.38,0.59,2.0NRT
27.98455,96.97561,2026-09-06,724,2026-09-06 07:24:00,328.55,290.76,6.63,n,N21,VIIRS,D,0.44,0.63,2.0NRT
26.75753,91.44517,2026-09-06,724,2026-09-06 07:24:00,339.79,292.25,5.19,n,N21,VIIRS,D,0.39,0.44,2.0NRT
8.22959,80.12205,2026-09-06,813,2026-09-06 08:13:00,332.38,299.26,2.03,n,N20,VIIRS,D,0.43,0.38,2.0NRT
8.25629,80.25491,2026-09-06,813,2026-09-06 08:13:00,336.61,302.26,3.64,n,N20,VIIRS,D,0.44,0.38,2.0NRT
8.25463,80.14638,2026-09-06,813,2026-09-06 08:13:00,334.2,301.39,2.48,n,N20,VIIRS,D,0.44,0.38,2.0NRT
8.22683,80.32432,2026-09-06,813,2026-09-06 08:13:00,337.52,300.75,2.88,n,N20,VIIRS,D,0.44,0.39,2.0NRT
8.25405,80.14247,2026-09-06,813,2026-09-06 08:13:00,330.18,300.68,2.48,l,N20,VIIRS,D,0.43,0.38,2.0NRT
8.24941,80.11111,2026-09-06,813,2026-09-06 08:13:00,341.25,302.94,6.63,n,N20,VIIRS,D,0.43,0.38,2.0NRT
8.24859,80.32524,2026-09-06,813,2026-09-06 08:13:00,330.93,298.83,4.29,n,N20,VIIRS,D,0.44,0.39,2.0NRT
8.2459,80.55694,2026-09-06,813,2026-09-06 08:13:00,340.3,300.13,5.56,n,N20,VIIRS,D,0.45,0.39,2.0NRT
8.24582,80.60724,2026-09-06,813,2026-09-06 08:13:00,331.6,297.41,3.39,n,N20,VIIRS,D,0.46,0.39,2.0NRT
8.25667,80.50534,2026-09-06,813,2026-09-06 08:13:00,335.88,302.13,7.1,n,N20,VIIRS,D,0.45,0.39,2.0NRT
8.23986,80.26546,2026-09-06,813,2026-09-06 08:13:00,341.08,297.03,2.29,n,N20,VIIRS,D,0.44,0.38,2.0NRT
8.23943,80.16464,2026-09-06,813,2026-09-06 08:13:00,333.14,300.33,5.0,n,N20,VIIRS,D,0.44,0.38,2.0NRT
8.2365,80.16909,2026-09-06,813,2026-09-06 08:13:00,336.66,297.89,2.32,n,N20,VIIRS,D,0.44,0.38,2.0NRT
8.23592,80.16515,2026-09-06,813,2026-09-06 08:13:00,340.44,303.23,5.0,n,N20,VIIRS,D,0.44,0.38,2.0NRT
8.2354,80.77721,2026-09-06,813,2026-09-06 08:13:00,337.94,302.36,4.18,n,N20,VIIRS,D,0.46,0.39,2.0NRT
8.22921,80.71003,2026-09-06,813,2026-09-06 08:13:00,337.22,301.19,3.68,n,N20,VIIRS,D,0.46,0.39,2.0NRT
8.24506,80.32575,2026-09-06,813,2026-09-06 08:13:00,340.66,299.01,4.29,n,N20,VIIRS,D,0.44,0.39,2.0NRT
8.2592,80.29923,2026-09-06,813,2026-09-06 08:13:00,338.7,299.2,3.17,n,N20,VIIRS,D,0.44,0.38,2.0NRT
8.25956,80.57584,2026-09-06,813,2026-09-06 08:13:00,339.13,299.01,13.87,n,N20,VIIRS,D,0.45,0.39,2.0NRT
8.30057,80.48235,2026-09-06,813,2026-09-06 08:13:00,342.88,300.76,4.16,n,N20,VIIRS,D,0.45,0.39,2.0NRT
8.29919,80.2003,2026-09-06,813,2026-09-06 08:13:00,335.13,298.76,1.6,n,N20,VIIRS,D,0.44,0.38,2.0NRT
8.29712,80.60815,2026-09-06,813,2026-09-06 08:13:00,344.64,298.88,9.41,n,N20,VIIRS,D,0.46,0.39,2.0NRT
8.29568,80.20081,2026-09-06,813,2026-09-06 08:13:00,344.62,297.56,4.5,n,N20,VIIRS,D,0.44,0.38,2.0NRT
8.2934,80.18505,2026-09-06,813,2026-09-06 08:13:00,331.82,299.81,1.58,n,N20,VIIRS,D,0.44,0.38,2.0NRT
8.29292,80.57938,2026-09-06,813,2026-09-06 08:13:00,343.29,300.64,15.53,n,N20,VIIRS,D,0.45,0.39,2.0NRT
8.29283,80.18109,2026-09-06,813,2026-09-06 08:13:00,338.48,301.13,3.08,n,N20,VIIRS,D,0.44,0.38,2.0NRT
8.25687,80.25889,2026-09-06,813,2026-09-06 08:13:00,333.91,301.96,3.64,n,N20,VIIRS,D,0.44,0.38,2.0NRT
8.28004,80.16688,2026-09-06,813,2026-09-06 08:13:00,331.92,300.73,1.6,n,N20,VIIRS,D,0.44,0.38,2.0NRT
8.27857,80.18705,2026-09-06,813,2026-09-06 08:13:00,332.45,301.54,2.6,n,N20,VIIRS,D,0.44,0.38,2.0NRT
8.27856,80.16294,2026-09-06,813,2026-09-06 08:13:00,338.25,300.69,2.2,n,N20,VIIRS,D,0.44,0.38,2.0NRT
8.27444,80.60302,2026-09-06,813,2026-09-06 08:13:00,333.47,302.11,5.13,n,N20,VIIRS,D,0.46,0.39,2.0NRT
8.27096,80.18414,2026-09-06,813,2026-09-06 08:13:00,337.85,301.15,3.62,n,N20,VIIRS,D,0.44,0.38,2.0NRT
8.26849,80.58709,2026-09-06,813,2026-09-06 08:13:00,338.9,300.93,4.2,n,N20,VIIRS,D,0.45,0.39,2.0NRT
8.26654,80.77808,2026-09-06,813,2026-09-06 08:13:00,340.39,301.18,9.18,n,N20,VIIRS,D,0.46,0.39,2.0NRT
8.26314,80.57533,2026-09-06,813,2026-09-06 08:13:00,337.7,301.82,13.87,n,N20,VIIRS,D,0.45,0.39,2.0NRT
8.27915,80.16686,2026-09-06,813,2026-09-06 08:13:00,333.77,299.31,2.2,n,N20,VIIRS,D,0.44,0.38,2.0NRT
8.22428,80.40664,2026-09-06,813,2026-09-06 08:13:00,338.64,302.47,7.67,n,N20,VIIRS,D,0.45,0.39,2.0NRT
8.07878,80.54733,2026-09-06,813,2026-09-06 08:13:00,341.35,297.25,2.74,n,N20,VIIRS,D,0.45,0.39,2.0NRT
8.22349,80.57193,2026-09-06,813,2026-09-06 08:13:00,348.68,304.25,23.39,n,N20,VIIRS,D,0.45,0.39,2.0NRT
8.09006,80.54984,2026-09-06,813,2026-09-06 08:13:00,339.59,300.36,3.7,n,N20,VIIRS,D,0.45,0.39,2.0NRT
8.30064,80.28527,2026-09-06,813,2026-09-06 08:13:00,332.0,299.51,6.28,n,N20,VIIRS,D,0.44,0.38,2.0NRT
8.07462,80.54377,2026-09-06,813,2026-09-06 08:13:00,333.49,299.65,2.74,n,N20,VIIRS,D,0.45,0.39,2.0NRT
8.06803,80.22999,2026-09-06,813,2026-09-06 08:13:00,337.09,301.12,4.47,n,N20,VIIRS,D,0.44,0.38,2.0NRT
8.06035,80.64606,2026-09-06,813,2026-09-06 08:13:00,335.68,301.96,5.49,n,N20,VIIRS,D,0.46,0.39,2.0NRT
8.05855,80.65893,2026-09-06,813,2026-09-06 08:13:00,342.6,301.81,7.96,n,N20,VIIRS,D,0.46,0.39,2.0NRT
8.05806,80.40604,2026-09-06,813,2026-09-06 08:13:00,338.11,300.68,5.86,n,N20,VIIRS,D,0.44,0.39,2.0NRT
8.10052,80.15243,2026-09-06,813,2026-09-06 08:13:00,340.66,299.16,8.89,n,N20,VIIRS,D,0.43,0.38,2.0NRT
8.05747,80.40203,2026-09-06,813,2026-09-06 08:13:00,331.15,299.86,5.59,n,N20,VIIRS,D,0.44,0.39,2.0NRT
8.05332,80.47249,2026-09-06,813,2026-09-06 08:13:00,335.43,300.13,2.53,n,N20,VIIRS,D,0.45,0.39,2.0NRT
8.0532,80.62189,2026-09-06,813,2026-09-06 08:13:00,337.67,300.72,4.09,n,N20,VIIRS,D,0.45,0.39,2.0NRT
8.05042,80.37853,2026-09-06,813,2026-09-06 08:13:00,332.73,299.78,6.51,n,N20,VIIRS,D,0.44,0.39,2.0NRT
8.04267,80.47402,2026-09-06,813,2026-09-06 08:13:00,331.37,299.4,1.79,n,N20,VIIRS,D,0.45,0.39,2.0NRT
8.03632,80.35615,2026-09-06,813,2026-09-06 08:13:00,343.2,302.02,10.18,n,N20,VIIRS,D,0.44,0.38,2.0NRT
8.03471,80.64554,2026-09-06,813,2026-09-06 08:13:00,336.73,301.99,5.8,n,N20,VIIRS,D,0.46,0.39,2.0NRT
8.02996,80.63786,2026-09-06,813,2026-09-06 08:13:00,330.96,300.07,4.32,n,N20,VIIRS,D,0.45,0.39,2.0NRT
8.05688,80.39803,2026-09-06,813,2026-09-06 08:13:00,338.45,301.53,5.59,n,N20,VIIRS,D,0.44,0.39,2.0NRT
8.12702,80.61101,2026-09-06,813,2026-09-06 08:13:00,337.67,298.0,6.44,n,N20,VIIRS,D,0.45,0.39,2.0NRT
8.12769,80.28949,2026-09-06,813,2026-09-06 08:13:00,337.32,301.27,5.03,n,N20,VIIRS,D,0.44,0.38,2.0NRT
8.12827,80.29346,2026-09-06,813,2026-09-06 08:13:00,335.67,299.94,5.03,n,N20,VIIRS,D,0.44,0.38,2.0NRT
8.22289,80.56785,2026-09-06,813,2026-09-06 08:13:00,331.57,300.93,5.15,n,N20,VIIRS,D,0.45,0.39,2.0NRT
8.21932,80.56836,2026-09-06,813,2026-09-06 08:13:00,333.33,301.12,4.82,n,N20,VIIRS,D,0.45,0.39,2.0NRT
8.21635,80.57297,2026-09-06,813,2026-09-06 08:13:00,342.06,303.1,10.12,n,N20,VIIRS,D,0.45,0.39,2.0NRT
8.21431,80.75893,2026-09-06,813,2026-09-06 08:13:00,330.23,300.11,3.09,n,N20,VIIRS,D,0.46,0.39,2.0NRT
8.20672,80.35995,2026-09-06,813,2026-09-06 08:13:00,337.73,299.86,2.2,n,N20,VIIRS,D,0.44,0.39,2.0NRT
8.2045,80.61651,2026-09-06,813,2026-09-06 08:13:00,339.36,302.51,9.0,n,N20,VIIRS,D,0.46,0.39,2.0NRT
8.18664,80.69491,2026-09-06,813,2026-09-06 08:13:00,334.2,302.41,4.81,n,N20,VIIRS,D,0.46,0.39,2.0NRT
8.17289,80.45047,2026-09-06,813,2026-09-06 08:13:00,335.1,301.18,3.65,n,N20,VIIRS,D,0.45,0.39,2.0NRT
8.17231,80.59605,2026-09-06,813,2026-09-06 08:13:00,332.62,301.51,4.94,n,N20,VIIRS,D,0.45,0.39,2.0NRT
8.16569,80.72771,2026-09-06,813,2026-09-06 08:13:00,335.38,298.91,3.87,n,N20,VIIRS,D,0.46,0.39,2.0NRT
8.16397,80.58891,2026-09-06,813,2026-09-06 08:13:00,338.65,301.94,5.02,n,N20,VIIRS,D,0.45,0.39,2.0NRT
8.15989,80.43587,2026-09-06,813,2026-09-06 08:13:00,338.54,301.68,3.92,n,N20,VIIRS,D,0.45,0.39,2.0NRT
8.1593,80.43186,2026-09-06,813,2026-09-06 08:13:00,333.31,300.81,3.92,n,N20,VIIRS,D,0.45,0.39,2.0NRT
8.15444,80.59864,2026-09-06,813,2026-09-06 08:13:00,331.39,300.89,4.5,n,N20,VIIRS,D,0.45,0.39,2.0NRT
8.14275,80.44252,2026-09-06,813,2026-09-06 08:13:00,331.49,297.6,2.48,n,N20,VIIRS,D,0.45,0.39,2.0NRT
8.13583,80.73645,2026-09-06,813,2026-09-06 08:13:00,336.66,300.87,6.79,n,N20,VIIRS,D,0.46,0.39,2.0NRT
8.12827,80.61111,2026-09-06,813,2026-09-06 08:13:00,337.3,298.33,6.34,n,N20,VIIRS,D,0.45,0.39,2.0NRT
8.2237,80.40259,2026-09-06,813,2026-09-06 08:13:00,339.05,302.66,6.21,n,N20,VIIRS,D,0.45,0.39,2.0NRT
8.3027,80.19979,2026-09-06,813,2026-09-06 08:13:00,336.5,299.79,1.6,n,N20,VIIRS,D,0.44,0.38,2.0NRT
8.39968,80.66987,2026-09-06,813,2026-09-06 08:13:00,339.08,302.61,4.22,n,N20,VIIRS,D,0.46,0.39,2.0NRT
8.30719,80.55222,2026-09-06,813,2026-09-06 08:13:00,335.34,301.76,2.76,n,N20,VIIRS,D,0.45,0.39,2.0NRT
8.47739,80.48282,2026-09-06,813,2026-09-06 08:13:00,339.21,299.55,4.15,n,N20,VIIRS,D,0.45,0.39,2.0NRT
8.47653,80.81748,2026-09-06,813,2026-09-06 08:13:00,337.17,302.59,29.86,n,N20,VIIRS,D,0.47,0.4,2.0NRT
8.47358,80.71126,2026-09-06,813,2026-09-06 08:13:00,334.42,301.95,4.46,n,N20,VIIRS,D,0.46,0.39,2.0NRT
8.47326,80.45426,2026-09-06,813,2026-09-06 08:13:00,337.48,298.57,4.62,n,N20,VIIRS,D,0.45,0.39,2.0NRT
8.47217,80.78788,2026-09-06,813,2026-09-06 08:13:00,337.42,299.37,6.42,n,N20,VIIRS,D,0.47,0.39,2.0NRT
8.47011,80.60973,2026-09-06,813,2026-09-06 08:13:00,334.54,301.57,3.37,n,N20,VIIRS,D,0.46,0.39,2.0NRT
8.4623,80.18108,2026-09-06,813,2026-09-06 08:13:00,338.97,302.21,7.82,n,N20,VIIRS,D,0.44,0.38,2.0NRT
8.48015,80.78344,2026-09-06,813,2026-09-06 08:13:00,339.42,302.14,13.13,n,N20,VIIRS,D,0.47,0.39,2.0NRT
8.45721,80.46904,2026-09-06,813,2026-09-06 08:13:00,339.46,299.61,4.77,n,N20,VIIRS,D,0.45,0.39,2.0NRT
8.45636,80.75574,2026-09-06,813,2026-09-06 08:13:00,347.02,301.68,9.8,n,N20,VIIRS,D,0.46,0.39,2.0NRT
8.45574,80.75153,2026-09-06,813,2026-09-06 08:13:00,344.4,298.31,9.8,n,N20,VIIRS,D,0.46,0.39,2.0NRT
8.45394,80.62476,2026-09-06,813,2026-09-06 08:13:00,335.77,297.83,3.42,n,N20,VIIRS,D,0.46,0.39,2.0NRT
8.44945,80.49104,2026-09-06,813,2026-09-06 08:13:00,336.13,297.9,2.13,n,N20,VIIRS,D,0.45,0.39,2.0NRT
8.44212,80.31426,2026-09-06,813,2026-09-06 08:13:00,335.02,300.22,3.82,n,N20,VIIRS,D,0.44,0.39,2.0NRT
8.43297,80.20153,2026-09-06,813,2026-09-06 08:13:00,337.22,301.65,6.24,n,N20,VIIRS,D,0.44,0.38,2.0NRT
8.43209,80.31983,2026-09-06,813,2026-09-06 08:13:00,339.38,301.64,5.77,n,N20,VIIRS,D,0.44,0.39,2.0NRT
8.45662,80.46497,2026-09-06,813,2026-09-06 08:13:00,349.29,301.71,4.77,n,N20,VIIRS,D,0.45,0.39,2.0NRT
8.42704,80.55621,2026-09-06,813,2026-09-06 08:13:00,333.6,300.71,3.18,n,N20,VIIRS,D,0.45,0.39,2.0NRT
8.48097,80.4573,2026-09-06,813,2026-09-06 08:13:00,334.81,298.69,2.65,n,N20,VIIRS,D,0.45,0.39,2.0NRT
8.48303,80.78632,2026-09-06,813,2026-09-06 08:13:00,338.06,301.53,18.22,n,N20,VIIRS,D,0.47,0.39,2.0NRT
8.50002,80.69029,2026-09-06,813,2026-09-06 08:13:00,336.54,300.93,7.32,n,N20,VIIRS,D,0.46,0.39,2.0NRT
8.49644,80.84603,2026-09-06,813,2026-09-06 08:13:00,342.08,299.84,5.81,n,N20,VIIRS,D,0.47,0.4,2.0NRT
8.49644,80.82,2026-09-06,813,2026-09-06 08:13:00,339.51,302.46,17.59,n,N20,VIIRS,D,0.47,0.4,2.0NRT
8.4963,80.21665,2026-09-06,813,2026-09-06 08:13:00,335.29,301.06,3.68,n,N20,VIIRS,D,0.44,0.38,2.0NRT
8.49584,80.81576,2026-09-06,813,2026-09-06 08:13:00,337.21,303.09,17.59,n,N20,VIIRS,D,0.47,0.4,2.0NRT
8.49522,80.60607,2026-09-06,813,2026-09-06 08:13:00,338.02,299.6,5.78,n,N20,VIIRS,D,0.46,0.39,2.0NRT
8.49396,80.24951,2026-09-06,813,2026-09-06 08:13:00,335.95,301.37,4.03,n,N20,VIIRS,D,0.44,0.38,2.0NRT
8.48258,80.74863,2026-09-06,813,2026-09-06 08:13:00,346.16,302.01,7.5,n,N20,VIIRS,D,0.47,0.39,2.0NRT
8.49342,80.79879,2026-09-06,813,2026-09-06 08:13:00,334.64,301.0,6.47,n,N20,VIIRS,D,0.47,0.4,2.0NRT
8.49219,80.23755,2026-09-06,813,2026-09-06 08:13:00,337.6,301.02,3.08,n,N20,VIIRS,D,0.44,0.38,2.0NRT
8.49162,80.73441,2026-09-06,813,2026-09-06 08:13:00,337.88,299.1,7.48,n,N20,VIIRS,D,0.46,0.39,2.0NRT
8.4916,80.23357,2026-09-06,813,2026-09-06 08:13:00,337.51,301.75,4.07,n,N20,VIIRS,D,0.44,0.38,2.0NRT
8.48861,80.73914,2026-09-06,813,2026-09-06 08:13:00,337.9,301.31,9.2,n,N20,VIIRS,D,0.46,0.39,2.0NRT
8.4844,80.73547,2026-09-06,813,2026-09-06 08:13:00,341.86,302.37,10.65,n,N20,VIIRS,D,0.46,0.39,2.0NRT
8.48377,80.78291,2026-09-06,813,2026-09-06 08:13:00,336.89,299.33,4.17,n,N20,VIIRS,D,0.47,0.39,2.0NRT
8.48318,80.75284,2026-09-06,813,2026-09-06 08:13:00,335.9,300.24,7.5,n,N20,VIIRS,D,0.47,0.39,2.0NRT
8.49221,80.81628,2026-09-06,813,2026-09-06 08:13:00,352.36,302.24,18.65,n,N20,VIIRS,D,0.47,0.4,2.0NRT
8.4261,80.35358,2026-09-06,813,2026-09-06 08:13:00,333.93,302.01,4.56,n,N20,VIIRS,D,0.45,0.39,2.0NRT
8.42314,80.38222,2026-09-06,813,2026-09-06 08:13:00,337.32,298.88,4.56,n,N20,VIIRS,D,0.45,0.39,2.0NRT
8.42249,80.37884,2026-09-06,813,2026-09-06 08:13:00,337.81,299.95,9.05,n,N20,VIIRS,D,0.45,0.39,2.0NRT
8.39406,80.21074,2026-09-06,813,2026-09-06 08:13:00,337.49,299.92,2.56,n,N20,VIIRS,D,0.44,0.38,2.0NRT
8.39189,80.59074,2026-09-06,813,2026-09-06 08:13:00,333.66,300.79,1.45,n,N20,VIIRS,D,0.46,0.39,2.0NRT
8.38829,80.82144,2026-09-06,813,2026-09-06 08:13:00,347.86,298.15,6.49,n,N20,VIIRS,D,0.47,0.4,2.0NRT
8.38802,80.16364,2026-09-06,813,2026-09-06 08:13:00,332.87,299.27,5.36,n,N20,VIIRS,D,0.44,0.38,2.0NRT
8.38589,80.77874,2026-09-06,813,2026-09-06 08:13:00,340.62,301.3,10.83,n,N20,VIIRS,D,0.47,0.39,2.0NRT
8.38349,80.76193,2026-09-06,813,2026-09-06 08:13:00,347.85,302.7,11.41,n,N20,VIIRS,D,0.46,0.39,2.0NRT
8.3677,80.17822,2026-09-06,813,2026-09-06 08:13:00,335.7,302.41,5.38,n,N20,VIIRS,D,0.44,0.38,2.0NRT
8.39485,80.21114,2026-09-06,813,2026-09-06 08:13:00,341.56,300.55,2.72,n,N20,VIIRS,D,0.44,0.38,2.0NRT
8.36728,80.72576,2026-09-06,813,2026-09-06 08:13:00,335.7,300.92,4.57,n,N20,VIIRS,D,0.46,0.39,2.0NRT
8.36625,80.56503,2026-09-06,813,2026-09-06 08:13:00,336.95,301.43,3.84,n,N20,VIIRS,D,0.45,0.39,2.0NRT
8.32469,80.30215,2026-09-06,813,2026-09-06 08:13:00,339.68,301.39,10.18,n,N20,VIIRS,D,0.44,0.39,2.0NRT
8.32142,80.20514,2026-09-06,813,2026-09-06 08:13:00,338.33,302.13,1.97,n,N20,VIIRS,D,0.44,0.38,2.0NRT
8.32116,80.30267,2026-09-06,813,2026-09-06 08:13:00,333.36,300.18,10.18,n,N20,VIIRS,D,0.44,0.39,2.0NRT
8.31706,80.2992,2026-09-06,813,2026-09-06 08:13:00,339.93,300.43,2.82,n,N20,VIIRS,D,0.44,0.39,2.0NRT
8.31313,80.54298,2026-09-06,813,2026-09-06 08:13:00,338.42,301.7,1.85,n,N20,VIIRS,D,0.45,0.39,2.0NRT
8.31076,80.5517,2026-09-06,813,2026-09-06 08:13:00,335.92,299.8,2.76,n,N20,VIIRS,D,0.45,0.39,2.0NRT
8.36684,80.56914,2026-09-06,813,2026-09-06 08:13:00,336.21,303.55,6.98,n,N20,VIIRS,D,0.45,0.39,2.0NRT
8.39549,80.66624,2026-09-06,813,2026-09-06 08:13:00,333.35,301.7,4.22,n,N20,VIIRS,D,0.46,0.39,2.0NRT
8.3966,80.49786,2026-09-06,813,2026-09-06 08:13:00,332.36,301.31,3.11,n,N20,VIIRS,D,0.45,0.39,2.0NRT
8.39757,80.21023,2026-09-06,813,2026-09-06 08:13:00,332.18,301.44,2.56,n,N20,VIIRS,D,0.44,0.38,2.0NRT
8.42082,80.34197,2026-09-06,813,2026-09-06 08:13:00,342.48,302.05,6.21,n,N20,VIIRS,D,0.45,0.39,2.0NRT
8.42025,80.33794,2026-09-06,813,2026-09-06 08:13:00,348.66,303.19,6.21,n,N20,VIIRS,D,0.44,0.39,2.0NRT
8.41959,80.38272,2026-09-06,813,2026-09-06 08:13:00,331.04,299.97,4.56,n,N20,VIIRS,D,0.45,0.39,2.0NRT
8.41894,80.35398,2026-09-06,813,2026-09-06 08:13:00,331.41,300.47,2.3,n,N20,VIIRS,D,0.45,0.39,2.0NRT
8.41671,80.33846,2026-09-06,813,2026-09-06 08:13:00,337.53,301.87,5.16,n,N20,VIIRS,D,0.44,0.39,2.0NRT
8.41655,80.33785,2026-09-06,813,2026-09-06 08:13:00,340.39,302.19,5.49,n,N20,VIIRS,D,0.44,0.39,2.0NRT
8.41613,80.33443,2026-09-06,813,2026-09-06 08:13:00,347.43,303.48,8.65,n,N20,VIIRS,D,0.44,0.39,2.0NRT
8.41603,80.18375,2026-09-06,813,2026-09-06 08:13:00,343.03,299.36,2.93,n,N20,VIIRS,D,0.44,0.38,2.0NRT
8.41595,80.33384,2026-09-06,813,2026-09-06 08:13:00,340.54,303.57,6.79,n,N20,VIIRS,D,0.44,0.39,2.0NRT
8.41523,80.2529,2026-09-06,813,2026-09-06 08:13:00,334.11,299.23,2.73,n,N20,VIIRS,D,0.44,0.38,2.0NRT
8.41466,80.24891,2026-09-06,813,2026-09-06 08:13:00,333.42,300.77,2.73,n,N20,VIIRS,D,0.44,0.38,2.0NRT
8.40245,80.38931,2026-09-06,813,2026-09-06 08:13:00,333.69,299.63,3.23,n,N20,VIIRS,D,0.45,0.39,2.0NRT
8.40028,80.67403,2026-09-06,813,2026-09-06 08:13:00,341.7,303.18,9.63,n,N20,VIIRS,D,0.46,0.39,2.0NRT
8.02632,80.36166,2026-09-06,813,2026-09-06 08:13:00,331.52,300.03,2.9,n,N20,VIIRS,D,0.44,0.39,2.0NRT
8.39891,80.38981,2026-09-06,813,2026-09-06 08:13:00,337.46,299.75,3.23,n,N20,VIIRS,D,0.45,0.39,2.0NRT
8.39836,80.21062,2026-09-06,813,2026-09-06 08:13:00,332.49,301.49,2.72,n,N20,VIIRS,D,0.44,0.38,2.0NRT
8.39835,80.43536,2026-09-06,813,2026-09-06 08:13:00,337.77,298.11,4.33,n,N20,VIIRS,D,0.45,0.39,2.0NRT
8.30712,80.28026,2026-09-06,813,2026-09-06 08:13:00,335.28,299.22,5.18,n,N20,VIIRS,D,0.44,0.38,2.0NRT
8.02609,80.62924,2026-09-06,813,2026-09-06 08:13:00,341.21,300.86,5.22,n,N20,VIIRS,D,0.45,0.39,2.0NRT
7.99867,80.61654,2026-09-06,813,2026-09-06 08:13:00,337.57,298.97,4.31,n,N20,VIIRS,D,0.45,0.39,2.0NRT
8.02489,80.50138,2026-09-06,813,2026-09-06 08:13:00,332.81,301.06,3.48,n,N20,VIIRS,D,0.45,0.39,2.0NRT
6.96175,81.56585,2026-09-06,813,2026-09-06 08:13:00,331.73,300.89,2.66,n,N20,VIIRS,D,0.49,0.4,2.0NRT
6.9611,81.56142,2026-09-06,813,2026-09-06 08:13:00,330.96,294.88,2.66,n,N20,VIIRS,D,0.49,0.4,2.0NRT
6.88785,81.49987,2026-09-06,813,2026-09-06 08:13:00,332.33,303.7,3.85,l,N20,VIIRS,D,0.49,0.4,2.0NRT
6.88242,81.67306,2026-09-06,813,2026-09-06 08:13:00,344.28,303.27,8.59,n,N20,VIIRS,D,0.5,0.41,2.0NRT
6.88112,81.67618,2026-09-06,813,2026-09-06 08:13:00,348.45,304.58,8.33,n,N20,VIIRS,D,0.5,0.41,2.0NRT
6.88045,81.67171,2026-09-06,813,2026-09-06 08:13:00,345.28,305.07,8.33,n,N20,VIIRS,D,0.5,0.41,2.0NRT
6.87978,81.66723,2026-09-06,813,2026-09-06 08:13:00,334.95,304.38,3.29,n,N20,VIIRS,D,0.5,0.41,2.0NRT
6.96338,81.56216,2026-09-06,813,2026-09-06 08:13:00,344.16,302.38,7.49,n,N20,VIIRS,D,0.49,0.4,2.0NRT
6.87933,81.67808,2026-09-06,813,2026-09-06 08:13:00,337.61,303.86,8.59,n,N20,VIIRS,D,0.5,0.41,2.0NRT
6.87806,81.6691,2026-09-06,813,2026-09-06 08:13:00,350.52,306.02,10.87,n,N20,VIIRS,D,0.5,0.41,2.0NRT
6.87739,81.6767,2026-09-06,813,2026-09-06 08:13:00,341.26,305.01,8.33,n,N20,VIIRS,D,0.5,0.41,2.0NRT
6.87672,81.67222,2026-09-06,813,2026-09-06 08:13:00,352.26,306.61,8.33,n,N20,VIIRS,D,0.5,0.41,2.0NRT
6.87605,81.66773,2026-09-06,813,2026-09-06 08:13:00,330.66,304.92,3.29,l,N20,VIIRS,D,0.5,0.41,2.0NRT
6.86198,81.32136,2026-09-06,813,2026-09-06 08:13:00,336.06,300.81,6.67,n,N20,VIIRS,D,0.48,0.4,2.0NRT
6.84756,81.4028,2026-09-06,813,2026-09-06 08:13:00,331.75,302.15,3.38,l,N20,VIIRS,D,0.48,0.4,2.0NRT
6.83904,81.46967,2026-09-06,813,2026-09-06 08:13:00,338.42,305.92,6.38,n,N20,VIIRS,D,0.48,0.4,2.0NRT
6.8787,81.67358,2026-09-06,813,2026-09-06 08:13:00,356.18,309.1,8.59,n,N20,VIIRS,D,0.5,0.41,2.0NRT
6.83838,81.46528,2026-09-06,813,2026-09-06 08:13:00,342.54,306.08,5.5,n,N20,VIIRS,D,0.48,0.4,2.0NRT
6.98203,81.5867,2026-09-06,813,2026-09-06 08:13:00,341.15,303.92,32.98,n,N20,VIIRS,D,0.49,0.41,2.0NRT
6.98574,81.58614,2026-09-06,813,2026-09-06 08:13:00,353.1,305.83,32.98,n,N20,VIIRS,D,0.49,0.41,2.0NRT
7.6006,80.85745,2026-09-06,813,2026-09-06 08:13:00,337.72,303.53,3.84,n,N20,VIIRS,D,0.46,0.39,2.0NRT
7.55228,80.40916,2026-09-06,813,2026-09-06 08:13:00,333.54,297.47,11.66,n,N20,VIIRS,D,0.44,0.38,2.0NRT
7.53497,80.08868,2026-09-06,813,2026-09-06 08:13:00,341.84,299.98,3.94,n,N20,VIIRS,D,0.43,0.38,2.0NRT
7.51311,81.65795,2026-09-06,813,2026-09-06 08:13:00,339.53,300.08,8.75,n,N20,VIIRS,D,0.5,0.41,2.0NRT
7.48554,80.05708,2026-09-06,813,2026-09-06 08:13:00,330.41,299.92,1.68,n,N20,VIIRS,D,0.43,0.38,2.0NRT
7.41523,81.62437,2026-09-06,813,2026-09-06 08:13:00,332.22,295.77,3.11,n,N20,VIIRS,D,0.5,0.41,2.0NRT
7.41125,81.72717,2026-09-06,813,2026-09-06 08:13:00,342.31,300.38,5.06,n,N20,VIIRS,D,0.51,0.41,2.0NRT
6.9833,81.59561,2026-09-06,813,2026-09-06 08:13:00,355.5,306.5,42.44,n,N20,VIIRS,D,0.49,0.41,2.0NRT
7.40722,81.69978,2026-09-06,813,2026-09-06 08:13:00,336.96,299.82,3.87,n,N20,VIIRS,D,0.51,0.41,2.0NRT
7.36719,81.71482,2026-09-06,813,2026-09-06 08:13:00,335.6,300.49,6.74,n,N20,VIIRS,D,0.51,0.41,2.0NRT
7.32414,81.76315,2026-09-06,813,2026-09-06 08:13:00,338.41,304.07,6.93,n,N20,VIIRS,D,0.51,0.41,2.0NRT
7.32397,81.76602,2026-09-06,813,2026-09-06 08:13:00,337.76,304.59,7.73,n,N20,VIIRS,D,0.51,0.41,2.0NRT
7.22762,79.92426,2026-09-06,813,2026-09-06 08:13:00,334.35,290.84,4.11,n,N20,VIIRS,D,0.42,0.38,2.0NRT
7.145,81.23863,2026-09-06,813,2026-09-06 08:13:00,330.41,299.91,1.98,n,N20,VIIRS,D,0.48,0.4,2.0NRT
7.13335,81.08004,2026-09-06,813,2026-09-06 08:13:00,336.91,301.05,3.58,n,N20,VIIRS,D,0.47,0.39,2.0NRT
7.05877,81.80164,2026-09-06,813,2026-09-06 08:13:00,340.93,306.34,12.41,n,N20,VIIRS,D,0.51,0.41,2.0NRT
7.36785,81.7194,2026-09-06,813,2026-09-06 08:13:00,339.04,301.43,4.93,n,N20,VIIRS,D,0.51,0.41,2.0NRT
6.82584,81.43141,2026-09-06,813,2026-09-06 08:13:00,336.63,304.94,3.59,n,N20,VIIRS,D,0.48,0.4,2.0NRT
6.81362,81.52721,2026-09-06,813,2026-09-06 08:13:00,340.21,306.12,12.69,n,N20,VIIRS,D,0.49,0.4,2.0NRT
6.81298,81.52281,2026-09-06,813,2026-09-06 08:13:00,350.52,306.59,13.81,n,N20,VIIRS,D,0.49,0.4,2.0NRT
6.55594,80.93317,2026-09-06,813,2026-09-06 08:13:00,331.63,305.24,1.87,l,N20,VIIRS,D,0.45,0.39,2.0NRT
6.54658,81.06027,2026-09-06,813,2026-09-06 08:13:00,336.45,303.9,4.96,n,N20,VIIRS,D,0.46,0.39,2.0NRT
6.52895,80.74675,2026-09-06,813,2026-09-06 08:13:00,347.98,303.84,15.08,n,N20,VIIRS,D,0.44,0.39,2.0NRT
6.5272,80.75962,2026-09-06,813,2026-09-06 08:13:00,334.38,301.06,3.01,n,N20,VIIRS,D,0.45,0.39,2.0NRT
6.52717,80.75974,2026-09-06,813,2026-09-06 08:13:00,335.03,301.18,2.32,n,N20,VIIRS,D,0.44,0.39,2.0NRT
6.52049,80.90929,2026-09-06,813,2026-09-06 08:13:00,332.97,302.12,4.84,n,N20,VIIRS,D,0.45,0.39,2.0NRT
6.44992,81.04031,2026-09-06,813,2026-09-06 08:13:00,331.5,302.53,4.91,l,N20,VIIRS,D,0.46,0.39,2.0NRT
6.57201,80.91832,2026-09-06,813,2026-09-06 08:13:00,340.48,307.81,19.7,n,N20,VIIRS,D,0.45,0.39,2.0NRT
6.41299,81.08785,2026-09-06,813,2026-09-06 08:13:00,339.14,305.72,6.66,n,N20,VIIRS,D,0.46,0.39,2.0NRT
6.37277,80.79048,2026-09-06,813,2026-09-06 08:13:00,331.77,302.87,4.25,l,N20,VIIRS,D,0.44,0.39,2.0NRT
6.37217,80.78643,2026-09-06,813,2026-09-06 08:13:00,347.17,303.65,4.25,n,N20,VIIRS,D,0.44,0.39,2.0NRT
6.28634,80.72087,2026-09-06,813,2026-09-06 08:13:00,341.99,299.85,6.02,n,N20,VIIRS,D,0.44,0.38,2.0NRT
6.22624,80.92218,2026-09-06,813,2026-09-06 08:13:00,330.17,301.93,1.74,l,N20,VIIRS,D,0.45,0.39,2.0NRT
6.22565,80.92256,2026-09-06,813,2026-09-06 08:13:00,332.11,301.8,1.85,n,N20,VIIRS,D,0.45,0.39,2.0NRT
6.1966,80.9183,2026-09-06,813,2026-09-06 08:13:00,335.86,300.17,1.95,n,N20,VIIRS,D,0.45,0.39,2.0NRT
6.17599,81.02498,2026-09-06,813,2026-09-06 08:13:00,342.79,301.19,4.81,n,N20,VIIRS,D,0.45,0.39,2.0NRT
6.38127,81.09678,2026-09-06,813,2026-09-06 08:13:00,345.82,302.54,124.64,n,N20,VIIRS,D,0.46,0.39,2.0NRT
6.59847,80.80141,2026-09-06,813,2026-09-06 08:13:00,334.48,301.4,4.28,n,N20,VIIRS,D,0.45,0.39,2.0NRT
6.60001,80.96009,2026-09-06,813,2026-09-06 08:13:00,341.01,306.3,6.67,n,N20,VIIRS,D,0.45,0.39,2.0NRT
6.6053,80.89685,2026-09-06,813,2026-09-06 08:13:00,333.67,305.11,3.18,l,N20,VIIRS,D,0.45,0.39,2.0NRT
6.81244,81.44232,2026-09-06,813,2026-09-06 08:13:00,339.42,306.3,10.4,n,N20,VIIRS,D,0.48,0.4,2.0NRT
6.80993,81.52775,2026-09-06,813,2026-09-06 08:13:00,338.3,304.94,12.69,n,N20,VIIRS,D,0.49,0.4,2.0NRT
6.80928,81.52334,2026-09-06,813,2026-09-06 08:13:00,337.61,304.1,13.81,n,N20,VIIRS,D,0.49,0.4,2.0NRT
6.80623,81.52828,2026-09-06,813,2026-09-06 08:13:00,337.69,305.82,3.09,n,N20,VIIRS,D,0.49,0.4,2.0NRT
6.78776,81.53093,2026-09-06,813,2026-09-06 08:13:00,339.12,304.85,4.52,n,N20,VIIRS,D,0.49,0.4,2.0NRT
6.78712,81.52653,2026-09-06,813,2026-09-06 08:13:00,336.13,306.48,5.82,l,N20,VIIRS,D,0.49,0.4,2.0NRT
6.78113,81.56338,2026-09-06,813,2026-09-06 08:13:00,336.04,305.31,5.82,n,N20,VIIRS,D,0.49,0.4,2.0NRT
6.7509,81.35421,2026-09-06,813,2026-09-06 08:13:00,346.78,305.84,15.51,n,N20,VIIRS,D,0.48,0.4,2.0NRT
6.74441,81.5361,2026-09-06,813,2026-09-06 08:13:00,345.85,307.44,9.4,n,N20,VIIRS,D,0.49,0.4,2.0NRT
6.74341,81.5372,2026-09-06,813,2026-09-06 08:13:00,342.62,307.2,8.93,n,N20,VIIRS,D,0.49,0.4,2.0NRT
6.73615,81.50595,2026-09-06,813,2026-09-06 08:13:00,339.33,306.59,9.3,n,N20,VIIRS,D,0.49,0.4,2.0NRT
6.71671,81.32398,2026-09-06,813,2026-09-06 08:13:00,335.96,305.94,6.3,n,N20,VIIRS,D,0.48,0.4,2.0NRT
6.71643,81.3233,2026-09-06,813,2026-09-06 08:13:00,336.32,306.13,5.63,n,N20,VIIRS,D,0.47,0.4,2.0NRT
6.71334,81.4029,2026-09-06,813,2026-09-06 08:13:00,342.96,307.35,10.39,n,N20,VIIRS,D,0.48,0.4,2.0NRT
6.70713,81.38621,2026-09-06,813,2026-09-06 08:13:00,340.94,306.33,10.49,n,N20,VIIRS,D,0.48,0.4,2.0NRT
6.70504,81.34695,2026-09-06,813,2026-09-06 08:13:00,335.69,301.12,3.3,n,N20,VIIRS,D,0.48,0.4,2.0NRT
6.61493,80.76595,2026-09-06,813,2026-09-06 08:13:00,334.26,299.64,2.99,n,N20,VIIRS,D,0.45,0.39,2.0NRT
7.61975,80.8379,2026-09-06,813,2026-09-06 08:13:00,338.35,302.53,4.12,n,N20,VIIRS,D,0.46,0.39,2.0NRT
7.62172,80.83782,2026-09-06,813,2026-09-06 08:13:00,338.9,304.2,4.41,n,N20,VIIRS,D,0.46,0.39,2.0NRT
7.62395,80.28177,2026-09-06,813,2026-09-06 08:13:00,330.29,299.22,2.35,n,N20,VIIRS,D,0.43,0.38,2.0NRT
7.6455,80.62371,2026-09-06,813,2026-09-06 08:13:00,334.18,298.43,6.63,n,N20,VIIRS,D,0.45,0.39,2.0NRT
7.99982,80.37775,2026-09-06,813,2026-09-06 08:13:00,337.15,302.47,6.37,n,N20,VIIRS,D,0.44,0.39,2.0NRT
7.99871,80.64158,2026-09-06,813,2026-09-06 08:13:00,344.81,301.84,14.61,n,N20,VIIRS,D,0.45,0.39,2.0NRT
8.50597,80.5792,2026-09-06,813,2026-09-06 08:13:00,342.17,301.04,19.55,n,N20,VIIRS,D,0.46,0.39,2.0NRT
7.99811,80.63749,2026-09-06,813,2026-09-06 08:13:00,338.37,299.1,14.61,n,N20,VIIRS,D,0.45,0.39,2.0NRT
7.99793,80.21613,2026-09-06,813,2026-09-06 08:13:00,336.03,298.5,2.55,n,N20,VIIRS,D,0.44,0.38,2.0NRT
7.98381,80.63953,2026-09-06,813,2026-09-06 08:13:00,335.65,299.31,8.67,n,N20,VIIRS,D,0.45,0.39,2.0NRT
7.98321,80.63544,2026-09-06,813,2026-09-06 08:13:00,333.58,301.02,7.19,n,N20,VIIRS,D,0.45,0.39,2.0NRT
8.00335,80.37724,2026-09-06,813,2026-09-06 08:13:00,344.29,302.18,6.37,n,N20,VIIRS,D,0.44,0.39,2.0NRT
7.98272,80.75755,2026-09-06,813,2026-09-06 08:13:00,343.26,297.2,5.11,n,N20,VIIRS,D,0.46,0.39,2.0NRT
7.97644,80.36833,2026-09-06,813,2026-09-06 08:13:00,335.61,301.62,3.86,n,N20,VIIRS,D,0.44,0.38,2.0NRT
7.96828,80.03739,2026-09-06,813,2026-09-06 08:13:00,335.5,294.55,4.1,n,N20,VIIRS,D,0.43,0.38,2.0NRT
7.96142,80.01473,2026-09-06,813,2026-09-06 08:13:00,346.69,301.8,8.68,n,N20,VIIRS,D,0.43,0.38,2.0NRT
7.96119,80.58449,2026-09-06,813,2026-09-06 08:13:00,339.8,300.9,3.52,n,N20,VIIRS,D,0.45,0.39,2.0NRT
7.95763,80.58501,2026-09-06,813,2026-09-06 08:13:00,339.09,300.42,3.52,n,N20,VIIRS,D,0.45,0.39,2.0NRT
7.95645,80.45293,2026-09-06,813,2026-09-06 08:13:00,344.63,303.0,29.12,n,N20,VIIRS,D,0.45,0.39,2.0NRT
7.9535,80.10691,2026-09-06,813,2026-09-06 08:13:00,336.25,301.02,4.93,n,N20,VIIRS,D,0.43,0.38,2.0NRT
7.98152,80.74925,2026-09-06,813,2026-09-06 08:13:00,335.61,299.59,6.78,n,N20,VIIRS,D,0.46,0.39,2.0NRT
8.00938,80.05111,2026-09-06,813,2026-09-06 08:13:00,335.74,301.26,12.8,n,N20,VIIRS,D,0.43,0.38,2.0NRT
8.01535,80.26189,2026-09-06,813,2026-09-06 08:13:00,347.27,302.56,12.76,n,N20,VIIRS,D,0.44,0.38,2.0NRT
8.01709,81.30904,2026-09-06,813,2026-09-06 08:13:00,337.02,301.74,7.91,n,N20,VIIRS,D,0.49,0.4,2.0NRT
8.02462,80.62609,2026-09-06,813,2026-09-06 08:13:00,333.9,300.7,3.74,n,N20,VIIRS,D,0.45,0.39,2.0NRT
8.0243,80.49733,2026-09-06,813,2026-09-06 08:13:00,333.82,300.98,3.29,n,N20,VIIRS,D,0.45,0.39,2.0NRT
8.02388,80.68829,2026-09-06,813,2026-09-06 08:13:00,335.6,299.03,5.18,n,N20,VIIRS,D,0.46,0.39,2.0NRT
8.02366,80.61292,2026-09-06,813,2026-09-06 08:13:00,349.62,301.72,7.06,n,N20,VIIRS,D,0.45,0.39,2.0NRT
8.02327,80.68417,2026-09-06,813,2026-09-06 08:13:00,340.86,300.07,5.18,n,N20,VIIRS,D,0.46,0.39,2.0NRT
8.02287,80.61383,2026-09-06,813,2026-09-06 08:13:00,351.25,301.78,5.26,n,N20,VIIRS,D,0.45,0.39,2.0NRT
8.02279,80.36218,2026-09-06,813,2026-09-06 08:13:00,333.74,300.68,6.68,n,N20,VIIRS,D,0.44,0.39,2.0NRT
8.02252,80.62978,2026-09-06,813,2026-09-06 08:13:00,340.08,302.5,5.22,n,N20,VIIRS,D,0.45,0.39,2.0NRT
8.02228,80.60974,2026-09-06,813,2026-09-06 08:13:00,336.7,300.52,5.26,n,N20,VIIRS,D,0.45,0.39,2.0NRT
8.02221,80.3582,2026-09-06,813,2026-09-06 08:13:00,337.86,301.04,3.03,n,N20,VIIRS,D,0.44,0.38,2.0NRT
8.02164,80.63072,2026-09-06,813,2026-09-06 08:13:00,337.11,302.38,3.74,n,N20,VIIRS,D,0.45,0.39,2.0NRT
8.0207,80.61752,2026-09-06,813,2026-09-06 08:13:00,338.87,301.57,7.59,n,N20,VIIRS,D,0.45,0.39,2.0NRT
8.02009,80.61343,2026-09-06,813,2026-09-06 08:13:00,342.64,302.41,7.06,n,N20,VIIRS,D,0.45,0.39,2.0NRT
8.01955,80.63438,2026-09-06,813,2026-09-06 08:13:00,332.96,299.34,4.0,n,N20,VIIRS,D,0.45,0.39,2.0NRT
8.0193,80.61435,2026-09-06,813,2026-09-06 08:13:00,334.15,303.03,5.26,n,N20,VIIRS,D,0.45,0.39,2.0NRT
8.01928,80.75652,2026-09-06,813,2026-09-06 08:13:00,340.0,295.13,5.34,n,N20,VIIRS,D,0.46,0.39,2.0NRT
8.01838,81.30779,2026-09-06,813,2026-09-06 08:13:00,339.78,301.82,6.13,n,N20,VIIRS,D,0.49,0.4,2.0NRT
7.95302,81.19602,2026-09-06,813,2026-09-06 08:13:00,336.47,300.39,2.85,n,N20,VIIRS,D,0.48,0.4,2.0NRT
8.02521,80.6302,2026-09-06,813,2026-09-06 08:13:00,339.07,301.37,3.74,n,N20,VIIRS,D,0.45,0.39,2.0NRT
7.95289,80.55247,2026-09-06,813,2026-09-06 08:13:00,337.1,300.64,3.87,n,N20,VIIRS,D,0.45,0.39,2.0NRT
7.94465,80.44645,2026-09-06,813,2026-09-06 08:13:00,348.49,302.43,11.4,n,N20,VIIRS,D,0.44,0.39,2.0NRT
7.87167,79.92561,2026-09-06,813,2026-09-06 08:13:00,340.41,300.51,6.19,n,N20,VIIRS,D,0.42,0.38,2.0NRT
7.86796,80.34335,2026-09-06,813,2026-09-06 08:13:00,336.88,299.14,5.15,n,N20,VIIRS,D,0.44,0.38,2.0NRT
7.85508,80.69967,2026-09-06,813,2026-09-06 08:13:00,342.53,303.43,30.8,n,N20,VIIRS,D,0.46,0.39,2.0NRT
7.84394,80.20604,2026-09-06,813,2026-09-06 08:13:00,337.41,299.09,3.33,n,N20,VIIRS,D,0.43,0.38,2.0NRT
7.84102,80.2345,2026-09-06,813,2026-09-06 08:13:00,339.58,301.62,5.39,n,N20,VIIRS,D,0.43,0.38,2.0NRT
7.82479,80.61631,2026-09-06,813,2026-09-06 08:13:00,342.87,298.81,5.46,n,N20,VIIRS,D,0.45,0.39,2.0NRT
7.80483,79.92006,2026-09-06,813,2026-09-06 08:13:00,334.47,297.98,3.63,n,N20,VIIRS,D,0.42,0.38,2.0NRT
7.8741,80.60503,2026-09-06,813,2026-09-06 08:13:00,338.66,300.57,7.74,n,N20,VIIRS,D,0.45,0.39,2.0NRT
7.76921,80.25717,2026-09-06,813,2026-09-06 08:13:00,332.14,299.34,3.99,n,N20,VIIRS,D,0.44,0.38,2.0NRT
7.72779,80.13131,2026-09-06,813,2026-09-06 08:13:00,331.12,299.76,3.33,n,N20,VIIRS,D,0.43,0.38,2.0NRT
7.71756,80.45007,2026-09-06,813,2026-09-06 08:13:00,331.53,299.63,4.7,n,N20,VIIRS,D,0.44,0.39,2.0NRT
7.71659,79.84772,2026-09-06,813,2026-09-06 08:13:00,331.38,297.37,1.72,n,N20,VIIRS,D,0.42,0.38,2.0NRT
7.71069,79.87955,2026-09-06,813,2026-09-06 08:13:00,336.76,298.74,3.35,n,N20,VIIRS,D,0.42,0.38,2.0NRT
7.6966,80.82266,2026-09-06,813,2026-09-06 08:13:00,342.2,302.13,2.9,n,N20,VIIRS,D,0.46,0.39,2.0NRT
7.69301,80.82319,2026-09-06,813,2026-09-06 08:13:00,330.05,300.72,2.89,l,N20,VIIRS,D,0.46,0.39,2.0NRT
7.6888,80.81956,2026-09-06,813,2026-09-06 08:13:00,347.71,303.7,11.15,n,N20,VIIRS,D,0.46,0.39,2.0NRT
7.75884,80.68317,2026-09-06,813,2026-09-06 08:13:00,334.63,297.97,4.11,n,N20,VIIRS,D,0.45,0.39,2.0NRT
7.87927,80.94359,2026-09-06,813,2026-09-06 08:13:00,338.27,302.29,4.74,n,N20,VIIRS,D,0.47,0.4,2.0NRT
7.87986,80.07761,2026-09-06,813,2026-09-06 08:13:00,330.6,298.01,2.23,n,N20,VIIRS,D,0.43,0.38,2.0NRT
7.88015,80.34989,2026-09-06,813,2026-09-06 08:13:00,330.53,298.44,2.96,n,N20,VIIRS,D,0.44,0.38,2.0NRT
7.94398,80.5662,2026-09-06,813,2026-09-06 08:13:00,345.79,300.57,7.55,n,N20,VIIRS,D,0.45,0.39,2.0NRT
7.94072,81.1889,2026-09-06,813,2026-09-06 08:13:00,340.77,302.24,24.13,n,N20,VIIRS,D,0.48,0.4,2.0NRT
7.93909,80.68369,2026-09-06,813,2026-09-06 08:13:00,338.19,298.18,4.78,n,N20,VIIRS,D,0.46,0.39,2.0NRT
7.93551,80.68421,2026-09-06,813,2026-09-06 08:13:00,337.64,298.01,4.78,n,N20,VIIRS,D,0.46,0.39,2.0NRT
7.93166,81.04913,2026-09-06,813,2026-09-06 08:13:00,335.02,300.92,2.99,n,N20,VIIRS,D,0.47,0.4,2.0NRT
7.93151,80.58047,2026-09-06,813,2026-09-06 08:13:00,334.86,297.0,1.84,n,N20,VIIRS,D,0.45,0.39,2.0NRT
7.93032,81.19484,2026-09-06,813,2026-09-06 08:13:00,337.24,301.31,4.57,n,N20,VIIRS,D,0.48,0.4,2.0NRT
7.9236,79.94956,2026-09-06,813,2026-09-06 08:13:00,332.95,298.53,2.31,n,N20,VIIRS,D,0.42,0.38,2.0NRT
7.92305,81.22266,2026-09-06,813,2026-09-06 08:13:00,330.55,300.04,1.63,n,N20,VIIRS,D,0.48,0.4,2.0NRT
7.92121,79.94964,2026-09-06,813,2026-09-06 08:13:00,336.58,299.22,3.16,n,N20,VIIRS,D,0.42,0.38,2.0NRT
7.91837,80.7073,2026-09-06,813,2026-09-06 08:13:00,335.48,300.91,3.71,n,N20,VIIRS,D,0.46,0.39,2.0NRT
7.91717,79.94633,2026-09-06,813,2026-09-06 08:13:00,335.51,299.03,4.24,n,N20,VIIRS,D,0.42,0.38,2.0NRT
7.91426,80.31252,2026-09-06,813,2026-09-06 08:13:00,336.02,301.02,2.51,n,N20,VIIRS,D,0.44,0.38,2.0NRT
7.89936,80.40807,2026-09-06,813,2026-09-06 08:13:00,336.64,300.48,5.59,n,N20,VIIRS,D,0.44,0.39,2.0NRT
7.89612,80.06731,2026-09-06,813,2026-09-06 08:13:00,336.88,296.26,2.52,n,N20,VIIRS,D,0.43,0.38,2.0NRT
7.88326,80.29684,2026-09-06,813,2026-09-06 08:13:00,337.96,302.22,6.32,n,N20,VIIRS,D,0.44,0.38,2.0NRT
7.88289,80.94305,2026-09-06,813,2026-09-06 08:13:00,342.36,300.52,4.74,n,N20,VIIRS,D,0.47,0.4,2.0NRT
7.95167,80.61919,2026-09-06,813,2026-09-06 08:13:00,333.24,300.38,4.64,n,N20,VIIRS,D,0.45,0.39,2.0NRT
8.50861,80.17448,2026-09-06,813,2026-09-06 08:13:00,336.15,301.12,7.12,n,N20,VIIRS,D,0.44,0.38,2.0NRT
8.54363,80.5864,2026-09-06,813,2026-09-06 08:13:00,332.47,300.17,4.7,n,N20,VIIRS,D,0.46,0.39,2.0NRT
8.50975,80.18241,2026-09-06,813,2026-09-06 08:13:00,355.38,303.97,31.59,n,N20,VIIRS,D,0.44,0.38,2.0NRT
8.64687,80.62698,2026-09-06,813,2026-09-06 08:13:00,340.52,299.54,5.28,n,N20,VIIRS,D,0.46,0.39,2.0NRT
8.63414,80.54001,2026-09-06,813,2026-09-06 08:13:00,342.98,301.43,7.69,n,N20,VIIRS,D,0.46,0.39,2.0NRT
8.61997,80.69501,2026-09-06,813,2026-09-06 08:13:00,331.59,300.47,4.09,n,N20,VIIRS,D,0.46,0.39,2.0NRT
8.61636,80.69553,2026-09-06,813,2026-09-06 08:13:00,332.76,300.09,4.09,n,N20,VIIRS,D,0.46,0.39,2.0NRT
8.61612,80.41712,2026-09-06,813,2026-09-06 08:13:00,336.73,300.98,6.81,n,N20,VIIRS,D,0.45,0.39,2.0NRT
8.61552,80.41306,2026-09-06,813,2026-09-06 08:13:00,336.49,299.93,6.58,n,N20,VIIRS,D,0.45,0.39,2.0NRT
8.61271,80.64471,2026-09-06,813,2026-09-06 08:13:00,335.44,297.09,6.17,n,N20,VIIRS,D,0.46,0.39,2.0NRT
8.6126,80.46765,2026-09-06,813,2026-09-06 08:13:00,337.07,300.61,5.6,n,N20,VIIRS,D,0.45,0.39,2.0NRT
8.65047,80.62647,2026-09-06,813,2026-09-06 08:13:00,333.64,298.52,4.09,n,N20,VIIRS,D,0.46,0.39,2.0NRT
8.60667,80.52712,2026-09-06,813,2026-09-06 08:13:00,336.38,296.15,7.37,n,N20,VIIRS,D,0.46,0.39,2.0NRT
8.60573,80.88261,2026-09-06,813,2026-09-06 08:13:00,334.2,297.85,2.33,n,N20,VIIRS,D,0.47,0.4,2.0NRT
8.60487,80.46458,2026-09-06,813,2026-09-06 08:13:00,338.85,302.98,14.6,n,N20,VIIRS,D,0.45,0.39,2.0NRT
8.60131,80.85265,2026-09-06,813,2026-09-06 08:13:00,335.02,296.06,2.38,n,N20,VIIRS,D,0.47,0.4,2.0NRT
8.60131,80.84901,2026-09-06,813,2026-09-06 08:13:00,336.57,298.93,4.81,n,N20,VIIRS,D,0.47,0.4,2.0NRT
8.60071,80.56167,2026-09-06,813,2026-09-06 08:13:00,338.48,295.39,10.19,n,N20,VIIRS,D,0.46,0.39,2.0NRT
8.59653,80.55806,2026-09-06,813,2026-09-06 08:13:00,336.16,297.37,7.01,n,N20,VIIRS,D,0.46,0.39,2.0NRT
8.59651,80.68553,2026-09-06,813,2026-09-06 08:13:00,331.64,298.45,4.6,n,N20,VIIRS,D,0.46,0.39,2.0NRT
8.59291,80.66039,2026-09-06,813,2026-09-06 08:13:00,334.76,297.81,2.06,n,N20,VIIRS,D,0.46,0.39,2.0NRT
8.60616,80.8833,2026-09-06,813,2026-09-06 08:13:00,334.92,296.61,5.26,n,N20,VIIRS,D,0.47,0.4,2.0NRT
8.58811,80.65256,2026-09-06,813,2026-09-06 08:13:00,335.58,297.84,4.87,n,N20,VIIRS,D,0.46,0.39,2.0NRT
8.65805,80.51152,2026-09-06,813,2026-09-06 08:13:00,332.83,299.73,4.53,n,N20,VIIRS,D,0.46,0.39,2.0NRT
8.65975,80.5153,2026-09-06,813,2026-09-06 08:13:00,340.01,296.32,3.74,n,N20,VIIRS,D,0.46,0.39,2.0NRT
8.50918,80.17844,2026-09-06,813,2026-09-06 08:13:00,349.14,307.54,31.59,n,N20,VIIRS,D,0.44,0.38,2.0NRT
8.88293,80.83604,2026-09-06,813,2026-09-06 08:13:00,347.05,299.53,8.27,n,N20,VIIRS,D,0.47,0.4,2.0NRT
8.88169,80.82746,2026-09-06,813,2026-09-06 08:13:00,336.14,297.55,4.39,n,N20,VIIRS,D,0.47,0.4,2.0NRT
8.83425,80.78182,2026-09-06,813,2026-09-06 08:13:00,340.17,299.17,4.34,n,N20,VIIRS,D,0.47,0.4,2.0NRT
8.83302,80.74734,2026-09-06,813,2026-09-06 08:13:00,337.32,296.95,3.14,n,N20,VIIRS,D,0.47,0.4,2.0NRT
8.82252,80.37099,2026-09-06,813,2026-09-06 08:13:00,333.43,297.52,1.48,n,N20,VIIRS,D,0.45,0.39,2.0NRT
8.81066,80.56594,2026-09-06,813,2026-09-06 08:13:00,340.41,298.15,7.62,n,N20,VIIRS,D,0.46,0.39,2.0NRT
8.81006,80.56178,2026-09-06,813,2026-09-06 08:13:00,335.48,298.9,7.47,n,N20,VIIRS,D,0.46,0.39,2.0NRT
8.65914,80.5112,2026-09-06,813,2026-09-06 08:13:00,332.79,299.59,3.74,n,N20,VIIRS,D,0.45,0.39,2.0NRT
8.80527,80.57945,2026-09-06,813,2026-09-06 08:13:00,342.85,301.29,8.11,n,N20,VIIRS,D,0.46,0.39,2.0NRT
8.7736,80.5374,2026-09-06,813,2026-09-06 08:13:00,348.92,300.17,12.49,n,N20,VIIRS,D,0.46,0.39,2.0NRT
8.74937,80.53613,2026-09-06,813,2026-09-06 08:13:00,338.05,301.62,6.96,n,N20,VIIRS,D,0.46,0.39,2.0NRT
8.74876,80.532,2026-09-06,813,2026-09-06 08:13:00,346.1,301.61,6.96,n,N20,VIIRS,D,0.46,0.39,2.0NRT
8.72425,80.51451,2026-09-06,813,2026-09-06 08:13:00,336.02,298.54,3.43,n,N20,VIIRS,D,0.46,0.39,2.0NRT
8.72365,80.51039,2026-09-06,813,2026-09-06 08:13:00,338.81,300.68,3.43,n,N20,VIIRS,D,0.46,0.39,2.0NRT
8.69863,80.41361,2026-09-06,813,2026-09-06 08:13:00,337.98,300.53,5.61,n,N20,VIIRS,D,0.45,0.39,2.0NRT
8.66316,80.84009,2026-09-06,813,2026-09-06 08:13:00,331.21,300.3,2.3,n,N20,VIIRS,D,0.47,0.4,2.0NRT
8.66222,80.5151,2026-09-06,813,2026-09-06 08:13:00,341.53,298.07,5.97,n,N20,VIIRS,D,0.46,0.39,2.0NRT
8.79756,80.47495,2026-09-06,813,2026-09-06 08:13:00,342.14,300.97,8.62,n,N20,VIIRS,D,0.45,0.39,2.0NRT
8.58149,80.68341,2026-09-06,813,2026-09-06 08:13:00,340.04,300.11,9.03,n,N20,VIIRS,D,0.46,0.39,2.0NRT
8.67861,80.27605,2026-09-06,813,2026-09-06 08:13:00,347.82,301.58,14.25,n,N20,VIIRS,D,0.44,0.39,2.0NRT
8.57706,80.32365,2026-09-06,813,2026-09-06 08:13:00,341.35,302.17,7.17,n,N20,VIIRS,D,0.45,0.39,2.0NRT
8.53378,80.74544,2026-09-06,813,2026-09-06 08:13:00,333.27,300.13,5.59,n,N20,VIIRS,D,0.47,0.39,2.0NRT
8.53154,80.83228,2026-09-06,813,2026-09-06 08:13:00,336.11,301.43,3.78,n,N20,VIIRS,D,0.47,0.4,2.0NRT
8.53133,80.40434,2026-09-06,813,2026-09-06 08:13:00,335.34,302.18,6.14,n,N20,VIIRS,D,0.45,0.39,2.0NRT
8.5308,80.40475,2026-09-06,813,2026-09-06 08:13:00,334.93,302.06,6.09,n,N20,VIIRS,D,0.45,0.39,2.0NRT
8.52953,80.3922,2026-09-06,813,2026-09-06 08:13:00,332.18,301.22,4.68,n,N20,VIIRS,D,0.45,0.39,2.0NRT
8.52848,80.81101,2026-09-06,813,2026-09-06 08:13:00,333.84,300.57,1.75,n,N20,VIIRS,D,0.47,0.4,2.0NRT
8.52642,80.66941,2026-09-06,813,2026-09-06 08:13:00,335.52,301.28,2.03,n,N20,VIIRS,D,0.46,0.39,2.0NRT
8.52632,80.32283,2026-09-06,813,2026-09-06 08:13:00,334.03,300.62,3.5,n,N20,VIIRS,D,0.45,0.39,2.0NRT
8.53579,80.83601,2026-09-06,813,2026-09-06 08:13:00,347.32,301.52,10.95,n,N20,VIIRS,D,0.47,0.4,2.0NRT
8.51882,80.82108,2026-09-06,813,2026-09-06 08:13:00,338.66,302.03,5.48,n,N20,VIIRS,D,0.47,0.4,2.0NRT
8.51675,80.60298,2026-09-06,813,2026-09-06 08:13:00,343.77,301.45,6.18,n,N20,VIIRS,D,0.46,0.39,2.0NRT
8.51661,80.47708,2026-09-06,813,2026-09-06 08:13:00,345.1,301.47,5.57,n,N20,VIIRS,D,0.45,0.39,2.0NRT
8.51615,80.59883,2026-09-06,813,2026-09-06 08:13:00,341.49,301.88,6.18,n,N20,VIIRS,D,0.46,0.39,2.0NRT
8.51384,80.18586,2026-09-06,813,2026-09-06 08:13:00,330.88,297.64,9.53,n,N20,VIIRS,D,0.44,0.38,2.0NRT
8.51327,80.18189,2026-09-06,813,2026-09-06 08:13:00,337.32,300.26,32.84,n,N20,VIIRS,D,0.44,0.38,2.0NRT
8.51316,80.60349,2026-09-06,813,2026-09-06 08:13:00,341.58,301.29,3.36,n,N20,VIIRS,D,0.46,0.39,2.0NRT
8.57937,80.82968,2026-09-06,813,2026-09-06 08:13:00,332.91,299.38,5.26,n,N20,VIIRS,D,0.47,0.4,2.0NRT
8.51256,80.59935,2026-09-06,813,2026-09-06 08:13:00,336.18,301.02,3.36,n,N20,VIIRS,D,0.46,0.39,2.0NRT
8.51856,80.6154,2026-09-06,813,2026-09-06 08:13:00,333.77,300.93,6.15,n,N20,VIIRS,D,0.46,0.39,2.0NRT
8.53634,80.8142,2026-09-06,813,2026-09-06 08:13:00,338.65,302.47,5.38,n,N20,VIIRS,D,0.47,0.4,2.0NRT
8.52294,80.74702,2026-09-06,813,2026-09-06 08:13:00,333.81,302.14,6.08,n,N20,VIIRS,D,0.47,0.39,2.0NRT
8.54132,80.87437,2026-09-06,813,2026-09-06 08:13:00,344.91,300.47,9.3,n,N20,VIIRS,D,0.47,0.4,2.0NRT
8.57456,80.45646,2026-09-06,813,2026-09-06 08:13:00,340.41,297.02,6.12,n,N20,VIIRS,D,0.45,0.39,2.0NRT
8.57553,80.64159,2026-09-06,813,2026-09-06 08:13:00,341.71,296.36,2.43,n,N20,VIIRS,D,0.46,0.39,2.0NRT
8.53944,80.58282,2026-09-06,813,2026-09-06 08:13:00,342.53,297.32,5.71,n,N20,VIIRS,D,0.46,0.39,2.0NRT
8.57398,80.84352,2026-09-06,813,2026-09-06 08:13:00,337.2,301.18,5.41,n,N20,VIIRS,D,0.47,0.4,2.0NRT
8.57392,80.50258,2026-09-06,813,2026-09-06 08:13:00,332.55,301.11,2.25,n,N20,VIIRS,D,0.45,0.39,2.0NRT
8.56703,80.77081,2026-09-06,813,2026-09-06 08:13:00,333.48,300.22,4.31,n,N20,VIIRS,D,0.47,0.39,2.0NRT
8.56441,80.87979,2026-09-06,813,2026-09-06 08:13:00,341.27,299.42,3.6,n,N20,VIIRS,D,0.47,0.4,2.0NRT
8.56331,80.74543,2026-09-06,813,2026-09-06 08:13:00,337.69,298.54,6.64,n,N20,VIIRS,D,0.47,0.39,2.0NRT
8.56173,80.31769,2026-09-06,813,2026-09-06 08:13:00,345.97,298.46,4.96,n,N20,VIIRS,D,0.45,0.39,2.0NRT
8.56103,80.38787,2026-09-06,813,2026-09-06 08:13:00,331.52,299.63,2.85,n,N20,VIIRS,D,0.45,0.39,2.0NRT
8.56407,80.3338,2026-09-06,813,2026-09-06 08:13:00,338.62,302.04,6.77,n,N20,VIIRS,D,0.45,0.39,2.0NRT
8.55732,80.75494,2026-09-06,813,2026-09-06 08:13:00,341.17,299.2,7.24,n,N20,VIIRS,D,0.47,0.39,2.0NRT
8.5537,80.75546,2026-09-06,813,2026-09-06 08:13:00,334.52,297.37,7.24,n,N20,VIIRS,D,0.47,0.39,2.0NRT
8.55285,80.67412,2026-09-06,813,2026-09-06 08:13:00,333.51,299.13,4.13,n,N20,VIIRS,D,0.46,0.39,2.0NRT
8.54863,80.67046,2026-09-06,813,2026-09-06 08:13:00,331.38,299.64,4.13,n,N20,VIIRS,D,0.46,0.39,2.0NRT
8.546,80.57764,2026-09-06,813,2026-09-06 08:13:00,342.21,298.17,9.95,n,N20,VIIRS,D,0.46,0.39,2.0NRT
8.54539,80.57352,2026-09-06,813,2026-09-06 08:13:00,330.32,299.53,4.18,n,N20,VIIRS,D,0.46,0.39,2.0NRT
8.54302,80.58228,2026-09-06,813,2026-09-06 08:13:00,344.77,300.35,9.95,n,N20,VIIRS,D,0.46,0.39,2.0NRT
8.54496,80.87386,2026-09-06,813,2026-09-06 08:13:00,340.1,301.28,9.3,n,N20,VIIRS,D,0.47,0.4,2.0NRT
8.54435,80.86959,2026-09-06,813,2026-09-06 08:13:00,337.1,302.28,9.3,n,N20,VIIRS,D,0.47,0.4,2.0NRT
10.85708,77.46764,2026-09-06,816,2026-09-06 08:16:00,340.33,308.54,6.24,n,N20,VIIRS,D,0.39,0.36,2.0NRT
10.92834,77.06563,2026-09-06,816,2026-09-06 08:16:00,340.58,305.61,3.82,n,N20,VIIRS,D,0.38,0.36,2.0NRT
10.92934,78.49602,2026-09-06,816,2026-09-06 08:16:00,347.17,297.66,7.02,n,N20,VIIRS,D,0.4,0.37,2.0NRT
11.1039,77.41711,2026-09-06,816,2026-09-06 08:16:00,342.02,307.69,8.8,n,N20,VIIRS,D,0.39,0.36,2.0NRT
11.03685,78.74722,2026-09-06,816,2026-09-06 08:16:00,339.8,298.27,8.68,n,N20,VIIRS,D,0.41,0.37,2.0NRT
11.19163,79.82079,2026-09-06,816,2026-09-06 08:16:00,336.11,293.65,1.99,n,N20,VIIRS,D,0.45,0.39,2.0NRT
11.12472,77.62248,2026-09-06,816,2026-09-06 08:16:00,336.38,300.0,3.95,n,N20,VIIRS,D,0.39,0.36,2.0NRT
11.27019,77.4155,2026-09-06,816,2026-09-06 08:16:00,336.34,303.7,5.59,n,N20,VIIRS,D,0.39,0.36,2.0NRT
10.80177,77.80022,2026-09-06,816,2026-09-06 08:16:00,340.26,305.63,10.41,n,N20,VIIRS,D,0.39,0.36,2.0NRT
10.9437,78.16061,2026-09-06,816,2026-09-06 08:16:00,343.17,302.39,14.29,n,N20,VIIRS,D,0.39,0.37,2.0NRT
10.76739,76.23816,2026-09-06,816,2026-09-06 08:16:00,335.87,293.55,2.63,n,N20,VIIRS,D,0.39,0.36,2.0NRT
9.69133,77.8183,2026-09-06,816,2026-09-06 08:16:00,347.18,301.97,5.7,n,N20,VIIRS,D,0.39,0.36,2.0NRT
10.40158,79.16486,2026-09-06,816,2026-09-06 08:16:00,336.74,300.75,5.23,n,N20,VIIRS,D,0.42,0.37,2.0NRT
10.39079,79.30653,2026-09-06,816,2026-09-06 08:16:00,333.3,296.99,2.61,n,N20,VIIRS,D,0.42,0.38,2.0NRT
9.81184,80.02007,2026-09-06,816,2026-09-06 08:16:00,337.28,296.45,2.54,n,N20,VIIRS,D,0.44,0.39,2.0NRT
9.76413,80.16341,2026-09-06,816,2026-09-06 08:16:00,347.78,294.58,7.02,n,N20,VIIRS,D,0.45,0.39,2.0NRT
9.74805,80.25372,2026-09-06,816,2026-09-06 08:16:00,335.12,296.55,2.13,n,N20,VIIRS,D,0.45,0.39,2.0NRT
9.71985,78.95872,2026-09-06,816,2026-09-06 08:16:00,338.14,300.04,2.51,n,N20,VIIRS,D,0.41,0.37,2.0NRT
9.69185,77.82179,2026-09-06,816,2026-09-06 08:16:00,341.88,300.58,5.7,n,N20,VIIRS,D,0.39,0.36,2.0NRT
9.68716,78.94857,2026-09-06,816,2026-09-06 08:16:00,337.54,300.0,1.65,n,N20,VIIRS,D,0.41,0.37,2.0NRT
9.63564,77.72035,2026-09-06,816,2026-09-06 08:16:00,339.18,305.4,8.97,n,N20,VIIRS,D,0.39,0.36,2.0NRT
11.50757,79.17319,2026-09-06,816,2026-09-06 08:16:00,336.38,297.05,2.86,n,N20,VIIRS,D,0.43,0.38,2.0NRT
9.42517,80.37069,2026-09-06,816,2026-09-06 08:16:00,342.18,298.86,4.93,n,N20,VIIRS,D,0.46,0.39,2.0NRT
10.71976,77.59386,2026-09-06,816,2026-09-06 08:16:00,341.83,309.37,7.51,n,N20,VIIRS,D,0.39,0.36,2.0NRT
11.77753,78.95534,2026-09-06,816,2026-09-06 08:16:00,334.49,297.96,1.79,n,N20,VIIRS,D,0.42,0.38,2.0NRT
15.17512,76.65694,2026-09-06,816,2026-09-06 08:16:00,346.01,308.7,6.8,n,N20,VIIRS,D,0.39,0.36,2.0NRT
12.93012,78.92313,2026-09-06,816,2026-09-06 08:16:00,334.35,299.34,2.48,n,N20,VIIRS,D,0.43,0.38,2.0NRT
9.40946,80.46636,2026-09-06,816,2026-09-06 08:16:00,333.9,292.49,4.94,n,N20,VIIRS,D,0.46,0.39,2.0NRT
16.07799,79.995,2026-09-06,816,2026-09-06 08:16:00,336.81,296.71,7.28,n,N20,VIIRS,D,0.52,0.41,2.0NRT
15.99101,76.4836,2026-09-06,816,2026-09-06 08:16:00,341.67,304.73,3.54,n,N20,VIIRS,D,0.39,0.36,2.0NRT
15.91067,80.06923,2026-09-06,816,2026-09-06 08:16:00,337.3,290.29,5.49,n,N20,VIIRS,D,0.52,0.42,2.0NRT
15.49023,77.78264,2026-09-06,816,2026-09-06 08:16:00,337.37,300.66,2.16,n,N20,VIIRS,D,0.41,0.37,2.0NRT
15.18472,76.31614,2026-09-06,816,2026-09-06 08:16:00,334.3,303.79,3.42,n,N20,VIIRS,D,0.38,0.36,2.0NRT
15.18073,76.85435,2026-09-06,816,2026-09-06 08:16:00,337.89,306.7,5.41,n,N20,VIIRS,D,0.39,0.36,2.0NRT
15.17384,76.69377,2026-09-06,816,2026-09-06 08:16:00,336.43,306.25,2.87,n,N20,VIIRS,D,0.39,0.36,2.0NRT
15.08338,77.32011,2026-09-06,816,2026-09-06 08:16:00,343.03,305.11,8.28,n,N20,VIIRS,D,0.4,0.37,2.0NRT
14.94066,77.56884,2026-09-06,816,2026-09-06 08:16:00,333.46,303.35,6.13,n,N20,VIIRS,D,0.4,0.37,2.0NRT
14.88016,77.46104,2026-09-06,816,2026-09-06 08:16:00,332.67,302.42,3.99,n,N20,VIIRS,D,0.4,0.37,2.0NRT
14.80499,79.02848,2026-09-06,816,2026-09-06 08:16:00,341.25,287.86,6.78,n,N20,VIIRS,D,0.45,0.39,2.0NRT
14.7934,77.75158,2026-09-06,816,2026-09-06 08:16:00,339.31,306.25,6.86,n,N20,VIIRS,D,0.4,0.37,2.0NRT
14.79286,77.74784,2026-09-06,816,2026-09-06 08:16:00,338.51,307.33,7.11,n,N20,VIIRS,D,0.4,0.37,2.0NRT
14.7651,77.04733,2026-09-06,816,2026-09-06 08:16:00,347.22,307.53,8.96,n,N20,VIIRS,D,0.39,0.36,2.0NRT
14.56635,77.9285,2026-09-06,816,2026-09-06 08:16:00,337.95,302.4,4.01,n,N20,VIIRS,D,0.41,0.37,2.0NRT
14.48702,78.5662,2026-09-06,816,2026-09-06 08:16:00,332.82,295.59,3.75,n,N20,VIIRS,D,0.43,0.38,2.0NRT
14.46042,77.28085,2026-09-06,816,2026-09-06 08:16:00,339.89,307.1,7.67,n,N20,VIIRS,D,0.39,0.36,2.0NRT
14.41287,78.34174,2026-09-06,816,2026-09-06 08:16:00,339.28,295.97,4.97,n,N20,VIIRS,D,0.42,0.38,2.0NRT
14.40978,78.3418,2026-09-06,816,2026-09-06 08:16:00,338.03,295.11,5.06,n,N20,VIIRS,D,0.42,0.38,2.0NRT
14.24582,77.22956,2026-09-06,816,2026-09-06 08:16:00,338.79,306.51,4.51,n,N20,VIIRS,D,0.39,0.36,2.0NRT
14.12156,77.65474,2026-09-06,816,2026-09-06 08:16:00,331.55,300.58,1.97,n,N20,VIIRS,D,0.4,0.37,2.0NRT
13.22674,78.14415,2026-09-06,816,2026-09-06 08:16:00,341.57,303.09,5.97,n,N20,VIIRS,D,0.41,0.37,2.0NRT
13.04957,78.27469,2026-09-06,816,2026-09-06 08:16:00,341.92,306.63,10.37,n,N20,VIIRS,D,0.41,0.37,2.0NRT
12.93068,78.92706,2026-09-06,816,2026-09-06 08:16:00,334.58,299.93,2.48,n,N20,VIIRS,D,0.43,0.38,2.0NRT
11.81078,77.92136,2026-09-06,816,2026-09-06 08:16:00,339.74,301.72,4.8,n,N20,VIIRS,D,0.39,0.36,2.0NRT
9.40581,80.42804,2026-09-06,816,2026-09-06 08:16:00,343.78,299.39,7.89,n,N20,VIIRS,D,0.46,0.39,2.0NRT
10.94035,78.16111,2026-09-06,816,2026-09-06 08:16:00,354.38,305.29,27.32,n,N20,VIIRS,D,0.39,0.37,2.0NRT
9.38264,80.52097,2026-09-06,816,2026-09-06 08:16:00,349.09,297.66,7.0,n,N20,VIIRS,D,0.46,0.39,2.0NRT
8.91819,80.43314,2026-09-06,816,2026-09-06 08:16:00,339.08,298.48,6.59,n,N20,VIIRS,D,0.45,0.39,2.0NRT
8.9176,80.42904,2026-09-06,816,2026-09-06 08:16:00,337.17,299.97,6.47,n,N20,VIIRS,D,0.45,0.39,2.0NRT
8.91283,80.4465,2026-09-06,816,2026-09-06 08:16:00,341.2,300.11,5.46,n,N20,VIIRS,D,0.45,0.39,2.0NRT
8.91045,80.43008,2026-09-06,816,2026-09-06 08:16:00,331.7,297.62,3.28,n,N20,VIIRS,D,0.45,0.39,2.0NRT
8.90184,80.71144,2026-09-06,816,2026-09-06 08:16:00,333.15,294.54,2.7,n,N20,VIIRS,D,0.47,0.4,2.0NRT
8.89357,80.59322,2026-09-06,816,2026-09-06 08:16:00,338.76,300.37,4.76,n,N20,VIIRS,D,0.46,0.39,2.0NRT
8.89298,80.58905,2026-09-06,816,2026-09-06 08:16:00,340.57,301.01,4.76,n,N20,VIIRS,D,0.46,0.39,2.0NRT
8.89144,80.39935,2026-09-06,816,2026-09-06 08:16:00,335.38,299.12,4.68,n,N20,VIIRS,D,0.45,0.39,2.0NRT
8.89138,80.44965,2026-09-06,816,2026-09-06 08:16:00,339.61,300.42,7.92,n,N20,VIIRS,D,0.45,0.39,2.0NRT
8.88938,80.58956,2026-09-06,816,2026-09-06 08:16:00,343.63,301.37,4.76,n,N20,VIIRS,D,0.46,0.39,2.0NRT
8.88237,80.48882,2026-09-06,816,2026-09-06 08:16:00,340.29,300.27,4.7,n,N20,VIIRS,D,0.46,0.39,2.0NRT
8.87467,80.46043,2026-09-06,816,2026-09-06 08:16:00,334.06,297.6,5.82,n,N20,VIIRS,D,0.46,0.39,2.0NRT
8.87458,80.50169,2026-09-06,816,2026-09-06 08:16:00,337.34,296.11,2.76,n,N20,VIIRS,D,0.46,0.39,2.0NRT
8.87408,80.45631,2026-09-06,816,2026-09-06 08:16:00,331.92,298.02,5.82,n,N20,VIIRS,D,0.45,0.39,2.0NRT
8.86625,80.51975,2026-09-06,816,2026-09-06 08:16:00,332.98,298.94,5.5,n,N20,VIIRS,D,0.46,0.39,2.0NRT
8.86248,80.44457,2026-09-06,816,2026-09-06 08:16:00,341.14,298.55,4.54,n,N20,VIIRS,D,0.45,0.39,2.0NRT
8.8616,80.44554,2026-09-06,816,2026-09-06 08:16:00,338.7,297.79,5.95,n,N20,VIIRS,D,0.45,0.39,2.0NRT
8.8566,80.479,2026-09-06,816,2026-09-06 08:16:00,335.97,299.64,2.88,n,N20,VIIRS,D,0.46,0.39,2.0NRT
8.64208,78.06361,2026-09-06,816,2026-09-06 08:16:00,337.16,302.68,4.23,n,N20,VIIRS,D,0.39,0.36,2.0NRT
8.64155,78.06013,2026-09-06,816,2026-09-06 08:16:00,335.38,303.31,4.76,n,N20,VIIRS,D,0.39,0.36,2.0NRT
8.63825,78.06062,2026-09-06,816,2026-09-06 08:16:00,337.95,301.2,2.55,n,N20,VIIRS,D,0.39,0.36,2.0NRT
8.60927,77.95816,2026-09-06,816,2026-09-06 08:16:00,338.51,304.16,4.67,n,N20,VIIRS,D,0.39,0.36,2.0NRT
8.58826,78.02264,2026-09-06,816,2026-09-06 08:16:00,342.12,304.31,6.38,n,N20,VIIRS,D,0.39,0.36,2.0NRT
8.49291,77.97705,2026-09-06,816,2026-09-06 08:16:00,347.7,303.95,7.11,n,N20,VIIRS,D,0.39,0.36,2.0NRT
9.40415,80.42879,2026-09-06,816,2026-09-06 08:16:00,346.25,299.47,7.9,n,N20,VIIRS,D,0.46,0.39,2.0NRT
8.91819,80.5343,2026-09-06,816,2026-09-06 08:16:00,336.62,299.16,3.99,n,N20,VIIRS,D,0.46,0.39,2.0NRT
8.92423,80.7832,2026-09-06,816,2026-09-06 08:16:00,342.32,299.82,7.29,n,N20,VIIRS,D,0.47,0.4,2.0NRT
8.77137,77.9758,2026-09-06,816,2026-09-06 08:16:00,348.15,308.01,15.66,n,N20,VIIRS,D,0.39,0.36,2.0NRT
8.92829,80.37733,2026-09-06,816,2026-09-06 08:16:00,333.55,297.69,3.01,n,N20,VIIRS,D,0.45,0.39,2.0NRT
9.37838,80.49162,2026-09-06,816,2026-09-06 08:16:00,339.72,298.32,6.73,n,N20,VIIRS,D,0.46,0.39,2.0NRT
9.36442,77.60989,2026-09-06,816,2026-09-06 08:16:00,339.27,300.83,3.3,n,N20,VIIRS,D,0.38,0.36,2.0NRT
9.28078,78.9957,2026-09-06,816,2026-09-06 08:16:00,336.14,299.24,3.13,n,N20,VIIRS,D,0.4,0.37,2.0NRT
9.26098,79.3089,2026-09-06,816,2026-09-06 08:16:00,334.13,298.56,2.09,n,N20,VIIRS,D,0.41,0.37,2.0NRT
9.24078,80.3162,2026-09-06,816,2026-09-06 08:16:00,337.55,300.3,7.11,n,N20,VIIRS,D,0.45,0.39,2.0NRT
9.2399,78.45236,2026-09-06,816,2026-09-06 08:16:00,336.7,302.61,3.4,n,N20,VIIRS,D,0.39,0.36,2.0NRT
9.38198,80.4911,2026-09-06,816,2026-09-06 08:16:00,340.63,299.23,5.72,n,N20,VIIRS,D,0.46,0.39,2.0NRT
9.23043,78.75058,2026-09-06,816,2026-09-06 08:16:00,337.79,301.47,2.36,n,N20,VIIRS,D,0.4,0.37,2.0NRT
8.92484,80.78749,2026-09-06,816,2026-09-06 08:16:00,336.6,298.84,7.29,n,N20,VIIRS,D,0.47,0.4,2.0NRT
9.08119,80.50713,2026-09-06,816,2026-09-06 08:16:00,335.87,299.22,4.46,n,N20,VIIRS,D,0.46,0.39,2.0NRT
9.01616,77.9118,2026-09-06,816,2026-09-06 08:16:00,347.92,304.77,12.51,n,N20,VIIRS,D,0.39,0.36,2.0NRT
8.98849,80.76519,2026-09-06,816,2026-09-06 08:16:00,338.72,299.42,2.93,n,N20,VIIRS,D,0.47,0.4,2.0NRT
9.0974,80.29982,2026-09-06,816,2026-09-06 08:16:00,344.55,291.38,6.6,n,N20,VIIRS,D,0.45,0.39,2.0NRT
8.98671,80.06094,2026-09-06,816,2026-09-06 08:16:00,330.9,296.53,3.2,n,N20,VIIRS,D,0.44,0.38,2.0NRT
8.92889,80.38142,2026-09-06,816,2026-09-06 08:16:00,333.56,296.95,3.9,n,N20,VIIRS,D,0.45,0.39,2.0NRT
8.98673,80.77858,2026-09-06,816,2026-09-06 08:16:00,344.63,300.6,15.72,n,N20,VIIRS,D,0.47,0.4,2.0NRT
8.93396,80.8256,2026-09-06,816,2026-09-06 08:16:00,341.48,298.16,4.94,n,N20,VIIRS,D,0.47,0.4,2.0NRT
8.93881,80.80737,2026-09-06,816,2026-09-06 08:16:00,336.72,296.41,3.94,n,N20,VIIRS,D,0.47,0.4,2.0NRT
8.94307,80.81113,2026-09-06,816,2026-09-06 08:16:00,338.0,297.67,6.56,n,N20,VIIRS,D,0.47,0.4,2.0NRT
8.92971,80.82182,2026-09-06,816,2026-09-06 08:16:00,330.89,295.9,5.34,n,N20,VIIRS,D,0.47,0.4,2.0NRT
8.96674,80.79459,2026-09-06,816,2026-09-06 08:16:00,338.3,300.06,6.53,n,N20,VIIRS,D,0.47,0.4,2.0NRT
8.97038,80.79406,2026-09-06,816,2026-09-06 08:16:00,340.51,299.59,5.45,n,N20,VIIRS,D,0.47,0.4,2.0NRT
8.97402,80.79353,2026-09-06,816,2026-09-06 08:16:00,341.66,300.21,5.45,n,N20,VIIRS,D,0.47,0.4,2.0NRT
8.97766,80.79301,2026-09-06,816,2026-09-06 08:16:00,346.02,301.43,10.2,n,N20,VIIRS,D,0.47,0.4,2.0NRT
8.98424,80.76144,2026-09-06,816,2026-09-06 08:16:00,346.27,299.9,5.26,n,N20,VIIRS,D,0.47,0.4,2.0NRT
8.96428,80.52345,2026-09-06,816,2026-09-06 08:16:00,340.6,300.23,4.53,n,N20,VIIRS,D,0.46,0.39,2.0NRT
21.92242,83.35114,2026-09-06,818,2026-09-06 08:18:00,333.64,288.87,5.12,n,N20,VIIRS,D,0.33,0.55,2.0NRT
21.92057,83.35059,2026-09-06,818,2026-09-06 08:18:00,336.8,290.09,4.0,n,N20,VIIRS,D,0.33,0.55,2.0NRT
21.80248,83.89297,2026-09-06,818,2026-09-06 08:18:00,335.05,289.94,2.6,n,N20,VIIRS,D,0.36,0.57,2.0NRT
21.75536,83.84563,2026-09-06,818,2026-09-06 08:18:00,332.59,289.17,4.2,n,N20,VIIRS,D,0.36,0.57,2.0NRT
21.75508,83.84409,2026-09-06,818,2026-09-06 08:18:00,337.24,289.89,4.68,n,N20,VIIRS,D,0.35,0.57,2.0NRT
21.74976,83.84266,2026-09-06,818,2026-09-06 08:18:00,334.32,288.18,2.88,n,N20,VIIRS,D,0.35,0.57,2.0NRT
21.7445,83.84317,2026-09-06,818,2026-09-06 08:18:00,345.54,285.43,2.88,n,N20,VIIRS,D,0.35,0.57,2.0NRT
21.10677,72.64597,2026-09-06,818,2026-09-06 08:18:00,342.58,301.86,17.78,n,N20,VIIRS,D,0.41,0.37,2.0NRT
21.10338,72.6466,2026-09-06,818,2026-09-06 08:18:00,336.51,301.02,7.78,l,N20,VIIRS,D,0.41,0.37,2.0NRT
20.9636,86.00854,2026-09-06,818,2026-09-06 08:18:00,328.2,289.11,4.5,n,N20,VIIRS,D,0.48,0.65,2.0NRT
21.10128,72.65502,2026-09-06,818,2026-09-06 08:18:00,335.5,299.25,5.59,l,N20,VIIRS,D,0.41,0.37,2.0NRT
18.28999,83.99493,2026-09-06,818,2026-09-06 08:18:00,330.29,293.33,2.83,n,N20,VIIRS,D,0.33,0.55,2.0NRT
17.78408,75.71846,2026-09-06,818,2026-09-06 08:18:00,331.24,300.33,3.33,n,N20,VIIRS,D,0.38,0.36,2.0NRT
17.31742,81.12641,2026-09-06,818,2026-09-06 08:18:00,340.08,293.92,2.98,n,N20,VIIRS,D,0.42,0.45,2.0NRT
17.17197,80.99033,2026-09-06,818,2026-09-06 08:18:00,332.62,294.98,3.92,n,N20,VIIRS,D,0.41,0.45,2.0NRT
17.1715,80.98653,2026-09-06,818,2026-09-06 08:18:00,341.76,297.93,5.19,n,N20,VIIRS,D,0.41,0.45,2.0NRT
17.13425,80.19149,2026-09-06,818,2026-09-06 08:18:00,330.53,291.93,2.86,n,N20,VIIRS,D,0.55,0.42,2.0NRT
16.39573,78.35094,2026-09-06,818,2026-09-06 08:18:00,334.08,297.6,2.65,n,N20,VIIRS,D,0.44,0.38,2.0NRT
16.31662,77.81316,2026-09-06,818,2026-09-06 08:18:00,330.14,298.24,1.62,n,N20,VIIRS,D,0.42,0.37,2.0NRT
21.10146,72.63491,2026-09-06,818,2026-09-06 08:18:00,336.9,300.88,8.87,n,N20,VIIRS,D,0.41,0.37,2.0NRT
22.49699,70.026,2026-09-06,820,2026-09-06 08:20:00,338.11,300.52,7.52,n,N20,VIIRS,D,0.5,0.41,2.0NRT
25.70864,73.5811,2026-09-06,820,2026-09-06 08:20:00,335.02,303.1,3.26,n,N20,VIIRS,D,0.38,0.36,2.0NRT
31.99819,78.26247,2026-09-06,822,2026-09-06 08:22:00,349.53,315.66,14.92,n,N20,VIIRS,D,0.43,0.46,2.0NRT
30.03691,72.87792,2026-09-06,822,2026-09-06 08:22:00,334.7,303.93,2.28,n,N20,VIIRS,D,0.39,0.36,2.0NRT
31.13125,74.60674,2026-09-06,822,2026-09-06 08:22:00,333.54,297.54,4.08,n,N20,VIIRS,D,0.43,0.38,2.0NRT
31.49242,72.11179,2026-09-06,822,2026-09-06 08:22:00,335.74,303.24,3.41,n,N20,VIIRS,D,0.38,0.36,2.0NRT
9.01685,77.36189,2026-09-06,900,2026-09-06 09:00:00,330.32,290.0,2.82,n,N21,VIIRS,D,0.64,0.72,2.0NRT
14.60401,76.94505,2026-09-06,902,2026-09-06 09:02:00,337.41,292.54,11.72,n,N21,VIIRS,D,0.71,0.75,2.0NRT
23.1795,68.86138,2026-09-06,905,2026-09-06 09:05:00,345.87,298.93,9.5,n,N21,VIIRS,D,0.52,0.5,2.0NRT
23.17906,68.86296,2026-09-06,905,2026-09-06 09:05:00,341.75,298.62,7.71,n,N21,VIIRS,D,0.52,0.5,2.0NRT
22.49434,70.02252,2026-09-06,905,2026-09-06 09:05:00,334.17,295.48,4.24,n,N21,VIIRS,D,0.61,0.53,2.0NRT
21.10568,72.64432,2026-09-06,905,2026-09-06 09:05:00,346.09,288.81,7.04,n,N21,VIIRS,D,0.44,0.62,2.0NRT
21.10248,72.64528,2026-09-06,905,2026-09-06 09:05:00,336.07,287.71,4.62,n,N21,VIIRS,D,0.44,0.62,2.0NRT
26.77205,94.50575,2026-09-06,1904,2026-09-06 19:04:00,307.34,289.01,2.39,n,N20,VIIRS,N,0.43,0.46,2.0NRT
27.60703,95.40102,2026-09-06,1904,2026-09-06 19:04:00,308.03,289.98,1.33,n,N20,VIIRS,N,0.4,0.44,2.0NRT
27.4684,95.42167,2026-09-06,1904,2026-09-06 19:04:00,306.34,289.87,1.59,n,N20,VIIRS,N,0.39,0.44,2.0NRT
27.46209,95.47723,2026-09-06,1904,2026-09-06 19:04:00,307.11,289.77,3.02,n,N20,VIIRS,N,0.39,0.44,2.0NRT
27.46147,95.4744,2026-09-06,1904,2026-09-06 19:04:00,308.8,289.8,2.91,n,N20,VIIRS,N,0.39,0.44,2.0NRT
30.0694,96.97788,2026-09-06,1904,2026-09-06 19:04:00,303.59,286.69,1.67,n,N20,VIIRS,N,0.52,0.42,2.0NRT
22.5761,85.89494,2026-09-06,1906,2026-09-06 19:06:00,311.96,283.58,5.09,n,N20,VIIRS,N,0.68,0.74,2.0NRT
23.61522,86.78616,2026-09-06,1906,2026-09-06 19:06:00,301.38,278.86,2.27,n,N20,VIIRS,N,0.61,0.71,2.0NRT
22.01168,97.17494,2026-09-06,1906,2026-09-06 19:06:00,316.22,288.73,1.08,n,N20,VIIRS,N,0.43,0.38,2.0NRT
20.79315,85.24971,2026-09-06,1906,2026-09-06 19:06:00,302.34,283.59,4.78,n,N20,VIIRS,N,0.72,0.75,2.0NRT
20.9736,85.17626,2026-09-06,1906,2026-09-06 19:06:00,304.78,284.46,2.43,n,N20,VIIRS,N,0.73,0.76,2.0NRT
20.7617,85.29582,2026-09-06,1906,2026-09-06 19:06:00,307.43,284.38,3.49,n,N20,VIIRS,N,0.71,0.75,2.0NRT
20.76221,85.2887,2026-09-06,1906,2026-09-06 19:06:00,303.39,284.33,4.01,n,N20,VIIRS,N,0.71,0.75,2.0NRT
20.76294,85.29334,2026-09-06,1906,2026-09-06 19:06:00,312.9,284.32,4.71,n,N20,VIIRS,N,0.71,0.75,2.0NRT
20.88829,84.98077,2026-09-06,1906,2026-09-06 19:06:00,301.28,283.86,1.3,n,N20,VIIRS,N,0.75,0.77,2.0NRT
20.88878,84.97369,2026-09-06,1906,2026-09-06 19:06:00,302.11,283.53,1.3,n,N20,VIIRS,N,0.75,0.77,2.0NRT
20.95772,85.00848,2026-09-06,1906,2026-09-06 19:06:00,301.26,284.55,2.16,n,N20,VIIRS,N,0.75,0.77,2.0NRT
20.96281,86.00195,2026-09-06,1906,2026-09-06 19:06:00,313.96,274.27,3.3,n,N20,VIIRS,N,0.64,0.72,2.0NRT
21.54451,87.26418,2026-09-06,1906,2026-09-06 19:06:00,295.21,283.13,4.53,n,N20,VIIRS,N,0.54,0.68,2.0NRT
20.96711,85.16849,2026-09-06,1906,2026-09-06 19:06:00,306.05,284.62,2.43,n,N20,VIIRS,N,0.73,0.76,2.0NRT
20.97172,85.17448,2026-09-06,1906,2026-09-06 19:06:00,306.84,284.44,1.82,n,N20,VIIRS,N,0.73,0.76,2.0NRT
20.96766,85.16129,2026-09-06,1906,2026-09-06 19:06:00,303.68,284.51,2.67,n,N20,VIIRS,N,0.73,0.76,2.0NRT
28.34819,77.22955,2026-09-06,1949,2026-09-06 19:49:00,305.35,280.96,1.15,n,N21,VIIRS,N,0.44,0.62,2.0NRT
29.47548,76.85191,2026-09-06,1949,2026-09-06 19:49:00,304.26,290.19,3.72,n,N21,VIIRS,N,0.47,0.64,2.0NRT
29.47515,76.85677,2026-09-06,1949,2026-09-06 19:49:00,331.04,290.31,5.28,n,N21,VIIRS,N,0.47,0.64,2.0NRT
29.47356,76.85158,2026-09-06,1949,2026-09-06 19:49:00,302.93,289.78,3.15,n,N21,VIIRS,N,0.47,0.64,2.0NRT
29.47326,76.85646,2026-09-06,1949,2026-09-06 19:49:00,324.33,290.26,4.33,n,N21,VIIRS,N,0.47,0.64,2.0NRT
28.77802,76.94595,2026-09-06,1949,2026-09-06 19:49:00,304.33,289.64,1.37,n,N21,VIIRS,N,0.46,0.63,2.0NRT
27.37821,95.33459,2026-09-06,1949,2026-09-06 19:49:00,305.64,288.04,2.09,n,N21,VIIRS,N,0.47,0.47,2.0NRT
27.32282,95.27635,2026-09-06,1949,2026-09-06 19:49:00,306.54,289.34,2.59,n,N21,VIIRS,N,0.46,0.47,2.0NRT
27.3179,95.26727,2026-09-06,1949,2026-09-06 19:49:00,307.94,289.22,1.68,n,N21,VIIRS,N,0.46,0.47,2.0NRT
27.31623,95.26494,2026-09-06,1949,2026-09-06 19:49:00,305.56,288.89,1.88,n,N21,VIIRS,N,0.46,0.47,2.0NRT
25.81025,88.88363,2026-09-06,1949,2026-09-06 19:49:00,308.18,290.52,2.12,n,N21,VIIRS,N,0.39,0.36,2.0NRT
24.20427,82.70858,2026-09-06,1949,2026-09-06 19:49:00,297.39,270.96,1.13,n,N21,VIIRS,N,0.54,0.42,2.0NRT
24.15831,82.56628,2026-09-06,1949,2026-09-06 19:49:00,305.94,282.34,1.9,n,N21,VIIRS,N,0.55,0.43,2.0NRT
23.61466,86.79137,2026-09-06,1949,2026-09-06 19:49:00,308.98,286.72,1.61,n,N21,VIIRS,N,0.39,0.36,2.0NRT
23.48274,87.36269,2026-09-06,1949,2026-09-06 19:49:00,312.05,292.75,3.34,n,N21,VIIRS,N,0.38,0.36,2.0NRT
18.71861,79.50751,2026-09-06,1951,2026-09-06 19:51:00,320.2,292.32,2.19,n,N21,VIIRS,N,0.48,0.48,2.0NRT
19.0963,82.16698,2026-09-06,1951,2026-09-06 19:51:00,318.95,290.87,2.64,n,N21,VIIRS,N,0.51,0.41,2.0NRT
19.10381,82.16806,2026-09-06,1951,2026-09-06 19:51:00,310.01,291.73,1.96,n,N21,VIIRS,N,0.51,0.41,2.0NRT
19.10446,82.16328,2026-09-06,1951,2026-09-06 19:51:00,322.2,290.44,1.96,n,N21,VIIRS,N,0.51,0.41,2.0NRT
19.92065,79.11182,2026-09-06,1951,2026-09-06 19:51:00,308.37,291.33,1.39,n,N21,VIIRS,N,0.53,0.5,2.0NRT
19.9364,73.71198,2026-09-06,1951,2026-09-06 19:51:00,304.75,286.13,1.49,n,N21,VIIRS,N,0.6,0.71,2.0NRT
18.70239,72.87109,2026-09-06,1951,2026-09-06 19:51:00,299.8,287.35,2.22,n,N21,VIIRS,N,0.66,0.73,2.0NRT
17.95671,80.79757,2026-09-06,1951,2026-09-06 19:51:00,308.92,286.23,1.28,n,N21,VIIRS,N,0.39,0.44,2.0NRT
21.48497,81.76863,2026-09-06,1951,2026-09-06 19:51:00,308.04,290.88,1.78,n,N21,VIIRS,N,0.57,0.43,2.0NRT
17.60583,83.20129,2026-09-06,1951,2026-09-06 19:51:00,309.33,288.42,3.22,n,N21,VIIRS,N,0.44,0.38,2.0NRT
19.93681,73.71275,2026-09-06,1951,2026-09-06 19:51:00,302.18,285.75,1.17,n,N21,VIIRS,N,0.6,0.71,2.0NRT
21.68093,84.03916,2026-09-06,1951,2026-09-06 19:51:00,306.01,291.78,2.02,n,N21,VIIRS,N,0.44,0.38,2.0NRT
21.69684,84.0316,2026-09-06,1951,2026-09-06 19:51:00,305.16,291.21,2.18,n,N21,VIIRS,N,0.44,0.38,2.0NRT
21.73716,83.84133,2026-09-06,1951,2026-09-06 19:51:00,306.03,291.7,3.15,n,N21,VIIRS,N,0.45,0.39,2.0NRT
21.74072,83.84187,2026-09-06,1951,2026-09-06 19:51:00,313.14,292.44,3.14,n,N21,VIIRS,N,0.45,0.39,2.0NRT
21.74427,83.8424,2026-09-06,1951,2026-09-06 19:51:00,321.89,292.42,3.14,n,N21,VIIRS,N,0.45,0.39,2.0NRT
17.69401,83.2431,2026-09-06,1951,2026-09-06 19:51:00,307.37,292.97,3.07,n,N21,VIIRS,N,0.44,0.38,2.0NRT
20.69586,78.63654,2026-09-06,1951,2026-09-06 19:51:00,306.64,289.87,1.82,n,N21,VIIRS,N,0.58,0.52,2.0NRT
20.7025,78.62045,2026-09-06,1951,2026-09-06 19:51:00,304.89,290.46,1.43,n,N21,VIIRS,N,0.58,0.52,2.0NRT
20.75834,85.29536,2026-09-06,1951,2026-09-06 19:51:00,307.05,291.92,3.3,n,N21,VIIRS,N,0.4,0.37,2.0NRT
20.96684,85.15375,2026-09-06,1951,2026-09-06 19:51:00,308.85,288.92,3.53,n,N21,VIIRS,N,0.4,0.37,2.0NRT
20.96761,86.01177,2026-09-06,1951,2026-09-06 19:51:00,312.83,293.39,4.63,n,N21,VIIRS,N,0.39,0.36,2.0NRT
20.97534,86.00551,2026-09-06,1951,2026-09-06 19:51:00,313.77,291.69,3.57,n,N21,VIIRS,N,0.39,0.36,2.0NRT
20.99737,86.01688,2026-09-06,1951,2026-09-06 19:51:00,306.61,292.06,3.47,n,N21,VIIRS,N,0.39,0.36,2.0NRT
20.99956,86.02483,2026-09-06,1951,2026-09-06 19:51:00,310.64,292.53,3.29,n,N21,VIIRS,N,0.39,0.36,2.0NRT
21.17984,81.38757,2026-09-06,1951,2026-09-06 19:51:00,334.69,290.64,5.58,n,N21,VIIRS,N,0.4,0.44,2.0NRT
20.96533,86.0493,2026-09-06,1951,2026-09-06 19:51:00,315.3,291.54,4.42,n,N21,VIIRS,N,0.39,0.36,2.0NRT
21.18388,81.38812,2026-09-06,1951,2026-09-06 19:51:00,307.27,289.69,1.97,n,N21,VIIRS,N,0.4,0.44,2.0NRT
21.24511,79.22173,2026-09-06,1951,2026-09-06 19:51:00,300.76,284.94,1.43,n,N21,VIIRS,N,0.54,0.51,2.0NRT
21.33481,78.9703,2026-09-06,1951,2026-09-06 19:51:00,317.42,288.35,2.73,n,N21,VIIRS,N,0.56,0.52,2.0NRT
21.33617,78.97189,2026-09-06,1951,2026-09-06 19:51:00,303.5,287.65,2.19,n,N21,VIIRS,N,0.56,0.52,2.0NRT
21.33674,78.96648,2026-09-06,1951,2026-09-06 19:51:00,312.94,287.88,2.19,n,N21,VIIRS,N,0.56,0.52,2.0NRT
21.37604,81.67924,2026-09-06,1951,2026-09-06 19:51:00,313.69,290.89,5.37,n,N21,VIIRS,N,0.57,0.43,2.0NRT
21.37648,81.64273,2026-09-06,1951,2026-09-06 19:51:00,309.02,289.84,2.47,n,N21,VIIRS,N,0.38,0.43,2.0NRT
21.18746,81.39248,2026-09-06,1951,2026-09-06 19:51:00,307.85,290.36,1.97,n,N21,VIIRS,N,0.39,0.44,2.0NRT
20.9647,86.00729,2026-09-06,1951,2026-09-06 19:51:00,307.27,292.5,2.79,n,N21,VIIRS,N,0.39,0.36,2.0NRT
20.96414,86.01098,2026-09-06,1951,2026-09-06 19:51:00,328.03,292.65,2.79,n,N21,VIIRS,N,0.39,0.36,2.0NRT
20.96139,86.00672,2026-09-06,1951,2026-09-06 19:51:00,329.84,292.1,2.79,n,N21,VIIRS,N,0.39,0.36,2.0NRT
20.76113,85.29971,2026-09-06,1951,2026-09-06 19:51:00,310.07,290.1,2.21,n,N21,VIIRS,N,0.4,0.37,2.0NRT
20.76168,85.29589,2026-09-06,1951,2026-09-06 19:51:00,314.0,292.13,3.23,n,N21,VIIRS,N,0.4,0.37,2.0NRT
20.78345,85.26453,2026-09-06,1951,2026-09-06 19:51:00,322.86,291.6,4.24,n,N21,VIIRS,N,0.4,0.37,2.0NRT
21.67741,84.03861,2026-09-06,1951,2026-09-06 19:51:00,319.51,292.17,2.02,n,N21,VIIRS,N,0.44,0.38,2.0NRT
20.78736,85.2613,2026-09-06,1951,2026-09-06 19:51:00,309.22,289.98,4.23,n,N21,VIIRS,N,0.4,0.37,2.0NRT
20.79518,85.25484,2026-09-06,1951,2026-09-06 19:51:00,322.61,290.58,3.94,n,N21,VIIRS,N,0.4,0.37,2.0NRT
20.79797,85.25918,2026-09-06,1951,2026-09-06 19:51:00,318.29,290.52,3.75,n,N21,VIIRS,N,0.4,0.37,2.0NRT
20.86192,84.98773,2026-09-06,1951,2026-09-06 19:51:00,312.63,289.97,1.65,n,N21,VIIRS,N,0.4,0.37,2.0NRT
20.86473,84.99213,2026-09-06,1951,2026-09-06 19:51:00,307.16,292.27,1.65,n,N21,VIIRS,N,0.4,0.37,2.0NRT
20.8653,84.9883,2026-09-06,1951,2026-09-06 19:51:00,323.32,292.15,1.65,n,N21,VIIRS,N,0.4,0.37,2.0NRT
20.86811,84.9927,2026-09-06,1951,2026-09-06 19:51:00,307.79,292.29,1.47,n,N21,VIIRS,N,0.4,0.37,2.0NRT
20.86867,84.98887,2026-09-06,1951,2026-09-06 19:51:00,306.01,291.79,1.47,n,N21,VIIRS,N,0.4,0.37,2.0NRT
20.88332,84.98332,2026-09-06,1951,2026-09-06 19:51:00,306.85,292.24,2.47,n,N21,VIIRS,N,0.4,0.37,2.0NRT
20.88726,84.98001,2026-09-06,1951,2026-09-06 19:51:00,317.45,292.25,2.84,n,N21,VIIRS,N,0.4,0.37,2.0NRT
20.93917,86.06352,2026-09-06,1951,2026-09-06 19:51:00,322.48,286.25,2.13,n,N21,VIIRS,N,0.39,0.36,2.0NRT
21.67329,84.04231,2026-09-06,1951,2026-09-06 19:51:00,307.47,291.54,1.34,n,N21,VIIRS,N,0.44,0.38,2.0NRT
20.7868,85.26508,2026-09-06,1951,2026-09-06 19:51:00,315.21,291.95,3.82,n,N21,VIIRS,N,0.4,0.37,2.0NRT
21.75138,83.84347,2026-09-06,1951,2026-09-06 19:51:00,307.62,291.53,6.22,n,N21,VIIRS,N,0.45,0.39,2.0NRT
21.75552,84.02353,2026-09-06,1951,2026-09-06 19:51:00,308.12,292.38,3.79,n,N21,VIIRS,N,0.44,0.39,2.0NRT
22.3183,82.56366,2026-09-06,1951,2026-09-06 19:51:00,319.08,290.38,2.06,n,N21,VIIRS,N,0.52,0.42,2.0NRT
22.32086,82.56615,2026-09-06,1951,2026-09-06 19:51:00,311.06,290.47,2.92,n,N21,VIIRS,N,0.53,0.42,2.0NRT
22.32152,82.592,2026-09-06,1951,2026-09-06 19:51:00,311.4,289.16,1.93,n,N21,VIIRS,N,0.52,0.42,2.0NRT
22.32212,82.56421,2026-09-06,1951,2026-09-06 19:51:00,305.79,290.22,2.06,n,N21,VIIRS,N,0.52,0.42,2.0NRT
22.33105,82.60877,2026-09-06,1951,2026-09-06 19:51:00,308.47,287.6,3.44,n,N21,VIIRS,N,0.52,0.42,2.0NRT
22.35644,82.30141,2026-09-06,1951,2026-09-06 19:51:00,314.88,289.64,2.76,n,N21,VIIRS,N,0.54,0.42,2.0NRT
22.35738,82.30347,2026-09-06,1951,2026-09-06 19:51:00,319.05,289.87,4.29,n,N21,VIIRS,N,0.54,0.42,2.0NRT
22.3178,82.53771,2026-09-06,1951,2026-09-06 19:51:00,306.32,290.36,3.07,n,N21,VIIRS,N,0.53,0.42,2.0NRT
22.36474,87.29965,2026-09-06,1951,2026-09-06 19:51:00,320.44,289.36,3.58,n,N21,VIIRS,N,0.38,0.36,2.0NRT
22.79858,86.09092,2026-09-06,1951,2026-09-06 19:51:00,305.09,289.32,2.05,n,N21,VIIRS,N,0.39,0.36,2.0NRT
22.8019,86.09149,2026-09-06,1951,2026-09-06 19:51:00,318.96,289.46,2.05,n,N21,VIIRS,N,0.39,0.36,2.0NRT
23.16361,82.33897,2026-09-06,1951,2026-09-06 19:51:00,317.03,290.2,2.29,n,N21,VIIRS,N,0.55,0.43,2.0NRT
23.16684,82.34496,2026-09-06,1951,2026-09-06 19:51:00,304.82,289.89,1.37,n,N21,VIIRS,N,0.55,0.43,2.0NRT
23.16751,82.33961,2026-09-06,1951,2026-09-06 19:51:00,309.71,290.04,2.29,n,N21,VIIRS,N,0.55,0.43,2.0NRT
21.74782,83.84293,2026-09-06,1951,2026-09-06 19:51:00,333.05,293.38,6.22,n,N21,VIIRS,N,0.45,0.39,2.0NRT
21.75493,83.84402,2026-09-06,1951,2026-09-06 19:51:00,325.2,292.45,3.45,n,N21,VIIRS,N,0.45,0.39,2.0NRT
22.3781,87.27927,2026-09-06,1951,2026-09-06 19:51:00,319.56,288.59,3.42,n,N21,VIIRS,N,0.38,0.36,2.0NRT
22.31768,82.56052,2026-09-06,1951,2026-09-06 19:51:00,313.71,289.79,2.92,n,N21,VIIRS,N,0.53,0.42,2.0NRT
22.3234,82.54583,2026-09-06,1951,2026-09-06 19:51:00,306.81,291.22,2.56,n,N21,VIIRS,N,0.53,0.42,2.0NRT
22.31702,82.5345,2026-09-06,1951,2026-09-06 19:51:00,307.37,290.57,3.28,n,N21,VIIRS,N,0.53,0.42,2.0NRT
21.75846,83.81814,2026-09-06,1951,2026-09-06 19:51:00,305.94,291.27,2.72,n,N21,VIIRS,N,0.45,0.39,2.0NRT
21.75848,83.84456,2026-09-06,1951,2026-09-06 19:51:00,312.83,291.95,3.45,n,N21,VIIRS,N,0.45,0.39,2.0NRT
22.31763,82.56873,2026-09-06,1951,2026-09-06 19:51:00,306.95,290.47,2.06,n,N21,VIIRS,N,0.52,0.42,2.0NRT
21.76316,84.02039,2026-09-06,1951,2026-09-06 19:51:00,316.08,292.6,5.04,n,N21,VIIRS,N,0.44,0.39,2.0NRT
21.76668,84.02093,2026-09-06,1951,2026-09-06 19:51:00,315.08,291.84,2.41,n,N21,VIIRS,N,0.44,0.39,2.0NRT
21.7702,84.02148,2026-09-06,1951,2026-09-06 19:51:00,307.86,291.52,2.41,n,N21,VIIRS,N,0.44,0.39,2.0NRT
21.8028,83.89114,2026-09-06,1951,2026-09-06 19:51:00,316.61,291.41,5.2,n,N21,VIIRS,N,0.45,0.39,2.0NRT
21.82072,83.99737,2026-09-06,1951,2026-09-06 19:51:00,307.74,290.2,2.84,n,N21,VIIRS,N,0.44,0.39,2.0NRT
21.76145,83.84943,2026-09-06,1951,2026-09-06 19:51:00,332.73,292.77,7.56,n,N21,VIIRS,N,0.45,0.39,2.0NRT
21.92413,85.2254,2026-09-06,1951,2026-09-06 19:51:00,305.64,290.96,1.53,n,N21,VIIRS,N,0.4,0.37,2.0NRT
21.9247,85.22151,2026-09-06,1951,2026-09-06 19:51:00,317.23,292.18,1.53,n,N21,VIIRS,N,0.4,0.37,2.0NRT
21.92807,85.22208,2026-09-06,1951,2026-09-06 19:51:00,307.39,291.47,1.84,n,N21,VIIRS,N,0.4,0.37,2.0NRT
22.05496,85.4639,2026-09-06,1951,2026-09-06 19:51:00,312.12,291.38,1.76,n,N21,VIIRS,N,0.4,0.37,2.0NRT
21.93201,85.21877,2026-09-06,1951,2026-09-06 19:51:00,303.37,289.91,0.87,n,N21,VIIRS,N,0.4,0.37,2.0NRT
21.98265,83.23364,2026-09-06,1951,2026-09-06 19:51:00,310.95,290.97,3.63,n,N21,VIIRS,N,0.48,0.4,2.0NRT
22.00321,82.67044,2026-09-06,1951,2026-09-06 19:51:00,315.66,291.68,3.33,n,N21,VIIRS,N,0.51,0.41,2.0NRT
21.83061,84.92894,2026-09-06,1951,2026-09-06 19:51:00,306.5,291.41,1.79,n,N21,VIIRS,N,0.41,0.37,2.0NRT
15.18383,76.66652,2026-09-06,1953,2026-09-06 19:53:00,300.28,258.15,0.76,n,N21,VIIRS,N,0.33,0.56,2.0NRT
15.17636,76.65552,2026-09-06,1953,2026-09-06 19:53:00,297.68,256.27,0.89,n,N21,VIIRS,N,0.33,0.56,2.0NRT
15.16735,76.37926,2026-09-06,1953,2026-09-06 19:53:00,295.86,269.0,0.78,n,N21,VIIRS,N,0.35,0.57,2.0NRT
15.02131,78.01621,2026-09-06,1953,2026-09-06 19:53:00,302.1,279.67,1.34,n,N21,VIIRS,N,0.54,0.51,2.0NRT
11.92694,78.42115,2026-09-06,1953,2026-09-06 19:53:00,310.15,279.06,1.68,n,N21,VIIRS,N,0.46,0.47,2.0NRT
10.90637,77.41584,2026-09-06,1953,2026-09-06 19:53:00,305.31,288.22,1.64,n,N21,VIIRS,N,0.52,0.5,2.0NRT
10.90553,77.41677,2026-09-06,1953,2026-09-06 19:53:00,303.06,288.18,0.89,n,N21,VIIRS,N,0.52,0.5,2.0NRT
10.61561,77.42004,2026-09-06,1953,2026-09-06 19:53:00,305.64,289.97,1.34,n,N21,VIIRS,N,0.51,0.5,2.0NRT
15.02251,78.01427,2026-09-06,1953,2026-09-06 19:53:00,306.85,280.86,1.86,n,N21,VIIRS,N,0.54,0.51,2.0NRT
7.69619,80.44563,2026-09-06,1955,2026-09-06 19:55:00,310.04,291.96,1.06,n,N21,VIIRS,N,0.46,0.39,2.0NRT
10.39689,77.61567,2026-09-06,1955,2026-09-06 19:55:00,334.0,287.66,6.43,n,N21,VIIRS,N,0.49,0.49,2.0NRT
8.08453,80.78139,2026-09-06,1955,2026-09-06 19:55:00,298.88,282.58,0.45,n,N21,VIIRS,N,0.45,0.39,2.0NRT
7.80051,79.83681,2026-09-06,1955,2026-09-06 19:55:00,305.69,291.91,2.27,n,N21,VIIRS,N,0.5,0.41,2.0NRT
7.07427,80.85882,2026-09-06,1955,2026-09-06 19:55:00,323.29,288.54,1.86,n,N21,VIIRS,N,0.44,0.38,2.0NRT
6.76235,81.51471,2026-09-06,1955,2026-09-06 19:55:00,348.06,296.07,7.8,n,N21,VIIRS,N,0.41,0.37,2.0NRT
7.07072,80.85854,2026-09-06,1955,2026-09-06 19:55:00,323.07,289.2,1.85,n,N21,VIIRS,N,0.44,0.38,2.0NRT
7.06719,80.85822,2026-09-06,1955,2026-09-06 19:55:00,309.08,287.63,1.85,n,N21,VIIRS,N,0.44,0.38,2.0NRT
6.86306,81.40453,2026-09-06,1955,2026-09-06 19:55:00,339.12,296.45,14.16,n,N21,VIIRS,N,0.42,0.37,2.0NRT
6.81242,81.52978,2026-09-06,1955,2026-09-06 19:55:00,314.8,293.94,1.82,n,N21,VIIRS,N,0.41,0.37,2.0NRT
7.07128,80.85484,2026-09-06,1955,2026-09-06 19:55:00,306.39,285.99,1.03,n,N21,VIIRS,N,0.44,0.38,2.0NRT
6.75894,81.51421,2026-09-06,1955,2026-09-06 19:55:00,325.96,294.45,7.8,n,N21,VIIRS,N,0.41,0.37,2.0NRT
33.68796,72.71034,2026-09-06,2044,2026-09-06 20:44:00,307.86,294.47,1.58,n,N20,VIIRS,N,0.51,0.41,2.0NRT
33.29859,71.18613,2026-09-06,2044,2026-09-06 20:44:00,313.45,293.35,1.36,n,N20,VIIRS,N,0.4,0.44,2.0NRT
33.68806,72.70912,2026-09-06,2044,2026-09-06 20:44:00,306.82,294.04,0.93,n,N20,VIIRS,N,0.51,0.41,2.0NRT
32.71913,72.77346,2026-09-06,2044,2026-09-06 20:44:00,306.77,293.27,0.91,n,N20,VIIRS,N,0.49,0.4,2.0NRT
32.06016,74.20986,2026-09-06,2044,2026-09-06 20:44:00,307.73,293.64,0.92,n,N20,VIIRS,N,0.43,0.38,2.0NRT
33.27806,72.14331,2026-09-06,2044,2026-09-06 20:44:00,304.3,293.97,0.7,n,N20,VIIRS,N,0.53,0.42,2.0NRT
32.08775,74.16418,2026-09-06,2044,2026-09-06 20:44:00,311.11,293.92,1.53,n,N20,VIIRS,N,0.43,0.38,2.0NRT
32.57457,72.56348,2026-09-06,2044,2026-09-06 20:44:00,310.34,296.6,2.31,n,N20,VIIRS,N,0.5,0.41,2.0NRT
21.92286,83.35031,2026-09-06,2046,2026-09-06 20:46:00,328.74,289.37,4.41,n,N20,VIIRS,N,0.33,0.55,2.0NRT
21.92217,83.35345,2026-09-06,2046,2026-09-06 20:46:00,306.53,288.65,2.17,n,N20,VIIRS,N,0.33,0.55,2.0NRT
21.91828,83.35097,2026-09-06,2046,2026-09-06 20:46:00,308.0,287.49,1.76,n,N20,VIIRS,N,0.33,0.55,2.0NRT
21.87702,83.49468,2026-09-06,2046,2026-09-06 20:46:00,312.44,287.18,1.73,n,N20,VIIRS,N,0.34,0.56,2.0NRT
21.92328,83.3522,2026-09-06,2046,2026-09-06 20:46:00,314.68,288.88,1.76,n,N20,VIIRS,N,0.33,0.55,2.0NRT
21.82849,83.89872,2026-09-06,2046,2026-09-06 20:46:00,303.3,287.25,1.08,n,N20,VIIRS,N,0.36,0.57,2.0NRT
21.80262,83.89235,2026-09-06,2046,2026-09-06 20:46:00,319.43,287.47,2.08,n,N20,VIIRS,N,0.36,0.57,2.0NRT
21.80238,83.89133,2026-09-06,2046,2026-09-06 20:46:00,326.47,286.57,2.19,n,N20,VIIRS,N,0.36,0.57,2.0NRT
21.76357,84.01971,2026-09-06,2046,2026-09-06 20:46:00,307.82,287.01,2.0,n,N20,VIIRS,N,0.37,0.58,2.0NRT
21.76328,83.8457,2026-09-06,2046,2026-09-06 20:46:00,314.75,288.19,1.37,n,N20,VIIRS,N,0.36,0.57,2.0NRT
21.76253,83.84913,2026-09-06,2046,2026-09-06 20:46:00,316.14,288.07,2.58,n,N20,VIIRS,N,0.36,0.57,2.0NRT
21.75887,83.841,2026-09-06,2046,2026-09-06 20:46:00,308.51,287.4,1.37,n,N20,VIIRS,N,0.36,0.57,2.0NRT
21.74269,83.84029,2026-09-06,2046,2026-09-06 20:46:00,329.22,287.97,4.0,n,N20,VIIRS,N,0.36,0.57,2.0NRT
21.75759,84.02187,2026-09-06,2046,2026-09-06 20:46:00,307.36,287.5,1.35,n,N20,VIIRS,N,0.37,0.58,2.0NRT
21.75684,84.02532,2026-09-06,2046,2026-09-06 20:46:00,304.68,287.12,1.35,n,N20,VIIRS,N,0.37,0.58,2.0NRT
21.75297,83.84307,2026-09-06,2046,2026-09-06 20:46:00,302.8,285.95,3.86,n,N20,VIIRS,N,0.36,0.57,2.0NRT
21.74859,83.83823,2026-09-06,2046,2026-09-06 20:46:00,305.17,286.62,3.86,n,N20,VIIRS,N,0.36,0.57,2.0NRT
21.74783,83.84167,2026-09-06,2046,2026-09-06 20:46:00,367.0,288.9,3.86,h,N20,VIIRS,N,0.36,0.57,2.0NRT
21.74193,83.84372,2026-09-06,2046,2026-09-06 20:46:00,307.81,288.38,3.06,n,N20,VIIRS,N,0.36,0.57,2.0NRT
21.68195,84.03985,2026-09-06,2046,2026-09-06 20:46:00,312.5,287.61,1.7,n,N20,VIIRS,N,0.37,0.58,2.0NRT
21.67781,84.03885,2026-09-06,2046,2026-09-06 20:46:00,311.68,288.06,2.14,n,N20,VIIRS,N,0.37,0.58,2.0NRT
21.67672,84.03851,2026-09-06,2046,2026-09-06 20:46:00,303.35,287.15,0.85,n,N20,VIIRS,N,0.37,0.58,2.0NRT
21.67595,84.04197,2026-09-06,2046,2026-09-06 20:46:00,303.58,287.17,0.85,n,N20,VIIRS,N,0.37,0.58,2.0NRT
21.92394,83.34906,2026-09-06,2046,2026-09-06 20:46:00,314.54,288.17,3.18,n,N20,VIIRS,N,0.33,0.55,2.0NRT
21.75812,83.8444,2026-09-06,2046,2026-09-06 20:46:00,312.74,287.22,1.37,n,N20,VIIRS,N,0.36,0.57,2.0NRT
21.96607,83.77132,2026-09-06,2046,2026-09-06 20:46:00,313.06,287.79,3.0,n,N20,VIIRS,N,0.35,0.57,2.0NRT
27.79425,75.32977,2026-09-06,2046,2026-09-06 20:46:00,306.31,294.45,0.87,n,N20,VIIRS,N,0.39,0.36,2.0NRT
21.9854,83.2318,2026-09-06,2046,2026-09-06 20:46:00,314.71,288.01,1.6,n,N20,VIIRS,N,0.32,0.55,2.0NRT
25.38964,68.57961,2026-09-06,2046,2026-09-06 20:46:00,318.88,295.21,2.17,n,N20,VIIRS,N,0.45,0.47,2.0NRT
26.2588,74.09588,2026-09-06,2046,2026-09-06 20:46:00,308.96,295.34,1.03,n,N20,VIIRS,N,0.39,0.36,2.0NRT
26.60538,73.68313,2026-09-06,2046,2026-09-06 20:46:00,306.85,295.36,0.65,n,N20,VIIRS,N,0.4,0.37,2.0NRT
26.87441,73.51662,2026-09-06,2046,2026-09-06 20:46:00,309.93,295.02,2.61,n,N20,VIIRS,N,0.41,0.37,2.0NRT
26.87837,73.51595,2026-09-06,2046,2026-09-06 20:46:00,308.52,295.08,2.26,n,N20,VIIRS,N,0.41,0.37,2.0NRT
27.29016,73.84022,2026-09-06,2046,2026-09-06 20:46:00,308.34,296.09,2.87,n,N20,VIIRS,N,0.4,0.37,2.0NRT
24.9338,74.63345,2026-09-06,2046,2026-09-06 20:46:00,297.15,279.72,1.01,n,N20,VIIRS,N,0.38,0.36,2.0NRT
27.66805,76.12919,2026-09-06,2046,2026-09-06 20:46:00,312.39,294.58,1.16,n,N20,VIIRS,N,0.39,0.36,2.0NRT
28.27742,77.27326,2026-09-06,2046,2026-09-06 20:46:00,305.51,291.56,0.72,n,N20,VIIRS,N,0.4,0.37,2.0NRT
28.34659,77.23032,2026-09-06,2046,2026-09-06 20:46:00,322.88,292.35,1.97,n,N20,VIIRS,N,0.39,0.37,2.0NRT
28.42577,69.69775,2026-09-06,2046,2026-09-06 20:46:00,310.3,295.31,1.53,n,N20,VIIRS,N,0.42,0.45,2.0NRT
29.47528,76.8589,2026-09-06,2046,2026-09-06 20:46:00,330.15,294.17,4.54,n,N20,VIIRS,N,0.39,0.36,2.0NRT
29.87495,70.01684,2026-09-06,2046,2026-09-06 20:46:00,304.35,291.92,0.95,n,N20,VIIRS,N,0.42,0.45,2.0NRT
30.44921,70.56627,2026-09-06,2046,2026-09-06 20:46:00,307.98,295.11,0.56,n,N20,VIIRS,N,0.4,0.44,2.0NRT
28.27557,77.18221,2026-09-06,2046,2026-09-06 20:46:00,308.9,292.5,1.14,n,N20,VIIRS,N,0.39,0.36,2.0NRT
24.69204,73.00279,2026-09-06,2046,2026-09-06 20:46:00,306.06,294.66,1.19,n,N20,VIIRS,N,0.41,0.37,2.0NRT
24.15967,82.56333,2026-09-06,2046,2026-09-06 20:46:00,304.6,274.94,1.75,n,N20,VIIRS,N,0.53,0.5,2.0NRT
23.16659,82.34151,2026-09-06,2046,2026-09-06 20:46:00,308.91,287.87,2.01,n,N20,VIIRS,N,0.54,0.51,2.0NRT
22.00615,82.67136,2026-09-06,2046,2026-09-06 20:46:00,308.32,289.11,2.9,n,N20,VIIRS,N,0.6,0.53,2.0NRT
22.03537,83.3603,2026-09-06,2046,2026-09-06 20:46:00,302.88,284.34,0.65,n,N20,VIIRS,N,0.33,0.55,2.0NRT
22.03604,83.36147,2026-09-06,2046,2026-09-06 20:46:00,301.86,283.97,0.93,n,N20,VIIRS,N,0.33,0.55,2.0NRT
22.03745,83.35081,2026-09-06,2046,2026-09-06 20:46:00,316.1,288.57,2.03,n,N20,VIIRS,N,0.33,0.55,2.0NRT
22.03806,83.35194,2026-09-06,2046,2026-09-06 20:46:00,315.42,288.22,1.15,n,N20,VIIRS,N,0.33,0.55,2.0NRT
22.03872,83.34882,2026-09-06,2046,2026-09-06 20:46:00,306.26,287.74,1.15,n,N20,VIIRS,N,0.33,0.55,2.0NRT
22.31806,82.56065,2026-09-06,2046,2026-09-06 20:46:00,304.09,287.53,2.14,n,N20,VIIRS,N,0.58,0.52,2.0NRT
22.31933,82.55735,2026-09-06,2046,2026-09-06 20:46:00,305.32,287.52,1.48,n,N20,VIIRS,N,0.58,0.52,2.0NRT
22.32277,82.56183,2026-09-06,2046,2026-09-06 20:46:00,304.24,287.62,1.04,n,N20,VIIRS,N,0.58,0.52,2.0NRT
22.32286,82.56402,2026-09-06,2046,2026-09-06 20:46:00,304.74,287.9,1.49,n,N20,VIIRS,N,0.58,0.52,2.0NRT
22.35652,82.30289,2026-09-06,2046,2026-09-06 20:46:00,311.89,276.7,1.67,n,N20,VIIRS,N,0.56,0.51,2.0NRT
22.35839,82.3057,2026-09-06,2046,2026-09-06 20:46:00,300.27,278.23,2.17,n,N20,VIIRS,N,0.56,0.51,2.0NRT
22.35952,82.30042,2026-09-06,2046,2026-09-06 20:46:00,320.89,278.23,2.17,n,N20,VIIRS,N,0.56,0.51,2.0NRT
22.36117,82.30396,2026-09-06,2046,2026-09-06 20:46:00,308.07,278.43,1.67,n,N20,VIIRS,N,0.56,0.51,2.0NRT
22.36226,82.29867,2026-09-06,2046,2026-09-06 20:46:00,299.59,277.66,1.24,n,N20,VIIRS,N,0.56,0.51,2.0NRT
21.97846,83.23976,2026-09-06,2046,2026-09-06 20:46:00,302.84,286.87,0.66,n,N20,VIIRS,N,0.33,0.55,2.0NRT
26.29863,74.12737,2026-09-06,2046,2026-09-06 20:46:00,306.56,294.91,0.77,n,N20,VIIRS,N,0.39,0.36,2.0NRT
20.86389,84.99117,2026-09-06,2049,2026-09-06 20:49:00,309.71,286.74,1.7,n,N20,VIIRS,N,0.44,0.63,2.0NRT
19.72528,79.1739,2026-09-06,2049,2026-09-06 20:49:00,306.8,291.87,1.18,n,N20,VIIRS,N,0.4,0.44,2.0NRT
20.97046,86.01247,2026-09-06,2049,2026-09-06 20:49:00,349.73,286.7,13.14,n,N20,VIIRS,N,0.51,0.66,2.0NRT
20.96565,86.00595,2026-09-06,2049,2026-09-06 20:49:00,333.88,285.75,11.28,n,N20,VIIRS,N,0.51,0.66,2.0NRT
20.8901,84.98042,2026-09-06,2049,2026-09-06 20:49:00,304.51,286.19,1.24,n,N20,VIIRS,N,0.44,0.63,2.0NRT
20.86487,84.98684,2026-09-06,2049,2026-09-06 20:49:00,321.44,286.55,1.7,n,N20,VIIRS,N,0.44,0.63,2.0NRT
18.4227,73.94713,2026-09-06,2049,2026-09-06 20:49:00,303.53,291.43,0.45,n,N20,VIIRS,N,0.39,0.36,2.0NRT
20.6986,78.63525,2026-09-06,2049,2026-09-06 20:49:00,305.89,291.73,0.94,n,N20,VIIRS,N,0.54,0.42,2.0NRT
19.93199,79.12053,2026-09-06,2049,2026-09-06 20:49:00,307.07,292.13,1.01,n,N20,VIIRS,N,0.39,0.44,2.0NRT
19.9207,79.11429,2026-09-06,2049,2026-09-06 20:49:00,311.57,292.34,1.09,n,N20,VIIRS,N,0.39,0.44,2.0NRT
18.68251,73.0377,2026-09-06,2049,2026-09-06 20:49:00,302.4,291.27,1.19,n,N20,VIIRS,N,0.39,0.36,2.0NRT
19.57157,71.35449,2026-09-06,2049,2026-09-06 20:49:00,334.88,294.33,5.99,n,N20,VIIRS,N,0.42,0.38,2.0NRT
21.1835,81.38528,2026-09-06,2049,2026-09-06 20:49:00,310.78,290.65,2.1,n,N20,VIIRS,N,0.51,0.5,2.0NRT
19.56812,71.35394,2026-09-06,2049,2026-09-06 20:49:00,334.01,292.32,5.99,n,N20,VIIRS,N,0.42,0.38,2.0NRT
19.28291,71.43634,2026-09-06,2049,2026-09-06 20:49:00,311.31,293.67,3.53,n,N20,VIIRS,N,0.42,0.37,2.0NRT
19.28062,71.42787,2026-09-06,2049,2026-09-06 20:49:00,307.04,294.15,3.58,n,N20,VIIRS,N,0.42,0.37,2.0NRT
19.27255,74.6683,2026-09-06,2049,2026-09-06 20:49:00,310.27,290.55,1.05,n,N20,VIIRS,N,0.39,0.36,2.0NRT
19.10323,82.16578,2026-09-06,2049,2026-09-06 20:49:00,308.43,288.38,2.12,n,N20,VIIRS,N,0.63,0.54,2.0NRT
19.10193,82.16513,2026-09-06,2049,2026-09-06 20:49:00,300.95,288.0,0.97,n,N20,VIIRS,N,0.63,0.54,2.0NRT
19.09703,82.16398,2026-09-06,2049,2026-09-06 20:49:00,302.97,287.82,0.97,n,N20,VIIRS,N,0.63,0.54,2.0NRT
18.72052,79.50629,2026-09-06,2049,2026-09-06 20:49:00,316.36,291.34,2.08,n,N20,VIIRS,N,0.44,0.46,2.0NRT
18.71923,79.53582,2026-09-06,2049,2026-09-06 20:49:00,311.3,291.83,1.42,n,N20,VIIRS,N,0.44,0.46,2.0NRT
18.71426,79.53906,2026-09-06,2049,2026-09-06 20:49:00,307.45,291.97,1.85,n,N20,VIIRS,N,0.44,0.46,2.0NRT
18.69241,73.03941,2026-09-06,2049,2026-09-06 20:49:00,317.79,292.46,2.33,n,N20,VIIRS,N,0.39,0.36,2.0NRT
19.53019,71.29854,2026-09-06,2049,2026-09-06 20:49:00,314.01,294.54,2.8,n,N20,VIIRS,N,0.42,0.38,2.0NRT
21.187,81.39117,2026-09-06,2049,2026-09-06 20:49:00,308.22,291.13,2.1,n,N20,VIIRS,N,0.52,0.5,2.0NRT
21.23569,79.63112,2026-09-06,2049,2026-09-06 20:49:00,305.65,290.34,0.78,n,N20,VIIRS,N,0.4,0.44,2.0NRT
21.24994,79.20966,2026-09-06,2049,2026-09-06 20:49:00,308.99,287.65,1.79,n,N20,VIIRS,N,0.57,0.43,2.0NRT
17.60474,83.20191,2026-09-06,2049,2026-09-06 20:49:00,299.55,280.84,1.43,n,N20,VIIRS,N,0.4,0.6,2.0NRT
17.61012,83.20317,2026-09-06,2049,2026-09-06 20:49:00,327.55,283.38,1.43,n,N20,VIIRS,N,0.4,0.6,2.0NRT
17.9584,80.79161,2026-09-06,2049,2026-09-06 20:49:00,311.25,286.36,2.87,n,N20,VIIRS,N,0.54,0.51,2.0NRT
18.68694,73.03103,2026-09-06,2049,2026-09-06 20:49:00,305.57,291.73,0.8,n,N20,VIIRS,N,0.39,0.36,2.0NRT
22.93556,69.69945,2026-09-06,2049,2026-09-06 20:49:00,307.35,293.2,2.99,n,N20,VIIRS,N,0.54,0.42,2.0NRT
18.68307,73.03409,2026-09-06,2049,2026-09-06 20:49:00,308.66,291.51,0.8,n,N20,VIIRS,N,0.39,0.36,2.0NRT
21.486,81.76941,2026-09-06,2049,2026-09-06 20:49:00,307.33,288.57,1.12,n,N20,VIIRS,N,0.54,0.51,2.0NRT
21.33615,78.96851,2026-09-06,2049,2026-09-06 20:49:00,311.61,289.81,1.9,n,N20,VIIRS,N,0.55,0.43,2.0NRT
21.37506,81.68236,2026-09-06,2049,2026-09-06 20:49:00,306.24,289.5,2.23,n,N20,VIIRS,N,0.53,0.5,2.0NRT
21.37864,81.64126,2026-09-06,2049,2026-09-06 20:49:00,304.29,289.17,2.14,n,N20,VIIRS,N,0.53,0.5,2.0NRT
21.43295,72.97732,2026-09-06,2049,2026-09-06 20:49:00,314.63,290.76,1.49,n,N20,VIIRS,N,0.39,0.36,2.0NRT
21.57573,82.02216,2026-09-06,2049,2026-09-06 20:49:00,307.33,289.83,1.36,n,N20,VIIRS,N,0.55,0.51,2.0NRT
16.65053,74.31422,2026-09-06,2051,2026-09-06 20:51:00,300.66,283.93,0.55,n,N20,VIIRS,N,0.4,0.37,2.0NRT
15.65921,73.98962,2026-09-06,2051,2026-09-06 20:51:00,304.38,290.67,0.67,n,N20,VIIRS,N,0.4,0.37,2.0NRT
15.33446,76.28457,2026-09-06,2051,2026-09-06 20:51:00,303.75,283.37,0.9,n,N20,VIIRS,N,0.48,0.4,2.0NRT
15.22549,76.76331,2026-09-06,2051,2026-09-06 20:51:00,300.64,271.35,0.73,n,N20,VIIRS,N,0.51,0.41,2.0NRT
15.18417,76.66833,2026-09-06,2051,2026-09-06 20:51:00,308.91,278.9,1.89,n,N20,VIIRS,N,0.51,0.41,2.0NRT
15.17463,76.65685,2026-09-06,2051,2026-09-06 20:51:00,301.15,280.33,1.39,n,N20,VIIRS,N,0.51,0.41,2.0NRT
15.17381,76.66151,2026-09-06,2051,2026-09-06 20:51:00,320.07,280.22,3.46,n,N20,VIIRS,N,0.51,0.41,2.0NRT
15.02487,78.01408,2026-09-06,2051,2026-09-06 20:51:00,309.58,287.4,2.11,n,N20,VIIRS,N,0.41,0.45,2.0NRT
14.36366,78.77711,2026-09-06,2051,2026-09-06 20:51:00,314.12,287.54,4.23,n,N20,VIIRS,N,0.47,0.47,2.0NRT
11.81744,77.91634,2026-09-06,2051,2026-09-06 20:51:00,299.02,278.89,0.89,n,N20,VIIRS,N,0.45,0.47,2.0NRT
11.61621,77.75238,2026-09-06,2051,2026-09-06 20:51:00,303.07,287.25,0.48,n,N20,VIIRS,N,0.44,0.46,2.0NRT
15.17836,76.65756,2026-09-06,2051,2026-09-06 20:51:00,310.41,279.51,1.39,n,N20,VIIRS,N,0.51,0.41,2.0NRT
15.16806,76.37825,2026-09-06,2051,2026-09-06 20:51:00,304.37,284.93,1.79,n,N20,VIIRS,N,0.49,0.4,2.0NRT
8.08675,80.78283,2026-09-06,2053,2026-09-06 20:53:00,307.17,288.87,0.9,n,N20,VIIRS,N,0.41,0.61,2.0NRT
6.75876,81.5132,2026-09-06,2053,2026-09-06 20:53:00,303.15,289.91,0.47,n,N20,VIIRS,N,0.49,0.65,2.0NRT
6.76258,81.51218,2026-09-06,2053,2026-09-06 20:53:00,344.63,290.51,5.38,n,N20,VIIRS,N,0.49,0.65,2.0NRT
6.76464,81.51445,2026-09-06,2053,2026-09-06 20:53:00,337.56,290.88,5.56,n,N20,VIIRS,N,0.49,0.65,2.0NRT
8.08689,80.7812,2026-09-06,2053,2026-09-06 20:53:00,308.41,288.82,0.78,n,N20,VIIRS,N,0.41,0.61,2.0NRT
32.57333,72.56387,2026-09-06,2129,2026-09-06 21:29:00,308.1,295.65,1.92,n,N21,VIIRS,N,0.51,0.5,2.0NRT
33.29797,71.18443,2026-09-06,2129,2026-09-06 21:29:00,307.28,292.9,1.91,n,N21,VIIRS,N,0.42,0.45,2.0NRT
33.29612,71.18707,2026-09-06,2129,2026-09-06 21:29:00,313.29,293.76,1.53,n,N21,VIIRS,N,0.42,0.45,2.0NRT
32.88883,71.61728,2026-09-06,2129,2026-09-06 21:29:00,309.38,295.0,1.63,n,N21,VIIRS,N,0.45,0.47,2.0NRT
32.6544,70.4734,2026-09-06,2129,2026-09-06 21:29:00,307.31,293.33,1.09,n,N21,VIIRS,N,0.39,0.44,2.0NRT
29.47525,76.85799,2026-09-06,2129,2026-09-06 21:29:00,324.48,289.53,3.96,n,N21,VIIRS,N,0.54,0.68,2.0NRT
33.54538,71.55154,2026-09-06,2129,2026-09-06 21:29:00,306.95,293.68,1.47,n,N21,VIIRS,N,0.43,0.46,2.0NRT
28.42422,69.7018,2026-09-06,2129,2026-09-06 21:29:00,316.33,296.28,1.49,n,N21,VIIRS,N,0.43,0.46,2.0NRT
28.42334,69.69944,2026-09-06,2129,2026-09-06 21:29:00,316.01,296.25,1.29,n,N21,VIIRS,N,0.43,0.46,2.0NRT
28.34751,77.23099,2026-09-06,2129,2026-09-06 21:29:00,304.74,286.45,1.08,n,N21,VIIRS,N,0.6,0.71,2.0NRT
27.28563,73.83921,2026-09-06,2129,2026-09-06 21:29:00,303.97,291.86,0.89,n,N21,VIIRS,N,0.4,0.6,2.0NRT
32.28944,70.74013,2026-09-06,2129,2026-09-06 21:29:00,308.9,293.77,1.32,n,N21,VIIRS,N,0.41,0.45,2.0NRT
22.93151,69.70107,2026-09-06,2131,2026-09-06 21:31:00,302.36,292.14,1.36,n,N21,VIIRS,N,0.55,0.51,2.0NRT
25.38676,68.58319,2026-09-06,2131,2026-09-06 21:31:00,315.41,296.36,3.07,n,N21,VIIRS,N,0.42,0.45,2.0NRT
21.10587,72.64745,2026-09-06,2131,2026-09-06 21:31:00,308.43,284.69,1.82,n,N21,VIIRS,N,0.46,0.64,2.0NRT
21.10685,72.64314,2026-09-06,2131,2026-09-06 21:31:00,298.83,284.33,1.82,n,N21,VIIRS,N,0.46,0.64,2.0NRT
15.65738,73.98853,2026-09-06,2133,2026-09-06 21:33:00,302.91,285.05,1.98,n,N21,VIIRS,N,0.73,0.76,2.0NRT
