latitude,longitude,acq_date,acq_time,acq_datetime,brightness,bright_ti5,frp,confidence,satellite,instrument,daynight,scan,track,version
26.5233,90.5319,2026-09-03,640,2026-09-03 06:40:00,340.13,291.91,5.37,n,N21,VIIRS,D,0.44,0.46,2.0NRT
27.98609,95.93691,2026-09-03,640,2026-09-03 06:40:00,333.62,298.61,8.26,n,N21,VIIRS,D,0.39,0.36,2.0NRT
27.32438,95.27836,2026-09-03,640,2026-09-03 06:40:00,330.51,294.53,2.0,n,N21,VIIRS,D,0.4,0.37,2.0NRT
12.44623,79.14983,2026-09-03,731,2026-09-03 07:31:00,338.77,293.75,3.06,n,N20,VIIRS,D,0.33,0.55,2.0NRT
9.65259,78.06654,2026-09-03,731,2026-09-03 07:31:00,335.92,294.43,6.03,n,N20,VIIRS,D,0.44,0.62,2.0NRT
9.7496,78.01988,2026-09-03,731,2026-09-03 07:31:00,342.77,297.86,9.94,n,N20,VIIRS,D,0.44,0.63,2.0NRT
9.75129,78.01684,2026-09-03,731,2026-09-03 07:31:00,343.09,297.06,10.6,n,N20,VIIRS,D,0.44,0.63,2.0NRT
10.49617,79.46641,2026-09-03,731,2026-09-03 07:31:00,343.03,298.62,3.94,n,N20,VIIRS,D,0.34,0.56,2.0NRT
12.74508,78.65624,2026-09-03,731,2026-09-03 07:31:00,335.06,292.08,4.03,n,N20,VIIRS,D,0.35,0.57,2.0NRT
14.10816,77.59407,2026-09-03,731,2026-09-03 07:31:00,330.93,285.44,3.39,n,N20,VIIRS,D,0.39,0.6,2.0NRT
9.65053,78.06663,2026-09-03,731,2026-09-03 07:31:00,343.52,295.22,5.67,n,N20,VIIRS,D,0.44,0.63,2.0NRT
8.49436,77.96617,2026-09-03,731,2026-09-03 07:31:00,330.46,294.43,3.34,n,N20,VIIRS,D,0.47,0.64,2.0NRT
8.86345,78.08493,2026-09-03,731,2026-09-03 07:31:00,338.14,294.83,2.28,n,N20,VIIRS,D,0.46,0.63,2.0NRT
8.995,78.11643,2026-09-03,731,2026-09-03 07:31:00,341.06,295.85,3.27,n,N20,VIIRS,D,0.45,0.63,2.0NRT
23.78796,85.55418,2026-09-03,733,2026-09-03 07:33:00,332.27,293.58,2.83,n,N20,VIIRS,D,0.39,0.36,2.0NRT
23.78466,85.55476,2026-09-03,733,2026-09-03 07:33:00,332.14,294.27,2.83,n,N20,VIIRS,D,0.39,0.36,2.0NRT
21.16354,72.67133,2026-09-03,733,2026-09-03 07:33:00,338.1,287.54,5.44,n,N20,VIIRS,D,0.59,0.7,2.0NRT
23.77443,86.36435,2026-09-03,733,2026-09-03 07:33:00,340.16,296.49,4.56,n,N20,VIIRS,D,0.4,0.37,2.0NRT
23.77833,86.3914,2026-09-03,733,2026-09-03 07:33:00,333.93,296.63,5.61,n,N20,VIIRS,D,0.4,0.37,2.0NRT
21.10291,72.64852,2026-09-03,733,2026-09-03 07:33:00,334.62,288.64,9.08,n,N20,VIIRS,D,0.6,0.7,2.0NRT
22.36557,87.30296,2026-09-03,733,2026-09-03 07:33:00,343.37,298.96,9.64,n,N20,VIIRS,D,0.41,0.37,2.0NRT
23.66255,87.15377,2026-09-03,733,2026-09-03 07:33:00,330.63,292.84,3.12,n,N20,VIIRS,D,0.41,0.37,2.0NRT
27.9844,95.93944,2026-09-03,735,2026-09-03 07:35:00,348.14,289.43,7.85,n,N20,VIIRS,D,0.48,0.65,2.0NRT
9.21627,78.64738,2026-09-03,816,2026-09-03 08:16:00,335.65,302.15,11.12,n,N21,VIIRS,D,0.45,0.39,2.0NRT
8.60675,77.96529,2026-09-03,816,2026-09-03 08:16:00,339.2,303.99,4.94,n,N21,VIIRS,D,0.41,0.37,2.0NRT
8.61016,77.96478,2026-09-03,816,2026-09-03 08:16:00,338.69,304.46,3.89,n,N21,VIIRS,D,0.41,0.37,2.0NRT
8.6202,77.77351,2026-09-03,816,2026-09-03 08:16:00,354.2,313.01,23.1,n,N21,VIIRS,D,0.41,0.37,2.0NRT
8.62075,77.77719,2026-09-03,816,2026-09-03 08:16:00,348.05,312.84,31.99,n,N21,VIIRS,D,0.41,0.37,2.0NRT
8.81242,78.05347,2026-09-03,816,2026-09-03 08:16:00,342.91,305.82,8.02,n,N21,VIIRS,D,0.42,0.38,2.0NRT
8.83873,77.68748,2026-09-03,816,2026-09-03 08:16:00,339.97,309.13,7.33,n,N21,VIIRS,D,0.41,0.37,2.0NRT
8.86602,78.08418,2026-09-03,816,2026-09-03 08:16:00,348.47,306.22,13.83,n,N21,VIIRS,D,0.42,0.38,2.0NRT
10.11128,77.65968,2026-09-03,816,2026-09-03 08:16:00,349.06,306.96,6.72,n,N21,VIIRS,D,0.42,0.37,2.0NRT
10.11183,77.66344,2026-09-03,816,2026-09-03 08:16:00,343.37,308.57,6.72,n,N21,VIIRS,D,0.42,0.37,2.0NRT
10.11921,77.66613,2026-09-03,816,2026-09-03 08:16:00,342.56,308.33,8.07,n,N21,VIIRS,D,0.42,0.37,2.0NRT
10.23588,79.19627,2026-09-03,816,2026-09-03 08:16:00,338.92,303.12,9.69,n,N21,VIIRS,D,0.49,0.4,2.0NRT
10.67869,78.942,2026-09-03,816,2026-09-03 08:16:00,335.66,296.53,7.36,n,N21,VIIRS,D,0.48,0.4,2.0NRT
10.74984,78.97149,2026-09-03,816,2026-09-03 08:16:00,332.9,295.07,3.0,n,N21,VIIRS,D,0.48,0.4,2.0NRT
10.78625,77.79347,2026-09-03,816,2026-09-03 08:16:00,343.36,305.5,9.5,n,N21,VIIRS,D,0.43,0.38,2.0NRT
10.82759,77.76785,2026-09-03,816,2026-09-03 08:16:00,337.1,300.51,2.88,n,N21,VIIRS,D,0.42,0.38,2.0NRT
10.84841,78.50124,2026-09-03,816,2026-09-03 08:16:00,347.91,299.73,10.66,n,N21,VIIRS,D,0.46,0.39,2.0NRT
9.99129,78.08318,2026-09-03,816,2026-09-03 08:16:00,338.8,304.35,6.7,n,N21,VIIRS,D,0.43,0.38,2.0NRT
11.00386,79.25903,2026-09-03,816,2026-09-03 08:16:00,335.16,300.72,2.95,n,N21,VIIRS,D,0.5,0.41,2.0NRT
11.39026,78.14157,2026-09-03,816,2026-09-03 08:16:00,341.79,296.62,3.98,n,N21,VIIRS,D,0.44,0.39,2.0NRT
11.45467,77.59742,2026-09-03,816,2026-09-03 08:16:00,332.46,294.74,2.43,n,N21,VIIRS,D,0.42,0.38,2.0NRT
11.50959,79.52499,2026-09-03,816,2026-09-03 08:16:00,333.9,290.66,5.71,n,N21,VIIRS,D,0.52,0.42,2.0NRT
11.18612,79.70135,2026-09-03,816,2026-09-03 08:16:00,330.95,299.27,5.73,n,N21,VIIRS,D,0.53,0.42,2.0NRT
9.97086,78.1619,2026-09-03,816,2026-09-03 08:16:00,338.94,305.27,10.42,n,N21,VIIRS,D,0.43,0.38,2.0NRT
9.96128,78.07182,2026-09-03,816,2026-09-03 08:16:00,336.64,304.12,4.62,n,N21,VIIRS,D,0.43,0.38,2.0NRT
8.94545,77.81496,2026-09-03,816,2026-09-03 08:16:00,344.36,308.85,17.83,n,N21,VIIRS,D,0.41,0.37,2.0NRT
8.9933,78.1157,2026-09-03,816,2026-09-03 08:16:00,337.51,304.75,5.51,n,N21,VIIRS,D,0.42,0.38,2.0NRT
8.99674,78.11518,2026-09-03,816,2026-09-03 08:16:00,340.06,305.42,5.51,n,N21,VIIRS,D,0.42,0.38,2.0NRT
9.96184,78.0757,2026-09-03,816,2026-09-03 08:16:00,340.11,306.26,4.62,n,N21,VIIRS,D,0.43,0.38,2.0NRT
9.25096,77.98447,2026-09-03,816,2026-09-03 08:16:00,343.73,303.2,48.71,n,N21,VIIRS,D,0.42,0.38,2.0NRT
9.40985,78.81035,2026-09-03,816,2026-09-03 08:16:00,339.93,299.81,5.62,n,N21,VIIRS,D,0.46,0.39,2.0NRT
9.73456,77.55122,2026-09-03,816,2026-09-03 08:16:00,337.71,305.79,6.46,n,N21,VIIRS,D,0.41,0.37,2.0NRT
9.85865,78.18647,2026-09-03,816,2026-09-03 08:16:00,337.09,302.06,9.4,n,N21,VIIRS,D,0.43,0.38,2.0NRT
9.38139,78.7643,2026-09-03,816,2026-09-03 08:16:00,336.4,299.81,4.09,n,N21,VIIRS,D,0.45,0.39,2.0NRT
14.78736,79.80198,2026-09-03,818,2026-09-03 08:18:00,330.46,289.61,3.45,n,N21,VIIRS,D,0.4,0.44,2.0NRT
16.46553,79.58845,2026-09-03,818,2026-09-03 08:18:00,331.47,292.36,2.66,n,N21,VIIRS,D,0.41,0.45,2.0NRT
18.24572,75.4022,2026-09-03,818,2026-09-03 08:18:00,336.99,294.85,4.06,n,N21,VIIRS,D,0.4,0.37,2.0NRT
18.5062,74.34609,2026-09-03,818,2026-09-03 08:18:00,343.88,303.18,5.6,n,N21,VIIRS,D,0.39,0.36,2.0NRT
18.65981,74.60452,2026-09-03,818,2026-09-03 08:18:00,333.35,303.89,2.45,l,N21,VIIRS,D,0.39,0.36,2.0NRT
13.943,76.36328,2026-09-03,818,2026-09-03 08:18:00,332.79,295.38,3.33,n,N21,VIIRS,D,0.4,0.37,2.0NRT
13.24685,76.39126,2026-09-03,818,2026-09-03 08:18:00,339.05,287.26,5.27,n,N21,VIIRS,D,0.4,0.37,2.0NRT
21.10691,72.6467,2026-09-03,820,2026-09-03 08:20:00,353.0,303.51,9.19,n,N21,VIIRS,D,0.39,0.36,2.0NRT
23.30886,69.4185,2026-09-03,820,2026-09-03 08:20:00,333.65,301.35,5.76,n,N21,VIIRS,D,0.45,0.39,2.0NRT
22.92924,70.1059,2026-09-03,820,2026-09-03 08:20:00,335.84,303.18,8.52,l,N21,VIIRS,D,0.43,0.38,2.0NRT
19.41619,74.73562,2026-09-03,820,2026-09-03 08:20:00,335.63,295.77,4.98,n,N21,VIIRS,D,0.4,0.37,2.0NRT
21.10192,72.63627,2026-09-03,820,2026-09-03 08:20:00,339.66,300.92,9.64,n,N21,VIIRS,D,0.39,0.36,2.0NRT
21.10363,72.64727,2026-09-03,820,2026-09-03 08:20:00,341.64,302.04,9.19,n,N21,VIIRS,D,0.39,0.36,2.0NRT
22.92853,70.10656,2026-09-03,820,2026-09-03 08:20:00,332.86,302.73,7.14,l,N21,VIIRS,D,0.43,0.38,2.0NRT
21.1085,72.63512,2026-09-03,820,2026-09-03 08:20:00,338.53,301.34,6.92,n,N21,VIIRS,D,0.39,0.36,2.0NRT
21.16552,72.67063,2026-09-03,820,2026-09-03 08:20:00,343.59,300.03,5.56,n,N21,VIIRS,D,0.38,0.36,2.0NRT
31.16984,75.04272,2026-09-03,822,2026-09-03 08:22:00,335.59,296.53,4.87,n,N21,VIIRS,D,0.51,0.41,2.0NRT
31.62567,74.98903,2026-09-03,822,2026-09-03 08:22:00,332.14,296.26,4.15,n,N21,VIIRS,D,0.51,0.41,2.0NRT
31.81754,74.59283,2026-09-03,822,2026-09-03 08:22:00,340.73,296.72,6.08,n,N21,VIIRS,D,0.5,0.41,2.0NRT
21.16206,72.674,2026-09-03,915,2026-09-03 09:15:00,341.15,289.0,6.29,n,N20,VIIRS,D,0.56,0.68,2.0NRT
23.80364,86.32647,2026-09-03,1906,2026-09-03 19:06:00,301.69,283.39,1.82,n,N21,VIIRS,N,0.53,0.67,2.0NRT
24.11562,86.86095,2026-09-03,1906,2026-09-03 19:06:00,304.07,278.56,1.61,n,N21,VIIRS,N,0.49,0.65,2.0NRT
23.79543,86.35154,2026-09-03,1906,2026-09-03 19:06:00,312.86,283.09,2.98,n,N21,VIIRS,N,0.52,0.67,2.0NRT
23.55742,87.24039,2026-09-03,1906,2026-09-03 19:06:00,312.47,275.87,3.03,n,N21,VIIRS,N,0.46,0.63,2.0NRT
23.79538,86.34803,2026-09-03,1906,2026-09-03 19:06:00,304.5,283.41,2.37,n,N21,VIIRS,N,0.53,0.67,2.0NRT
23.795,86.35329,2026-09-03,1906,2026-09-03 19:06:00,302.7,283.1,1.73,n,N21,VIIRS,N,0.52,0.67,2.0NRT
23.78024,86.38665,2026-09-03,1906,2026-09-03 19:06:00,305.68,283.81,2.3,n,N21,VIIRS,N,0.52,0.67,2.0NRT
23.77984,86.39172,2026-09-03,1906,2026-09-03 19:06:00,314.52,283.68,2.3,n,N21,VIIRS,N,0.52,0.67,2.0NRT
23.77573,86.3653,2026-09-03,1906,2026-09-03 19:06:00,316.44,283.69,3.08,n,N21,VIIRS,N,0.52,0.67,2.0NRT
23.77547,86.20876,2026-09-03,1906,2026-09-03 19:06:00,305.42,284.93,2.54,n,N21,VIIRS,N,0.54,0.68,2.0NRT
23.7741,86.38596,2026-09-03,1906,2026-09-03 19:06:00,304.86,283.64,2.68,n,N21,VIIRS,N,0.52,0.67,2.0NRT
23.77282,85.99427,2026-09-03,1906,2026-09-03 19:06:00,298.26,281.58,1.41,n,N21,VIIRS,N,0.55,0.68,2.0NRT
23.76677,86.40059,2026-09-03,1906,2026-09-03 19:06:00,304.12,282.21,3.92,n,N21,VIIRS,N,0.52,0.67,2.0NRT
23.76635,86.40579,2026-09-03,1906,2026-09-03 19:06:00,319.98,282.72,4.16,n,N21,VIIRS,N,0.52,0.67,2.0NRT
23.76062,86.39999,2026-09-03,1906,2026-09-03 19:06:00,309.65,282.62,4.13,n,N21,VIIRS,N,0.52,0.67,2.0NRT
23.76022,86.40524,2026-09-03,1906,2026-09-03 19:06:00,301.39,282.12,2.26,n,N21,VIIRS,N,0.52,0.67,2.0NRT
23.73945,86.43385,2026-09-03,1906,2026-09-03 19:06:00,311.62,283.86,2.52,n,N21,VIIRS,N,0.52,0.67,2.0NRT
23.73829,85.00842,2026-09-03,1906,2026-09-03 19:06:00,296.96,279.77,2.02,n,N21,VIIRS,N,0.64,0.72,2.0NRT
23.73333,86.43322,2026-09-03,1906,2026-09-03 19:06:00,306.07,283.6,2.85,n,N21,VIIRS,N,0.52,0.67,2.0NRT
23.71572,86.42124,2026-09-03,1906,2026-09-03 19:06:00,309.72,283.4,3.45,n,N21,VIIRS,N,0.52,0.67,2.0NRT
23.71524,86.422,2026-09-03,1906,2026-09-03 19:06:00,309.37,283.62,3.55,n,N21,VIIRS,N,0.52,0.67,2.0NRT
23.7134,86.4518,2026-09-03,1906,2026-09-03 19:06:00,307.77,283.45,1.76,n,N21,VIIRS,N,0.52,0.67,2.0NRT
23.71272,86.45254,2026-09-03,1906,2026-09-03 19:06:00,306.22,283.52,1.88,n,N21,VIIRS,N,0.52,0.66,2.0NRT
23.69064,87.12126,2026-09-03,1906,2026-09-03 19:06:00,317.22,283.34,4.43,n,N21,VIIRS,N,0.47,0.64,2.0NRT
23.68696,86.39274,2026-09-03,1906,2026-09-03 19:06:00,304.28,283.9,2.9,n,N21,VIIRS,N,0.52,0.67,2.0NRT
23.68665,86.39375,2026-09-03,1906,2026-09-03 19:06:00,303.02,283.65,1.76,n,N21,VIIRS,N,0.52,0.67,2.0NRT
23.68044,86.39726,2026-09-03,1906,2026-09-03 19:06:00,305.35,283.69,2.2,n,N21,VIIRS,N,0.52,0.67,2.0NRT
23.68011,86.3982,2026-09-03,1906,2026-09-03 19:06:00,305.86,283.25,1.98,n,N21,VIIRS,N,0.52,0.67,2.0NRT
23.67398,86.39745,2026-09-03,1906,2026-09-03 19:06:00,304.41,283.26,1.98,n,N21,VIIRS,N,0.52,0.67,2.0NRT
23.66418,87.1554,2026-09-03,1906,2026-09-03 19:06:00,311.03,283.84,2.19,n,N21,VIIRS,N,0.46,0.64,2.0NRT
23.6325,86.83428,2026-09-03,1906,2026-09-03 19:06:00,304.83,283.22,1.12,n,N21,VIIRS,N,0.49,0.65,2.0NRT
23.80322,86.3317,2026-09-03,1906,2026-09-03 19:06:00,311.37,283.56,1.82,n,N21,VIIRS,N,0.53,0.67,2.0NRT
23.58093,86.72375,2026-09-03,1906,2026-09-03 19:06:00,297.7,275.66,1.53,n,N21,VIIRS,N,0.49,0.65,2.0NRT
23.80305,86.3282,2026-09-03,1906,2026-09-03 19:06:00,312.09,283.8,3.29,n,N21,VIIRS,N,0.53,0.67,2.0NRT
23.612,86.78971,2026-09-03,1906,2026-09-03 19:06:00,308.97,282.8,1.86,n,N21,VIIRS,N,0.49,0.65,2.0NRT
23.78556,85.55293,2026-09-03,1906,2026-09-03 19:06:00,302.25,283.21,1.09,n,N21,VIIRS,N,0.59,0.7,2.0NRT
20.9703,86.02133,2026-09-03,1908,2026-09-03 19:08:00,307.25,285.23,3.2,n,N21,VIIRS,N,0.51,0.66,2.0NRT
20.97102,86.02231,2026-09-03,1908,2026-09-03 19:08:00,301.24,285.24,2.33,n,N21,VIIRS,N,0.51,0.66,2.0NRT
23.64927,85.43691,2026-09-03,1908,2026-09-03 19:08:00,316.21,279.81,5.08,n,N21,VIIRS,N,0.6,0.7,2.0NRT
23.64955,85.43758,2026-09-03,1908,2026-09-03 19:08:00,318.4,279.93,4.68,n,N21,VIIRS,N,0.6,0.71,2.0NRT
23.65697,85.508,2026-09-03,1908,2026-09-03 19:08:00,301.57,281.04,1.18,n,N21,VIIRS,N,0.59,0.7,2.0NRT
23.66802,84.99591,2026-09-03,1908,2026-09-03 19:08:00,300.08,279.53,3.24,n,N21,VIIRS,N,0.64,0.72,2.0NRT
23.66284,87.15459,2026-09-03,2002,2026-09-03 20:02:00,323.26,289.29,3.1,n,N20,VIIRS,N,0.4,0.37,2.0NRT
23.66344,84.99948,2026-09-03,2002,2026-09-03 20:02:00,306.55,287.33,0.92,n,N20,VIIRS,N,0.39,0.36,2.0NRT
23.66433,86.91784,2026-09-03,2002,2026-09-03 20:02:00,306.56,289.42,1.07,n,N20,VIIRS,N,0.39,0.36,2.0NRT
23.66554,87.1591,2026-09-03,2002,2026-09-03 20:02:00,308.6,288.27,0.9,n,N20,VIIRS,N,0.4,0.37,2.0NRT
23.65641,85.50684,2026-09-03,2002,2026-09-03 20:02:00,310.37,287.69,0.98,n,N20,VIIRS,N,0.38,0.36,2.0NRT
23.78161,85.57585,2026-09-03,2002,2026-09-03 20:02:00,304.27,284.23,1.39,n,N20,VIIRS,N,0.38,0.36,2.0NRT
23.66732,84.99632,2026-09-03,2002,2026-09-03 20:02:00,303.53,287.06,0.92,n,N20,VIIRS,N,0.39,0.36,2.0NRT
23.67437,86.3989,2026-09-03,2002,2026-09-03 20:02:00,303.78,288.76,1.25,n,N20,VIIRS,N,0.39,0.36,2.0NRT
23.67766,86.39953,2026-09-03,2002,2026-09-03 20:02:00,312.42,287.22,1.25,n,N20,VIIRS,N,0.39,0.36,2.0NRT
23.67827,86.39577,2026-09-03,2002,2026-09-03 20:02:00,306.12,284.6,0.87,n,N20,VIIRS,N,0.39,0.36,2.0NRT
23.67887,86.39201,2026-09-03,2002,2026-09-03 20:02:00,304.49,286.75,0.87,n,N20,VIIRS,N,0.39,0.36,2.0NRT
23.68316,87.13036,2026-09-03,2002,2026-09-03 20:02:00,310.17,289.84,1.98,n,N20,VIIRS,N,0.4,0.37,2.0NRT
23.68547,86.39327,2026-09-03,2002,2026-09-03 20:02:00,327.45,290.2,4.04,n,N20,VIIRS,N,0.39,0.36,2.0NRT
23.68607,86.38953,2026-09-03,2002,2026-09-03 20:02:00,306.72,288.99,2.12,n,N20,VIIRS,N,0.39,0.36,2.0NRT
23.68842,87.11951,2026-09-03,2002,2026-09-03 20:02:00,317.5,288.92,3.08,n,N20,VIIRS,N,0.4,0.37,2.0NRT
23.69164,87.1003,2026-09-03,2002,2026-09-03 20:02:00,306.55,288.71,1.63,n,N20,VIIRS,N,0.4,0.37,2.0NRT
23.69175,87.12016,2026-09-03,2002,2026-09-03 20:02:00,305.18,288.61,1.08,n,N20,VIIRS,N,0.4,0.37,2.0NRT
23.6924,87.11631,2026-09-03,2002,2026-09-03 20:02:00,305.7,288.48,1.93,n,N20,VIIRS,N,0.4,0.37,2.0NRT
23.69433,87.10479,2026-09-03,2002,2026-09-03 20:02:00,306.35,288.75,1.14,n,N20,VIIRS,N,0.4,0.37,2.0NRT
23.66618,87.15525,2026-09-03,2002,2026-09-03 20:02:00,304.39,287.89,0.9,n,N20,VIIRS,N,0.4,0.37,2.0NRT
23.65043,85.43652,2026-09-03,2002,2026-09-03 20:02:00,320.82,287.97,1.64,n,N20,VIIRS,N,0.38,0.36,2.0NRT
23.5834,86.7272,2026-09-03,2002,2026-09-03 20:02:00,310.78,290.67,1.11,n,N20,VIIRS,N,0.39,0.36,2.0NRT
23.64655,85.43964,2026-09-03,2002,2026-09-03 20:02:00,323.37,287.38,2.11,n,N20,VIIRS,N,0.38,0.36,2.0NRT
29.91132,74.94312,2026-09-03,2002,2026-09-03 20:02:00,306.14,290.62,0.8,n,N20,VIIRS,N,0.49,0.65,2.0NRT
29.91007,74.94244,2026-09-03,2002,2026-09-03 20:02:00,304.52,290.73,1.02,n,N20,VIIRS,N,0.49,0.65,2.0NRT
23.78113,86.39088,2026-09-03,2002,2026-09-03 20:02:00,309.56,287.67,1.05,n,N20,VIIRS,N,0.39,0.36,2.0NRT
29.48014,76.85374,2026-09-03,2002,2026-09-03 20:02:00,305.02,288.34,0.73,n,N20,VIIRS,N,0.37,0.58,2.0NRT
29.47757,76.85374,2026-09-03,2002,2026-09-03 20:02:00,367.0,288.83,9.46,h,N20,VIIRS,N,0.37,0.58,2.0NRT
29.47725,76.85763,2026-09-03,2002,2026-09-03 20:02:00,310.55,289.14,6.79,n,N20,VIIRS,N,0.37,0.58,2.0NRT
29.47475,76.85314,2026-09-03,2002,2026-09-03 20:02:00,367.0,288.75,8.36,h,N20,VIIRS,N,0.37,0.58,2.0NRT
29.47446,76.85703,2026-09-03,2002,2026-09-03 20:02:00,309.14,288.99,5.44,n,N20,VIIRS,N,0.37,0.58,2.0NRT
23.64714,85.43591,2026-09-03,2002,2026-09-03 20:02:00,312.95,287.65,1.38,n,N20,VIIRS,N,0.38,0.36,2.0NRT
28.74499,76.92669,2026-09-03,2002,2026-09-03 20:02:00,296.37,279.34,2.1,n,N20,VIIRS,N,0.36,0.58,2.0NRT
26.7609,83.19978,2026-09-03,2002,2026-09-03 20:02:00,308.37,290.5,3.62,n,N20,VIIRS,N,0.46,0.39,2.0NRT
26.52291,90.5325,2026-09-03,2002,2026-09-03 20:02:00,328.03,288.83,5.79,n,N20,VIIRS,N,0.49,0.4,2.0NRT
25.94085,72.18671,2026-09-03,2002,2026-09-03 20:02:00,305.68,288.86,2.0,n,N20,VIIRS,N,0.67,0.74,2.0NRT
24.11976,86.86308,2026-09-03,2002,2026-09-03 20:02:00,311.02,288.39,1.25,n,N20,VIIRS,N,0.39,0.36,2.0NRT
23.58009,86.72656,2026-09-03,2002,2026-09-03 20:02:00,308.13,290.15,1.11,n,N20,VIIRS,N,0.39,0.36,2.0NRT
23.69442,85.37145,2026-09-03,2002,2026-09-03 20:02:00,311.67,289.11,1.11,n,N20,VIIRS,N,0.39,0.36,2.0NRT
23.60976,85.67492,2026-09-03,2002,2026-09-03 20:02:00,309.37,289.81,0.81,n,N20,VIIRS,N,0.38,0.36,2.0NRT
23.6138,86.7917,2026-09-03,2002,2026-09-03 20:02:00,311.92,290.77,1.37,n,N20,VIIRS,N,0.39,0.36,2.0NRT
28.71685,76.8332,2026-09-03,2002,2026-09-03 20:02:00,299.98,274.6,1.13,n,N20,VIIRS,N,0.37,0.58,2.0NRT
23.69444,87.12463,2026-09-03,2002,2026-09-03 20:02:00,308.89,288.97,1.08,n,N20,VIIRS,N,0.4,0.37,2.0NRT
23.61443,86.78787,2026-09-03,2002,2026-09-03 20:02:00,309.85,290.27,1.32,n,N20,VIIRS,N,0.39,0.36,2.0NRT
23.6953,86.07877,2026-09-03,2002,2026-09-03 20:02:00,302.86,280.9,0.53,n,N20,VIIRS,N,0.38,0.36,2.0NRT
23.75785,85.85593,2026-09-03,2002,2026-09-03 20:02:00,305.14,286.38,0.89,n,N20,VIIRS,N,0.38,0.36,2.0NRT
23.75844,85.8522,2026-09-03,2002,2026-09-03 20:02:00,310.78,286.15,0.89,n,N20,VIIRS,N,0.38,0.36,2.0NRT
23.75893,86.40212,2026-09-03,2002,2026-09-03 20:02:00,302.01,284.55,0.96,n,N20,VIIRS,N,0.39,0.36,2.0NRT
23.76222,86.40276,2026-09-03,2002,2026-09-03 20:02:00,308.28,285.25,1.1,n,N20,VIIRS,N,0.39,0.36,2.0NRT
23.76552,86.40339,2026-09-03,2002,2026-09-03 20:02:00,312.99,286.42,1.1,n,N20,VIIRS,N,0.39,0.36,2.0NRT
23.76881,86.40401,2026-09-03,2002,2026-09-03 20:02:00,303.73,286.4,0.93,n,N20,VIIRS,N,0.39,0.36,2.0NRT
23.77119,86.19974,2026-09-03,2002,2026-09-03 20:02:00,304.78,286.55,0.99,n,N20,VIIRS,N,0.38,0.36,2.0NRT
23.77179,86.196,2026-09-03,2002,2026-09-03 20:02:00,308.84,286.19,1.67,n,N20,VIIRS,N,0.38,0.36,2.0NRT
23.77548,86.36273,2026-09-03,2002,2026-09-03 20:02:00,301.78,279.86,0.87,n,N20,VIIRS,N,0.39,0.36,2.0NRT
23.77783,86.39025,2026-09-03,2002,2026-09-03 20:02:00,303.92,286.71,1.05,n,N20,VIIRS,N,0.39,0.36,2.0NRT
23.77986,86.20908,2026-09-03,2002,2026-09-03 20:02:00,318.46,288.61,2.21,n,N20,VIIRS,N,0.39,0.36,2.0NRT
23.75515,85.85158,2026-09-03,2002,2026-09-03 20:02:00,308.36,286.21,0.89,n,N20,VIIRS,N,0.38,0.36,2.0NRT
24.11708,86.85863,2026-09-03,2002,2026-09-03 20:02:00,316.11,288.72,1.12,n,N20,VIIRS,N,0.39,0.36,2.0NRT
23.84145,86.50287,2026-09-03,2002,2026-09-03 20:02:00,303.98,287.52,0.52,n,N20,VIIRS,N,0.39,0.36,2.0NRT
23.69508,87.1208,2026-09-03,2002,2026-09-03 20:02:00,310.26,289.5,1.08,n,N20,VIIRS,N,0.4,0.37,2.0NRT
23.82555,84.93825,2026-09-03,2002,2026-09-03 20:02:00,303.94,288.67,0.5,n,N20,VIIRS,N,0.39,0.36,2.0NRT
23.82467,85.49529,2026-09-03,2002,2026-09-03 20:02:00,302.86,285.02,0.92,n,N20,VIIRS,N,0.38,0.36,2.0NRT
23.82409,85.49904,2026-09-03,2002,2026-09-03 20:02:00,302.51,284.53,0.92,n,N20,VIIRS,N,0.38,0.36,2.0NRT
23.81538,86.57941,2026-09-03,2002,2026-09-03 20:02:00,309.89,288.82,0.58,n,N20,VIIRS,N,0.39,0.36,2.0NRT
23.80459,86.32961,2026-09-03,2002,2026-09-03 20:02:00,328.48,287.27,2.12,n,N20,VIIRS,N,0.39,0.36,2.0NRT
23.80129,86.32899,2026-09-03,2002,2026-09-03 20:02:00,305.52,285.86,2.12,n,N20,VIIRS,N,0.39,0.36,2.0NRT
23.79767,86.3515,2026-09-03,2002,2026-09-03 20:02:00,314.18,286.72,1.82,n,N20,VIIRS,N,0.39,0.36,2.0NRT
23.78841,85.55404,2026-09-03,2002,2026-09-03 20:02:00,308.98,283.02,1.41,n,N20,VIIRS,N,0.38,0.36,2.0NRT
23.78512,85.55343,2026-09-03,2002,2026-09-03 20:02:00,308.22,282.57,0.94,n,N20,VIIRS,N,0.38,0.36,2.0NRT
23.85833,86.33572,2026-09-03,2002,2026-09-03 20:02:00,309.39,285.49,0.5,n,N20,VIIRS,N,0.39,0.36,2.0NRT
23.75456,85.85532,2026-09-03,2002,2026-09-03 20:02:00,309.18,286.4,0.89,n,N20,VIIRS,N,0.38,0.36,2.0NRT
23.84097,84.94881,2026-09-03,2002,2026-09-03 20:02:00,303.34,288.05,0.55,n,N20,VIIRS,N,0.39,0.36,2.0NRT
23.74545,85.50378,2026-09-03,2002,2026-09-03 20:02:00,301.96,283.79,0.59,n,N20,VIIRS,N,0.38,0.36,2.0NRT
23.69766,87.10545,2026-09-03,2002,2026-09-03 20:02:00,306.8,288.38,1.14,n,N20,VIIRS,N,0.4,0.37,2.0NRT
23.69829,85.36831,2026-09-03,2002,2026-09-03 20:02:00,310.07,288.84,1.17,n,N20,VIIRS,N,0.39,0.36,2.0NRT
23.70932,85.42812,2026-09-03,2002,2026-09-03 20:02:00,303.85,288.25,0.45,n,N20,VIIRS,N,0.38,0.36,2.0NRT
23.71023,86.45091,2026-09-03,2002,2026-09-03 20:02:00,306.45,290.01,1.04,n,N20,VIIRS,N,0.39,0.36,2.0NRT
23.71049,85.2896,2026-09-03,2002,2026-09-03 20:02:00,302.26,286.67,0.48,n,N20,VIIRS,N,0.39,0.36,2.0NRT
23.71084,86.44715,2026-09-03,2002,2026-09-03 20:02:00,322.03,290.78,2.49,n,N20,VIIRS,N,0.39,0.36,2.0NRT
23.71121,86.424,2026-09-03,2002,2026-09-03 20:02:00,305.78,289.23,1.27,n,N20,VIIRS,N,0.39,0.36,2.0NRT
23.71353,86.45154,2026-09-03,2002,2026-09-03 20:02:00,330.73,291.4,2.89,n,N20,VIIRS,N,0.39,0.36,2.0NRT
23.71511,86.42087,2026-09-03,2002,2026-09-03 20:02:00,306.05,289.26,1.27,n,N20,VIIRS,N,0.39,0.36,2.0NRT
23.71841,86.4215,2026-09-03,2002,2026-09-03 20:02:00,305.64,289.83,1.67,n,N20,VIIRS,N,0.39,0.36,2.0NRT
23.69672,85.29093,2026-09-03,2002,2026-09-03 20:02:00,307.13,287.56,0.87,n,N20,VIIRS,N,0.39,0.36,2.0NRT
23.69626,87.09328,2026-09-03,2002,2026-09-03 20:02:00,312.84,288.89,1.31,n,N20,VIIRS,N,0.4,0.37,2.0NRT
23.6973,85.28718,2026-09-03,2002,2026-09-03 20:02:00,306.02,287.62,0.87,n,N20,VIIRS,N,0.39,0.36,2.0NRT
23.69674,85.35646,2026-09-03,2002,2026-09-03 20:02:00,304.52,288.92,0.59,n,N20,VIIRS,N,0.39,0.36,2.0NRT
23.7532,86.41651,2026-09-03,2002,2026-09-03 20:02:00,307.79,288.53,1.06,n,N20,VIIRS,N,0.39,0.36,2.0NRT
23.74027,86.43341,2026-09-03,2002,2026-09-03 20:02:00,309.02,290.24,3.28,n,N20,VIIRS,N,0.39,0.36,2.0NRT
23.74007,85.00873,2026-09-03,2002,2026-09-03 20:02:00,317.46,289.71,2.7,n,N20,VIIRS,N,0.39,0.36,2.0NRT
23.73758,86.42902,2026-09-03,2002,2026-09-03 20:02:00,312.53,289.72,1.41,n,N20,VIIRS,N,0.39,0.36,2.0NRT
23.73697,86.43278,2026-09-03,2002,2026-09-03 20:02:00,341.06,292.07,3.28,n,N20,VIIRS,N,0.39,0.36,2.0NRT
23.725,86.42276,2026-09-03,2002,2026-09-03 20:02:00,313.03,290.96,1.75,n,N20,VIIRS,N,0.39,0.36,2.0NRT
23.7255,85.52321,2026-09-03,2002,2026-09-03 20:02:00,301.47,284.53,0.25,n,N20,VIIRS,N,0.38,0.36,2.0NRT
23.71965,85.0089,2026-09-03,2002,2026-09-03 20:02:00,304.95,285.67,0.69,n,N20,VIIRS,N,0.39,0.36,2.0NRT
23.71866,86.4409,2026-09-03,2002,2026-09-03 20:02:00,314.11,289.64,1.28,n,N20,VIIRS,N,0.39,0.36,2.0NRT
23.72257,86.43778,2026-09-03,2002,2026-09-03 20:02:00,308.92,289.46,2.16,n,N20,VIIRS,N,0.39,0.36,2.0NRT
17.60372,83.19993,2026-09-03,2004,2026-09-03 20:04:00,309.65,292.61,1.9,n,N20,VIIRS,N,0.39,0.36,2.0NRT
17.60983,83.20471,2026-09-03,2004,2026-09-03 20:04:00,326.65,293.72,2.31,n,N20,VIIRS,N,0.39,0.36,2.0NRT
17.69188,83.24426,2026-09-03,2004,2026-09-03 20:04:00,318.58,292.24,1.77,n,N20,VIIRS,N,0.39,0.36,2.0NRT
16.87099,80.02061,2026-09-03,2004,2026-09-03 20:04:00,306.16,289.8,2.28,n,N20,VIIRS,N,0.51,0.41,2.0NRT
17.35811,76.87943,2026-09-03,2004,2026-09-03 20:04:00,303.69,284.78,1.05,n,N20,VIIRS,N,0.54,0.5,2.0NRT
17.96308,83.15963,2026-09-03,2004,2026-09-03 20:04:00,306.04,290.97,1.55,n,N20,VIIRS,N,0.39,0.37,2.0NRT
17.59818,83.19147,2026-09-03,2004,2026-09-03 20:04:00,307.48,292.02,1.29,n,N20,VIIRS,N,0.39,0.36,2.0NRT
17.60705,83.20048,2026-09-03,2004,2026-09-03 20:04:00,314.98,292.67,2.31,n,N20,VIIRS,N,0.39,0.36,2.0NRT
15.17583,76.65791,2026-09-03,2006,2026-09-03 20:06:00,312.3,284.12,3.54,n,N20,VIIRS,N,0.52,0.5,2.0NRT
15.2287,76.76014,2026-09-03,2006,2026-09-03 20:06:00,318.43,288.89,1.69,n,N20,VIIRS,N,0.51,0.49,2.0NRT
15.22415,76.75953,2026-09-03,2006,2026-09-03 20:06:00,308.39,288.75,1.9,n,N20,VIIRS,N,0.51,0.49,2.0NRT
15.18437,76.66389,2026-09-03,2006,2026-09-03 20:06:00,316.88,282.7,4.2,n,N20,VIIRS,N,0.52,0.5,2.0NRT
15.18376,76.66869,2026-09-03,2006,2026-09-03 20:06:00,317.37,285.48,3.3,n,N20,VIIRS,N,0.52,0.5,2.0NRT
15.18315,76.67349,2026-09-03,2006,2026-09-03 20:06:00,309.9,286.21,3.3,n,N20,VIIRS,N,0.52,0.5,2.0NRT
15.18254,76.67829,2026-09-03,2006,2026-09-03 20:06:00,306.64,286.46,2.6,n,N20,VIIRS,N,0.52,0.5,2.0NRT
15.17711,77.10126,2026-09-03,2006,2026-09-03 20:06:00,300.53,273.71,0.93,n,N20,VIIRS,N,0.48,0.48,2.0NRT
15.17644,76.6531,2026-09-03,2006,2026-09-03 20:06:00,311.26,279.38,2.15,n,N20,VIIRS,N,0.52,0.5,2.0NRT
15.17367,76.78399,2026-09-03,2006,2026-09-03 20:06:00,303.2,288.63,1.27,n,N20,VIIRS,N,0.51,0.49,2.0NRT
15.13724,76.70645,2026-09-03,2006,2026-09-03 20:06:00,303.86,287.7,0.62,n,N20,VIIRS,N,0.51,0.5,2.0NRT
15.06992,76.86325,2026-09-03,2006,2026-09-03 20:06:00,298.07,280.71,1.13,n,N20,VIIRS,N,0.5,0.49,2.0NRT
15.02509,78.01545,2026-09-03,2006,2026-09-03 20:06:00,308.47,282.53,1.15,n,N20,VIIRS,N,0.42,0.45,2.0NRT
13.412,78.25958,2026-09-03,2006,2026-09-03 20:06:00,303.36,288.87,0.43,n,N20,VIIRS,N,0.39,0.44,2.0NRT
15.02147,78.0108,2026-09-03,2006,2026-09-03 20:06:00,299.92,279.86,1.15,n,N20,VIIRS,N,0.42,0.45,2.0NRT
10.61815,77.42112,2026-09-03,2006,2026-09-03 20:06:00,308.73,291.53,0.77,n,N20,VIIRS,N,0.4,0.44,2.0NRT
9.73645,77.55113,2026-09-03,2006,2026-09-03 20:06:00,310.68,291.78,1.08,n,N20,VIIRS,N,0.38,0.43,2.0NRT
9.55857,77.51196,2026-09-03,2006,2026-09-03 20:06:00,300.32,286.95,0.19,n,N20,VIIRS,N,0.38,0.43,2.0NRT
9.54934,77.51951,2026-09-03,2006,2026-09-03 20:06:00,315.78,289.25,2.15,n,N20,VIIRS,N,0.38,0.43,2.0NRT
9.54893,77.52233,2026-09-03,2006,2026-09-03 20:06:00,328.06,290.34,3.0,n,N20,VIIRS,N,0.38,0.43,2.0NRT
11.17709,79.08981,2026-09-03,2006,2026-09-03 20:06:00,308.03,292.77,0.88,n,N20,VIIRS,N,0.49,0.4,2.0NRT
23.30512,70.47572,2026-09-03,2046,2026-09-03 20:46:00,306.69,294.57,1.37,n,N21,VIIRS,N,0.43,0.38,2.0NRT
27.28808,73.84085,2026-09-03,2046,2026-09-03 20:46:00,313.3,296.34,0.68,n,N21,VIIRS,N,0.38,0.36,2.0NRT
26.87844,73.5161,2026-09-03,2046,2026-09-03 20:46:00,307.83,295.38,2.37,n,N21,VIIRS,N,0.39,0.36,2.0NRT
26.87514,73.51547,2026-09-03,2046,2026-09-03 20:46:00,309.26,295.3,2.07,n,N21,VIIRS,N,0.39,0.36,2.0NRT
26.60381,73.68258,2026-09-03,2046,2026-09-03 20:46:00,305.3,289.46,0.86,n,N21,VIIRS,N,0.38,0.36,2.0NRT
23.31438,70.48576,2026-09-03,2046,2026-09-03 20:46:00,309.94,294.84,1.63,n,N21,VIIRS,N,0.43,0.38,2.0NRT
23.30852,71.92302,2026-09-03,2046,2026-09-03 20:46:00,302.05,283.2,0.58,n,N21,VIIRS,N,0.39,0.36,2.0NRT
23.1201,70.08562,2026-09-03,2046,2026-09-03 20:46:00,326.09,294.36,4.11,n,N21,VIIRS,N,0.44,0.38,2.0NRT
23.11955,70.08704,2026-09-03,2046,2026-09-03 20:46:00,324.6,294.09,3.51,n,N21,VIIRS,N,0.44,0.38,2.0NRT
22.93496,69.69643,2026-09-03,2046,2026-09-03 20:46:00,307.76,293.57,2.03,n,N21,VIIRS,N,0.46,0.39,2.0NRT
22.93436,69.70084,2026-09-03,2046,2026-09-03 20:46:00,309.93,293.97,2.03,n,N21,VIIRS,N,0.46,0.39,2.0NRT
22.93139,69.69586,2026-09-03,2046,2026-09-03 20:46:00,308.31,293.95,3.15,n,N21,VIIRS,N,0.46,0.39,2.0NRT
22.92464,69.82479,2026-09-03,2046,2026-09-03 20:46:00,305.3,294.49,2.91,n,N21,VIIRS,N,0.45,0.39,2.0NRT
22.41513,69.03777,2026-09-03,2046,2026-09-03 20:46:00,309.75,293.26,3.19,n,N21,VIIRS,N,0.48,0.4,2.0NRT
22.39963,69.01791,2026-09-03,2046,2026-09-03 20:46:00,305.54,293.77,3.18,n,N21,VIIRS,N,0.48,0.4,2.0NRT
22.33877,69.8551,2026-09-03,2046,2026-09-03 20:46:00,308.15,295.5,4.3,n,N21,VIIRS,N,0.44,0.39,2.0NRT
21.62968,72.911,2026-09-03,2046,2026-09-03 20:46:00,299.73,278.8,0.25,n,N21,VIIRS,N,0.38,0.36,2.0NRT
21.16664,72.67046,2026-09-03,2046,2026-09-03 20:46:00,322.83,294.07,3.7,n,N21,VIIRS,N,0.38,0.36,2.0NRT
21.11061,72.63454,2026-09-03,2046,2026-09-03 20:46:00,307.53,294.41,2.17,n,N21,VIIRS,N,0.38,0.36,2.0NRT
21.10831,72.64921,2026-09-03,2046,2026-09-03 20:46:00,307.64,294.94,2.7,n,N21,VIIRS,N,0.38,0.36,2.0NRT
21.10674,72.63763,2026-09-03,2046,2026-09-03 20:46:00,308.49,294.77,2.86,n,N21,VIIRS,N,0.38,0.36,2.0NRT
21.10559,72.64497,2026-09-03,2046,2026-09-03 20:46:00,336.85,296.19,5.98,n,N21,VIIRS,N,0.38,0.36,2.0NRT
21.10502,72.64862,2026-09-03,2046,2026-09-03 20:46:00,318.53,294.39,5.98,n,N21,VIIRS,N,0.38,0.36,2.0NRT
21.10345,72.63704,2026-09-03,2046,2026-09-03 20:46:00,333.77,294.36,2.86,n,N21,VIIRS,N,0.38,0.36,2.0NRT
21.10016,72.63646,2026-09-03,2046,2026-09-03 20:46:00,332.79,294.58,6.12,n,N21,VIIRS,N,0.38,0.36,2.0NRT
20.91031,71.45869,2026-09-03,2046,2026-09-03 20:46:00,316.39,294.64,1.67,n,N21,VIIRS,N,0.39,0.36,2.0NRT
20.86645,70.5637,2026-09-03,2046,2026-09-03 20:46:00,309.83,293.44,1.05,n,N21,VIIRS,N,0.41,0.37,2.0NRT
29.47605,76.85793,2026-09-03,2046,2026-09-03 20:46:00,329.76,293.88,4.09,n,N21,VIIRS,N,0.41,0.37,2.0NRT
22.96819,72.55517,2026-09-03,2046,2026-09-03 20:46:00,307.07,293.79,0.4,n,N21,VIIRS,N,0.39,0.36,2.0NRT
17.61118,83.20664,2026-09-03,2049,2026-09-03 20:49:00,307.79,287.11,1.76,n,N21,VIIRS,N,0.5,0.66,2.0NRT
15.18064,76.66591,2026-09-03,2049,2026-09-03 20:49:00,324.76,290.71,2.2,n,N21,VIIRS,N,0.42,0.45,2.0NRT
15.17996,76.66974,2026-09-03,2049,2026-09-03 20:49:00,305.7,290.04,2.2,n,N21,VIIRS,N,0.42,0.45,2.0NRT
15.1786,76.6774,2026-09-03,2049,2026-09-03 20:49:00,304.63,290.54,2.62,n,N21,VIIRS,N,0.42,0.45,2.0NRT
15.17859,76.65359,2026-09-03,2049,2026-09-03 20:49:00,305.26,289.91,1.04,n,N21,VIIRS,N,0.42,0.45,2.0NRT
15.17791,76.65741,2026-09-03,2049,2026-09-03 20:49:00,326.69,290.55,1.81,n,N21,VIIRS,N,0.42,0.45,2.0NRT
15.17699,77.10145,2026-09-03,2049,2026-09-03 20:49:00,303.07,283.13,1.21,n,N21,VIIRS,N,0.44,0.46,2.0NRT
15.17451,76.67654,2026-09-03,2049,2026-09-03 20:49:00,305.63,289.91,1.13,n,N21,VIIRS,N,0.42,0.45,2.0NRT
15.1745,76.65276,2026-09-03,2049,2026-09-03 20:49:00,305.33,289.85,1.04,n,N21,VIIRS,N,0.42,0.45,2.0NRT
15.17382,76.65658,2026-09-03,2049,2026-09-03 20:49:00,306.57,290.34,1.81,n,N21,VIIRS,N,0.42,0.45,2.0NRT
15.17314,76.6604,2026-09-03,2049,2026-09-03 20:49:00,303.5,289.81,1.81,n,N21,VIIRS,N,0.42,0.45,2.0NRT
15.17179,76.69175,2026-09-03,2049,2026-09-03 20:49:00,307.81,289.5,1.18,n,N21,VIIRS,N,0.42,0.45,2.0NRT
15.1614,76.37529,2026-09-03,2049,2026-09-03 20:49:00,298.67,282.96,0.52,n,N21,VIIRS,N,0.4,0.44,2.0NRT
15.07199,76.86526,2026-09-03,2049,2026-09-03 20:49:00,301.83,281.27,1.11,n,N21,VIIRS,N,0.43,0.46,2.0NRT
15.02284,78.01471,2026-09-03,2049,2026-09-03 20:49:00,303.58,285.32,1.34,n,N21,VIIRS,N,0.51,0.49,2.0NRT
14.87435,78.05117,2026-09-03,2049,2026-09-03 20:49:00,321.22,288.81,2.81,n,N21,VIIRS,N,0.52,0.5,2.0NRT
13.89939,76.5644,2026-09-03,2049,2026-09-03 20:49:00,304.03,287.4,1.15,n,N21,VIIRS,N,0.43,0.46,2.0NRT
15.18609,76.65908,2026-09-03,2049,2026-09-03 20:49:00,306.28,290.85,1.64,n,N21,VIIRS,N,0.42,0.45,2.0NRT
17.60034,83.19914,2026-09-03,2049,2026-09-03 20:49:00,304.38,287.1,2.14,n,N21,VIIRS,N,0.5,0.66,2.0NRT
23.69308,87.10843,2026-09-03,2049,2026-09-03 20:49:00,301.74,280.99,6.47,n,N21,VIIRS,N,0.66,0.73,2.0NRT
23.70964,86.44592,2026-09-03,2049,2026-09-03 20:49:00,302.83,276.64,2.9,n,N21,VIIRS,N,0.6,0.7,2.0NRT
17.69013,83.24277,2026-09-03,2049,2026-09-03 20:49:00,307.09,286.83,1.13,n,N21,VIIRS,N,0.5,0.66,2.0NRT
17.69266,83.2471,2026-09-03,2049,2026-09-03 20:49:00,313.2,286.96,3.47,n,N21,VIIRS,N,0.5,0.66,2.0NRT
18.67889,73.03624,2026-09-03,2049,2026-09-03 20:49:00,314.72,290.86,2.73,n,N21,VIIRS,N,0.39,0.36,2.0NRT
18.68221,73.03683,2026-09-03,2049,2026-09-03 20:49:00,331.89,291.55,5.42,n,N21,VIIRS,N,0.39,0.36,2.0NRT
18.68341,73.02945,2026-09-03,2049,2026-09-03 20:49:00,308.6,290.98,1.67,n,N21,VIIRS,N,0.39,0.36,2.0NRT
18.68674,73.03004,2026-09-03,2049,2026-09-03 20:49:00,319.05,291.93,1.67,n,N21,VIIRS,N,0.39,0.36,2.0NRT
18.69219,73.03861,2026-09-03,2049,2026-09-03 20:49:00,308.87,291.31,2.04,n,N21,VIIRS,N,0.39,0.36,2.0NRT
17.60314,83.20052,2026-09-03,2049,2026-09-03 20:49:00,309.35,287.32,1.59,n,N21,VIIRS,N,0.5,0.66,2.0NRT
23.61539,86.79142,2026-09-03,2049,2026-09-03 20:49:00,302.16,282.7,1.86,n,N21,VIIRS,N,0.63,0.72,2.0NRT
25.94356,72.19094,2026-09-03,2049,2026-09-03 20:49:00,331.2,296.13,3.76,n,N21,VIIRS,N,0.4,0.37,2.0NRT
24.69003,73.00208,2026-09-03,2049,2026-09-03 20:49:00,312.72,293.86,1.68,n,N21,VIIRS,N,0.38,0.36,2.0NRT
23.80544,86.33025,2026-09-03,2049,2026-09-03 20:49:00,301.68,268.95,2.41,n,N21,VIIRS,N,0.58,0.7,2.0NRT
23.79371,86.35073,2026-09-03,2049,2026-09-03 20:49:00,297.17,265.22,1.06,n,N21,VIIRS,N,0.59,0.7,2.0NRT
23.78815,85.55396,2026-09-03,2049,2026-09-03 20:49:00,298.36,276.08,1.97,n,N21,VIIRS,N,0.52,0.67,2.0NRT
23.76123,86.40075,2026-09-03,2049,2026-09-03 20:49:00,303.17,271.55,2.55,n,N21,VIIRS,N,0.59,0.7,2.0NRT
23.74199,85.00803,2026-09-03,2049,2026-09-03 20:49:00,304.62,284.62,1.42,n,N21,VIIRS,N,0.49,0.65,2.0NRT
23.741,85.00602,2026-09-03,2049,2026-09-03 20:49:00,300.73,284.48,1.68,n,N21,VIIRS,N,0.49,0.65,2.0NRT
17.60904,83.20199,2026-09-03,2049,2026-09-03 20:49:00,309.25,287.21,3.25,n,N21,VIIRS,N,0.5,0.66,2.0NRT
23.61643,86.78899,2026-09-03,2049,2026-09-03 20:49:00,302.57,282.4,1.6,n,N21,VIIRS,N,0.63,0.72,2.0NRT
23.68988,87.121,2026-09-03,2049,2026-09-03 20:49:00,303.36,280.95,6.27,n,N21,VIIRS,N,0.66,0.73,2.0NRT
11.10315,77.76294,2026-09-03,2051,2026-09-03 20:51:00,306.76,289.5,0.94,n,N21,VIIRS,N,0.58,0.52,2.0NRT
9.73405,77.55091,2026-09-03,2051,2026-09-03 20:51:00,312.29,291.43,2.6,n,N21,VIIRS,N,0.59,0.53,2.0NRT
9.5471,77.52013,2026-09-03,2051,2026-09-03 20:51:00,308.51,288.67,2.79,n,N21,VIIRS,N,0.59,0.53,2.0NRT
11.18059,79.10029,2026-09-03,2051,2026-09-03 20:51:00,313.59,290.21,1.28,n,N21,VIIRS,N,0.35,0.57,2.0NRT
29.47375,76.85448,2026-09-03,2142,2026-09-03 21:42:00,316.52,287.5,3.16,n,N20,VIIRS,N,0.66,0.73,2.0NRT
29.47193,76.86103,2026-09-03,2142,2026-09-03 21:42:00,313.99,287.4,3.16,n,N20,VIIRS,N,0.66,0.73,2.0NRT
25.94423,72.19559,2026-09-03,2142,2026-09-03 21:42:00,310.82,292.21,1.92,n,N20,VIIRS,N,0.43,0.62,2.0NRT
25.94266,72.1937,2026-09-03,2142,2026-09-03 21:42:00,315.55,292.06,1.66,n,N20,VIIRS,N,0.43,0.62,2.0NRT
29.47733,76.8575,2026-09-03,2142,2026-09-03 21:42:00,334.66,288.13,5.4,n,N20,VIIRS,N,0.66,0.73,2.0NRT
29.90804,74.94972,2026-09-03,2142,2026-09-03 21:42:00,304.42,290.39,0.96,n,N20,VIIRS,N,0.5,0.66,2.0NRT
21.11042,72.64252,2026-09-03,2144,2026-09-03 21:44:00,302.58,286.94,1.64,n,N20,VIIRS,N,0.58,0.7,2.0NRT
23.49735,68.57843,2026-09-03,2144,2026-09-03 21:44:00,305.16,292.28,1.13,n,N20,VIIRS,N,0.57,0.52,2.0NRT
21.1702,72.67035,2026-09-03,2144,2026-09-03 21:44:00,302.88,287.41,2.07,n,N20,VIIRS,N,0.58,0.7,2.0NRT
21.16396,72.66865,2026-09-03,2144,2026-09-03 21:44:00,320.12,287.33,2.07,n,N20,VIIRS,N,0.58,0.7,2.0NRT
21.1091,72.64794,2026-09-03,2144,2026-09-03 21:44:00,303.32,287.57,1.64,n,N20,VIIRS,N,0.58,0.7,2.0NRT
21.10634,72.64722,2026-09-03,2144,2026-09-03 21:44:00,303.47,287.36,1.48,n,N20,VIIRS,N,0.58,0.7,2.0NRT
21.10505,72.65266,2026-09-03,2144,2026-09-03 21:44:00,303.05,287.14,1.48,n,N20,VIIRS,N,0.58,0.7,2.0NRT
20.36032,72.94863,2026-09-03,2144,2026-09-03 21:44:00,300.96,283.78,1.27,n,N20,VIIRS,N,0.63,0.72,2.0NRT
17.60935,82.68137,2026-09-04,714,2026-09-04 07:14:00,336.49,292.41,4.0,n,N20,VIIRS,D,0.32,0.55,2.0NRT
20.88834,84.98114,2026-09-04,716,2026-09-04 07:16:00,329.15,289.91,2.35,n,N20,VIIRS,D,0.4,0.44,2.0NRT
21.74705,83.8432,2026-09-04,716,2026-09-04 07:16:00,333.02,290.19,7.19,n,N20,VIIRS,D,0.45,0.47,2.0NRT
23.69273,87.12243,2026-09-04,716,2026-09-04 07:16:00,331.45,296.84,5.66,l,N20,VIIRS,D,0.43,0.38,2.0NRT
23.71243,86.45306,2026-09-04,716,2026-09-04 07:16:00,334.05,295.19,6.0,l,N20,VIIRS,D,0.46,0.39,2.0NRT
8.67037,77.99406,2026-09-04,758,2026-09-04 07:58:00,336.26,305.55,6.68,l,N21,VIIRS,D,0.44,0.39,2.0NRT
15.31594,75.73133,2026-09-04,758,2026-09-04 07:58:00,334.48,300.38,8.92,l,N21,VIIRS,D,0.47,0.4,2.0NRT
15.24046,76.69371,2026-09-04,758,2026-09-04 07:58:00,332.44,300.92,2.23,l,N21,VIIRS,D,0.43,0.38,2.0NRT
15.1836,76.64207,2026-09-04,758,2026-09-04 07:58:00,340.29,301.44,6.27,n,N21,VIIRS,D,0.43,0.38,2.0NRT
14.58262,78.69115,2026-09-04,758,2026-09-04 07:58:00,332.81,297.53,2.62,n,N21,VIIRS,D,0.39,0.36,2.0NRT
14.14273,76.50105,2026-09-04,758,2026-09-04 07:58:00,334.52,299.57,7.06,l,N21,VIIRS,D,0.45,0.39,2.0NRT
10.87023,79.84801,2026-09-04,758,2026-09-04 07:58:00,337.26,301.77,3.23,n,N21,VIIRS,D,0.39,0.36,2.0NRT
10.23521,79.19682,2026-09-04,758,2026-09-04 07:58:00,336.6,302.56,5.05,l,N21,VIIRS,D,0.39,0.37,2.0NRT
9.82879,78.55407,2026-09-04,758,2026-09-04 07:58:00,334.45,302.71,2.01,l,N21,VIIRS,D,0.41,0.37,2.0NRT
9.82854,77.56429,2026-09-04,758,2026-09-04 07:58:00,338.99,303.65,5.62,n,N21,VIIRS,D,0.45,0.39,2.0NRT
9.72387,78.35549,2026-09-04,758,2026-09-04 07:58:00,334.19,305.43,5.33,l,N21,VIIRS,D,0.42,0.38,2.0NRT
9.35835,78.81918,2026-09-04,758,2026-09-04 07:58:00,335.56,301.0,3.34,l,N21,VIIRS,D,0.41,0.37,2.0NRT
9.14391,78.26399,2026-09-04,758,2026-09-04 07:58:00,338.19,305.32,4.67,l,N21,VIIRS,D,0.43,0.38,2.0NRT
9.14291,78.26405,2026-09-04,758,2026-09-04 07:58:00,337.37,304.86,4.73,l,N21,VIIRS,D,0.43,0.38,2.0NRT
23.67067,86.93721,2026-09-04,801,2026-09-04 08:01:00,328.62,288.51,3.42,n,N21,VIIRS,D,0.37,0.58,2.0NRT
21.80368,83.89217,2026-09-04,801,2026-09-04 08:01:00,332.23,294.0,4.49,n,N21,VIIRS,D,0.45,0.47,2.0NRT
21.75494,83.84254,2026-09-04,801,2026-09-04 08:01:00,343.12,294.29,8.02,n,N21,VIIRS,D,0.44,0.46,2.0NRT
21.75491,83.84193,2026-09-04,801,2026-09-04 08:01:00,335.54,294.33,6.72,n,N21,VIIRS,D,0.44,0.46,2.0NRT
17.36039,81.81102,2026-09-04,801,2026-09-04 08:01:00,332.31,296.45,2.81,n,N21,VIIRS,D,0.45,0.39,2.0NRT
21.74218,83.84354,2026-09-04,801,2026-09-04 08:01:00,342.51,295.8,7.2,n,N21,VIIRS,D,0.44,0.46,2.0NRT
21.10447,72.64493,2026-09-04,801,2026-09-04 08:01:00,344.27,298.24,26.51,n,N21,VIIRS,D,0.57,0.43,2.0NRT
21.10295,72.63681,2026-09-04,801,2026-09-04 08:01:00,342.12,298.44,26.3,n,N21,VIIRS,D,0.38,0.43,2.0NRT
17.08758,79.68736,2026-09-04,801,2026-09-04 08:01:00,338.48,291.83,3.75,n,N21,VIIRS,D,0.39,0.36,2.0NRT
21.74643,83.84301,2026-09-04,801,2026-09-04 08:01:00,341.48,293.51,7.2,n,N21,VIIRS,D,0.44,0.46,2.0NRT
23.70967,86.44809,2026-09-04,803,2026-09-04 08:03:00,332.23,290.08,5.2,n,N21,VIIRS,D,0.34,0.56,2.0NRT
23.69337,87.12283,2026-09-04,803,2026-09-04 08:03:00,328.2,289.76,4.18,n,N21,VIIRS,D,0.38,0.59,2.0NRT
23.69087,87.12269,2026-09-04,803,2026-09-04 08:03:00,328.83,289.42,5.68,n,N21,VIIRS,D,0.38,0.59,2.0NRT
31.5513,74.73685,2026-09-04,805,2026-09-04 08:05:00,337.88,299.64,9.12,n,N21,VIIRS,D,0.38,0.36,2.0NRT
9.32813,77.77109,2026-09-04,852,2026-09-04 08:52:00,344.38,296.84,2.23,n,N20,VIIRS,D,0.42,0.61,2.0NRT
9.227,77.50995,2026-09-04,852,2026-09-04 08:52:00,333.23,295.71,5.08,n,N20,VIIRS,D,0.4,0.6,2.0NRT
8.84704,77.70026,2026-09-04,852,2026-09-04 08:52:00,350.85,299.87,10.59,n,N20,VIIRS,D,0.41,0.6,2.0NRT
8.84148,77.70094,2026-09-04,852,2026-09-04 08:52:00,352.84,300.24,8.48,n,N20,VIIRS,D,0.41,0.6,2.0NRT
8.83588,77.99625,2026-09-04,852,2026-09-04 08:52:00,330.84,295.53,2.09,n,N20,VIIRS,D,0.43,0.62,2.0NRT
8.73432,77.86235,2026-09-04,852,2026-09-04 08:52:00,336.58,294.95,1.87,n,N20,VIIRS,D,0.42,0.61,2.0NRT
8.53726,77.82267,2026-09-04,852,2026-09-04 08:52:00,367.0,296.22,5.15,h,N20,VIIRS,D,0.41,0.61,2.0NRT
8.53678,77.81892,2026-09-04,852,2026-09-04 08:52:00,339.01,295.86,5.15,n,N20,VIIRS,D,0.41,0.61,2.0NRT
9.84708,78.08351,2026-09-04,852,2026-09-04 08:52:00,330.17,295.5,2.27,n,N20,VIIRS,D,0.45,0.63,2.0NRT
8.42327,77.67912,2026-09-04,852,2026-09-04 08:52:00,342.48,292.17,3.6,n,N20,VIIRS,D,0.4,0.6,2.0NRT
13.90252,78.07291,2026-09-04,854,2026-09-04 08:54:00,330.71,292.87,2.74,n,N20,VIIRS,D,0.5,0.66,2.0NRT
22.92564,70.10651,2026-09-04,856,2026-09-04 08:56:00,330.89,303.22,6.03,l,N20,VIIRS,D,0.4,0.44,2.0NRT
29.90779,74.95393,2026-09-04,858,2026-09-04 08:58:00,334.59,293.52,3.63,n,N20,VIIRS,D,0.48,0.64,2.0NRT
25.80554,72.25489,2026-09-04,858,2026-09-04 08:58:00,332.06,299.27,2.74,n,N20,VIIRS,D,0.58,0.52,2.0NRT
23.32104,68.85722,2026-09-04,858,2026-09-04 08:58:00,336.7,299.01,9.54,n,N20,VIIRS,D,0.51,0.41,2.0NRT
25.80458,72.25359,2026-09-04,858,2026-09-04 08:58:00,333.21,299.16,3.59,n,N20,VIIRS,D,0.58,0.52,2.0NRT
20.96736,86.01295,2026-09-04,1945,2026-09-04 19:45:00,308.0,291.76,2.65,n,N20,VIIRS,N,0.49,0.4,2.0NRT
20.9686,85.17159,2026-09-04,1945,2026-09-04 19:45:00,315.88,291.21,2.3,n,N20,VIIRS,N,0.54,0.42,2.0NRT
20.96791,85.1768,2026-09-04,1945,2026-09-04 19:45:00,322.99,291.23,2.3,n,N20,VIIRS,N,0.54,0.42,2.0NRT
20.96678,85.15539,2026-09-04,1945,2026-09-04 19:45:00,305.04,290.62,1.76,n,N20,VIIRS,N,0.54,0.42,2.0NRT
20.97179,85.17737,2026-09-04,1945,2026-09-04 19:45:00,313.35,291.08,2.26,n,N20,VIIRS,N,0.54,0.42,2.0NRT
20.96592,86.0509,2026-09-04,1945,2026-09-04 19:45:00,311.63,291.46,2.15,n,N20,VIIRS,N,0.49,0.4,2.0NRT
20.9654,85.16582,2026-09-04,1945,2026-09-04 19:45:00,312.97,291.2,2.21,n,N20,VIIRS,N,0.54,0.42,2.0NRT
20.96471,85.17104,2026-09-04,1945,2026-09-04 19:45:00,316.58,291.65,2.3,n,N20,VIIRS,N,0.54,0.42,2.0NRT
20.97066,85.15594,2026-09-04,1945,2026-09-04 19:45:00,308.38,290.93,1.76,n,N20,VIIRS,N,0.54,0.42,2.0NRT
20.96609,85.16059,2026-09-04,1945,2026-09-04 19:45:00,309.4,290.98,2.21,n,N20,VIIRS,N,0.54,0.42,2.0NRT
20.97234,86.00415,2026-09-04,1945,2026-09-04 19:45:00,319.52,292.37,3.98,n,N20,VIIRS,N,0.49,0.4,2.0NRT
21.07859,85.03478,2026-09-04,1945,2026-09-04 19:45:00,308.23,292.05,1.72,n,N20,VIIRS,N,0.55,0.43,2.0NRT
20.97705,85.16749,2026-09-04,1945,2026-09-04 19:45:00,307.31,290.62,1.92,n,N20,VIIRS,N,0.54,0.42,2.0NRT
20.97789,85.16972,2026-09-04,1945,2026-09-04 19:45:00,317.03,290.96,2.91,n,N20,VIIRS,N,0.54,0.42,2.0NRT
21.00192,86.02525,2026-09-04,1945,2026-09-04 19:45:00,307.05,291.38,1.34,n,N20,VIIRS,N,0.49,0.4,2.0NRT
21.07399,85.03953,2026-09-04,1945,2026-09-04 19:45:00,310.03,291.36,1.72,n,N20,VIIRS,N,0.55,0.43,2.0NRT
21.07651,85.05077,2026-09-04,1945,2026-09-04 19:45:00,304.98,291.01,1.64,n,N20,VIIRS,N,0.55,0.43,2.0NRT
21.07721,85.04541,2026-09-04,1945,2026-09-04 19:45:00,308.77,291.34,1.64,n,N20,VIIRS,N,0.55,0.43,2.0NRT
21.0779,85.04008,2026-09-04,1945,2026-09-04 19:45:00,307.91,291.62,1.72,n,N20,VIIRS,N,0.55,0.43,2.0NRT
20.9643,86.00772,2026-09-04,1945,2026-09-04 19:45:00,330.58,291.99,3.71,n,N20,VIIRS,N,0.49,0.4,2.0NRT
21.19856,81.41629,2026-09-04,1945,2026-09-04 19:45:00,304.65,284.76,2.49,n,N20,VIIRS,N,0.62,0.54,2.0NRT
21.31351,81.58866,2026-09-04,1945,2026-09-04 19:45:00,300.4,286.7,2.88,n,N20,VIIRS,N,0.61,0.53,2.0NRT
20.97636,85.1727,2026-09-04,1945,2026-09-04 19:45:00,312.88,290.97,2.26,n,N20,VIIRS,N,0.54,0.42,2.0NRT
20.96403,85.17625,2026-09-04,1945,2026-09-04 19:45:00,307.09,291.54,2.3,n,N20,VIIRS,N,0.54,0.42,2.0NRT
20.88582,84.98159,2026-09-04,1945,2026-09-04 19:45:00,307.64,291.13,2.05,n,N20,VIIRS,N,0.55,0.43,2.0NRT
20.96266,85.18659,2026-09-04,1945,2026-09-04 19:45:00,326.48,291.44,5.54,n,N20,VIIRS,N,0.54,0.42,2.0NRT
20.52115,85.7233,2026-09-04,1945,2026-09-04 19:45:00,306.01,290.54,0.8,n,N20,VIIRS,N,0.5,0.41,2.0NRT
20.75939,85.29863,2026-09-04,1945,2026-09-04 19:45:00,308.31,290.16,1.49,n,N20,VIIRS,N,0.53,0.42,2.0NRT
20.76009,85.29348,2026-09-04,1945,2026-09-04 19:45:00,311.28,290.06,1.49,n,N20,VIIRS,N,0.53,0.42,2.0NRT
20.76198,85.29599,2026-09-04,1945,2026-09-04 19:45:00,315.32,290.69,3.06,n,N20,VIIRS,N,0.53,0.42,2.0NRT
20.78581,85.26316,2026-09-04,1945,2026-09-04 19:45:00,304.97,284.95,0.74,n,N20,VIIRS,N,0.53,0.42,2.0NRT
20.78966,85.26375,2026-09-04,1945,2026-09-04 19:45:00,300.47,283.23,0.48,n,N20,VIIRS,N,0.53,0.42,2.0NRT
20.79032,85.25867,2026-09-04,1945,2026-09-04 19:45:00,304.98,284.65,3.83,n,N20,VIIRS,N,0.53,0.42,2.0NRT
20.79482,85.25418,2026-09-04,1945,2026-09-04 19:45:00,336.09,288.01,3.83,n,N20,VIIRS,N,0.53,0.42,2.0NRT
20.79802,85.25985,2026-09-04,1945,2026-09-04 19:45:00,309.64,286.98,1.69,n,N20,VIIRS,N,0.53,0.42,2.0NRT
20.80639,85.25585,2026-09-04,1945,2026-09-04 19:45:00,312.76,285.5,1.39,n,N20,VIIRS,N,0.53,0.42,2.0NRT
20.81025,85.25641,2026-09-04,1945,2026-09-04 19:45:00,303.44,285.19,1.39,n,N20,VIIRS,N,0.53,0.42,2.0NRT
20.86416,84.99455,2026-09-04,1945,2026-09-04 19:45:00,306.71,291.36,2.92,n,N20,VIIRS,N,0.55,0.43,2.0NRT
20.86484,84.98934,2026-09-04,1945,2026-09-04 19:45:00,323.11,291.81,2.92,n,N20,VIIRS,N,0.55,0.43,2.0NRT
20.86552,84.9841,2026-09-04,1945,2026-09-04 19:45:00,305.95,290.19,0.94,n,N20,VIIRS,N,0.55,0.43,2.0NRT
20.872,84.9957,2026-09-04,1945,2026-09-04 19:45:00,305.34,290.71,1.46,n,N20,VIIRS,N,0.55,0.43,2.0NRT
21.48853,81.76635,2026-09-04,1945,2026-09-04 19:45:00,306.61,288.09,1.58,n,N20,VIIRS,N,0.59,0.53,2.0NRT
20.88974,84.98213,2026-09-04,1945,2026-09-04 19:45:00,306.9,290.82,1.59,n,N20,VIIRS,N,0.55,0.43,2.0NRT
20.94188,86.06137,2026-09-04,1945,2026-09-04 19:45:00,306.31,291.96,1.95,n,N20,VIIRS,N,0.49,0.4,2.0NRT
20.95116,86.04861,2026-09-04,1945,2026-09-04 19:45:00,332.74,292.2,5.36,n,N20,VIIRS,N,0.49,0.4,2.0NRT
20.95179,86.04398,2026-09-04,1945,2026-09-04 19:45:00,324.77,291.43,4.11,n,N20,VIIRS,N,0.49,0.4,2.0NRT
20.95728,85.01494,2026-09-04,1945,2026-09-04 19:45:00,305.05,290.78,2.65,n,N20,VIIRS,N,0.55,0.43,2.0NRT
20.96366,86.01239,2026-09-04,1945,2026-09-04 19:45:00,313.49,291.22,2.1,n,N20,VIIRS,N,0.49,0.4,2.0NRT
21.67433,82.0772,2026-09-04,1945,2026-09-04 19:45:00,305.67,288.67,1.64,n,N20,VIIRS,N,0.57,0.52,2.0NRT
22.79053,86.19944,2026-09-04,1945,2026-09-04 19:45:00,301.18,286.04,1.55,n,N20,VIIRS,N,0.5,0.41,2.0NRT
21.80177,85.56622,2026-09-04,1945,2026-09-04 19:45:00,303.26,290.29,0.77,n,N20,VIIRS,N,0.53,0.42,2.0NRT
23.63086,86.29086,2026-09-04,1945,2026-09-04 19:45:00,304.85,288.46,1.98,n,N20,VIIRS,N,0.51,0.41,2.0NRT
23.66457,87.15292,2026-09-04,1945,2026-09-04 19:45:00,306.12,285.22,1.98,n,N20,VIIRS,N,0.46,0.39,2.0NRT
23.66828,86.08938,2026-09-04,1945,2026-09-04 19:45:00,304.82,289.58,0.7,n,N20,VIIRS,N,0.52,0.42,2.0NRT
23.66861,86.09241,2026-09-04,1945,2026-09-04 19:45:00,304.6,289.39,1.1,n,N20,VIIRS,N,0.52,0.41,2.0NRT
23.6727,86.11592,2026-09-04,1945,2026-09-04 19:45:00,307.65,289.63,1.43,n,N20,VIIRS,N,0.52,0.41,2.0NRT
23.67355,86.11382,2026-09-04,1945,2026-09-04 19:45:00,306.79,289.38,1.2,n,N20,VIIRS,N,0.52,0.41,2.0NRT
23.67653,86.08544,2026-09-04,1945,2026-09-04 19:45:00,332.99,290.38,5.49,n,N20,VIIRS,N,0.52,0.42,2.0NRT
23.6769,86.08849,2026-09-04,1945,2026-09-04 19:45:00,329.24,289.77,3.8,n,N20,VIIRS,N,0.52,0.41,2.0NRT
23.67757,86.0834,2026-09-04,1945,2026-09-04 19:45:00,312.11,290.05,2.98,n,N20,VIIRS,N,0.52,0.42,2.0NRT
23.67913,86.39618,2026-09-04,1945,2026-09-04 19:45:00,305.87,285.63,2.46,n,N20,VIIRS,N,0.5,0.41,2.0NRT
23.6797,86.09111,2026-09-04,1945,2026-09-04 19:45:00,306.36,289.81,1.78,n,N20,VIIRS,N,0.52,0.42,2.0NRT
23.68287,86.09675,2026-09-04,1945,2026-09-04 19:45:00,314.7,289.87,2.29,n,N20,VIIRS,N,0.52,0.41,2.0NRT
23.6271,86.29028,2026-09-04,1945,2026-09-04 19:45:00,316.74,287.85,2.62,n,N20,VIIRS,N,0.51,0.41,2.0NRT
23.68351,86.09167,2026-09-04,1945,2026-09-04 19:45:00,308.79,289.58,1.78,n,N20,VIIRS,N,0.52,0.42,2.0NRT
23.68725,86.39246,2026-09-04,1945,2026-09-04 19:45:00,298.55,280.08,0.85,n,N20,VIIRS,N,0.5,0.41,2.0NRT
23.70133,86.07359,2026-09-04,1945,2026-09-04 19:45:00,325.08,289.49,3.04,n,N20,VIIRS,N,0.52,0.42,2.0NRT
21.76627,85.57944,2026-09-04,1945,2026-09-04 19:45:00,303.93,290.72,0.84,n,N20,VIIRS,N,0.53,0.42,2.0NRT
23.74095,85.01152,2026-09-04,1945,2026-09-04 19:45:00,301.76,286.04,1.02,n,N20,VIIRS,N,0.4,0.44,2.0NRT
23.75638,85.85539,2026-09-04,1945,2026-09-04 19:45:00,315.1,290.88,1.81,n,N20,VIIRS,N,0.54,0.42,2.0NRT
23.75705,85.85013,2026-09-04,1945,2026-09-04 19:45:00,306.07,289.81,1.55,n,N20,VIIRS,N,0.54,0.42,2.0NRT
23.76024,85.85598,2026-09-04,1945,2026-09-04 19:45:00,305.19,290.07,1.81,n,N20,VIIRS,N,0.54,0.42,2.0NRT
23.77746,85.9965,2026-09-04,1945,2026-09-04 19:45:00,303.75,288.25,0.87,n,N20,VIIRS,N,0.53,0.42,2.0NRT
23.79674,86.35042,2026-09-04,1945,2026-09-04 19:45:00,316.46,288.69,3.37,n,N20,VIIRS,N,0.51,0.41,2.0NRT
23.80306,86.33125,2026-09-04,1945,2026-09-04 19:45:00,321.78,288.12,5.45,n,N20,VIIRS,N,0.51,0.41,2.0NRT
23.82189,85.4938,2026-09-04,1945,2026-09-04 19:45:00,302.75,289.53,3.0,n,N20,VIIRS,N,0.56,0.43,2.0NRT
23.82713,84.57284,2026-09-04,1945,2026-09-04 19:45:00,305.57,288.62,1.64,n,N20,VIIRS,N,0.42,0.45,2.0NRT
23.61143,85.67391,2026-09-04,1945,2026-09-04 19:45:00,299.32,285.78,0.67,n,N20,VIIRS,N,0.55,0.42,2.0NRT
23.71379,86.45164,2026-09-04,1945,2026-09-04 19:45:00,302.36,281.46,1.5,n,N20,VIIRS,N,0.5,0.41,2.0NRT
22.79802,86.20056,2026-09-04,1945,2026-09-04 19:45:00,307.02,283.16,2.58,n,N20,VIIRS,N,0.5,0.41,2.0NRT
23.58349,86.72443,2026-09-04,1945,2026-09-04 19:45:00,310.74,289.96,3.5,n,N20,VIIRS,N,0.48,0.4,2.0NRT
21.80338,83.88976,2026-09-04,1945,2026-09-04 19:45:00,304.01,285.71,3.25,n,N20,VIIRS,N,0.44,0.46,2.0NRT
21.9245,85.22453,2026-09-04,1945,2026-09-04 19:45:00,309.84,290.6,2.47,n,N20,VIIRS,N,0.55,0.43,2.0NRT
21.98605,83.23032,2026-09-04,1945,2026-09-04 19:45:00,306.78,288.47,1.53,n,N20,VIIRS,N,0.49,0.48,2.0NRT
21.98718,82.01293,2026-09-04,1945,2026-09-04 19:45:00,302.84,287.69,1.66,n,N20,VIIRS,N,0.58,0.52,2.0NRT
22.00649,82.67026,2026-09-04,1945,2026-09-04 19:45:00,310.55,289.28,1.58,n,N20,VIIRS,N,0.53,0.5,2.0NRT
22.05358,85.46653,2026-09-04,1945,2026-09-04 19:45:00,303.4,289.87,0.57,n,N20,VIIRS,N,0.54,0.42,2.0NRT
22.20825,84.86081,2026-09-04,1945,2026-09-04 19:45:00,307.17,290.62,1.72,n,N20,VIIRS,N,0.39,0.44,2.0NRT
22.20911,84.5486,2026-09-04,1945,2026-09-04 19:45:00,304.1,290.19,1.0,n,N20,VIIRS,N,0.41,0.45,2.0NRT
22.21096,84.862,2026-09-04,1945,2026-09-04 19:45:00,323.3,290.84,2.77,n,N20,VIIRS,N,0.39,0.44,2.0NRT
22.21227,84.86139,2026-09-04,1945,2026-09-04 19:45:00,322.69,290.81,1.72,n,N20,VIIRS,N,0.39,0.44,2.0NRT
22.21387,84.83931,2026-09-04,1945,2026-09-04 19:45:00,303.66,290.17,0.71,n,N20,VIIRS,N,0.39,0.44,2.0NRT
22.22404,84.75963,2026-09-04,1945,2026-09-04 19:45:00,304.25,290.23,1.29,n,N20,VIIRS,N,0.39,0.44,2.0NRT
22.20486,84.84573,2026-09-04,1945,2026-09-04 19:45:00,311.23,290.26,1.05,n,N20,VIIRS,N,0.39,0.44,2.0NRT
22.22502,84.75196,2026-09-04,1945,2026-09-04 19:45:00,306.08,290.33,0.79,n,N20,VIIRS,N,0.39,0.44,2.0NRT
22.79195,86.19707,2026-09-04,1945,2026-09-04 19:45:00,302.5,283.82,1.52,n,N20,VIIRS,N,0.5,0.41,2.0NRT
22.79119,86.19455,2026-09-04,1945,2026-09-04 19:45:00,301.64,284.17,1.28,n,N20,VIIRS,N,0.5,0.41,2.0NRT
22.78679,86.19888,2026-09-04,1945,2026-09-04 19:45:00,302.33,285.6,1.55,n,N20,VIIRS,N,0.5,0.41,2.0NRT
22.35858,82.30212,2026-09-04,1945,2026-09-04 19:45:00,306.68,288.32,1.72,n,N20,VIIRS,N,0.56,0.52,2.0NRT
22.78821,86.19647,2026-09-04,1945,2026-09-04 19:45:00,300.73,284.59,1.52,n,N20,VIIRS,N,0.5,0.41,2.0NRT
22.32974,82.60709,2026-09-04,1945,2026-09-04 19:45:00,313.55,288.71,1.69,n,N20,VIIRS,N,0.54,0.51,2.0NRT
22.32217,82.59026,2026-09-04,1945,2026-09-04 19:45:00,309.99,288.49,1.83,n,N20,VIIRS,N,0.54,0.51,2.0NRT
22.3204,82.56351,2026-09-04,1945,2026-09-04 19:45:00,312.32,288.91,2.95,n,N20,VIIRS,N,0.54,0.51,2.0NRT
22.2256,84.75111,2026-09-04,1945,2026-09-04 19:45:00,306.1,290.53,0.84,n,N20,VIIRS,N,0.39,0.44,2.0NRT
22.7957,86.19765,2026-09-04,1945,2026-09-04 19:45:00,309.13,282.16,2.39,n,N20,VIIRS,N,0.5,0.41,2.0NRT
17.69568,83.24305,2026-09-04,1947,2026-09-04 19:47:00,303.24,283.8,1.39,n,N20,VIIRS,N,0.43,0.46,2.0NRT
16.87441,80.02161,2026-09-04,1947,2026-09-04 19:47:00,305.42,291.09,0.95,n,N20,VIIRS,N,0.34,0.56,2.0NRT
16.87649,80.11887,2026-09-04,1947,2026-09-04 19:47:00,306.51,291.59,0.89,n,N20,VIIRS,N,0.33,0.55,2.0NRT
17.14758,78.22211,2026-09-04,1947,2026-09-04 19:47:00,302.44,286.05,1.68,n,N20,VIIRS,N,0.45,0.63,2.0NRT
17.46647,80.65131,2026-09-04,1947,2026-09-04 19:47:00,304.12,289.24,0.92,n,N20,VIIRS,N,0.62,0.54,2.0NRT
17.60224,83.1994,2026-09-04,1947,2026-09-04 19:47:00,307.87,288.87,2.41,n,N20,VIIRS,N,0.43,0.46,2.0NRT
15.55391,79.64561,2026-09-04,1947,2026-09-04 19:47:00,367.0,290.49,4.15,h,N20,VIIRS,N,0.34,0.56,2.0NRT
19.09895,82.16625,2026-09-04,1947,2026-09-04 19:47:00,310.93,289.45,1.37,n,N20,VIIRS,N,0.52,0.5,2.0NRT
17.95983,80.79558,2026-09-04,1947,2026-09-04 19:47:00,304.9,289.34,1.29,n,N20,VIIRS,N,0.62,0.54,2.0NRT
19.09347,82.17397,2026-09-04,1947,2026-09-04 19:47:00,303.72,289.7,1.55,n,N20,VIIRS,N,0.52,0.5,2.0NRT
19.10354,82.16685,2026-09-04,1947,2026-09-04 19:47:00,305.84,290.14,1.37,n,N20,VIIRS,N,0.52,0.5,2.0NRT
19.09925,82.16467,2026-09-04,1947,2026-09-04 19:47:00,310.06,289.21,2.96,n,N20,VIIRS,N,0.52,0.5,2.0NRT
19.10384,82.16526,2026-09-04,1947,2026-09-04 19:47:00,302.63,289.75,1.53,n,N20,VIIRS,N,0.52,0.5,2.0NRT
15.55355,79.64883,2026-09-04,1947,2026-09-04 19:47:00,306.53,290.09,4.15,n,N20,VIIRS,N,0.34,0.56,2.0NRT
17.95862,80.79625,2026-09-04,1947,2026-09-04 19:47:00,305.51,289.73,2.32,n,N20,VIIRS,N,0.62,0.54,2.0NRT
15.55275,79.64386,2026-09-04,1947,2026-09-04 19:47:00,307.83,289.81,8.43,n,N20,VIIRS,N,0.34,0.56,2.0NRT
14.99631,76.8468,2026-09-04,1947,2026-09-04 19:47:00,303.2,289.58,0.57,n,N20,VIIRS,N,0.52,0.67,2.0NRT
15.54873,79.64497,2026-09-04,1947,2026-09-04 19:47:00,326.96,289.97,4.15,n,N20,VIIRS,N,0.34,0.56,2.0NRT
15.17644,76.67462,2026-09-04,1947,2026-09-04 19:47:00,307.18,289.89,1.85,n,N20,VIIRS,N,0.54,0.68,2.0NRT
15.17453,77.09926,2026-09-04,1947,2026-09-04 19:47:00,303.72,286.09,0.74,n,N20,VIIRS,N,0.5,0.66,2.0NRT
9.80491,77.56216,2026-09-04,1947,2026-09-04 19:47:00,312.16,289.0,0.97,n,N20,VIIRS,N,0.4,0.6,2.0NRT
15.55236,79.64706,2026-09-04,1947,2026-09-04 19:47:00,354.8,291.67,14.79,n,N20,VIIRS,N,0.34,0.56,2.0NRT
13.7129,79.61954,2026-09-04,1947,2026-09-04 19:47:00,305.32,289.35,1.35,n,N20,VIIRS,N,0.33,0.55,2.0NRT
10.12954,77.52656,2026-09-04,1947,2026-09-04 19:47:00,311.78,287.65,1.47,n,N20,VIIRS,N,0.4,0.6,2.0NRT
15.16905,76.37527,2026-09-04,1947,2026-09-04 19:47:00,300.28,287.84,1.53,n,N20,VIIRS,N,0.56,0.69,2.0NRT
15.17856,76.65443,2026-09-04,1947,2026-09-04 19:47:00,308.14,290.38,2.77,n,N20,VIIRS,N,0.54,0.68,2.0NRT
15.18269,76.67524,2026-09-04,1947,2026-09-04 19:47:00,311.05,290.06,1.85,n,N20,VIIRS,N,0.54,0.68,2.0NRT
15.18323,76.6702,2026-09-04,1947,2026-09-04 19:47:00,308.2,289.93,1.85,n,N20,VIIRS,N,0.54,0.68,2.0NRT
15.18375,76.66516,2026-09-04,1947,2026-09-04 19:47:00,317.98,290.41,4.16,n,N20,VIIRS,N,0.54,0.68,2.0NRT
15.52532,79.6533,2026-09-04,1947,2026-09-04 19:47:00,307.48,289.95,1.91,n,N20,VIIRS,N,0.34,0.56,2.0NRT
15.54836,79.64817,2026-09-04,1947,2026-09-04 19:47:00,316.16,290.33,4.15,n,N20,VIIRS,N,0.34,0.56,2.0NRT
15.13655,76.70815,2026-09-04,1947,2026-09-04 19:47:00,302.65,289.77,1.34,n,N20,VIIRS,N,0.53,0.67,2.0NRT
15.17254,76.37836,2026-09-04,1947,2026-09-04 19:47:00,300.32,287.79,2.1,n,N20,VIIRS,N,0.56,0.69,2.0NRT
11.17693,79.08677,2026-09-04,1949,2026-09-04 19:49:00,307.96,288.59,2.11,n,N20,VIIRS,N,0.33,0.55,2.0NRT
11.19646,79.05567,2026-09-04,1949,2026-09-04 19:49:00,300.86,286.76,1.55,n,N20,VIIRS,N,0.33,0.55,2.0NRT
22.57397,85.89982,2026-09-04,2027,2026-09-04 20:27:00,308.57,287.86,2.35,n,N21,VIIRS,N,0.59,0.53,2.0NRT
21.92094,83.35299,2026-09-04,2027,2026-09-04 20:27:00,315.44,291.29,3.35,n,N21,VIIRS,N,0.42,0.45,2.0NRT
23.67495,86.39895,2026-09-04,2027,2026-09-04 20:27:00,308.71,287.65,4.28,n,N21,VIIRS,N,0.6,0.53,2.0NRT
23.67599,86.39859,2026-09-04,2027,2026-09-04 20:27:00,310.18,287.67,4.63,n,N21,VIIRS,N,0.6,0.53,2.0NRT
23.67618,86.39325,2026-09-04,2027,2026-09-04 20:27:00,305.6,287.11,2.72,n,N21,VIIRS,N,0.6,0.53,2.0NRT
23.67716,86.08454,2026-09-04,2027,2026-09-04 20:27:00,309.76,288.39,4.16,n,N21,VIIRS,N,0.57,0.52,2.0NRT
23.67951,86.09674,2026-09-04,2027,2026-09-04 20:27:00,303.88,287.86,1.53,n,N21,VIIRS,N,0.57,0.52,2.0NRT
23.68097,86.39436,2026-09-04,2027,2026-09-04 20:27:00,309.86,287.7,5.51,n,N21,VIIRS,N,0.6,0.53,2.0NRT
23.68196,86.394,2026-09-04,2027,2026-09-04 20:27:00,312.96,287.64,4.13,n,N21,VIIRS,N,0.6,0.53,2.0NRT
23.69345,86.07731,2026-09-04,2027,2026-09-04 20:27:00,303.77,287.8,1.82,n,N21,VIIRS,N,0.57,0.52,2.0NRT
23.69927,86.07301,2026-09-04,2027,2026-09-04 20:27:00,309.74,287.87,1.64,n,N21,VIIRS,N,0.57,0.52,2.0NRT
23.73676,85.02216,2026-09-04,2027,2026-09-04 20:27:00,304.0,287.98,1.0,n,N21,VIIRS,N,0.49,0.49,2.0NRT
23.6655,86.09307,2026-09-04,2027,2026-09-04 20:27:00,304.43,287.67,0.9,n,N21,VIIRS,N,0.57,0.52,2.0NRT
23.75455,85.85443,2026-09-04,2027,2026-09-04 20:27:00,306.0,288.28,3.7,n,N21,VIIRS,N,0.55,0.51,2.0NRT
23.77521,86.20977,2026-09-04,2027,2026-09-04 20:27:00,308.47,288.27,2.95,n,N21,VIIRS,N,0.58,0.52,2.0NRT
23.77994,86.21085,2026-09-04,2027,2026-09-04 20:27:00,325.09,288.53,5.37,n,N21,VIIRS,N,0.58,0.52,2.0NRT
23.78857,85.55117,2026-09-04,2027,2026-09-04 20:27:00,312.54,288.26,3.06,n,N21,VIIRS,N,0.53,0.5,2.0NRT
23.80973,84.8444,2026-09-04,2027,2026-09-04 20:27:00,303.08,288.45,1.53,n,N21,VIIRS,N,0.48,0.48,2.0NRT
24.16057,82.56489,2026-09-04,2027,2026-09-04 20:27:00,323.92,283.64,3.75,n,N21,VIIRS,N,0.52,0.42,2.0NRT
21.87757,83.55456,2026-09-04,2027,2026-09-04 20:27:00,312.13,290.4,2.9,n,N21,VIIRS,N,0.43,0.46,2.0NRT
23.77284,86.19751,2026-09-04,2027,2026-09-04 20:27:00,309.02,288.02,4.45,n,N21,VIIRS,N,0.58,0.52,2.0NRT
23.649,85.43903,2026-09-04,2027,2026-09-04 20:27:00,313.66,288.68,3.21,n,N21,VIIRS,N,0.52,0.5,2.0NRT
22.57533,85.8947,2026-09-04,2027,2026-09-04 20:27:00,305.86,288.27,4.22,n,N21,VIIRS,N,0.59,0.53,2.0NRT
23.64511,85.43939,2026-09-04,2027,2026-09-04 20:27:00,307.89,288.51,2.4,n,N21,VIIRS,N,0.52,0.5,2.0NRT
21.92527,85.22544,2026-09-04,2027,2026-09-04 20:27:00,309.87,289.84,3.27,n,N21,VIIRS,N,0.55,0.51,2.0NRT
21.93093,85.22124,2026-09-04,2027,2026-09-04 20:27:00,303.45,289.3,1.05,n,N21,VIIRS,N,0.55,0.51,2.0NRT
21.98263,83.23072,2026-09-04,2027,2026-09-04 20:27:00,306.36,290.26,1.56,n,N21,VIIRS,N,0.41,0.45,2.0NRT
22.01428,83.75243,2026-09-04,2027,2026-09-04 20:27:00,298.04,286.23,2.24,n,N21,VIIRS,N,0.44,0.46,2.0NRT
22.0328,83.36366,2026-09-04,2027,2026-09-04 20:27:00,305.03,290.02,1.01,n,N21,VIIRS,N,0.42,0.45,2.0NRT
22.03358,83.35964,2026-09-04,2027,2026-09-04 20:27:00,304.65,290.11,1.01,n,N21,VIIRS,N,0.42,0.45,2.0NRT
22.03922,83.35251,2026-09-04,2027,2026-09-04 20:27:00,315.74,290.65,2.58,n,N21,VIIRS,N,0.42,0.45,2.0NRT
22.05206,85.46372,2026-09-04,2027,2026-09-04 20:27:00,302.45,288.64,1.51,n,N21,VIIRS,N,0.56,0.52,2.0NRT
22.13197,85.41842,2026-09-04,2027,2026-09-04 20:27:00,301.85,288.79,1.28,n,N21,VIIRS,N,0.56,0.51,2.0NRT
22.20184,84.84525,2026-09-04,2027,2026-09-04 20:27:00,302.87,289.34,0.7,n,N21,VIIRS,N,0.51,0.5,2.0NRT
21.92734,83.34194,2026-09-04,2027,2026-09-04 20:27:00,303.6,290.16,2.46,n,N21,VIIRS,N,0.42,0.45,2.0NRT
22.31225,82.53288,2026-09-04,2027,2026-09-04 20:27:00,305.0,289.74,2.46,n,N21,VIIRS,N,0.56,0.43,2.0NRT
22.57509,85.89431,2026-09-04,2027,2026-09-04 20:27:00,304.68,288.37,2.35,n,N21,VIIRS,N,0.59,0.53,2.0NRT
22.20785,84.86195,2026-09-04,2027,2026-09-04 20:27:00,304.89,289.96,1.54,n,N21,VIIRS,N,0.51,0.5,2.0NRT
22.35892,82.30322,2026-09-04,2027,2026-09-04 20:27:00,331.58,290.81,6.61,n,N21,VIIRS,N,0.54,0.42,2.0NRT
22.35509,82.3024,2026-09-04,2027,2026-09-04 20:27:00,316.81,290.45,2.63,n,N21,VIIRS,N,0.54,0.42,2.0NRT
21.92171,83.349,2026-09-04,2027,2026-09-04 20:27:00,322.13,291.46,3.42,n,N21,VIIRS,N,0.42,0.45,2.0NRT
22.32191,82.54604,2026-09-04,2027,2026-09-04 20:27:00,304.5,290.31,1.97,n,N21,VIIRS,N,0.56,0.43,2.0NRT
22.31894,82.56203,2026-09-04,2027,2026-09-04 20:27:00,312.8,290.8,1.84,n,N21,VIIRS,N,0.56,0.43,2.0NRT
22.31794,82.56736,2026-09-04,2027,2026-09-04 20:27:00,304.53,290.54,1.84,n,N21,VIIRS,N,0.56,0.43,2.0NRT
22.31613,82.53371,2026-09-04,2027,2026-09-04 20:27:00,305.5,290.1,1.92,n,N21,VIIRS,N,0.56,0.43,2.0NRT
22.3314,82.60392,2026-09-04,2027,2026-09-04 20:27:00,309.28,289.68,2.16,n,N21,VIIRS,N,0.56,0.43,2.0NRT
20.98007,85.13609,2026-09-04,2029,2026-09-04 20:29:00,307.52,289.85,4.86,n,N21,VIIRS,N,0.56,0.52,2.0NRT
20.97813,85.16908,2026-09-04,2029,2026-09-04 20:29:00,310.85,289.37,2.28,n,N21,VIIRS,N,0.57,0.52,2.0NRT
20.97812,85.13499,2026-09-04,2029,2026-09-04 20:29:00,313.58,290.18,3.61,n,N21,VIIRS,N,0.56,0.52,2.0NRT
20.97641,85.16805,2026-09-04,2029,2026-09-04 20:29:00,308.18,289.4,2.12,n,N21,VIIRS,N,0.57,0.52,2.0NRT
20.97535,85.17338,2026-09-04,2029,2026-09-04 20:29:00,310.2,289.27,2.12,n,N21,VIIRS,N,0.57,0.52,2.0NRT
20.97238,85.17323,2026-09-04,2029,2026-09-04 20:29:00,314.51,289.58,4.25,n,N21,VIIRS,N,0.57,0.52,2.0NRT
20.97069,85.1722,2026-09-04,2029,2026-09-04 20:29:00,333.21,289.91,3.09,n,N21,VIIRS,N,0.57,0.52,2.0NRT
20.97029,85.14977,2026-09-04,2029,2026-09-04 20:29:00,307.59,289.64,3.65,n,N21,VIIRS,N,0.57,0.52,2.0NRT
20.96963,85.17749,2026-09-04,2029,2026-09-04 20:29:00,311.51,289.05,2.58,n,N21,VIIRS,N,0.57,0.52,2.0NRT
20.96922,85.15513,2026-09-04,2029,2026-09-04 20:29:00,319.73,289.64,3.89,n,N21,VIIRS,N,0.57,0.52,2.0NRT
20.96836,86.00922,2026-09-04,2029,2026-09-04 20:29:00,306.03,289.77,2.99,n,N21,VIIRS,N,0.32,0.55,2.0NRT
20.96774,86.01222,2026-09-04,2029,2026-09-04 20:29:00,338.76,290.0,2.3,n,N21,VIIRS,N,0.32,0.55,2.0NRT
20.96747,85.14973,2026-09-04,2029,2026-09-04 20:29:00,315.34,289.71,2.82,n,N21,VIIRS,N,0.57,0.52,2.0NRT
20.9671,86.01527,2026-09-04,2029,2026-09-04 20:29:00,307.59,289.68,2.3,n,N21,VIIRS,N,0.32,0.55,2.0NRT
20.96636,85.15505,2026-09-04,2029,2026-09-04 20:29:00,307.32,289.58,2.82,n,N21,VIIRS,N,0.57,0.52,2.0NRT
20.96603,85.17105,2026-09-04,2029,2026-09-04 20:29:00,304.31,289.46,3.09,n,N21,VIIRS,N,0.57,0.52,2.0NRT
20.9651,86.04973,2026-09-04,2029,2026-09-04 20:29:00,307.44,289.03,0.81,n,N21,VIIRS,N,0.32,0.55,2.0NRT
21.00091,86.02672,2026-09-04,2029,2026-09-04 20:29:00,308.82,289.19,0.6,n,N21,VIIRS,N,0.32,0.55,2.0NRT
20.96552,85.1827,2026-09-04,2029,2026-09-04 20:29:00,306.53,289.2,3.3,n,N21,VIIRS,N,0.57,0.52,2.0NRT
20.96962,86.00316,2026-09-04,2029,2026-09-04 20:29:00,310.51,290.04,1.1,n,N21,VIIRS,N,0.32,0.55,2.0NRT
20.96772,85.17207,2026-09-04,2029,2026-09-04 20:29:00,333.32,290.06,4.25,n,N21,VIIRS,N,0.57,0.52,2.0NRT
21.75558,83.84492,2026-09-04,2029,2026-09-04 20:29:00,333.98,291.52,7.95,n,N21,VIIRS,N,0.45,0.47,2.0NRT
21.10486,72.64244,2026-09-04,2029,2026-09-04 20:29:00,309.95,291.22,5.9,n,N21,VIIRS,N,0.53,0.42,2.0NRT
22.41646,69.03892,2026-09-04,2029,2026-09-04 20:29:00,304.38,291.66,2.29,n,N21,VIIRS,N,0.62,0.54,2.0NRT
20.96497,85.17637,2026-09-04,2029,2026-09-04 20:29:00,304.65,289.37,2.58,n,N21,VIIRS,N,0.57,0.52,2.0NRT
22.26482,75.1333,2026-09-04,2029,2026-09-04 20:29:00,300.77,281.44,0.87,n,N21,VIIRS,N,0.42,0.38,2.0NRT
22.0062,82.6703,2026-09-04,2029,2026-09-04 20:29:00,306.37,290.25,1.43,n,N21,VIIRS,N,0.57,0.43,2.0NRT
22.00347,82.66862,2026-09-04,2029,2026-09-04 20:29:00,313.1,290.67,2.46,n,N21,VIIRS,N,0.57,0.43,2.0NRT
22.00226,82.66946,2026-09-04,2029,2026-09-04 20:29:00,307.87,290.92,1.59,n,N21,VIIRS,N,0.57,0.43,2.0NRT
21.98617,82.01387,2026-09-04,2029,2026-09-04 20:29:00,303.96,290.08,0.73,n,N21,VIIRS,N,0.53,0.42,2.0NRT
21.87629,83.49454,2026-09-04,2029,2026-09-04 20:29:00,311.43,290.43,2.1,n,N21,VIIRS,N,0.43,0.46,2.0NRT
21.77244,83.82623,2026-09-04,2029,2026-09-04 20:29:00,303.05,289.73,1.97,n,N21,VIIRS,N,0.45,0.47,2.0NRT
21.10421,72.64756,2026-09-04,2029,2026-09-04 20:29:00,332.4,293.92,8.22,n,N21,VIIRS,N,0.53,0.42,2.0NRT
21.76404,83.84689,2026-09-04,2029,2026-09-04 20:29:00,318.39,290.3,3.72,n,N21,VIIRS,N,0.45,0.47,2.0NRT
21.75642,83.84061,2026-09-04,2029,2026-09-04 20:29:00,305.63,290.07,4.64,n,N21,VIIRS,N,0.45,0.47,2.0NRT
21.75135,83.84393,2026-09-04,2029,2026-09-04 20:29:00,314.33,290.11,9.07,n,N21,VIIRS,N,0.45,0.47,2.0NRT
21.74713,83.84291,2026-09-04,2029,2026-09-04 20:29:00,342.75,292.71,9.07,n,N21,VIIRS,N,0.45,0.47,2.0NRT
21.7429,83.84189,2026-09-04,2029,2026-09-04 20:29:00,330.29,291.46,3.9,n,N21,VIIRS,N,0.45,0.47,2.0NRT
21.73868,83.84087,2026-09-04,2029,2026-09-04 20:29:00,309.6,290.71,3.9,n,N21,VIIRS,N,0.45,0.47,2.0NRT
21.43282,72.97475,2026-09-04,2029,2026-09-04 20:29:00,306.16,291.24,2.19,n,N21,VIIRS,N,0.52,0.41,2.0NRT
21.33749,78.96925,2026-09-04,2029,2026-09-04 20:29:00,311.0,283.93,2.07,n,N21,VIIRS,N,0.4,0.37,2.0NRT
21.18247,81.38527,2026-09-04,2029,2026-09-04 20:29:00,312.06,283.93,3.59,n,N21,VIIRS,N,0.5,0.41,2.0NRT
21.10807,72.64812,2026-09-04,2029,2026-09-04 20:29:00,317.42,292.51,3.67,n,N21,VIIRS,N,0.53,0.42,2.0NRT
21.76321,83.85123,2026-09-04,2029,2026-09-04 20:29:00,312.58,290.52,3.72,n,N21,VIIRS,N,0.45,0.47,2.0NRT
20.96473,86.00188,2026-09-04,2029,2026-09-04 20:29:00,308.9,289.39,1.1,n,N21,VIIRS,N,0.32,0.55,2.0NRT
20.79106,85.25298,2026-09-04,2029,2026-09-04 20:29:00,309.51,289.59,3.93,n,N21,VIIRS,N,0.58,0.52,2.0NRT
20.96416,85.16563,2026-09-04,2029,2026-09-04 20:29:00,316.66,290.01,4.38,n,N21,VIIRS,N,0.57,0.52,2.0NRT
20.75744,85.29634,2026-09-04,2029,2026-09-04 20:29:00,305.19,289.33,2.46,n,N21,VIIRS,N,0.58,0.52,2.0NRT
19.10266,82.16485,2026-09-04,2029,2026-09-04 20:29:00,304.91,290.69,0.94,n,N21,VIIRS,N,0.4,0.44,2.0NRT
19.10197,82.16858,2026-09-04,2029,2026-09-04 20:29:00,309.55,292.06,0.94,n,N21,VIIRS,N,0.4,0.44,2.0NRT
19.09797,82.16772,2026-09-04,2029,2026-09-04 20:29:00,314.56,290.6,2.11,n,N21,VIIRS,N,0.4,0.44,2.0NRT
19.08926,82.16974,2026-09-04,2029,2026-09-04 20:29:00,302.41,290.76,1.06,n,N21,VIIRS,N,0.4,0.44,2.0NRT
19.01937,72.89208,2026-09-04,2029,2026-09-04 20:29:00,330.53,293.33,5.81,n,N21,VIIRS,N,0.49,0.4,2.0NRT
18.72065,79.53902,2026-09-04,2029,2026-09-04 20:29:00,303.84,289.14,1.06,n,N21,VIIRS,N,0.44,0.39,2.0NRT
18.71714,79.53836,2026-09-04,2029,2026-09-04 20:29:00,307.76,290.53,1.06,n,N21,VIIRS,N,0.44,0.39,2.0NRT
18.71292,79.54187,2026-09-04,2029,2026-09-04 20:29:00,303.78,289.94,1.23,n,N21,VIIRS,N,0.44,0.39,2.0NRT
18.68379,73.03027,2026-09-04,2029,2026-09-04 20:29:00,312.5,292.99,2.49,n,N21,VIIRS,N,0.48,0.4,2.0NRT
18.67952,73.03425,2026-09-04,2029,2026-09-04 20:29:00,319.0,292.93,2.49,n,N21,VIIRS,N,0.48,0.4,2.0NRT
17.95817,80.79167,2026-09-04,2029,2026-09-04 20:29:00,306.13,288.86,2.33,n,N21,VIIRS,N,0.52,0.42,2.0NRT
17.95732,80.79652,2026-09-04,2029,2026-09-04 20:29:00,318.65,288.83,2.33,n,N21,VIIRS,N,0.52,0.42,2.0NRT
17.1409,77.18513,2026-09-04,2029,2026-09-04 20:29:00,310.67,292.26,0.92,n,N21,VIIRS,N,0.39,0.36,2.0NRT
17.13875,77.17729,2026-09-04,2029,2026-09-04 20:29:00,310.4,292.66,0.79,n,N21,VIIRS,N,0.39,0.36,2.0NRT
16.87203,80.02309,2026-09-04,2029,2026-09-04 20:29:00,307.03,294.41,1.33,n,N21,VIIRS,N,0.49,0.4,2.0NRT
16.69608,79.64787,2026-09-04,2029,2026-09-04 20:29:00,307.53,294.49,2.3,n,N21,VIIRS,N,0.47,0.4,2.0NRT
22.93105,69.69788,2026-09-04,2029,2026-09-04 20:29:00,309.78,292.98,4.33,n,N21,VIIRS,N,0.57,0.52,2.0NRT
20.7841,85.26288,2026-09-04,2029,2026-09-04 20:29:00,305.23,289.57,2.22,n,N21,VIIRS,N,0.58,0.52,2.0NRT
20.78993,85.25848,2026-09-04,2029,2026-09-04 20:29:00,306.07,289.63,3.93,n,N21,VIIRS,N,0.58,0.52,2.0NRT
20.79577,85.25407,2026-09-04,2029,2026-09-04 20:29:00,330.6,289.28,3.93,n,N21,VIIRS,N,0.58,0.52,2.0NRT
20.80516,85.25643,2026-09-04,2029,2026-09-04 20:29:00,312.49,289.8,3.49,n,N21,VIIRS,N,0.58,0.52,2.0NRT
20.9639,85.18172,2026-09-04,2029,2026-09-04 20:29:00,310.79,289.41,2.58,n,N21,VIIRS,N,0.57,0.52,2.0NRT
20.96346,86.00796,2026-09-04,2029,2026-09-04 20:29:00,327.6,289.61,2.99,n,N21,VIIRS,N,0.32,0.55,2.0NRT
20.96306,85.17092,2026-09-04,2029,2026-09-04 20:29:00,313.02,289.75,4.84,n,N21,VIIRS,N,0.57,0.52,2.0NRT
20.96283,86.01097,2026-09-04,2029,2026-09-04 20:29:00,320.67,289.55,2.3,n,N21,VIIRS,N,0.32,0.55,2.0NRT
20.96282,85.1871,2026-09-04,2029,2026-09-04 20:29:00,326.7,289.69,7.21,n,N21,VIIRS,N,0.57,0.52,2.0NRT
20.96244,85.16457,2026-09-04,2029,2026-09-04 20:29:00,311.63,289.83,2.34,n,N21,VIIRS,N,0.57,0.52,2.0NRT
20.9622,86.01398,2026-09-04,2029,2026-09-04 20:29:00,305.74,288.95,2.3,n,N21,VIIRS,N,0.32,0.55,2.0NRT
20.96137,85.16988,2026-09-04,2029,2026-09-04 20:29:00,313.46,289.65,2.34,n,N21,VIIRS,N,0.57,0.52,2.0NRT
20.96085,85.18159,2026-09-04,2029,2026-09-04 20:29:00,306.72,289.53,1.64,n,N21,VIIRS,N,0.57,0.52,2.0NRT
20.9644,85.1881,2026-09-04,2029,2026-09-04 20:29:00,323.33,289.61,3.3,n,N21,VIIRS,N,0.57,0.52,2.0NRT
20.95973,85.18695,2026-09-04,2029,2026-09-04 20:29:00,306.14,289.44,1.64,n,N21,VIIRS,N,0.57,0.52,2.0NRT
20.95094,86.04309,2026-09-04,2029,2026-09-04 20:29:00,315.02,289.18,2.49,n,N21,VIIRS,N,0.32,0.55,2.0NRT
20.95031,86.0461,2026-09-04,2029,2026-09-04 20:29:00,324.25,289.36,2.95,n,N21,VIIRS,N,0.32,0.55,2.0NRT
20.94966,86.04922,2026-09-04,2029,2026-09-04 20:29:00,320.98,289.44,2.95,n,N21,VIIRS,N,0.32,0.55,2.0NRT
20.91005,71.45995,2026-09-04,2029,2026-09-04 20:29:00,311.01,293.42,1.59,n,N21,VIIRS,N,0.42,0.45,2.0NRT
20.89007,84.97992,2026-09-04,2029,2026-09-04 20:29:00,305.71,289.61,1.65,n,N21,VIIRS,N,0.55,0.51,2.0NRT
20.88799,84.98059,2026-09-04,2029,2026-09-04 20:29:00,309.58,289.88,3.23,n,N21,VIIRS,N,0.55,0.51,2.0NRT
20.88442,84.98401,2026-09-04,2029,2026-09-04 20:29:00,312.42,290.17,2.55,n,N21,VIIRS,N,0.55,0.51,2.0NRT
20.86384,84.99004,2026-09-04,2029,2026-09-04 20:29:00,330.69,290.64,4.5,n,N21,VIIRS,N,0.55,0.51,2.0NRT
20.86278,84.99536,2026-09-04,2029,2026-09-04 20:29:00,311.65,289.97,4.5,n,N21,VIIRS,N,0.56,0.51,2.0NRT
20.95401,85.01299,2026-09-04,2029,2026-09-04 20:29:00,305.31,289.97,2.11,n,N21,VIIRS,N,0.55,0.51,2.0NRT
22.93502,69.69705,2026-09-04,2029,2026-09-04 20:29:00,306.21,292.3,4.7,n,N21,VIIRS,N,0.57,0.52,2.0NRT
20.96709,85.16577,2026-09-04,2029,2026-09-04 20:29:00,307.01,289.6,3.09,n,N21,VIIRS,N,0.57,0.52,2.0NRT
20.96663,85.17735,2026-09-04,2029,2026-09-04 20:29:00,310.74,289.47,4.25,n,N21,VIIRS,N,0.57,0.52,2.0NRT
15.30179,76.22112,2026-09-04,2032,2026-09-04 20:32:00,304.47,291.62,0.83,n,N21,VIIRS,N,0.39,0.36,2.0NRT
15.17443,76.70186,2026-09-04,2032,2026-09-04 20:32:00,308.74,293.76,1.07,n,N21,VIIRS,N,0.39,0.36,2.0NRT
15.17439,76.78685,2026-09-04,2032,2026-09-04 20:32:00,306.9,293.39,1.34,n,N21,VIIRS,N,0.39,0.36,2.0NRT
15.17277,76.69064,2026-09-04,2032,2026-09-04 20:32:00,311.73,293.65,1.65,n,N21,VIIRS,N,0.39,0.36,2.0NRT
15.1706,76.68289,2026-09-04,2032,2026-09-04 20:32:00,314.21,293.82,1.6,n,N21,VIIRS,N,0.39,0.36,2.0NRT
15.16957,76.66797,2026-09-04,2032,2026-09-04 20:32:00,307.85,294.26,1.3,n,N21,VIIRS,N,0.39,0.36,2.0NRT
15.16934,76.71221,2026-09-04,2032,2026-09-04 20:32:00,305.43,293.92,0.72,n,N21,VIIRS,N,0.39,0.36,2.0NRT
15.169,76.67155,2026-09-04,2032,2026-09-04 20:32:00,316.31,294.31,2.09,n,N21,VIIRS,N,0.39,0.36,2.0NRT
15.16758,76.38126,2026-09-04,2032,2026-09-04 20:32:00,311.8,292.91,1.68,n,N21,VIIRS,N,0.39,0.36,2.0NRT
15.13563,76.71016,2026-09-04,2032,2026-09-04 20:32:00,307.55,293.71,0.75,n,N21,VIIRS,N,0.39,0.36,2.0NRT
15.02215,78.01551,2026-09-04,2032,2026-09-04 20:32:00,316.91,295.53,5.41,n,N21,VIIRS,N,0.42,0.38,2.0NRT
13.8985,76.56481,2026-09-04,2032,2026-09-04 20:32:00,311.93,292.49,1.16,n,N21,VIIRS,N,0.39,0.36,2.0NRT
13.71096,79.62003,2026-09-04,2032,2026-09-04 20:32:00,306.03,292.14,3.33,n,N21,VIIRS,N,0.52,0.41,2.0NRT
12.71426,76.89852,2026-09-04,2032,2026-09-04 20:32:00,307.39,290.9,0.68,n,N21,VIIRS,N,0.4,0.37,2.0NRT
12.02063,76.65154,2026-09-04,2032,2026-09-04 20:32:00,304.14,288.89,0.8,n,N21,VIIRS,N,0.4,0.37,2.0NRT
12.01868,76.65131,2026-09-04,2032,2026-09-04 20:32:00,303.06,288.79,0.73,n,N21,VIIRS,N,0.4,0.37,2.0NRT
11.81028,77.91938,2026-09-04,2032,2026-09-04 20:32:00,314.3,292.58,3.31,n,N21,VIIRS,N,0.45,0.39,2.0NRT
11.81003,77.92034,2026-09-04,2032,2026-09-04 20:32:00,318.11,292.86,3.41,n,N21,VIIRS,N,0.45,0.39,2.0NRT
11.80959,77.92345,2026-09-04,2032,2026-09-04 20:32:00,311.3,293.37,3.31,n,N21,VIIRS,N,0.45,0.39,2.0NRT
15.1746,76.65777,2026-09-04,2032,2026-09-04 20:32:00,340.33,295.67,4.05,n,N21,VIIRS,N,0.39,0.36,2.0NRT
11.80936,77.92444,2026-09-04,2032,2026-09-04 20:32:00,308.01,293.29,3.41,n,N21,VIIRS,N,0.45,0.39,2.0NRT
15.17505,76.67628,2026-09-04,2032,2026-09-04 20:32:00,312.61,294.55,1.42,n,N21,VIIRS,N,0.39,0.36,2.0NRT
15.17517,76.65417,2026-09-04,2032,2026-09-04 20:32:00,324.8,295.4,2.87,n,N21,VIIRS,N,0.39,0.36,2.0NRT
16.20395,75.20745,2026-09-04,2032,2026-09-04 20:32:00,303.66,291.49,0.53,n,N21,VIIRS,N,0.39,0.36,2.0NRT
15.68357,78.45914,2026-09-04,2032,2026-09-04 20:32:00,308.44,293.71,1.57,n,N21,VIIRS,N,0.43,0.38,2.0NRT
15.65936,73.9884,2026-09-04,2032,2026-09-04 20:32:00,303.32,287.15,0.83,n,N21,VIIRS,N,0.41,0.37,2.0NRT
15.55637,79.6452,2026-09-04,2032,2026-09-04 20:32:00,308.28,292.8,4.46,n,N21,VIIRS,N,0.49,0.4,2.0NRT
15.55518,79.64732,2026-09-04,2032,2026-09-04 20:32:00,324.0,292.99,5.92,n,N21,VIIRS,N,0.49,0.4,2.0NRT
15.55193,79.64904,2026-09-04,2032,2026-09-04 20:32:00,329.25,293.18,4.3,n,N21,VIIRS,N,0.49,0.4,2.0NRT
15.55151,79.64663,2026-09-04,2032,2026-09-04 20:32:00,330.27,292.94,5.92,n,N21,VIIRS,N,0.49,0.4,2.0NRT
15.54826,79.64835,2026-09-04,2032,2026-09-04 20:32:00,317.21,292.93,4.3,n,N21,VIIRS,N,0.49,0.4,2.0NRT
15.3368,76.27806,2026-09-04,2032,2026-09-04 20:32:00,306.0,292.57,1.04,n,N21,VIIRS,N,0.39,0.36,2.0NRT
15.33238,76.28462,2026-09-04,2032,2026-09-04 20:32:00,309.57,291.48,0.7,n,N21,VIIRS,N,0.39,0.36,2.0NRT
15.19841,76.37912,2026-09-04,2032,2026-09-04 20:32:00,301.76,291.46,1.3,n,N21,VIIRS,N,0.39,0.36,2.0NRT
15.18489,76.31473,2026-09-04,2032,2026-09-04 20:32:00,308.09,292.65,0.86,n,N21,VIIRS,N,0.39,0.36,2.0NRT
15.18366,76.64443,2026-09-04,2032,2026-09-04 20:32:00,305.75,293.98,1.25,n,N21,VIIRS,N,0.39,0.36,2.0NRT
15.18351,76.66653,2026-09-04,2032,2026-09-04 20:32:00,341.14,294.26,7.62,n,N21,VIIRS,N,0.39,0.36,2.0NRT
15.18178,76.67729,2026-09-04,2032,2026-09-04 20:32:00,306.3,294.38,1.38,n,N21,VIIRS,N,0.39,0.36,2.0NRT
15.17848,76.65473,2026-09-04,2032,2026-09-04 20:32:00,333.16,295.13,2.87,n,N21,VIIRS,N,0.39,0.36,2.0NRT
15.17847,76.67673,2026-09-04,2032,2026-09-04 20:32:00,308.26,294.39,1.38,n,N21,VIIRS,N,0.39,0.36,2.0NRT
15.17791,77.10437,2026-09-04,2032,2026-09-04 20:32:00,309.33,293.66,1.18,n,N21,VIIRS,N,0.4,0.37,2.0NRT
15.17791,76.65833,2026-09-04,2032,2026-09-04 20:32:00,313.8,294.63,4.05,n,N21,VIIRS,N,0.39,0.36,2.0NRT
15.17516,77.10014,2026-09-04,2032,2026-09-04 20:32:00,308.97,293.79,1.19,n,N21,VIIRS,N,0.4,0.37,2.0NRT
11.5186,77.70729,2026-09-04,2032,2026-09-04 20:32:00,303.15,284.04,1.48,n,N21,VIIRS,N,0.44,0.38,2.0NRT
15.17088,76.38181,2026-09-04,2032,2026-09-04 20:32:00,306.5,292.88,1.14,n,N21,VIIRS,N,0.39,0.36,2.0NRT
11.2685,80.00368,2026-09-04,2032,2026-09-04 20:32:00,331.73,291.25,4.56,n,N21,VIIRS,N,0.39,0.44,2.0NRT
10.92628,78.4984,2026-09-04,2032,2026-09-04 20:32:00,314.41,291.57,4.48,n,N21,VIIRS,N,0.49,0.4,2.0NRT
10.61504,77.50061,2026-09-04,2032,2026-09-04 20:32:00,309.05,292.05,1.42,n,N21,VIIRS,N,0.44,0.39,2.0NRT
9.97884,76.37681,2026-09-04,2032,2026-09-04 20:32:00,302.32,286.96,1.63,n,N21,VIIRS,N,0.41,0.37,2.0NRT
9.80522,77.56261,2026-09-04,2032,2026-09-04 20:32:00,315.54,292.58,2.07,n,N21,VIIRS,N,0.45,0.39,2.0NRT
11.51788,77.70787,2026-09-04,2032,2026-09-04 20:32:00,308.15,283.35,1.62,n,N21,VIIRS,N,0.44,0.39,2.0NRT
31.25797,76.92616,2026-09-04,2123,2026-09-04 21:23:00,299.97,287.19,1.0,n,N20,VIIRS,N,0.32,0.55,2.0NRT
31.25863,76.92339,2026-09-04,2123,2026-09-04 21:23:00,299.65,286.47,0.74,n,N20,VIIRS,N,0.32,0.55,2.0NRT
15.07322,76.86325,2026-09-04,2125,2026-09-04 21:25:00,302.44,288.4,1.44,n,N20,VIIRS,N,0.72,0.76,2.0NRT
23.31587,70.48626,2026-09-04,2125,2026-09-04 21:25:00,307.31,293.87,0.85,n,N20,VIIRS,N,0.39,0.44,2.0NRT
15.07344,76.86353,2026-09-04,2125,2026-09-04 21:25:00,302.69,288.8,1.65,n,N20,VIIRS,N,0.72,0.76,2.0NRT
15.13675,76.70895,2026-09-04,2125,2026-09-04 21:25:00,301.39,287.8,1.44,n,N20,VIIRS,N,0.7,0.75,2.0NRT
15.17627,76.65868,2026-09-04,2125,2026-09-04 21:25:00,301.35,287.48,2.5,n,N20,VIIRS,N,0.7,0.75,2.0NRT
15.17767,76.65236,2026-09-04,2125,2026-09-04 21:25:00,304.58,287.09,2.23,n,N20,VIIRS,N,0.7,0.75,2.0NRT
15.17813,77.10228,2026-09-04,2125,2026-09-04 21:25:00,303.75,287.15,2.86,n,N20,VIIRS,N,0.74,0.76,2.0NRT
15.17927,76.65517,2026-09-04,2125,2026-09-04 21:25:00,309.6,287.34,4.31,n,N20,VIIRS,N,0.69,0.75,2.0NRT
15.18306,76.66953,2026-09-04,2125,2026-09-04 21:25:00,303.1,287.56,3.27,n,N20,VIIRS,N,0.7,0.75,2.0NRT
18.68169,73.03407,2026-09-04,2125,2026-09-04 21:25:00,301.62,290.29,1.48,n,N20,VIIRS,N,0.34,0.56,2.0NRT
15.18014,76.6731,2026-09-04,2125,2026-09-04 21:25:00,303.04,287.38,3.38,n,N20,VIIRS,N,0.7,0.75,2.0NRT
18.68741,73.03207,2026-09-04,2125,2026-09-04 21:25:00,306.38,290.44,2.08,n,N20,VIIRS,N,0.34,0.56,2.0NRT
23.30543,70.47614,2026-09-04,2125,2026-09-04 21:25:00,304.73,293.76,0.81,n,N20,VIIRS,N,0.39,0.44,2.0NRT
23.12136,70.08435,2026-09-04,2125,2026-09-04 21:25:00,318.21,293.79,2.74,n,N20,VIIRS,N,0.56,0.43,2.0NRT
23.12135,70.08555,2026-09-04,2125,2026-09-04 21:25:00,317.95,293.71,3.21,n,N20,VIIRS,N,0.56,0.43,2.0NRT
18.6861,73.0384,2026-09-04,2125,2026-09-04 21:25:00,301.8,290.11,0.96,n,N20,VIIRS,N,0.34,0.56,2.0NRT
22.93045,70.10779,2026-09-04,2125,2026-09-04 21:25:00,305.4,293.7,3.36,n,N20,VIIRS,N,0.56,0.43,2.0NRT
22.93466,69.69984,2026-09-04,2125,2026-09-04 21:25:00,313.25,294.09,3.11,n,N20,VIIRS,N,0.54,0.42,2.0NRT
19.02249,72.89153,2026-09-04,2125,2026-09-04 21:25:00,334.0,290.05,3.86,n,N20,VIIRS,N,0.33,0.55,2.0NRT
19.02186,72.89457,2026-09-04,2125,2026-09-04 21:25:00,332.93,290.4,4.03,n,N20,VIIRS,N,0.33,0.55,2.0NRT
18.69118,73.03957,2026-09-04,2125,2026-09-04 21:25:00,303.11,289.73,0.96,n,N20,VIIRS,N,0.34,0.56,2.0NRT
20.91111,71.4613,2026-09-04,2125,2026-09-04 21:25:00,304.79,291.61,1.05,n,N20,VIIRS,N,0.49,0.49,2.0NRT
20.96386,86.00793,2026-09-05,657,2026-09-05 06:57:00,349.45,292.29,4.4,n,N20,VIIRS,D,0.34,0.56,2.0NRT
20.75933,85.29932,2026-09-05,657,2026-09-05 06:57:00,331.12,293.52,4.79,n,N20,VIIRS,D,0.38,0.59,2.0NRT
20.86409,84.99059,2026-09-05,657,2026-09-05 06:57:00,331.74,292.61,4.32,n,N20,VIIRS,D,0.4,0.6,2.0NRT
20.96189,86.00809,2026-09-05,657,2026-09-05 06:57:00,343.96,292.03,5.75,n,N20,VIIRS,D,0.34,0.56,2.0NRT
23.69259,87.12342,2026-09-05,659,2026-09-05 06:59:00,328.11,292.48,5.48,n,N20,VIIRS,D,0.51,0.49,2.0NRT
23.6451,85.44025,2026-09-05,659,2026-09-05 06:59:00,336.59,292.04,3.74,n,N20,VIIRS,D,0.33,0.55,2.0NRT
8.62842,77.79488,2026-09-05,737,2026-09-05 07:37:00,343.54,300.2,9.66,n,N21,VIIRS,D,0.59,0.53,2.0NRT
8.62455,77.91331,2026-09-05,737,2026-09-05 07:37:00,335.09,296.57,6.53,n,N21,VIIRS,D,0.58,0.52,2.0NRT
9.39205,78.88804,2026-09-05,737,2026-09-05 07:37:00,340.54,298.99,4.69,n,N21,VIIRS,D,0.48,0.48,2.0NRT
9.39592,78.88686,2026-09-05,737,2026-09-05 07:37:00,336.72,298.79,4.61,n,N21,VIIRS,D,0.48,0.48,2.0NRT
9.39643,78.8873,2026-09-05,737,2026-09-05 07:37:00,333.15,298.66,4.69,n,N21,VIIRS,D,0.48,0.48,2.0NRT
10.09445,77.89512,2026-09-05,737,2026-09-05 07:37:00,342.08,301.1,13.48,n,N21,VIIRS,D,0.55,0.51,2.0NRT
10.09586,77.89691,2026-09-05,737,2026-09-05 07:37:00,340.86,299.51,9.09,n,N21,VIIRS,D,0.55,0.51,2.0NRT
10.27044,77.25731,2026-09-05,737,2026-09-05 07:37:00,330.63,297.08,7.7,n,N21,VIIRS,D,0.6,0.53,2.0NRT
10.40149,79.27921,2026-09-05,737,2026-09-05 07:37:00,331.57,297.24,7.13,n,N21,VIIRS,D,0.44,0.46,2.0NRT
10.43229,79.63264,2026-09-05,737,2026-09-05 07:37:00,342.49,298.67,4.35,n,N21,VIIRS,D,0.41,0.45,2.0NRT
10.43859,77.31449,2026-09-05,737,2026-09-05 07:37:00,339.76,301.16,12.02,n,N21,VIIRS,D,0.59,0.53,2.0NRT
10.68266,77.4065,2026-09-05,737,2026-09-05 07:37:00,338.57,303.34,11.41,n,N21,VIIRS,D,0.58,0.52,2.0NRT
10.71123,79.4289,2026-09-05,737,2026-09-05 07:37:00,341.69,300.29,6.18,n,N21,VIIRS,D,0.42,0.45,2.0NRT
10.87756,79.31715,2026-09-05,737,2026-09-05 07:37:00,332.91,298.71,4.55,n,N21,VIIRS,D,0.43,0.46,2.0NRT
10.98393,78.21921,2026-09-05,737,2026-09-05 07:37:00,337.97,300.17,7.0,n,N21,VIIRS,D,0.5,0.49,2.0NRT
11.00214,77.12466,2026-09-05,737,2026-09-05 07:37:00,339.89,303.19,13.48,n,N21,VIIRS,D,0.6,0.53,2.0NRT
9.39154,78.88762,2026-09-05,737,2026-09-05 07:37:00,338.73,299.34,4.61,n,N21,VIIRS,D,0.48,0.48,2.0NRT
9.3084,78.79866,2026-09-05,737,2026-09-05 07:37:00,339.66,297.82,3.98,n,N21,VIIRS,D,0.49,0.49,2.0NRT
8.74177,77.40366,2026-09-05,737,2026-09-05 07:37:00,340.22,301.53,10.53,n,N21,VIIRS,D,0.62,0.54,2.0NRT
9.33327,77.42467,2026-09-05,737,2026-09-05 07:37:00,339.48,296.24,4.67,n,N21,VIIRS,D,0.61,0.53,2.0NRT
8.74992,77.84068,2026-09-05,737,2026-09-05 07:37:00,335.67,298.97,15.53,n,N21,VIIRS,D,0.58,0.52,2.0NRT
8.84348,78.11538,2026-09-05,737,2026-09-05 07:37:00,332.2,298.73,3.27,n,N21,VIIRS,D,0.55,0.51,2.0NRT
8.84688,77.52462,2026-09-05,737,2026-09-05 07:37:00,344.05,303.55,11.27,n,N21,VIIRS,D,0.61,0.53,2.0NRT
8.87289,77.61432,2026-09-05,737,2026-09-05 07:37:00,343.61,301.85,7.78,n,N21,VIIRS,D,0.6,0.53,2.0NRT
14.8944,79.23558,2026-09-05,739,2026-09-05 07:39:00,337.63,304.76,13.38,n,N21,VIIRS,D,0.56,0.43,2.0NRT
15.16326,78.87621,2026-09-05,739,2026-09-05 07:39:00,344.53,306.18,8.69,n,N21,VIIRS,D,0.39,0.44,2.0NRT
15.05152,77.10382,2026-09-05,739,2026-09-05 07:39:00,339.01,300.38,6.89,n,N21,VIIRS,D,0.51,0.49,2.0NRT
15.05385,77.10737,2026-09-05,739,2026-09-05 07:39:00,337.91,301.86,8.26,n,N21,VIIRS,D,0.51,0.49,2.0NRT
15.08309,77.31823,2026-09-05,739,2026-09-05 07:39:00,342.25,300.72,6.51,n,N21,VIIRS,D,0.49,0.49,2.0NRT
15.08391,77.32272,2026-09-05,739,2026-09-05 07:39:00,339.45,301.4,11.74,n,N21,VIIRS,D,0.49,0.49,2.0NRT
15.14559,77.5779,2026-09-05,739,2026-09-05 07:39:00,336.17,301.03,5.52,n,N21,VIIRS,D,0.47,0.48,2.0NRT
15.16157,78.87546,2026-09-05,739,2026-09-05 07:39:00,343.2,304.9,6.56,n,N21,VIIRS,D,0.39,0.44,2.0NRT
15.18071,79.9314,2026-09-05,739,2026-09-05 07:39:00,331.23,298.08,8.37,n,N21,VIIRS,D,0.51,0.41,2.0NRT
16.87762,79.99414,2026-09-05,739,2026-09-05 07:39:00,331.98,301.59,4.26,l,N21,VIIRS,D,0.48,0.4,2.0NRT
15.97591,78.40904,2026-09-05,739,2026-09-05 07:39:00,341.13,300.09,2.35,n,N21,VIIRS,D,0.4,0.44,2.0NRT
16.18167,75.15438,2026-09-05,739,2026-09-05 07:39:00,346.32,297.58,3.88,n,N21,VIIRS,D,0.33,0.55,2.0NRT
16.46725,79.59427,2026-09-05,739,2026-09-05 07:39:00,331.45,303.99,4.62,l,N21,VIIRS,D,0.51,0.41,2.0NRT
16.518,78.36384,2026-09-05,739,2026-09-05 07:39:00,339.6,297.35,6.01,n,N21,VIIRS,D,0.4,0.44,2.0NRT
17.04735,81.88509,2026-09-05,739,2026-09-05 07:39:00,333.51,297.78,3.4,n,N21,VIIRS,D,0.4,0.37,2.0NRT
17.60797,83.20338,2026-09-05,739,2026-09-05 07:39:00,331.3,300.58,4.54,n,N21,VIIRS,D,0.38,0.36,2.0NRT
17.61126,83.20282,2026-09-05,739,2026-09-05 07:39:00,330.46,300.55,3.1,l,N21,VIIRS,D,0.38,0.36,2.0NRT
19.09286,82.17107,2026-09-05,739,2026-09-05 07:39:00,333.96,298.66,4.83,n,N21,VIIRS,D,0.39,0.36,2.0NRT
14.89373,79.23341,2026-09-05,739,2026-09-05 07:39:00,344.92,306.78,11.33,n,N21,VIIRS,D,0.56,0.43,2.0NRT
15.18146,76.66666,2026-09-05,739,2026-09-05 07:39:00,332.37,300.59,8.52,n,N21,VIIRS,D,0.54,0.51,2.0NRT
14.88983,79.23417,2026-09-05,739,2026-09-05 07:39:00,337.37,302.61,5.26,n,N21,VIIRS,D,0.56,0.43,2.0NRT
14.29248,79.05112,2026-09-05,739,2026-09-05 07:39:00,339.86,299.56,5.16,n,N21,VIIRS,D,0.39,0.44,2.0NRT
14.74564,79.71235,2026-09-05,739,2026-09-05 07:39:00,336.25,305.58,10.25,n,N21,VIIRS,D,0.53,0.42,2.0NRT
14.7626,79.65701,2026-09-05,739,2026-09-05 07:39:00,337.34,305.71,8.58,n,N21,VIIRS,D,0.53,0.42,2.0NRT
11.48418,77.27011,2026-09-05,739,2026-09-05 07:39:00,333.99,300.69,3.57,n,N21,VIIRS,D,0.57,0.52,2.0NRT
12.15397,78.16905,2026-09-05,739,2026-09-05 07:39:00,336.62,302.19,4.39,n,N21,VIIRS,D,0.48,0.48,2.0NRT
12.8087,79.956,2026-09-05,739,2026-09-05 07:39:00,331.25,300.28,3.42,n,N21,VIIRS,D,0.55,0.43,2.0NRT
12.98483,74.85038,2026-09-05,739,2026-09-05 07:39:00,331.47,293.42,3.31,n,N21,VIIRS,D,0.39,0.59,2.0NRT
13.40306,77.79495,2026-09-05,739,2026-09-05 07:39:00,331.54,303.21,4.98,l,N21,VIIRS,D,0.49,0.48,2.0NRT
13.98039,77.90034,2026-09-05,739,2026-09-05 07:39:00,333.52,297.82,4.5,n,N21,VIIRS,D,0.47,0.48,2.0NRT
13.99219,78.44974,2026-09-05,739,2026-09-05 07:39:00,339.86,301.76,5.69,n,N21,VIIRS,D,0.43,0.46,2.0NRT
14.29637,79.04987,2026-09-05,739,2026-09-05 07:39:00,339.91,299.87,5.16,n,N21,VIIRS,D,0.39,0.44,2.0NRT
14.29697,79.05332,2026-09-05,739,2026-09-05 07:39:00,351.13,300.03,10.83,n,N21,VIIRS,D,0.39,0.44,2.0NRT
13.83938,78.43033,2026-09-05,739,2026-09-05 07:39:00,333.73,304.36,6.4,l,N21,VIIRS,D,0.44,0.46,2.0NRT
14.42101,78.31239,2026-09-05,739,2026-09-05 07:39:00,339.84,305.8,7.07,n,N21,VIIRS,D,0.43,0.46,2.0NRT
14.38531,77.7276,2026-09-05,739,2026-09-05 07:39:00,340.52,302.25,6.8,n,N21,VIIRS,D,0.47,0.48,2.0NRT
14.74364,78.99567,2026-09-05,739,2026-09-05 07:39:00,342.35,302.29,5.59,n,N21,VIIRS,D,0.39,0.44,2.0NRT
14.66505,79.76515,2026-09-05,739,2026-09-05 07:39:00,338.05,303.38,8.22,n,N21,VIIRS,D,0.53,0.42,2.0NRT
14.66492,79.76666,2026-09-05,739,2026-09-05 07:39:00,337.9,303.79,5.81,n,N21,VIIRS,D,0.53,0.42,2.0NRT
14.62758,79.59048,2026-09-05,739,2026-09-05 07:39:00,337.53,302.9,3.52,n,N21,VIIRS,D,0.54,0.42,2.0NRT
14.74425,78.99921,2026-09-05,739,2026-09-05 07:39:00,339.52,302.1,6.21,n,N21,VIIRS,D,0.39,0.44,2.0NRT
14.53701,79.08536,2026-09-05,739,2026-09-05 07:39:00,341.22,301.77,7.22,n,N21,VIIRS,D,0.39,0.44,2.0NRT
14.52478,79.06197,2026-09-05,739,2026-09-05 07:39:00,339.03,304.58,3.45,n,N21,VIIRS,D,0.39,0.44,2.0NRT
14.57085,79.05241,2026-09-05,739,2026-09-05 07:39:00,331.71,303.67,2.7,l,N21,VIIRS,D,0.39,0.44,2.0NRT
23.67541,86.40211,2026-09-05,741,2026-09-05 07:41:00,331.36,299.31,7.66,n,N21,VIIRS,D,0.52,0.42,2.0NRT
21.75295,83.84393,2026-09-05,741,2026-09-05 07:41:00,332.49,299.16,4.44,n,N21,VIIRS,D,0.4,0.37,2.0NRT
21.80075,83.89083,2026-09-05,741,2026-09-05 07:41:00,331.1,299.07,4.61,n,N21,VIIRS,D,0.4,0.37,2.0NRT
21.91979,83.35107,2026-09-05,741,2026-09-05 07:41:00,333.15,295.87,4.81,n,N21,VIIRS,D,0.39,0.36,2.0NRT
21.98429,83.2333,2026-09-05,741,2026-09-05 07:41:00,330.89,297.5,5.54,n,N21,VIIRS,D,0.39,0.36,2.0NRT
22.01548,83.75323,2026-09-05,741,2026-09-05 07:41:00,332.23,298.5,4.0,n,N21,VIIRS,D,0.4,0.37,2.0NRT
22.20641,84.86032,2026-09-05,741,2026-09-05 07:41:00,333.67,293.64,2.9,n,N21,VIIRS,D,0.43,0.38,2.0NRT
22.37712,87.28085,2026-09-05,741,2026-09-05 07:41:00,344.15,301.14,10.49,n,N21,VIIRS,D,0.56,0.43,2.0NRT
23.55816,87.24094,2026-09-05,741,2026-09-05 07:41:00,340.7,288.98,9.32,n,N21,VIIRS,D,0.39,0.44,2.0NRT
23.66361,87.15351,2026-09-05,741,2026-09-05 07:41:00,332.47,294.03,6.54,n,N21,VIIRS,D,0.38,0.43,2.0NRT
23.67755,86.08622,2026-09-05,741,2026-09-05 07:41:00,331.24,298.56,6.59,n,N21,VIIRS,D,0.5,0.41,2.0NRT
24.16025,82.56627,2026-09-05,741,2026-09-05 07:41:00,335.71,297.05,3.52,n,N21,VIIRS,D,0.39,0.36,2.0NRT
23.68237,86.39584,2026-09-05,741,2026-09-05 07:41:00,333.83,298.26,8.94,n,N21,VIIRS,D,0.52,0.42,2.0NRT
23.68554,86.39025,2026-09-05,741,2026-09-05 07:41:00,330.44,297.05,5.08,n,N21,VIIRS,D,0.52,0.42,2.0NRT
23.73679,86.4326,2026-09-05,741,2026-09-05 07:41:00,340.33,296.6,9.67,n,N21,VIIRS,D,0.53,0.42,2.0NRT
23.75651,86.40362,2026-09-05,741,2026-09-05 07:41:00,330.47,296.28,6.33,n,N21,VIIRS,D,0.52,0.42,2.0NRT
23.76031,86.40304,2026-09-05,741,2026-09-05 07:41:00,334.22,296.61,6.5,n,N21,VIIRS,D,0.52,0.42,2.0NRT
23.76412,86.40247,2026-09-05,741,2026-09-05 07:41:00,339.26,296.81,6.5,n,N21,VIIRS,D,0.52,0.42,2.0NRT
23.77806,86.38996,2026-09-05,741,2026-09-05 07:41:00,330.56,296.61,7.18,n,N21,VIIRS,D,0.52,0.42,2.0NRT
23.77862,86.21019,2026-09-05,741,2026-09-05 07:41:00,337.05,296.7,8.62,n,N21,VIIRS,D,0.51,0.41,2.0NRT
23.78238,86.20961,2026-09-05,741,2026-09-05 07:41:00,331.12,295.78,4.32,n,N21,VIIRS,D,0.51,0.41,2.0NRT
21.7496,83.84448,2026-09-05,741,2026-09-05 07:41:00,332.62,299.58,4.66,n,N21,VIIRS,D,0.4,0.37,2.0NRT
23.67857,86.39642,2026-09-05,741,2026-09-05 07:41:00,332.5,298.92,7.66,n,N21,VIIRS,D,0.52,0.42,2.0NRT
21.74906,83.84065,2026-09-05,741,2026-09-05 07:41:00,334.1,298.25,5.14,n,N21,VIIRS,D,0.4,0.37,2.0NRT
21.74318,83.84072,2026-09-05,741,2026-09-05 07:41:00,338.54,301.18,3.69,n,N21,VIIRS,D,0.4,0.37,2.0NRT
21.74571,83.8412,2026-09-05,741,2026-09-05 07:41:00,337.03,300.69,5.14,n,N21,VIIRS,D,0.4,0.37,2.0NRT
20.79373,85.25279,2026-09-05,741,2026-09-05 07:41:00,337.35,302.21,11.33,n,N21,VIIRS,D,0.43,0.38,2.0NRT
20.86238,84.98907,2026-09-05,741,2026-09-05 07:41:00,332.44,298.19,4.32,n,N21,VIIRS,D,0.42,0.38,2.0NRT
20.86294,84.99312,2026-09-05,741,2026-09-05 07:41:00,332.71,300.19,9.04,n,N21,VIIRS,D,0.42,0.38,2.0NRT
20.95183,86.04603,2026-09-05,741,2026-09-05 07:41:00,337.08,299.89,11.3,n,N21,VIIRS,D,0.47,0.4,2.0NRT
20.95243,86.05051,2026-09-05,741,2026-09-05 07:41:00,337.76,300.36,12.48,n,N21,VIIRS,D,0.47,0.4,2.0NRT
20.9564,85.01198,2026-09-05,741,2026-09-05 07:41:00,331.15,302.24,5.42,l,N21,VIIRS,D,0.43,0.38,2.0NRT
20.96243,85.18635,2026-09-05,741,2026-09-05 07:41:00,344.47,301.74,5.69,n,N21,VIIRS,D,0.43,0.38,2.0NRT
20.96299,85.19049,2026-09-05,741,2026-09-05 07:41:00,336.16,302.37,5.69,n,N21,VIIRS,D,0.43,0.38,2.0NRT
20.96368,85.16933,2026-09-05,741,2026-09-05 07:41:00,337.04,301.56,4.3,n,N21,VIIRS,D,0.43,0.38,2.0NRT
20.96423,85.17345,2026-09-05,741,2026-09-05 07:41:00,331.03,300.29,4.3,n,N21,VIIRS,D,0.43,0.38,2.0NRT
20.96715,85.16881,2026-09-05,741,2026-09-05 07:41:00,330.83,301.6,4.69,l,N21,VIIRS,D,0.43,0.38,2.0NRT
20.96827,85.17702,2026-09-05,741,2026-09-05 07:41:00,336.07,301.48,3.89,n,N21,VIIRS,D,0.43,0.38,2.0NRT
20.9684,85.15186,2026-09-05,741,2026-09-05 07:41:00,338.21,302.5,7.87,n,N21,VIIRS,D,0.43,0.38,2.0NRT
20.97174,85.17648,2026-09-05,741,2026-09-05 07:41:00,330.59,300.16,3.89,n,N21,VIIRS,D,0.43,0.38,2.0NRT
20.97349,86.00412,2026-09-05,741,2026-09-05 07:41:00,330.64,298.91,7.97,n,N21,VIIRS,D,0.47,0.39,2.0NRT
20.76047,85.29589,2026-09-05,741,2026-09-05 07:41:00,334.78,301.5,9.92,n,N21,VIIRS,D,0.43,0.38,2.0NRT
20.97813,85.17133,2026-09-05,741,2026-09-05 07:41:00,330.81,300.09,6.07,n,N21,VIIRS,D,0.43,0.38,2.0NRT
21.67903,84.03973,2026-09-05,741,2026-09-05 07:41:00,334.77,301.91,6.22,n,N21,VIIRS,D,0.4,0.37,2.0NRT
21.73983,83.84127,2026-09-05,741,2026-09-05 07:41:00,330.66,301.02,3.69,l,N21,VIIRS,D,0.4,0.37,2.0NRT
21.74626,83.84503,2026-09-05,741,2026-09-05 07:41:00,332.02,300.45,4.66,n,N21,VIIRS,D,0.4,0.37,2.0NRT
20.96771,85.17292,2026-09-05,741,2026-09-05 07:41:00,340.7,302.02,4.69,n,N21,VIIRS,D,0.43,0.38,2.0NRT
8.66335,77.85443,2026-09-05,835,2026-09-05 08:35:00,342.19,300.85,6.18,n,N20,VIIRS,D,0.4,0.44,2.0NRT
8.62524,77.79489,2026-09-05,835,2026-09-05 08:35:00,345.46,303.16,9.68,n,N20,VIIRS,D,0.39,0.44,2.0NRT
8.62617,77.79392,2026-09-05,835,2026-09-05 08:35:00,344.77,303.53,11.19,n,N20,VIIRS,D,0.39,0.44,2.0NRT
8.62201,77.91603,2026-09-05,835,2026-09-05 08:35:00,344.29,297.36,3.42,n,N20,VIIRS,D,0.4,0.44,2.0NRT
9.1435,77.5413,2026-09-05,835,2026-09-05 08:35:00,342.79,304.2,13.91,n,N20,VIIRS,D,0.38,0.44,2.0NRT
10.9785,76.98156,2026-09-05,835,2026-09-05 08:35:00,335.4,298.12,3.11,n,N20,VIIRS,D,0.56,0.43,2.0NRT
11.00253,77.12383,2026-09-05,835,2026-09-05 08:35:00,346.08,306.55,10.19,n,N20,VIIRS,D,0.38,0.43,2.0NRT
11.95854,78.75902,2026-09-05,835,2026-09-05 08:35:00,332.21,297.02,4.19,n,N20,VIIRS,D,0.5,0.49,2.0NRT
12.00694,76.52467,2026-09-05,835,2026-09-05 08:35:00,335.43,304.71,6.58,n,N20,VIIRS,D,0.55,0.42,2.0NRT
12.06562,77.03265,2026-09-05,835,2026-09-05 08:35:00,340.18,305.58,3.69,n,N20,VIIRS,D,0.39,0.44,2.0NRT
12.08199,76.8081,2026-09-05,835,2026-09-05 08:35:00,337.54,308.2,6.82,l,N20,VIIRS,D,0.57,0.43,2.0NRT
12.09133,76.81746,2026-09-05,835,2026-09-05 08:35:00,339.62,306.51,5.82,n,N20,VIIRS,D,0.57,0.43,2.0NRT
12.10958,76.89243,2026-09-05,835,2026-09-05 08:35:00,330.14,303.45,0.64,l,N20,VIIRS,D,0.38,0.43,2.0NRT
10.93433,77.19016,2026-09-05,835,2026-09-05 08:35:00,340.17,305.95,6.53,n,N20,VIIRS,D,0.39,0.44,2.0NRT
12.17388,78.93881,2026-09-05,835,2026-09-05 08:35:00,342.31,299.54,6.41,n,N20,VIIRS,D,0.52,0.5,2.0NRT
12.91621,76.08082,2026-09-05,835,2026-09-05 08:35:00,335.2,301.48,12.58,n,N20,VIIRS,D,0.53,0.42,2.0NRT
12.91732,76.07881,2026-09-05,835,2026-09-05 08:35:00,339.05,303.88,11.8,n,N20,VIIRS,D,0.53,0.42,2.0NRT
15.975,78.41002,2026-09-05,835,2026-09-05 08:35:00,330.59,297.04,3.64,n,N20,VIIRS,D,0.54,0.51,2.0NRT
16.17167,74.87211,2026-09-05,835,2026-09-05 08:35:00,335.74,300.34,3.47,n,N20,VIIRS,D,0.5,0.41,2.0NRT
16.44525,77.82963,2026-09-05,835,2026-09-05 08:35:00,341.96,298.94,8.84,n,N20,VIIRS,D,0.5,0.49,2.0NRT
18.69589,74.44584,2026-09-05,835,2026-09-05 08:35:00,334.58,296.48,3.78,n,N20,VIIRS,D,0.5,0.41,2.0NRT
18.5752,74.46596,2026-09-05,835,2026-09-05 08:35:00,332.15,297.06,1.68,n,N20,VIIRS,D,0.5,0.41,2.0NRT
12.48486,77.34094,2026-09-05,835,2026-09-05 08:35:00,334.62,305.56,4.6,l,N20,VIIRS,D,0.41,0.45,2.0NRT
10.87593,77.97946,2026-09-05,835,2026-09-05 08:35:00,344.35,302.68,10.19,n,N20,VIIRS,D,0.43,0.46,2.0NRT
10.85424,78.68019,2026-09-05,835,2026-09-05 08:35:00,351.58,298.37,20.51,n,N20,VIIRS,D,0.48,0.48,2.0NRT
10.10579,77.83781,2026-09-05,835,2026-09-05 08:35:00,336.52,302.21,4.29,n,N20,VIIRS,D,0.41,0.45,2.0NRT
9.0026,77.52624,2026-09-05,835,2026-09-05 08:35:00,337.58,303.15,5.89,n,N20,VIIRS,D,0.57,0.43,2.0NRT
9.06088,77.72623,2026-09-05,835,2026-09-05 08:35:00,352.02,304.68,12.33,n,N20,VIIRS,D,0.39,0.44,2.0NRT
9.3083,78.79848,2026-09-05,835,2026-09-05 08:35:00,334.36,296.31,2.19,n,N20,VIIRS,D,0.46,0.47,2.0NRT
9.30978,78.79932,2026-09-05,835,2026-09-05 08:35:00,335.84,296.63,2.44,n,N20,VIIRS,D,0.46,0.47,2.0NRT
9.33417,77.69457,2026-09-05,835,2026-09-05 08:35:00,342.44,304.48,7.78,n,N20,VIIRS,D,0.39,0.44,2.0NRT
9.81357,77.32077,2026-09-05,835,2026-09-05 08:35:00,333.04,303.53,4.39,l,N20,VIIRS,D,0.57,0.43,2.0NRT
9.94851,78.64626,2026-09-05,835,2026-09-05 08:35:00,336.3,300.88,5.68,n,N20,VIIRS,D,0.46,0.47,2.0NRT
10.02841,78.05846,2026-09-05,835,2026-09-05 08:35:00,335.35,300.7,8.53,n,N20,VIIRS,D,0.43,0.46,2.0NRT
8.44955,77.58025,2026-09-05,835,2026-09-05 08:35:00,343.95,300.87,6.76,n,N20,VIIRS,D,0.57,0.43,2.0NRT
14.61918,79.51504,2026-09-05,837,2026-09-05 08:37:00,331.84,297.9,2.49,n,N20,VIIRS,D,0.61,0.54,2.0NRT
14.6866,79.73649,2026-09-05,837,2026-09-05 08:37:00,332.88,299.25,2.21,n,N20,VIIRS,D,0.32,0.54,2.0NRT
14.68688,79.73868,2026-09-05,837,2026-09-05 08:37:00,351.12,299.83,5.85,n,N20,VIIRS,D,0.32,0.54,2.0NRT
14.68694,79.73945,2026-09-05,837,2026-09-05 08:37:00,339.5,299.13,2.39,n,N20,VIIRS,D,0.32,0.54,2.0NRT
14.6912,77.86673,2026-09-05,837,2026-09-05 08:37:00,332.75,301.16,3.67,n,N20,VIIRS,D,0.48,0.48,2.0NRT
14.77551,79.7985,2026-09-05,837,2026-09-05 08:37:00,336.79,293.93,3.53,n,N20,VIIRS,D,0.32,0.55,2.0NRT
15.59282,79.31487,2026-09-05,837,2026-09-05 08:37:00,335.87,298.05,4.19,n,N20,VIIRS,D,0.61,0.54,2.0NRT
14.90556,80.03411,2026-09-05,837,2026-09-05 08:37:00,331.57,295.05,3.66,n,N20,VIIRS,D,0.34,0.56,2.0NRT
15.08348,77.32135,2026-09-05,837,2026-09-05 08:37:00,348.9,301.12,8.48,n,N20,VIIRS,D,0.45,0.47,2.0NRT
22.41711,69.04068,2026-09-05,837,2026-09-05 08:37:00,332.95,302.11,3.14,n,N20,VIIRS,D,0.39,0.36,2.0NRT
22.7807,69.45878,2026-09-05,837,2026-09-05 08:37:00,347.66,304.55,5.93,n,N20,VIIRS,D,0.38,0.36,2.0NRT
22.93241,69.69872,2026-09-05,837,2026-09-05 08:37:00,333.68,297.33,4.1,n,N20,VIIRS,D,0.38,0.36,2.0NRT
14.58984,76.70616,2026-09-05,837,2026-09-05 08:37:00,342.71,300.07,1.09,n,N20,VIIRS,D,0.4,0.44,2.0NRT
14.82764,78.13876,2026-09-05,837,2026-09-05 08:37:00,334.05,299.55,6.95,n,N20,VIIRS,D,0.5,0.49,2.0NRT
14.43444,77.70826,2026-09-05,837,2026-09-05 08:37:00,342.64,301.6,10.4,n,N20,VIIRS,D,0.46,0.47,2.0NRT
14.30583,77.72722,2026-09-05,837,2026-09-05 08:37:00,344.62,304.58,12.16,n,N20,VIIRS,D,0.46,0.47,2.0NRT
14.21385,79.22749,2026-09-05,837,2026-09-05 08:37:00,331.31,296.92,2.16,n,N20,VIIRS,D,0.58,0.52,2.0NRT
13.97459,80.08726,2026-09-05,837,2026-09-05 08:37:00,332.92,294.68,1.05,n,N20,VIIRS,D,0.33,0.55,2.0NRT
14.43309,77.70782,2026-09-05,837,2026-09-05 08:37:00,345.74,300.74,5.09,n,N20,VIIRS,D,0.46,0.47,2.0NRT
27.43381,70.85704,2026-09-05,839,2026-09-05 08:39:00,345.35,309.37,7.71,n,N20,VIIRS,D,0.43,0.38,2.0NRT
27.4251,70.81876,2026-09-05,839,2026-09-05 08:39:00,340.09,310.94,4.51,l,N20,VIIRS,D,0.43,0.38,2.0NRT
27.43322,70.85271,2026-09-05,839,2026-09-05 08:39:00,339.12,307.31,7.71,n,N20,VIIRS,D,0.43,0.38,2.0NRT
27.38026,95.33467,2026-09-05,1828,2026-09-05 18:28:00,301.69,275.98,4.51,n,N21,VIIRS,N,0.61,0.71,2.0NRT
23.77441,86.36259,2026-09-05,1923,2026-09-05 19:23:00,311.34,271.28,0.78,n,N20,VIIRS,N,0.32,0.55,2.0NRT
23.77493,86.19585,2026-09-05,1923,2026-09-05 19:23:00,299.12,274.71,1.82,n,N20,VIIRS,N,0.33,0.55,2.0NRT
23.77525,86.19253,2026-09-05,1923,2026-09-05 19:23:00,297.06,273.71,0.94,n,N20,VIIRS,N,0.33,0.55,2.0NRT
23.77727,86.38577,2026-09-05,1923,2026-09-05 19:23:00,305.92,273.47,0.96,n,N20,VIIRS,N,0.32,0.55,2.0NRT
23.77879,86.20972,2026-09-05,1923,2026-09-05 19:23:00,305.14,281.73,1.72,n,N20,VIIRS,N,0.33,0.55,2.0NRT
23.7791,86.20641,2026-09-05,1923,2026-09-05 19:23:00,307.37,281.14,2.63,n,N20,VIIRS,N,0.33,0.55,2.0NRT
23.78201,86.38963,2026-09-05,1923,2026-09-05 19:23:00,311.6,272.85,0.96,n,N20,VIIRS,N,0.32,0.55,2.0NRT
23.80313,86.3307,2026-09-05,1923,2026-09-05 19:23:00,299.64,265.41,0.58,n,N20,VIIRS,N,0.33,0.55,2.0NRT
27.46206,95.47509,2026-09-05,1923,2026-09-05 19:23:00,309.11,288.95,1.46,n,N20,VIIRS,N,0.39,0.36,2.0NRT
23.80344,86.32746,2026-09-05,1923,2026-09-05 19:23:00,299.3,267.35,0.61,n,N20,VIIRS,N,0.33,0.55,2.0NRT
23.7741,86.36582,2026-09-05,1923,2026-09-05 19:23:00,303.37,270.96,0.63,n,N20,VIIRS,N,0.32,0.55,2.0NRT
23.80851,86.32807,2026-09-05,1923,2026-09-05 19:23:00,297.19,269.18,0.61,n,N20,VIIRS,N,0.33,0.55,2.0NRT
23.79619,86.34912,2026-09-05,1923,2026-09-05 19:23:00,302.05,270.94,0.48,n,N20,VIIRS,N,0.32,0.55,2.0NRT
23.80125,86.34982,2026-09-05,1923,2026-09-05 19:23:00,307.24,274.81,1.36,n,N20,VIIRS,N,0.32,0.55,2.0NRT
23.79588,86.35237,2026-09-05,1923,2026-09-05 19:23:00,300.11,272.03,0.48,n,N20,VIIRS,N,0.32,0.55,2.0NRT
23.77039,86.40411,2026-09-05,1923,2026-09-05 19:23:00,302.92,273.27,1.07,n,N20,VIIRS,N,0.32,0.55,2.0NRT
23.77696,86.38895,2026-09-05,1923,2026-09-05 19:23:00,300.37,273.43,0.96,n,N20,VIIRS,N,0.32,0.55,2.0NRT
23.76565,86.40026,2026-09-05,1923,2026-09-05 19:23:00,300.97,272.02,1.82,n,N20,VIIRS,N,0.32,0.55,2.0NRT
23.76658,86.3907,2026-09-05,1923,2026-09-05 19:23:00,303.87,277.18,1.54,n,N20,VIIRS,N,0.32,0.55,2.0NRT
23.66634,87.15578,2026-09-05,1923,2026-09-05 19:23:00,317.36,290.2,4.75,n,N20,VIIRS,N,0.57,0.52,2.0NRT
23.68955,87.11856,2026-09-05,1923,2026-09-05 19:23:00,310.49,289.7,4.93,n,N20,VIIRS,N,0.58,0.52,2.0NRT
23.69493,87.11353,2026-09-05,1923,2026-09-05 19:23:00,307.16,289.52,2.3,n,N20,VIIRS,N,0.58,0.52,2.0NRT
23.69551,87.10785,2026-09-05,1923,2026-09-05 19:23:00,307.48,289.12,2.3,n,N20,VIIRS,N,0.58,0.52,2.0NRT
23.69436,87.11919,2026-09-05,1923,2026-09-05 19:23:00,314.37,289.79,5.74,n,N20,VIIRS,N,0.58,0.52,2.0NRT
23.75404,86.41497,2026-09-05,1923,2026-09-05 19:23:00,303.62,272.33,0.77,n,N20,VIIRS,N,0.32,0.55,2.0NRT
23.7603,86.40284,2026-09-05,1923,2026-09-05 19:23:00,299.74,270.26,0.47,n,N20,VIIRS,N,0.32,0.55,2.0NRT
23.76062,86.39961,2026-09-05,1923,2026-09-05 19:23:00,302.62,270.63,1.06,n,N20,VIIRS,N,0.32,0.55,2.0NRT
23.76534,86.40349,2026-09-05,1923,2026-09-05 19:23:00,315.82,272.15,1.07,n,N20,VIIRS,N,0.32,0.55,2.0NRT
23.56073,87.23611,2026-09-05,1925,2026-09-05 19:25:00,310.71,289.86,2.63,n,N20,VIIRS,N,0.57,0.52,2.0NRT
23.61127,85.67277,2026-09-05,1925,2026-09-05 19:25:00,299.22,278.63,0.36,n,N20,VIIRS,N,0.36,0.57,2.0NRT
23.56278,87.0825,2026-09-05,1925,2026-09-05 19:25:00,310.48,290.43,1.79,n,N20,VIIRS,N,0.58,0.52,2.0NRT
23.56203,87.08309,2026-09-05,1925,2026-09-05 19:25:00,312.8,290.18,2.37,n,N20,VIIRS,N,0.58,0.52,2.0NRT
23.56106,87.23698,2026-09-05,1925,2026-09-05 19:25:00,315.76,289.88,5.72,n,N20,VIIRS,N,0.57,0.52,2.0NRT
23.61148,85.67413,2026-09-05,1925,2026-09-05 19:25:00,303.14,280.36,0.55,n,N20,VIIRS,N,0.36,0.57,2.0NRT
23.56012,87.24169,2026-09-05,1925,2026-09-05 19:25:00,307.16,289.86,2.63,n,N20,VIIRS,N,0.57,0.52,2.0NRT
22.80418,86.08908,2026-09-05,1925,2026-09-05 19:25:00,310.46,290.64,1.47,n,N20,VIIRS,N,0.33,0.55,2.0NRT
23.55536,87.2411,2026-09-05,1925,2026-09-05 19:25:00,306.2,290.09,2.63,n,N20,VIIRS,N,0.57,0.52,2.0NRT
22.96413,85.99792,2026-09-05,1925,2026-09-05 19:25:00,304.65,289.82,0.55,n,N20,VIIRS,N,0.33,0.56,2.0NRT
22.87717,86.06215,2026-09-05,1925,2026-09-05 19:25:00,314.57,290.6,1.64,n,N20,VIIRS,N,0.33,0.55,2.0NRT
23.61385,86.78893,2026-09-05,1925,2026-09-05 19:25:00,307.47,289.84,4.17,n,N20,VIIRS,N,0.6,0.53,2.0NRT
22.7991,86.08846,2026-09-05,1925,2026-09-05 19:25:00,311.78,290.22,1.15,n,N20,VIIRS,N,0.33,0.55,2.0NRT
22.79804,86.19794,2026-09-05,1925,2026-09-05 19:25:00,313.33,290.93,1.39,n,N20,VIIRS,N,0.32,0.55,2.0NRT
22.79299,86.19738,2026-09-05,1925,2026-09-05 19:25:00,307.98,290.96,1.39,n,N20,VIIRS,N,0.32,0.55,2.0NRT
23.55573,87.24197,2026-09-05,1925,2026-09-05 19:25:00,307.49,290.31,6.12,n,N20,VIIRS,N,0.57,0.52,2.0NRT
23.64886,85.43806,2026-09-05,1925,2026-09-05 19:25:00,325.92,286.51,1.69,n,N20,VIIRS,N,0.37,0.58,2.0NRT
23.666,84.999,2026-09-05,1925,2026-09-05 19:25:00,310.1,287.88,1.49,n,N20,VIIRS,N,0.4,0.6,2.0NRT
23.65887,85.50546,2026-09-05,1925,2026-09-05 19:25:00,303.29,281.76,0.63,n,N20,VIIRS,N,0.37,0.58,2.0NRT
22.57535,85.88969,2026-09-05,1925,2026-09-05 19:25:00,306.07,289.82,2.01,n,N20,VIIRS,N,0.34,0.56,2.0NRT
23.68207,86.08438,2026-09-05,1925,2026-09-05 19:25:00,305.68,267.27,0.81,n,N20,VIIRS,N,0.34,0.56,2.0NRT
23.68409,87.12768,2026-09-05,1925,2026-09-05 19:25:00,308.02,289.24,2.17,n,N20,VIIRS,N,0.58,0.52,2.0NRT
23.68951,87.1226,2026-09-05,1925,2026-09-05 19:25:00,309.86,290.08,2.17,n,N20,VIIRS,N,0.58,0.52,2.0NRT
23.69889,85.36634,2026-09-05,1925,2026-09-05 19:25:00,305.06,286.86,0.82,n,N20,VIIRS,N,0.37,0.58,2.0NRT
23.70099,86.07278,2026-09-05,1925,2026-09-05 19:25:00,318.05,276.9,1.13,n,N20,VIIRS,N,0.34,0.56,2.0NRT
23.7373,86.43405,2026-09-05,1925,2026-09-05 19:25:00,300.68,264.62,0.39,n,N20,VIIRS,N,0.32,0.55,2.0NRT
23.6798,86.39781,2026-09-05,1925,2026-09-05 19:25:00,304.47,269.34,0.55,n,N20,VIIRS,N,0.32,0.55,2.0NRT
23.67914,86.08373,2026-09-05,1925,2026-09-05 19:25:00,311.44,268.6,0.8,n,N20,VIIRS,N,0.34,0.56,2.0NRT
23.67692,86.08381,2026-09-05,1925,2026-09-05 19:25:00,300.61,268.52,0.81,n,N20,VIIRS,N,0.34,0.56,2.0NRT
23.67184,84.99578,2026-09-05,1925,2026-09-05 19:25:00,302.86,286.5,0.76,n,N20,VIIRS,N,0.4,0.6,2.0NRT
23.67165,84.99418,2026-09-05,1925,2026-09-05 19:25:00,304.73,285.84,1.6,n,N20,VIIRS,N,0.4,0.6,2.0NRT
23.66663,87.1541,2026-09-05,1925,2026-09-05 19:25:00,313.19,290.34,4.14,n,N20,VIIRS,N,0.57,0.52,2.0NRT
23.73763,86.4309,2026-09-05,1925,2026-09-05 19:25:00,300.79,264.87,0.39,n,N20,VIIRS,N,0.32,0.55,2.0NRT
23.66578,84.99745,2026-09-05,1925,2026-09-05 19:25:00,310.52,287.52,2.08,n,N20,VIIRS,N,0.39,0.6,2.0NRT
23.64919,85.43445,2026-09-05,1925,2026-09-05 19:25:00,316.86,285.85,1.69,n,N20,VIIRS,N,0.37,0.58,2.0NRT
22.57469,85.89632,2026-09-05,1925,2026-09-05 19:25:00,320.47,290.51,1.77,n,N20,VIIRS,N,0.34,0.56,2.0NRT
21.6751,84.03875,2026-09-05,1925,2026-09-05 19:25:00,304.72,286.63,1.31,n,N20,VIIRS,N,0.43,0.62,2.0NRT
22.37779,87.27859,2026-09-05,1925,2026-09-05 19:25:00,328.67,291.7,6.52,n,N20,VIIRS,N,0.54,0.51,2.0NRT
21.68121,84.0351,2026-09-05,1925,2026-09-05 19:25:00,307.64,287.15,1.76,n,N20,VIIRS,N,0.43,0.62,2.0NRT
21.68082,84.03934,2026-09-05,1925,2026-09-05 19:25:00,309.86,287.56,1.31,n,N20,VIIRS,N,0.43,0.62,2.0NRT
21.57263,85.64584,2026-09-05,1925,2026-09-05 19:25:00,303.23,288.81,0.45,n,N20,VIIRS,N,0.34,0.56,2.0NRT
19.10137,82.16523,2026-09-05,1925,2026-09-05 19:25:00,308.25,286.07,2.07,n,N20,VIIRS,N,0.54,0.68,2.0NRT
17.6948,83.24045,2026-09-05,1925,2026-09-05 19:25:00,317.07,289.69,3.14,n,N20,VIIRS,N,0.44,0.62,2.0NRT
17.69332,83.24108,2026-09-05,1925,2026-09-05 19:25:00,314.76,289.05,2.76,n,N20,VIIRS,N,0.44,0.62,2.0NRT
22.38003,87.27818,2026-09-05,1925,2026-09-05 19:25:00,327.43,291.55,7.26,n,N20,VIIRS,N,0.54,0.51,2.0NRT
17.61015,83.20161,2026-09-05,1925,2026-09-05 19:25:00,317.68,289.42,2.59,n,N20,VIIRS,N,0.44,0.62,2.0NRT
23.84328,84.94684,2026-09-05,1925,2026-09-05 19:25:00,298.18,278.39,0.52,n,N20,VIIRS,N,0.4,0.6,2.0NRT
23.8387,85.46757,2026-09-05,1925,2026-09-05 19:25:00,300.7,280.21,0.52,n,N20,VIIRS,N,0.37,0.58,2.0NRT
23.8252,85.49538,2026-09-05,1925,2026-09-05 19:25:00,298.88,278.12,0.74,n,N20,VIIRS,N,0.37,0.58,2.0NRT
23.75867,85.85409,2026-09-05,1925,2026-09-05 19:25:00,299.35,273.16,1.02,n,N20,VIIRS,N,0.35,0.57,2.0NRT
23.75433,86.41714,2026-09-05,1925,2026-09-05 19:25:00,301.97,273.02,1.2,n,N20,VIIRS,N,0.32,0.55,2.0NRT
17.60911,83.20141,2026-09-05,1925,2026-09-05 19:25:00,315.69,289.17,3.13,n,N20,VIIRS,N,0.44,0.62,2.0NRT
21.75756,84.02261,2026-09-05,1925,2026-09-05 19:25:00,308.01,286.78,1.54,n,N20,VIIRS,N,0.43,0.62,2.0NRT
21.68499,85.43456,2026-09-05,1925,2026-09-05 19:25:00,304.08,288.44,0.57,n,N20,VIIRS,N,0.35,0.57,2.0NRT
21.92455,85.22067,2026-09-05,1925,2026-09-05 19:25:00,308.0,287.07,1.0,n,N20,VIIRS,N,0.36,0.58,2.0NRT
22.37088,87.29912,2026-09-05,1925,2026-09-05 19:25:00,306.66,290.45,3.46,n,N20,VIIRS,N,0.54,0.51,2.0NRT
22.36829,87.29809,2026-09-05,1925,2026-09-05 19:25:00,316.01,290.77,4.82,n,N20,VIIRS,N,0.54,0.51,2.0NRT
22.36625,87.01411,2026-09-05,1925,2026-09-05 19:25:00,309.08,290.54,1.75,n,N20,VIIRS,N,0.57,0.52,2.0NRT
22.3662,87.29851,2026-09-05,1925,2026-09-05 19:25:00,318.82,290.71,3.46,n,N20,VIIRS,N,0.54,0.51,2.0NRT
22.3609,87.01897,2026-09-05,1925,2026-09-05 19:25:00,305.71,290.54,1.23,n,N20,VIIRS,N,0.56,0.52,2.0NRT
21.75904,84.0227,2026-09-05,1925,2026-09-05 19:25:00,302.35,286.48,0.82,n,N20,VIIRS,N,0.43,0.62,2.0NRT
22.21219,84.86086,2026-09-05,1925,2026-09-05 19:25:00,306.85,288.28,1.75,n,N20,VIIRS,N,0.39,0.59,2.0NRT
22.21696,84.86906,2026-09-05,1925,2026-09-05 19:25:00,310.3,287.88,1.33,n,N20,VIIRS,N,0.39,0.59,2.0NRT
22.211,84.86073,2026-09-05,1925,2026-09-05 19:25:00,307.75,287.87,2.26,n,N20,VIIRS,N,0.39,0.59,2.0NRT
22.0543,85.46281,2026-09-05,1925,2026-09-05 19:25:00,303.28,288.26,0.63,n,N20,VIIRS,N,0.35,0.57,2.0NRT
22.05409,88.12331,2026-09-05,1925,2026-09-05 19:25:00,313.14,291.68,4.8,n,N20,VIIRS,N,0.48,0.48,2.0NRT
21.96817,85.31213,2026-09-05,1925,2026-09-05 19:25:00,302.9,287.98,0.6,n,N20,VIIRS,N,0.36,0.57,2.0NRT
21.9302,85.21793,2026-09-05,1925,2026-09-05 19:25:00,299.16,287.91,1.0,n,N20,VIIRS,N,0.36,0.58,2.0NRT
21.92986,85.22138,2026-09-05,1925,2026-09-05 19:25:00,308.46,288.07,1.0,n,N20,VIIRS,N,0.36,0.58,2.0NRT
22.21149,84.86848,2026-09-05,1925,2026-09-05 19:25:00,302.74,287.69,1.33,n,N20,VIIRS,N,0.39,0.59,2.0NRT
23.75631,86.39796,2026-09-05,1925,2026-09-05 19:25:00,299.4,275.0,0.77,n,N20,VIIRS,N,0.32,0.55,2.0NRT
13.15991,80.27797,2026-09-05,1928,2026-09-05 19:28:00,306.34,285.87,1.59,n,N20,VIIRS,N,0.61,0.71,2.0NRT
13.16012,80.28133,2026-09-05,1928,2026-09-05 19:28:00,306.44,286.03,2.69,n,N20,VIIRS,N,0.61,0.71,2.0NRT
29.47612,76.85525,2026-09-05,2008,2026-09-05 20:08:00,303.57,287.24,0.57,n,N21,VIIRS,N,0.48,0.48,2.0NRT
27.45998,95.47742,2026-09-05,2008,2026-09-05 20:08:00,302.81,285.46,0.34,n,N21,VIIRS,N,0.46,0.63,2.0NRT
23.67502,86.08669,2026-09-05,2010,2026-09-05 20:10:00,313.97,291.53,2.56,n,N21,VIIRS,N,0.46,0.39,2.0NRT
23.76203,86.40067,2026-09-05,2010,2026-09-05 20:10:00,313.64,275.82,2.1,n,N21,VIIRS,N,0.48,0.4,2.0NRT
23.69731,85.35693,2026-09-05,2010,2026-09-05 20:10:00,301.44,284.32,0.98,n,N21,VIIRS,N,0.43,0.38,2.0NRT
23.71215,86.44777,2026-09-05,2010,2026-09-05 20:10:00,312.63,289.7,2.39,n,N21,VIIRS,N,0.48,0.4,2.0NRT
23.71131,86.4524,2026-09-05,2010,2026-09-05 20:10:00,319.92,290.31,3.36,n,N21,VIIRS,N,0.48,0.4,2.0NRT
23.70852,86.447,2026-09-05,2010,2026-09-05 20:10:00,315.9,289.96,2.39,n,N21,VIIRS,N,0.48,0.4,2.0NRT
23.69961,86.07338,2026-09-05,2010,2026-09-05 20:10:00,323.47,285.72,4.46,n,N21,VIIRS,N,0.46,0.39,2.0NRT
23.67533,86.40147,2026-09-05,2010,2026-09-05 20:10:00,321.76,294.59,3.81,n,N21,VIIRS,N,0.48,0.4,2.0NRT
23.69594,87.0929,2026-09-05,2010,2026-09-05 20:10:00,308.84,287.72,2.14,n,N21,VIIRS,N,0.52,0.41,2.0NRT
23.69513,85.36953,2026-09-05,2010,2026-09-05 20:10:00,317.14,288.69,2.54,n,N21,VIIRS,N,0.43,0.38,2.0NRT
23.69505,85.28721,2026-09-05,2010,2026-09-05 20:10:00,305.53,289.69,1.94,n,N21,VIIRS,N,0.43,0.38,2.0NRT
23.69411,87.12382,2026-09-05,2010,2026-09-05 20:10:00,314.47,289.23,4.7,n,N21,VIIRS,N,0.52,0.41,2.0NRT
23.68659,87.12218,2026-09-05,2010,2026-09-05 20:10:00,311.02,288.57,5.3,n,N21,VIIRS,N,0.52,0.41,2.0NRT
23.68512,86.38915,2026-09-05,2010,2026-09-05 20:10:00,307.59,291.83,3.98,n,N21,VIIRS,N,0.48,0.4,2.0NRT
23.68428,86.39372,2026-09-05,2010,2026-09-05 20:10:00,330.86,294.16,3.98,n,N21,VIIRS,N,0.48,0.4,2.0NRT
23.68136,86.0927,2026-09-05,2010,2026-09-05 20:10:00,329.91,291.39,8.96,n,N21,VIIRS,N,0.46,0.39,2.0NRT
23.68057,86.09719,2026-09-05,2010,2026-09-05 20:10:00,326.49,291.32,6.99,n,N21,VIIRS,N,0.46,0.39,2.0NRT
23.71271,86.42383,2026-09-05,2010,2026-09-05 20:10:00,309.43,291.78,3.71,n,N21,VIIRS,N,0.48,0.4,2.0NRT
23.67981,86.39758,2026-09-05,2010,2026-09-05 20:10:00,312.26,293.12,4.02,n,N21,VIIRS,N,0.48,0.4,2.0NRT
20.69557,78.63858,2026-09-05,2010,2026-09-05 20:10:00,312.01,289.79,1.69,n,N21,VIIRS,N,0.46,0.39,2.0NRT
20.78375,85.26329,2026-09-05,2010,2026-09-05 20:10:00,308.54,288.87,3.11,n,N21,VIIRS,N,0.46,0.39,2.0NRT
20.78809,85.25961,2026-09-05,2010,2026-09-05 20:10:00,304.18,285.85,1.75,n,N21,VIIRS,N,0.46,0.39,2.0NRT
20.79319,85.25151,2026-09-05,2010,2026-09-05 20:10:00,303.43,284.29,1.11,n,N21,VIIRS,N,0.46,0.39,2.0NRT
20.80549,85.25647,2026-09-05,2010,2026-09-05 20:10:00,303.08,286.5,1.68,n,N21,VIIRS,N,0.46,0.39,2.0NRT
20.88697,84.98214,2026-09-05,2010,2026-09-05 20:10:00,310.44,282.62,2.3,n,N21,VIIRS,N,0.45,0.39,2.0NRT
20.95448,85.01337,2026-09-05,2010,2026-09-05 20:10:00,301.26,279.03,1.77,n,N21,VIIRS,N,0.45,0.39,2.0NRT
21.07742,85.0393,2026-09-05,2010,2026-09-05 20:10:00,310.86,291.45,3.03,n,N21,VIIRS,N,0.45,0.39,2.0NRT
21.09986,72.63612,2026-09-05,2010,2026-09-05 20:10:00,301.42,286.78,0.87,n,N21,VIIRS,N,0.35,0.57,2.0NRT
21.10406,72.64688,2026-09-05,2010,2026-09-05 20:10:00,311.77,290.06,3.22,n,N21,VIIRS,N,0.35,0.57,2.0NRT
21.1044,72.64349,2026-09-05,2010,2026-09-05 20:10:00,308.08,287.78,2.29,n,N21,VIIRS,N,0.35,0.57,2.0NRT
21.33678,78.96844,2026-09-05,2010,2026-09-05 20:10:00,304.58,286.98,1.0,n,N21,VIIRS,N,0.45,0.39,2.0NRT
21.75567,84.02476,2026-09-05,2010,2026-09-05 20:10:00,307.75,292.57,2.65,n,N21,VIIRS,N,0.41,0.37,2.0NRT
21.76371,84.01826,2026-09-05,2010,2026-09-05 20:10:00,312.38,292.64,4.55,n,N21,VIIRS,N,0.41,0.37,2.0NRT
23.67702,86.39223,2026-09-05,2010,2026-09-05 20:10:00,309.54,291.7,2.6,n,N21,VIIRS,N,0.48,0.4,2.0NRT
23.71806,85.00999,2026-09-05,2010,2026-09-05 20:10:00,307.03,287.2,0.49,n,N21,VIIRS,N,0.42,0.38,2.0NRT
23.73718,85.02235,2026-09-05,2010,2026-09-05 20:10:00,302.78,286.36,0.7,n,N21,VIIRS,N,0.42,0.38,2.0NRT
23.73728,86.43386,2026-09-05,2010,2026-09-05 20:10:00,331.03,286.7,6.3,n,N21,VIIRS,N,0.48,0.4,2.0NRT
24.20427,82.71069,2026-09-05,2010,2026-09-05 20:10:00,306.37,283.66,2.18,n,N21,VIIRS,N,0.38,0.36,2.0NRT
24.14729,82.65858,2026-09-05,2010,2026-09-05 20:10:00,302.08,287.02,0.78,n,N21,VIIRS,N,0.38,0.36,2.0NRT
24.13681,82.726,2026-09-05,2010,2026-09-05 20:10:00,310.82,289.68,1.21,n,N21,VIIRS,N,0.38,0.36,2.0NRT
23.82782,84.57143,2026-09-05,2010,2026-09-05 20:10:00,309.52,289.38,2.2,n,N21,VIIRS,N,0.41,0.37,2.0NRT
23.80522,86.3315,2026-09-05,2010,2026-09-05 20:10:00,305.43,269.68,2.3,n,N21,VIIRS,N,0.47,0.4,2.0NRT
23.80162,86.33073,2026-09-05,2010,2026-09-05 20:10:00,312.04,270.26,2.3,n,N21,VIIRS,N,0.47,0.4,2.0NRT
23.78718,85.55292,2026-09-05,2010,2026-09-05 20:10:00,309.71,276.13,1.22,n,N21,VIIRS,N,0.44,0.38,2.0NRT
23.78103,86.2099,2026-09-05,2010,2026-09-05 20:10:00,326.33,284.23,4.33,n,N21,VIIRS,N,0.47,0.4,2.0NRT
23.77997,85.57357,2026-09-05,2010,2026-09-05 20:10:00,300.83,280.76,1.04,n,N21,VIIRS,N,0.44,0.38,2.0NRT
23.77989,86.38808,2026-09-05,2010,2026-09-05 20:10:00,304.38,273.5,1.46,n,N21,VIIRS,N,0.48,0.4,2.0NRT
23.77909,86.34697,2026-09-05,2010,2026-09-05 20:10:00,302.54,271.37,1.53,n,N21,VIIRS,N,0.48,0.4,2.0NRT
23.77898,86.38986,2026-09-05,2010,2026-09-05 20:10:00,309.4,274.82,2.73,n,N21,VIIRS,N,0.48,0.4,2.0NRT
23.77744,86.20918,2026-09-05,2010,2026-09-05 20:10:00,311.4,284.65,3.25,n,N21,VIIRS,N,0.47,0.4,2.0NRT
23.77627,86.38731,2026-09-05,2010,2026-09-05 20:10:00,300.34,272.44,1.46,n,N21,VIIRS,N,0.48,0.4,2.0NRT
23.77583,86.36533,2026-09-05,2010,2026-09-05 20:10:00,301.3,274.57,1.55,n,N21,VIIRS,N,0.48,0.4,2.0NRT
23.73929,85.01005,2026-09-05,2010,2026-09-05 20:10:00,312.86,289.07,2.29,n,N21,VIIRS,N,0.42,0.38,2.0NRT
23.74508,85.50452,2026-09-05,2010,2026-09-05 20:10:00,300.71,282.52,0.54,n,N21,VIIRS,N,0.44,0.38,2.0NRT
23.75274,85.85497,2026-09-05,2010,2026-09-05 20:10:00,307.17,289.72,1.31,n,N21,VIIRS,N,0.45,0.39,2.0NRT
23.75628,85.85568,2026-09-05,2010,2026-09-05 20:10:00,308.78,290.23,2.67,n,N21,VIIRS,N,0.45,0.39,2.0NRT
23.75704,85.85133,2026-09-05,2010,2026-09-05 20:10:00,309.4,289.26,1.52,n,N21,VIIRS,N,0.45,0.39,2.0NRT
23.75759,86.4045,2026-09-05,2010,2026-09-05 20:10:00,310.67,279.56,2.42,n,N21,VIIRS,N,0.48,0.4,2.0NRT
21.76709,84.0189,2026-09-05,2010,2026-09-05 20:10:00,322.11,293.11,2.59,n,N21,VIIRS,N,0.41,0.37,2.0NRT
23.75841,86.3999,2026-09-05,2010,2026-09-05 20:10:00,304.9,277.02,2.01,n,N21,VIIRS,N,0.48,0.4,2.0NRT
23.76483,86.40603,2026-09-05,2010,2026-09-05 20:10:00,309.74,276.0,1.75,n,N21,VIIRS,N,0.48,0.4,2.0NRT
23.76565,86.40144,2026-09-05,2010,2026-09-05 20:10:00,301.05,273.73,2.1,n,N21,VIIRS,N,0.48,0.4,2.0NRT
23.76927,86.40222,2026-09-05,2010,2026-09-05 20:10:00,300.53,273.14,1.09,n,N21,VIIRS,N,0.48,0.4,2.0NRT
23.77187,86.19864,2026-09-05,2010,2026-09-05 20:10:00,303.1,277.17,0.92,n,N21,VIIRS,N,0.47,0.4,2.0NRT
23.77222,86.36455,2026-09-05,2010,2026-09-05 20:10:00,308.15,274.3,2.31,n,N21,VIIRS,N,0.48,0.4,2.0NRT
23.77267,86.19411,2026-09-05,2010,2026-09-05 20:10:00,301.46,277.59,1.01,n,N21,VIIRS,N,0.47,0.4,2.0NRT
23.76121,86.40527,2026-09-05,2010,2026-09-05 20:10:00,312.45,277.56,1.75,n,N21,VIIRS,N,0.48,0.4,2.0NRT
21.77047,84.01955,2026-09-05,2010,2026-09-05 20:10:00,310.59,292.24,2.59,n,N21,VIIRS,N,0.41,0.37,2.0NRT
23.67618,86.39684,2026-09-05,2010,2026-09-05 20:10:00,314.98,293.67,3.81,n,N21,VIIRS,N,0.48,0.4,2.0NRT
21.81763,83.99536,2026-09-05,2010,2026-09-05 20:10:00,305.71,291.41,3.04,n,N21,VIIRS,N,0.41,0.37,2.0NRT
22.57382,85.89554,2026-09-05,2010,2026-09-05 20:10:00,342.22,294.39,7.45,n,N21,VIIRS,N,0.47,0.4,2.0NRT
22.57463,85.89106,2026-09-05,2010,2026-09-05 20:10:00,309.35,292.93,2.21,n,N21,VIIRS,N,0.47,0.4,2.0NRT
22.59097,85.90384,2026-09-05,2010,2026-09-05 20:10:00,307.25,292.47,1.84,n,N21,VIIRS,N,0.47,0.4,2.0NRT
22.78233,86.20396,2026-09-05,2010,2026-09-05 20:10:00,306.54,293.29,1.65,n,N21,VIIRS,N,0.48,0.4,2.0NRT
22.78679,86.20014,2026-09-05,2010,2026-09-05 20:10:00,308.97,293.68,1.65,n,N21,VIIRS,N,0.48,0.4,2.0NRT
23.6678,84.99622,2026-09-05,2010,2026-09-05 20:10:00,304.81,290.35,0.75,n,N21,VIIRS,N,0.42,0.38,2.0NRT
23.66499,87.15402,2026-09-05,2010,2026-09-05 20:10:00,303.51,274.19,1.2,n,N21,VIIRS,N,0.52,0.42,2.0NRT
23.66405,87.15904,2026-09-05,2010,2026-09-05 20:10:00,305.22,271.82,1.2,n,N21,VIIRS,N,0.52,0.42,2.0NRT
23.66368,84.99961,2026-09-05,2010,2026-09-05 20:10:00,304.65,290.89,0.9,n,N21,VIIRS,N,0.42,0.38,2.0NRT
22.37877,87.28007,2026-09-05,2010,2026-09-05 20:10:00,327.63,293.8,3.77,n,N21,VIIRS,N,0.56,0.43,2.0NRT
23.56101,87.08167,2026-09-05,2010,2026-09-05 20:10:00,312.78,292.49,4.73,n,N21,VIIRS,N,0.52,0.41,2.0NRT
23.56006,87.23399,2026-09-05,2010,2026-09-05 20:10:00,310.14,291.54,2.63,n,N21,VIIRS,N,0.53,0.42,2.0NRT
23.55911,87.23907,2026-09-05,2010,2026-09-05 20:10:00,315.09,291.65,5.76,n,N21,VIIRS,N,0.53,0.42,2.0NRT
23.55145,86.54217,2026-09-05,2010,2026-09-05 20:10:00,304.01,285.36,1.05,n,N21,VIIRS,N,0.49,0.4,2.0NRT
22.87283,88.21246,2026-09-05,2010,2026-09-05 20:10:00,305.18,289.89,2.67,n,N21,VIIRS,N,0.41,0.45,2.0NRT
22.87173,86.06425,2026-09-05,2010,2026-09-05 20:10:00,309.81,292.42,1.5,n,N21,VIIRS,N,0.47,0.4,2.0NRT
22.81455,86.08678,2026-09-05,2010,2026-09-05 20:10:00,319.93,292.35,3.02,n,N21,VIIRS,N,0.48,0.4,2.0NRT
22.79769,86.20249,2026-09-05,2010,2026-09-05 20:10:00,307.99,293.22,2.29,n,N21,VIIRS,N,0.48,0.4,2.0NRT
22.79125,86.19631,2026-09-05,2010,2026-09-05 20:10:00,308.75,293.4,2.41,n,N21,VIIRS,N,0.48,0.4,2.0NRT
22.7896,86.20553,2026-09-05,2010,2026-09-05 20:10:00,310.74,293.44,3.02,n,N21,VIIRS,N,0.48,0.4,2.0NRT
23.561,87.22893,2026-09-05,2010,2026-09-05 20:10:00,310.94,291.43,2.63,n,N21,VIIRS,N,0.53,0.42,2.0NRT
22.36787,87.01679,2026-09-05,2010,2026-09-05 20:10:00,307.73,292.8,1.5,n,N21,VIIRS,N,0.54,0.42,2.0NRT
22.3749,87.27922,2026-09-05,2010,2026-09-05 20:10:00,314.23,293.32,3.77,n,N21,VIIRS,N,0.56,0.43,2.0NRT
22.20885,84.86406,2026-09-05,2010,2026-09-05 20:10:00,322.75,291.11,5.04,n,N21,VIIRS,N,0.43,0.38,2.0NRT
21.85717,83.96687,2026-09-05,2010,2026-09-05 20:10:00,309.54,291.72,3.14,n,N21,VIIRS,N,0.41,0.37,2.0NRT
21.9213,83.34872,2026-09-05,2010,2026-09-05 20:10:00,300.73,285.13,0.91,n,N21,VIIRS,N,0.39,0.36,2.0NRT
21.92353,85.22436,2026-09-05,2010,2026-09-05 20:10:00,317.76,290.94,2.65,n,N21,VIIRS,N,0.45,0.39,2.0NRT
21.92794,83.34996,2026-09-05,2010,2026-09-05 20:10:00,295.74,283.72,0.86,n,N21,VIIRS,N,0.39,0.36,2.0NRT
21.93132,85.22147,2026-09-05,2010,2026-09-05 20:10:00,310.59,291.02,1.77,n,N21,VIIRS,N,0.45,0.39,2.0NRT
21.98956,85.32646,2026-09-05,2010,2026-09-05 20:10:00,305.55,290.81,1.09,n,N21,VIIRS,N,0.45,0.39,2.0NRT
22.05061,88.12418,2026-09-05,2010,2026-09-05 20:10:00,308.05,292.31,2.71,n,N21,VIIRS,N,0.42,0.45,2.0NRT
22.05307,85.4641,2026-09-05,2010,2026-09-05 20:10:00,309.95,291.15,1.36,n,N21,VIIRS,N,0.46,0.39,2.0NRT
22.0547,88.12509,2026-09-05,2010,2026-09-05 20:10:00,313.7,292.83,3.41,n,N21,VIIRS,N,0.42,0.45,2.0NRT
22.20611,84.85925,2026-09-05,2010,2026-09-05 20:10:00,317.65,289.35,2.82,n,N21,VIIRS,N,0.43,0.38,2.0NRT
22.20814,84.86816,2026-09-05,2010,2026-09-05 20:10:00,305.04,290.68,2.03,n,N21,VIIRS,N,0.43,0.38,2.0NRT
21.80179,83.8933,2026-09-05,2010,2026-09-05 20:10:00,302.5,289.19,1.38,n,N21,VIIRS,N,0.4,0.37,2.0NRT
22.20956,84.85995,2026-09-05,2010,2026-09-05 20:10:00,329.75,291.42,5.04,n,N21,VIIRS,N,0.43,0.38,2.0NRT
22.21017,84.8771,2026-09-05,2010,2026-09-05 20:10:00,305.71,291.75,1.91,n,N21,VIIRS,N,0.43,0.38,2.0NRT
22.21312,84.83941,2026-09-05,2010,2026-09-05 20:10:00,306.67,291.11,1.68,n,N21,VIIRS,N,0.43,0.38,2.0NRT
22.24511,87.3878,2026-09-05,2010,2026-09-05 20:10:00,316.97,292.8,5.6,n,N21,VIIRS,N,0.57,0.43,2.0NRT
22.35643,87.29174,2026-09-05,2010,2026-09-05 20:10:00,309.11,292.3,1.61,n,N21,VIIRS,N,0.56,0.43,2.0NRT
22.36023,87.01515,2026-09-05,2010,2026-09-05 20:10:00,306.85,293.05,1.64,n,N21,VIIRS,N,0.54,0.42,2.0NRT
22.3632,87.29877,2026-09-05,2010,2026-09-05 20:10:00,315.58,293.03,2.93,n,N21,VIIRS,N,0.56,0.43,2.0NRT
22.36405,87.01598,2026-09-05,2010,2026-09-05 20:10:00,307.67,293.27,1.64,n,N21,VIIRS,N,0.54,0.42,2.0NRT
22.36707,87.29963,2026-09-05,2010,2026-09-05 20:10:00,314.18,293.19,2.93,n,N21,VIIRS,N,0.56,0.43,2.0NRT
15.17192,76.66631,2026-09-05,2012,2026-09-05 20:12:00,305.74,292.11,1.81,n,N21,VIIRS,N,0.5,0.41,2.0NRT
15.17172,76.69458,2026-09-05,2012,2026-09-05 20:12:00,305.11,291.7,1.26,n,N21,VIIRS,N,0.5,0.41,2.0NRT
15.16989,76.37828,2026-09-05,2012,2026-09-05 20:12:00,304.37,290.96,1.64,n,N21,VIIRS,N,0.52,0.41,2.0NRT
15.17237,76.68996,2026-09-05,2012,2026-09-05 20:12:00,308.78,291.93,1.26,n,N21,VIIRS,N,0.5,0.41,2.0NRT
15.18312,76.65155,2026-09-05,2012,2026-09-05 20:12:00,307.36,292.72,1.62,n,N21,VIIRS,N,0.5,0.41,2.0NRT
15.17379,77.10085,2026-09-05,2012,2026-09-05 20:12:00,306.8,292.81,1.56,n,N21,VIIRS,N,0.48,0.4,2.0NRT
15.65958,73.99016,2026-09-05,2012,2026-09-05 20:12:00,306.89,291.5,1.05,n,N21,VIIRS,N,0.49,0.49,2.0NRT
15.33358,76.28581,2026-09-05,2012,2026-09-05 20:12:00,307.91,291.42,1.29,n,N21,VIIRS,N,0.53,0.42,2.0NRT
15.33241,76.28778,2026-09-05,2012,2026-09-05 20:12:00,304.18,291.44,1.25,n,N21,VIIRS,N,0.53,0.42,2.0NRT
15.2251,76.76094,2026-09-05,2012,2026-09-05 20:12:00,308.24,292.19,1.37,n,N21,VIIRS,N,0.49,0.41,2.0NRT
15.22446,76.76551,2026-09-05,2012,2026-09-05 20:12:00,307.97,292.36,1.37,n,N21,VIIRS,N,0.49,0.41,2.0NRT
15.18623,76.65672,2026-09-05,2012,2026-09-05 20:12:00,307.98,293.31,2.33,n,N21,VIIRS,N,0.5,0.41,2.0NRT
15.16922,76.38309,2026-09-05,2012,2026-09-05 20:12:00,304.51,291.05,1.93,n,N21,VIIRS,N,0.52,0.41,2.0NRT
15.18124,76.66544,2026-09-05,2012,2026-09-05 20:12:00,330.93,293.11,5.22,n,N21,VIIRS,N,0.5,0.41,2.0NRT
15.17999,76.67468,2026-09-05,2012,2026-09-05 20:12:00,310.65,292.94,2.82,n,N21,VIIRS,N,0.5,0.41,2.0NRT
15.17876,76.65566,2026-09-05,2012,2026-09-05 20:12:00,309.99,292.85,1.62,n,N21,VIIRS,N,0.5,0.41,2.0NRT
15.17873,76.67195,2026-09-05,2012,2026-09-05 20:12:00,308.45,292.18,1.45,n,N21,VIIRS,N,0.5,0.41,2.0NRT
15.17808,76.67657,2026-09-05,2012,2026-09-05 20:12:00,316.25,293.07,1.45,n,N21,VIIRS,N,0.5,0.41,2.0NRT
15.17761,76.65297,2026-09-05,2012,2026-09-05 20:12:00,309.37,292.93,2.12,n,N21,VIIRS,N,0.5,0.41,2.0NRT
15.17696,76.65759,2026-09-05,2012,2026-09-05 20:12:00,313.08,293.37,2.12,n,N21,VIIRS,N,0.5,0.41,2.0NRT
15.17626,76.67416,2026-09-05,2012,2026-09-05 20:12:00,313.32,292.76,2.82,n,N21,VIIRS,N,0.5,0.41,2.0NRT
15.17563,76.67879,2026-09-05,2012,2026-09-05 20:12:00,309.68,292.9,2.87,n,N21,VIIRS,N,0.5,0.41,2.0NRT
15.17502,76.65514,2026-09-05,2012,2026-09-05 20:12:00,324.56,293.97,4.05,n,N21,VIIRS,N,0.5,0.41,2.0NRT
15.17434,76.67606,2026-09-05,2012,2026-09-05 20:12:00,305.63,291.88,1.45,n,N21,VIIRS,N,0.5,0.41,2.0NRT
15.17387,76.65245,2026-09-05,2012,2026-09-05 20:12:00,314.05,291.55,2.61,n,N21,VIIRS,N,0.5,0.41,2.0NRT
15.17375,76.6927,2026-09-05,2012,2026-09-05 20:12:00,315.48,292.3,2.55,n,N21,VIIRS,N,0.5,0.41,2.0NRT
15.16609,76.37775,2026-09-05,2012,2026-09-05 20:12:00,303.82,290.84,1.2,n,N21,VIIRS,N,0.52,0.41,2.0NRT
17.08061,79.32659,2026-09-05,2012,2026-09-05 20:12:00,310.3,275.83,1.28,n,N21,VIIRS,N,0.41,0.37,2.0NRT
15.02176,78.01606,2026-09-05,2012,2026-09-05 20:12:00,318.16,296.52,1.73,n,N21,VIIRS,N,0.43,0.38,2.0NRT
15.02234,78.01205,2026-09-05,2012,2026-09-05 20:12:00,308.61,294.74,1.24,n,N21,VIIRS,N,0.43,0.38,2.0NRT
17.62253,83.19462,2026-09-05,2012,2026-09-05 20:12:00,310.5,294.19,1.23,n,N21,VIIRS,N,0.41,0.37,2.0NRT
17.6104,83.20434,2026-09-05,2012,2026-09-05 20:12:00,330.16,295.47,3.91,n,N21,VIIRS,N,0.41,0.37,2.0NRT
17.60699,83.20371,2026-09-05,2012,2026-09-05 20:12:00,310.74,294.66,1.1,n,N21,VIIRS,N,0.41,0.37,2.0NRT
17.60359,83.20309,2026-09-05,2012,2026-09-05 20:12:00,311.08,294.39,1.1,n,N21,VIIRS,N,0.41,0.37,2.0NRT
17.4632,80.65212,2026-09-05,2012,2026-09-05 20:12:00,310.59,289.62,1.14,n,N21,VIIRS,N,0.39,0.36,2.0NRT
17.69201,83.24284,2026-09-05,2012,2026-09-05 20:12:00,315.25,293.91,2.79,n,N21,VIIRS,N,0.42,0.37,2.0NRT
17.14211,77.18413,2026-09-05,2012,2026-09-05 20:12:00,309.55,292.69,3.88,n,N21,VIIRS,N,0.49,0.41,2.0NRT
17.08116,79.32281,2026-09-05,2012,2026-09-05 20:12:00,308.76,276.7,1.28,n,N21,VIIRS,N,0.41,0.37,2.0NRT
17.06219,76.97944,2026-09-05,2012,2026-09-05 20:12:00,307.89,292.18,1.92,n,N21,VIIRS,N,0.51,0.41,2.0NRT
13.37448,78.87302,2026-09-05,2012,2026-09-05 20:12:00,304.49,292.03,0.63,n,N21,VIIRS,N,0.4,0.37,2.0NRT
13.70996,79.61896,2026-09-05,2012,2026-09-05 20:12:00,311.56,295.77,1.22,n,N21,VIIRS,N,0.39,0.36,2.0NRT
14.14932,77.59215,2026-09-05,2012,2026-09-05 20:12:00,330.34,294.88,4.01,n,N21,VIIRS,N,0.44,0.38,2.0NRT
14.60506,78.52165,2026-09-05,2012,2026-09-05 20:12:00,312.98,296.64,1.12,n,N21,VIIRS,N,0.41,0.37,2.0NRT
17.13967,77.17435,2026-09-05,2012,2026-09-05 20:12:00,310.04,293.07,4.25,n,N21,VIIRS,N,0.49,0.41,2.0NRT
18.72084,79.53776,2026-09-05,2012,2026-09-05 20:12:00,312.1,292.04,2.03,n,N21,VIIRS,N,0.41,0.37,2.0NRT
8.67761,77.63989,2026-09-05,2014,2026-09-05 20:14:00,315.85,287.39,2.61,n,N21,VIIRS,N,0.4,0.37,2.0NRT
8.70224,78.05685,2026-09-05,2014,2026-09-05 20:14:00,307.38,285.29,1.29,n,N21,VIIRS,N,0.39,0.36,2.0NRT
11.94986,76.94534,2026-09-05,2014,2026-09-05 20:14:00,307.4,289.7,1.03,n,N21,VIIRS,N,0.45,0.39,2.0NRT
12.62565,79.78779,2026-09-05,2014,2026-09-05 20:14:00,314.52,290.27,2.0,n,N21,VIIRS,N,0.38,0.36,2.0NRT
13.4158,75.98129,2026-09-05,2014,2026-09-05 20:14:00,309.57,291.52,1.67,n,N21,VIIRS,N,0.52,0.41,2.0NRT
12.80543,77.43291,2026-09-05,2014,2026-09-05 20:14:00,306.42,290.17,0.66,n,N21,VIIRS,N,0.44,0.38,2.0NRT
13.01668,77.74179,2026-09-05,2014,2026-09-05 20:14:00,303.01,290.02,0.5,n,N21,VIIRS,N,0.43,0.38,2.0NRT
12.95159,79.9017,2026-09-05,2014,2026-09-05 20:14:00,308.28,292.92,0.77,n,N21,VIIRS,N,0.38,0.36,2.0NRT
31.25992,76.92314,2026-09-05,2104,2026-09-05 21:04:00,300.63,289.45,0.4,n,N20,VIIRS,N,0.53,0.42,2.0NRT
29.47778,76.85781,2026-09-05,2104,2026-09-05 21:04:00,305.57,290.94,1.29,n,N20,VIIRS,N,0.56,0.43,2.0NRT
24.82338,73.09252,2026-09-05,2106,2026-09-05 21:06:00,304.65,292.58,0.78,n,N20,VIIRS,N,0.44,0.38,2.0NRT
24.8199,73.09176,2026-09-05,2106,2026-09-05 21:06:00,306.36,292.22,0.78,n,N20,VIIRS,N,0.44,0.38,2.0NRT
24.69006,73.00367,2026-09-05,2106,2026-09-05 21:06:00,308.43,292.41,1.18,n,N20,VIIRS,N,0.44,0.38,2.0NRT
21.33948,78.96864,2026-09-05,2106,2026-09-05 21:06:00,306.66,286.14,0.7,n,N20,VIIRS,N,0.36,0.57,2.0NRT
23.30572,70.47698,2026-09-05,2106,2026-09-05 21:06:00,308.73,294.21,1.1,n,N20,VIIRS,N,0.39,0.36,2.0NRT
22.41734,69.04001,2026-09-05,2106,2026-09-05 21:06:00,305.17,292.74,1.21,n,N20,VIIRS,N,0.39,0.36,2.0NRT
20.91168,71.4588,2026-09-05,2106,2026-09-05 21:06:00,315.76,294.24,1.32,n,N20,VIIRS,N,0.42,0.38,2.0NRT
19.10254,82.16389,2026-09-05,2106,2026-09-05 21:06:00,306.83,284.85,1.65,n,N20,VIIRS,N,0.64,0.72,2.0NRT
19.10114,82.16985,2026-09-05,2106,2026-09-05 21:06:00,299.56,284.92,1.41,n,N20,VIIRS,N,0.64,0.72,2.0NRT
23.3177,70.48697,2026-09-05,2106,2026-09-05 21:06:00,305.42,294.26,0.98,n,N20,VIIRS,N,0.39,0.36,2.0NRT
21.1022,72.63403,2026-09-05,2106,2026-09-05 21:06:00,303.0,289.7,2.97,n,N20,VIIRS,N,0.46,0.39,2.0NRT
15.18026,76.65346,2026-09-05,2108,2026-09-05 21:08:00,304.16,288.74,0.73,n,N20,VIIRS,N,0.34,0.56,2.0NRT
15.33788,76.27744,2026-09-05,2108,2026-09-05 21:08:00,309.63,289.55,2.58,n,N20,VIIRS,N,0.63,0.54,2.0NRT
15.86784,79.38237,2026-09-05,2108,2026-09-05 21:08:00,317.85,278.42,1.71,n,N20,VIIRS,N,0.49,0.65,2.0NRT
15.86545,79.38067,2026-09-05,2108,2026-09-05 21:08:00,326.38,278.45,2.76,n,N20,VIIRS,N,0.49,0.65,2.0NRT
15.86193,79.38101,2026-09-05,2108,2026-09-05 21:08:00,300.06,278.62,1.73,n,N20,VIIRS,N,0.49,0.65,2.0NRT
15.65885,73.98855,2026-09-05,2108,2026-09-05 21:08:00,310.57,289.49,1.39,n,N20,VIIRS,N,0.44,0.46,2.0NRT
17.142,77.18357,2026-09-05,2108,2026-09-05 21:08:00,304.72,289.48,0.53,n,N20,VIIRS,N,0.33,0.56,2.0NRT
15.2252,76.76069,2026-09-05,2108,2026-09-05 21:08:00,303.33,288.64,0.86,n,N20,VIIRS,N,0.34,0.56,2.0NRT
15.22457,76.7638,2026-09-05,2108,2026-09-05 21:08:00,306.29,289.33,0.92,n,N20,VIIRS,N,0.34,0.56,2.0NRT
15.19864,76.37866,2026-09-05,2108,2026-09-05 21:08:00,304.09,288.49,0.76,n,N20,VIIRS,N,0.32,0.55,2.0NRT
11.63562,77.6582,2026-09-05,2108,2026-09-05 21:08:00,304.36,284.92,1.07,n,N20,VIIRS,N,0.46,0.63,2.0NRT
13.41738,75.9798,2026-09-05,2108,2026-09-05 21:08:00,302.16,289.92,0.4,n,N20,VIIRS,N,0.33,0.55,2.0NRT
13.89865,76.5645,2026-09-05,2108,2026-09-05 21:08:00,307.32,291.3,0.66,n,N20,VIIRS,N,0.35,0.57,2.0NRT
14.15109,77.59263,2026-09-05,2108,2026-09-05 21:08:00,304.87,290.68,1.0,n,N20,VIIRS,N,0.41,0.6,2.0NRT
14.15187,77.58869,2026-09-05,2108,2026-09-05 21:08:00,308.89,290.73,1.17,n,N20,VIIRS,N,0.41,0.6,2.0NRT
15.07157,76.86669,2026-09-05,2108,2026-09-05 21:08:00,303.27,289.42,1.31,n,N20,VIIRS,N,0.35,0.57,2.0NRT
15.07222,76.8634,2026-09-05,2108,2026-09-05 21:08:00,304.51,289.46,1.18,n,N20,VIIRS,N,0.35,0.57,2.0NRT
15.13699,76.71162,2026-09-05,2108,2026-09-05 21:08:00,302.57,288.5,0.67,n,N20,VIIRS,N,0.34,0.56,2.0NRT
15.13762,76.70852,2026-09-05,2108,2026-09-05 21:08:00,308.77,288.73,0.94,n,N20,VIIRS,N,0.34,0.56,2.0NRT
15.16696,76.37938,2026-09-05,2108,2026-09-05 21:08:00,303.96,289.11,0.6,n,N20,VIIRS,N,0.32,0.55,2.0NRT
15.17523,76.65232,2026-09-05,2108,2026-09-05 21:08:00,303.49,288.48,0.73,n,N20,VIIRS,N,0.34,0.56,2.0NRT
15.18284,76.66691,2026-09-05,2108,2026-09-05 21:08:00,308.78,289.42,1.37,n,N20,VIIRS,N,0.34,0.56,2.0NRT
15.17531,76.78477,2026-09-05,2108,2026-09-05 21:08:00,303.99,289.4,0.99,n,N20,VIIRS,N,0.34,0.56,2.0NRT
15.17597,76.675,2026-09-05,2108,2026-09-05 21:08:00,317.24,289.07,1.81,n,N20,VIIRS,N,0.34,0.56,2.0NRT
15.1776,77.10127,2026-09-05,2108,2026-09-05 21:08:00,312.62,289.71,1.56,n,N20,VIIRS,N,0.36,0.57,2.0NRT
15.17965,76.65654,2026-09-05,2108,2026-09-05 21:08:00,312.82,289.26,2.34,n,N20,VIIRS,N,0.34,0.56,2.0NRT
17.95665,80.78942,2026-09-05,2108,2026-09-05 21:08:00,306.24,285.94,1.7,n,N20,VIIRS,N,0.55,0.68,2.0NRT
17.9612,80.79105,2026-09-05,2108,2026-09-05 21:08:00,309.72,286.8,2.13,n,N20,VIIRS,N,0.55,0.68,2.0NRT
18.71488,79.53679,2026-09-05,2108,2026-09-05 21:08:00,301.81,286.07,1.16,n,N20,VIIRS,N,0.44,0.63,2.0NRT
17.08589,79.32469,2026-09-05,2108,2026-09-05 21:08:00,303.71,271.13,1.23,n,N20,VIIRS,N,0.46,0.64,2.0NRT
17.08617,79.32299,2026-09-05,2108,2026-09-05 21:08:00,297.99,271.15,1.33,n,N20,VIIRS,N,0.46,0.64,2.0NRT
27.87482,96.91916,2026-09-06,544,2026-09-06 05:44:00,325.16,288.27,9.28,n,N21,VIIRS,D,0.62,0.71,2.0NRT
27.87494,96.92095,2026-09-06,640,2026-09-06 06:40:00,331.02,296.46,5.75,n,N20,VIIRS,D,0.39,0.36,2.0NRT
27.87556,96.92477,2026-09-06,640,2026-09-06 06:40:00,338.88,297.66,5.75,n,N20,VIIRS,D,0.39,0.36,2.0NRT
10.3562,79.15823,2026-09-06,720,2026-09-06 07:20:00,339.14,286.24,5.56,n,N21,VIIRS,D,0.47,0.64,2.0NRT
10.35633,79.15871,2026-09-06,720,2026-09-06 07:20:00,337.42,286.42,6.29,n,N21,VIIRS,D,0.47,0.64,2.0NRT
10.89275,77.62709,2026-09-06,720,2026-09-06 07:20:00,335.17,290.69,7.34,n,N21,VIIRS,D,0.58,0.7,2.0NRT
10.93033,78.4953,2026-09-06,720,2026-09-06 07:20:00,331.85,289.5,3.63,n,N21,VIIRS,D,0.51,0.66,2.0NRT
10.94046,78.16074,2026-09-06,720,2026-09-06 07:20:00,342.28,285.74,3.88,n,N21,VIIRS,D,0.54,0.68,2.0NRT
11.62928,76.9966,2026-09-06,720,2026-09-06 07:20:00,333.19,288.3,10.29,n,N21,VIIRS,D,0.63,0.72,2.0NRT
9.77767,78.38486,2026-09-06,720,2026-09-06 07:20:00,346.77,285.86,11.04,n,N21,VIIRS,D,0.54,0.68,2.0NRT
9.06089,77.65742,2026-09-06,720,2026-09-06 07:20:00,330.2,289.16,6.47,n,N21,VIIRS,D,0.63,0.72,2.0NRT
16.5745,79.53558,2026-09-06,722,2026-09-06 07:22:00,337.48,295.02,3.57,n,N21,VIIRS,D,0.34,0.56,2.0NRT
17.85695,82.5862,2026-09-06,722,2026-09-06 07:22:00,340.58,299.03,13.78,n,N21,VIIRS,D,0.41,0.45,2.0NRT
18.34005,83.61451,2026-09-06,722,2026-09-06 07:22:00,341.79,299.78,6.89,n,N21,VIIRS,D,0.52,0.42,2.0NRT
27.98621,96.97636,2026-09-06,724,2026-09-06 07:24:00,336.58,291.79,6.46,n,N21,VIIRS,D,0.44,0.63,2.0NRT
27.37982,95.33495,2026-09-06,724,2026-09-06 07:24:00,331.0,289.17,3.08,n,N21,VIIRS,D,0.34,0.56,2.0NRT
27.98455,96.97561,2026-09-06,724,2026-09-06 07:24:00,328.55,290.76,6.63,n,N21,VIIRS,D,0.44,0.63,2.0NRT
26.75753,91.44517,2026-09-06,724,2026-09-06 07:24:00,339.79,292.25,5.19,n,N21,VIIRS,D,0.39,0.44,2.0NRT
10.85708,77.46764,2026-09-06,816,2026-09-06 08:16:00,340.33,308.54,6.24,n,N20,VIIRS,D,0.39,0.36,2.0NRT
10.92834,77.06563,2026-09-06,816,2026-09-06 08:16:00,340.58,305.61,3.82,n,N20,VIIRS,D,0.38,0.36,2.0NRT
10.92934,78.49602,2026-09-06,816,2026-09-06 08:16:00,347.17,297.66,7.02,n,N20,VIIRS,D,0.4,0.37,2.0NRT
11.1039,77.41711,2026-09-06,816,2026-09-06 08:16:00,342.02,307.69,8.8,n,N20,VIIRS,D,0.39,0.36,2.0NRT
11.03685,78.74722,2026-09-06,816,2026-09-06 08:16:00,339.8,298.27,8.68,n,N20,VIIRS,D,0.41,0.37,2.0NRT
11.19163,79.82079,2026-09-06,816,2026-09-06 08:16:00,336.11,293.65,1.99,n,N20,VIIRS,D,0.45,0.39,2.0NRT
11.12472,77.62248,2026-09-06,816,2026-09-06 08:16:00,336.38,300.0,3.95,n,N20,VIIRS,D,0.39,0.36,2.0NRT
11.27019,77.4155,2026-09-06,816,2026-09-06 08:16:00,336.34,303.7,5.59,n,N20,VIIRS,D,0.39,0.36,2.0NRT
10.80177,77.80022,2026-09-06,816,2026-09-06 08:16:00,340.26,305.63,10.41,n,N20,VIIRS,D,0.39,0.36,2.0NRT
10.9437,78.16061,2026-09-06,816,2026-09-06 08:16:00,343.17,302.39,14.29,n,N20,VIIRS,D,0.39,0.37,2.0NRT
10.76739,76.23816,2026-09-06,816,2026-09-06 08:16:00,335.87,293.55,2.63,n,N20,VIIRS,D,0.39,0.36,2.0NRT
9.69133,77.8183,2026-09-06,816,2026-09-06 08:16:00,347.18,301.97,5.7,n,N20,VIIRS,D,0.39,0.36,2.0NRT
10.40158,79.16486,2026-09-06,816,2026-09-06 08:16:00,336.74,300.75,5.23,n,N20,VIIRS,D,0.42,0.37,2.0NRT
10.39079,79.30653,2026-09-06,816,2026-09-06 08:16:00,333.3,296.99,2.61,n,N20,VIIRS,D,0.42,0.38,2.0NRT
9.71985,78.95872,2026-09-06,816,2026-09-06 08:16:00,338.14,300.04,2.51,n,N20,VIIRS,D,0.41,0.37,2.0NRT
9.69185,77.82179,2026-09-06,816,2026-09-06 08:16:00,341.88,300.58,5.7,n,N20,VIIRS,D,0.39,0.36,2.0NRT
9.68716,78.94857,2026-09-06,816,2026-09-06 08:16:00,337.54,300.0,1.65,n,N20,VIIRS,D,0.41,0.37,2.0NRT
9.63564,77.72035,2026-09-06,816,2026-09-06 08:16:00,339.18,305.4,8.97,n,N20,VIIRS,D,0.39,0.36,2.0NRT
11.50757,79.17319,2026-09-06,816,2026-09-06 08:16:00,336.38,297.05,2.86,n,N20,VIIRS,D,0.43,0.38,2.0NRT
10.71976,77.59386,2026-09-06,816,2026-09-06 08:16:00,341.83,309.37,7.51,n,N20,VIIRS,D,0.39,0.36,2.0NRT
11.77753,78.95534,2026-09-06,816,2026-09-06 08:16:00,334.49,297.96,1.79,n,N20,VIIRS,D,0.42,0.38,2.0NRT
15.17512,76.65694,2026-09-06,816,2026-09-06 08:16:00,346.01,308.7,6.8,n,N20,VIIRS,D,0.39,0.36,2.0NRT
12.93012,78.92313,2026-09-06,816,2026-09-06 08:16:00,334.35,299.34,2.48,n,N20,VIIRS,D,0.43,0.38,2.0NRT
16.07799,79.995,2026-09-06,816,2026-09-06 08:16:00,336.81,296.71,7.28,n,N20,VIIRS,D,0.52,0.41,2.0NRT
15.99101,76.4836,2026-09-06,816,2026-09-06 08:16:00,341.67,304.73,3.54,n,N20,VIIRS,D,0.39,0.36,2.0NRT
15.91067,80.06923,2026-09-06,816,2026-09-06 08:16:00,337.3,290.29,5.49,n,N20,VIIRS,D,0.52,0.42,2.0NRT
15.49023,77.78264,2026-09-06,816,2026-09-06 08:16:00,337.37,300.66,2.16,n,N20,VIIRS,D,0.41,0.37,2.0NRT
15.18472,76.31614,2026-09-06,816,2026-09-06 08:16:00,334.3,303.79,3.42,n,N20,VIIRS,D,0.38,0.36,2.0NRT
15.18073,76.85435,2026-09-06,816,2026-09-06 08:16:00,337.89,306.7,5.41,n,N20,VIIRS,D,0.39,0.36,2.0NRT
15.17384,76.69377,2026-09-06,816,2026-09-06 08:16:00,336.43,306.25,2.87,n,N20,VIIRS,D,0.39,0.36,2.0NRT
15.08338,77.32011,2026-09-06,816,2026-09-06 08:16:00,343.03,305.11,8.28,n,N20,VIIRS,D,0.4,0.37,2.0NRT
14.94066,77.56884,2026-09-06,816,2026-09-06 08:16:00,333.46,303.35,6.13,n,N20,VIIRS,D,0.4,0.37,2.0NRT
14.88016,77.46104,2026-09-06,816,2026-09-06 08:16:00,332.67,302.42,3.99,n,N20,VIIRS,D,0.4,0.37,2.0NRT
14.80499,79.02848,2026-09-06,816,2026-09-06 08:16:00,341.25,287.86,6.78,n,N20,VIIRS,D,0.45,0.39,2.0NRT
14.7934,77.75158,2026-09-06,816,2026-09-06 08:16:00,339.31,306.25,6.86,n,N20,VIIRS,D,0.4,0.37,2.0NRT
14.79286,77.74784,2026-09-06,816,2026-09-06 08:16:00,338.51,307.33,7.11,n,N20,VIIRS,D,0.4,0.37,2.0NRT
14.7651,77.04733,2026-09-06,816,2026-09-06 08:16:00,347.22,307.53,8.96,n,N20,VIIRS,D,0.39,0.36,2.0NRT
14.56635,77.9285,2026-09-06,816,2026-09-06 08:16:00,337.95,302.4,4.01,n,N20,VIIRS,D,0.41,0.37,2.0NRT
14.48702,78.5662,2026-09-06,816,2026-09-06 08:16:00,332.82,295.59,3.75,n,N20,VIIRS,D,0.43,0.38,2.0NRT
14.46042,77.28085,2026-09-06,816,2026-09-06 08:16:00,339.89,307.1,7.67,n,N20,VIIRS,D,0.39,0.36,2.0NRT
14.41287,78.34174,2026-09-06,816,2026-09-06 08:16:00,339.28,295.97,4.97,n,N20,VIIRS,D,0.42,0.38,2.0NRT
14.40978,78.3418,2026-09-06,816,2026-09-06 08:16:00,338.03,295.11,5.06,n,N20,VIIRS,D,0.42,0.38,2.0NRT
14.24582,77.22956,2026-09-06,816,2026-09-06 08:16:00,338.79,306.51,4.51,n,N20,VIIRS,D,0.39,0.36,2.0NRT
14.12156,77.65474,2026-09-06,816,2026-09-06 08:16:00,331.55,300.58,1.97,n,N20,VIIRS,D,0.4,0.37,2.0NRT
13.22674,78.14415,2026-09-06,816,2026-09-06 08:16:00,341.57,303.09,5.97,n,N20,VIIRS,D,0.41,0.37,2.0NRT
13.04957,78.27469,2026-09-06,816,2026-09-06 08:16:00,341.92,306.63,10.37,n,N20,VIIRS,D,0.41,0.37,2.0NRT
12.93068,78.92706,2026-09-06,816,2026-09-06 08:16:00,334.58,299.93,2.48,n,N20,VIIRS,D,0.43,0.38,2.0NRT
11.81078,77.92136,2026-09-06,816,2026-09-06 08:16:00,339.74,301.72,4.8,n,N20,VIIRS,D,0.39,0.36,2.0NRT
10.94035,78.16111,2026-09-06,816,2026-09-06 08:16:00,354.38,305.29,27.32,n,N20,VIIRS,D,0.39,0.37,2.0NRT
8.64208,78.06361,2026-09-06,816,2026-09-06 08:16:00,337.16,302.68,4.23,n,N20,VIIRS,D,0.39,0.36,2.0NRT
8.64155,78.06013,2026-09-06,816,2026-09-06 08:16:00,335.38,303.31,4.76,n,N20,VIIRS,D,0.39,0.36,2.0NRT
8.63825,78.06062,2026-09-06,816,2026-09-06 08:16:00,337.95,301.2,2.55,n,N20,VIIRS,D,0.39,0.36,2.0NRT
8.60927,77.95816,2026-09-06,816,2026-09-06 08:16:00,338.51,304.16,4.67,n,N20,VIIRS,D,0.39,0.36,2.0NRT
8.58826,78.02264,2026-09-06,816,2026-09-06 08:16:00,342.12,304.31,6.38,n,N20,VIIRS,D,0.39,0.36,2.0NRT
8.49291,77.97705,2026-09-06,816,2026-09-06 08:16:00,347.7,303.95,7.11,n,N20,VIIRS,D,0.39,0.36,2.0NRT
8.77137,77.9758,2026-09-06,816,2026-09-06 08:16:00,348.15,308.01,15.66,n,N20,VIIRS,D,0.39,0.36,2.0NRT
9.36442,77.60989,2026-09-06,816,2026-09-06 08:16:00,339.27,300.83,3.3,n,N20,VIIRS,D,0.38,0.36,2.0NRT
9.28078,78.9957,2026-09-06,816,2026-09-06 08:16:00,336.14,299.24,3.13,n,N20,VIIRS,D,0.4,0.37,2.0NRT
9.26098,79.3089,2026-09-06,816,2026-09-06 08:16:00,334.13,298.56,2.09,n,N20,VIIRS,D,0.41,0.37,2.0NRT
9.2399,78.45236,2026-09-06,816,2026-09-06 08:16:00,336.7,302.61,3.4,n,N20,VIIRS,D,0.39,0.36,2.0NRT
9.23043,78.75058,2026-09-06,816,2026-09-06 08:16:00,337.79,301.47,2.36,n,N20,VIIRS,D,0.4,0.37,2.0NRT
9.01616,77.9118,2026-09-06,816,2026-09-06 08:16:00,347.92,304.77,12.51,n,N20,VIIRS,D,0.39,0.36,2.0NRT
21.92242,83.35114,2026-09-06,818,2026-09-06 08:18:00,333.64,288.87,5.12,n,N20,VIIRS,D,0.33,0.55,2.0NRT
21.92057,83.35059,2026-09-06,818,2026-09-06 08:18:00,336.8,290.09,4.0,n,N20,VIIRS,D,0.33,0.55,2.0NRT
21.80248,83.89297,2026-09-06,818,2026-09-06 08:18:00,335.05,289.94,2.6,n,N20,VIIRS,D,0.36,0.57,2.0NRT
21.75536,83.84563,2026-09-06,818,2026-09-06 08:18:00,332.59,289.17,4.2,n,N20,VIIRS,D,0.36,0.57,2.0NRT
21.75508,83.84409,2026-09-06,818,2026-09-06 08:18:00,337.24,289.89,4.68,n,N20,VIIRS,D,0.35,0.57,2.0NRT
21.74976,83.84266,2026-09-06,818,2026-09-06 08:18:00,334.32,288.18,2.88,n,N20,VIIRS,D,0.35,0.57,2.0NRT
21.7445,83.84317,2026-09-06,818,2026-09-06 08:18:00,345.54,285.43,2.88,n,N20,VIIRS,D,0.35,0.57,2.0NRT
21.10677,72.64597,2026-09-06,818,2026-09-06 08:18:00,342.58,301.86,17.78,n,N20,VIIRS,D,0.41,0.37,2.0NRT
21.10338,72.6466,2026-09-06,818,2026-09-06 08:18:00,336.51,301.02,7.78,l,N20,VIIRS,D,0.41,0.37,2.0NRT
20.9636,86.00854,2026-09-06,818,2026-09-06 08:18:00,328.2,289.11,4.5,n,N20,VIIRS,D,0.48,0.65,2.0NRT
21.10128,72.65502,2026-09-06,818,2026-09-06 08:18:00,335.5,299.25,5.59,l,N20,VIIRS,D,0.41,0.37,2.0NRT
18.28999,83.99493,2026-09-06,818,2026-09-06 08:18:00,330.29,293.33,2.83,n,N20,VIIRS,D,0.33,0.55,2.0NRT
17.78408,75.71846,2026-09-06,818,2026-09-06 08:18:00,331.24,300.33,3.33,n,N20,VIIRS,D,0.38,0.36,2.0NRT
17.31742,81.12641,2026-09-06,818,2026-09-06 08:18:00,340.08,293.92,2.98,n,N20,VIIRS,D,0.42,0.45,2.0NRT
17.17197,80.99033,2026-09-06,818,2026-09-06 08:18:00,332.62,294.98,3.92,n,N20,VIIRS,D,0.41,0.45,2.0NRT
17.1715,80.98653,2026-09-06,818,2026-09-06 08:18:00,341.76,297.93,5.19,n,N20,VIIRS,D,0.41,0.45,2.0NRT
17.13425,80.19149,2026-09-06,818,2026-09-06 08:18:00,330.53,291.93,2.86,n,N20,VIIRS,D,0.55,0.42,2.0NRT
16.39573,78.35094,2026-09-06,818,2026-09-06 08:18:00,334.08,297.6,2.65,n,N20,VIIRS,D,0.44,0.38,2.0NRT
16.31662,77.81316,2026-09-06,818,2026-09-06 08:18:00,330.14,298.24,1.62,n,N20,VIIRS,D,0.42,0.37,2.0NRT
21.10146,72.63491,2026-09-06,818,2026-09-06 08:18:00,336.9,300.88,8.87,n,N20,VIIRS,D,0.41,0.37,2.0NRT
22.49699,70.026,2026-09-06,820,2026-09-06 08:20:00,338.11,300.52,7.52,n,N20,VIIRS,D,0.5,0.41,2.0NRT
25.70864,73.5811,2026-09-06,820,2026-09-06 08:20:00,335.02,303.1,3.26,n,N20,VIIRS,D,0.38,0.36,2.0NRT
31.99819,78.26247,2026-09-06,822,2026-09-06 08:22:00,349.53,315.66,14.92,n,N20,VIIRS,D,0.43,0.46,2.0NRT
9.01685,77.36189,2026-09-06,900,2026-09-06 09:00:00,330.32,290.0,2.82,n,N21,VIIRS,D,0.64,0.72,2.0NRT
14.60401,76.94505,2026-09-06,902,2026-09-06 09:02:00,337.41,292.54,11.72,n,N21,VIIRS,D,0.71,0.75,2.0NRT
23.1795,68.86138,2026-09-06,905,2026-09-06 09:05:00,345.87,298.93,9.5,n,N21,VIIRS,D,0.52,0.5,2.0NRT
23.17906,68.86296,2026-09-06,905,2026-09-06 09:05:00,341.75,298.62,7.71,n,N21,VIIRS,D,0.52,0.5,2.0NRT
22.49434,70.02252,2026-09-06,905,2026-09-06 09:05:00,334.17,295.48,4.24,n,N21,VIIRS,D,0.61,0.53,2.0NRT
21.10568,72.64432,2026-09-06,905,2026-09-06 09:05:00,346.09,288.81,7.04,n,N21,VIIRS,D,0.44,0.62,2.0NRT
21.10248,72.64528,2026-09-06,905,2026-09-06 09:05:00,336.07,287.71,4.62,n,N21,VIIRS,D,0.44,0.62,2.0NRT
26.77205,94.50575,2026-09-06,1904,2026-09-06 19:04:00,307.34,289.01,2.39,n,N20,VIIRS,N,0.43,0.46,2.0NRT
27.60703,95.40102,2026-09-06,1904,2026-09-06 19:04:00,308.03,289.98,1.33,n,N20,VIIRS,N,0.4,0.44,2.0NRT
27.4684,95.42167,2026-09-06,1904,2026-09-06 19:04:00,306.34,289.87,1.59,n,N20,VIIRS,N,0.39,0.44,2.0NRT
27.46209,95.47723,2026-09-06,1904,2026-09-06 19:04:00,307.11,289.77,3.02,n,N20,VIIRS,N,0.39,0.44,2.0NRT
27.46147,95.4744,2026-09-06,1904,2026-09-06 19:04:00,308.8,289.8,2.91,n,N20,VIIRS,N,0.39,0.44,2.0NRT
22.5761,85.89494,2026-09-06,1906,2026-09-06 19:06:00,311.96,283.58,5.09,n,N20,VIIRS,N,0.68,0.74,2.0NRT
23.61522,86.78616,2026-09-06,1906,2026-09-06 19:06:00,301.38,278.86,2.27,n,N20,VIIRS,N,0.61,0.71,2.0NRT
20.79315,85.24971,2026-09-06,1906,2026-09-06 19:06:00,302.34,283.59,4.78,n,N20,VIIRS,N,0.72,0.75,2.0NRT
20.9736,85.17626,2026-09-06,1906,2026-09-06 19:06:00,304.78,284.46,2.43,n,N20,VIIRS,N,0.73,0.76,2.0NRT
20.7617,85.29582,2026-09-06,1906,2026-09-06 19:06:00,307.43,284.38,3.49,n,N20,VIIRS,N,0.71,0.75,2.0NRT
20.76221,85.2887,2026-09-06,1906,2026-09-06 19:06:00,303.39,284.33,4.01,n,N20,VIIRS,N,0.71,0.75,2.0NRT
20.76294,85.29334,2026-09-06,1906,2026-09-06 19:06:00,312.9,284.32,4.71,n,N20,VIIRS,N,0.71,0.75,2.0NRT
20.88829,84.98077,2026-09-06,1906,2026-09-06 19:06:00,301.28,283.86,1.3,n,N20,VIIRS,N,0.75,0.77,2.0NRT
20.88878,84.97369,2026-09-06,1906,2026-09-06 19:06:00,302.11,283.53,1.3,n,N20,VIIRS,N,0.75,0.77,2.0NRT
20.95772,85.00848,2026-09-06,1906,2026-09-06 19:06:00,301.26,284.55,2.16,n,N20,VIIRS,N,0.75,0.77,2.0NRT
20.96281,86.00195,2026-09-06,1906,2026-09-06 19:06:00,313.96,274.27,3.3,n,N20,VIIRS,N,0.64,0.72,2.0NRT
21.54451,87.26418,2026-09-06,1906,2026-09-06 19:06:00,295.21,283.13,4.53,n,N20,VIIRS,N,0.54,0.68,2.0NRT
20.96711,85.16849,2026-09-06,1906,2026-09-06 19:06:00,306.05,284.62,2.43,n,N20,VIIRS,N,0.73,0.76,2.0NRT
20.97172,85.17448,2026-09-06,1906,2026-09-06 19:06:00,306.84,284.44,1.82,n,N20,VIIRS,N,0.73,0.76,2.0NRT
20.96766,85.16129,2026-09-06,1906,2026-09-06 19:06:00,303.68,284.51,2.67,n,N20,VIIRS,N,0.73,0.76,2.0NRT
28.34819,77.22955,2026-09-06,1949,2026-09-06 19:49:00,305.35,280.96,1.15,n,N21,VIIRS,N,0.44,0.62,2.0NRT
29.47548,76.85191,2026-09-06,1949,2026-09-06 19:49:00,304.26,290.19,3.72,n,N21,VIIRS,N,0.47,0.64,2.0NRT
29.47515,76.85677,2026-09-06,1949,2026-09-06 19:49:00,331.04,290.31,5.28,n,N21,VIIRS,N,0.47,0.64,2.0NRT
29.47356,76.85158,2026-09-06,1949,2026-09-06 19:49:00,302.93,289.78,3.15,n,N21,VIIRS,N,0.47,0.64,2.0NRT
29.47326,76.85646,2026-09-06,1949,2026-09-06 19:49:00,324.33,290.26,4.33,n,N21,VIIRS,N,0.47,0.64,2.0NRT
28.77802,76.94595,2026-09-06,1949,2026-09-06 19:49:00,304.33,289.64,1.37,n,N21,VIIRS,N,0.46,0.63,2.0NRT
27.37821,95.33459,2026-09-06,1949,2026-09-06 19:49:00,305.64,288.04,2.09,n,N21,VIIRS,N,0.47,0.47,2.0NRT
27.32282,95.27635,2026-09-06,1949,2026-09-06 19:49:00,306.54,289.34,2.59,n,N21,VIIRS,N,0.46,0.47,2.0NRT
27.3179,95.26727,2026-09-06,1949,2026-09-06 19:49:00,307.94,289.22,1.68,n,N21,VIIRS,N,0.46,0.47,2.0NRT
27.31623,95.26494,2026-09-06,1949,2026-09-06 19:49:00,305.56,288.89,1.88,n,N21,VIIRS,N,0.46,0.47,2.0NRT
24.20427,82.70858,2026-09-06,1949,2026-09-06 19:49:00,297.39,270.96,1.13,n,N21,VIIRS,N,0.54,0.42,2.0NRT
24.15831,82.56628,2026-09-06,1949,2026-09-06 19:49:00,305.94,282.34,1.9,n,N21,VIIRS,N,0.55,0.43,2.0NRT
23.61466,86.79137,2026-09-06,1949,2026-09-06 19:49:00,308.98,286.72,1.61,n,N21,VIIRS,N,0.39,0.36,2.0NRT
23.48274,87.36269,2026-09-06,1949,2026-09-06 19:49:00,312.05,292.75,3.34,n,N21,VIIRS,N,0.38,0.36,2.0NRT
18.71861,79.50751,2026-09-06,1951,2026-09-06 19:51:00,320.2,292.32,2.19,n,N21,VIIRS,N,0.48,0.48,2.0NRT
19.0963,82.16698,2026-09-06,1951,2026-09-06 19:51:00,318.95,290.87,2.64,n,N21,VIIRS,N,0.51,0.41,2.0NRT
19.10381,82.16806,2026-09-06,1951,2026-09-06 19:51:00,310.01,291.73,1.96,n,N21,VIIRS,N,0.51,0.41,2.0NRT
19.10446,82.16328,2026-09-06,1951,2026-09-06 19:51:00,322.2,290.44,1.96,n,N21,VIIRS,N,0.51,0.41,2.0NRT
19.92065,79.11182,2026-09-06,1951,2026-09-06 19:51:00,308.37,291.33,1.39,n,N21,VIIRS,N,0.53,0.5,2.0NRT
19.9364,73.71198,2026-09-06,1951,2026-09-06 19:51:00,304.75,286.13,1.49,n,N21,VIIRS,N,0.6,0.71,2.0NRT
18.70239,72.87109,2026-09-06,1951,2026-09-06 19:51:00,299.8,287.35,2.22,n,N21,VIIRS,N,0.66,0.73,2.0NRT
17.95671,80.79757,2026-09-06,1951,2026-09-06 19:51:00,308.92,286.23,1.28,n,N21,VIIRS,N,0.39,0.44,2.0NRT
21.48497,81.76863,2026-09-06,1951,2026-09-06 19:51:00,308.04,290.88,1.78,n,N21,VIIRS,N,0.57,0.43,2.0NRT
17.60583,83.20129,2026-09-06,1951,2026-09-06 19:51:00,309.33,288.42,3.22,n,N21,VIIRS,N,0.44,0.38,2.0NRT
19.93681,73.71275,2026-09-06,1951,2026-09-06 19:51:00,302.18,285.75,1.17,n,N21,VIIRS,N,0.6,0.71,2.0NRT
21.68093,84.03916,2026-09-06,1951,2026-09-06 19:51:00,306.01,291.78,2.02,n,N21,VIIRS,N,0.44,0.38,2.0NRT
21.69684,84.0316,2026-09-06,1951,2026-09-06 19:51:00,305.16,291.21,2.18,n,N21,VIIRS,N,0.44,0.38,2.0NRT
21.73716,83.84133,2026-09-06,1951,2026-09-06 19:51:00,306.03,291.7,3.15,n,N21,VIIRS,N,0.45,0.39,2.0NRT
21.74072,83.84187,2026-09-06,1951,2026-09-06 19:51:00,313.14,292.44,3.14,n,N21,VIIRS,N,0.45,0.39,2.0NRT
21.74427,83.8424,2026-09-06,1951,2026-09-06 19:51:00,321.89,292.42,3.14,n,N21,VIIRS,N,0.45,0.39,2.0NRT
17.69401,83.2431,2026-09-06,1951,2026-09-06 19:51:00,307.37,292.97,3.07,n,N21,VIIRS,N,0.44,0.38,2.0NRT
20.69586,78.63654,2026-09-06,1951,2026-09-06 19:51:00,306.64,289.87,1.82,n,N21,VIIRS,N,0.58,0.52,2.0NRT
20.7025,78.62045,2026-09-06,1951,2026-09-06 19:51:00,304.89,290.46,1.43,n,N21,VIIRS,N,0.58,0.52,2.0NRT
20.75834,85.29536,2026-09-06,1951,2026-09-06 19:51:00,307.05,291.92,3.3,n,N21,VIIRS,N,0.4,0.37,2.0NRT
20.96684,85.15375,2026-09-06,1951,2026-09-06 19:51:00,308.85,288.92,3.53,n,N21,VIIRS,N,0.4,0.37,2.0NRT
20.96761,86.01177,2026-09-06,1951,2026-09-06 19:51:00,312.83,293.39,4.63,n,N21,VIIRS,N,0.39,0.36,2.0NRT
20.97534,86.00551,2026-09-06,1951,2026-09-06 19:51:00,313.77,291.69,3.57,n,N21,VIIRS,N,0.39,0.36,2.0NRT
20.99737,86.01688,2026-09-06,1951,2026-09-06 19:51:00,306.61,292.06,3.47,n,N21,VIIRS,N,0.39,0.36,2.0NRT
20.99956,86.02483,2026-09-06,1951,2026-09-06 19:51:00,310.64,292.53,3.29,n,N21,VIIRS,N,0.39,0.36,2.0NRT
21.17984,81.38757,2026-09-06,1951,2026-09-06 19:51:00,334.69,290.64,5.58,n,N21,VIIRS,N,0.4,0.44,2.0NRT
20.96533,86.0493,2026-09-06,1951,2026-09-06 19:51:00,315.3,291.54,4.42,n,N21,VIIRS,N,0.39,0.36,2.0NRT
21.18388,81.38812,2026-09-06,1951,2026-09-06 19:51:00,307.27,289.69,1.97,n,N21,VIIRS,N,0.4,0.44,2.0NRT
21.24511,79.22173,2026-09-06,1951,2026-09-06 19:51:00,300.76,284.94,1.43,n,N21,VIIRS,N,0.54,0.51,2.0NRT
21.33481,78.9703,2026-09-06,1951,2026-09-06 19:51:00,317.42,288.35,2.73,n,N21,VIIRS,N,0.56,0.52,2.0NRT
21.33617,78.97189,2026-09-06,1951,2026-09-06 19:51:00,303.5,287.65,2.19,n,N21,VIIRS,N,0.56,0.52,2.0NRT
21.33674,78.96648,2026-09-06,1951,2026-09-06 19:51:00,312.94,287.88,2.19,n,N21,VIIRS,N,0.56,0.52,2.0NRT
21.37604,81.67924,2026-09-06,1951,2026-09-06 19:51:00,313.69,290.89,5.37,n,N21,VIIRS,N,0.57,0.43,2.0NRT
21.37648,81.64273,2026-09-06,1951,2026-09-06 19:51:00,309.02,289.84,2.47,n,N21,VIIRS,N,0.38,0.43,2.0NRT
21.18746,81.39248,2026-09-06,1951,2026-09-06 19:51:00,307.85,290.36,1.97,n,N21,VIIRS,N,0.39,0.44,2.0NRT
20.9647,86.00729,2026-09-06,1951,2026-09-06 19:51:00,307.27,292.5,2.79,n,N21,VIIRS,N,0.39,0.36,2.0NRT
20.96414,86.01098,2026-09-06,1951,2026-09-06 19:51:00,328.03,292.65,2.79,n,N21,VIIRS,N,0.39,0.36,2.0NRT
20.96139,86.00672,2026-09-06,1951,2026-09-06 19:51:00,329.84,292.1,2.79,n,N21,VIIRS,N,0.39,0.36,2.0NRT
20.76113,85.29971,2026-09-06,1951,2026-09-06 19:51:00,310.07,290.1,2.21,n,N21,VIIRS,N,0.4,0.37,2.0NRT
20.76168,85.29589,2026-09-06,1951,2026-09-06 19:51:00,314.0,292.13,3.23,n,N21,VIIRS,N,0.4,0.37,2.0NRT
20.78345,85.26453,2026-09-06,1951,2026-09-06 19:51:00,322.86,291.6,4.24,n,N21,VIIRS,N,0.4,0.37,2.0NRT
21.67741,84.03861,2026-09-06,1951,2026-09-06 19:51:00,319.51,292.17,2.02,n,N21,VIIRS,N,0.44,0.38,2.0NRT
20.78736,85.2613,2026-09-06,1951,2026-09-06 19:51:00,309.22,289.98,4.23,n,N21,VIIRS,N,0.4,0.37,2.0NRT
20.79518,85.25484,2026-09-06,1951,2026-09-06 19:51:00,322.61,290.58,3.94,n,N21,VIIRS,N,0.4,0.37,2.0NRT
20.79797,85.25918,2026-09-06,1951,2026-09-06 19:51:00,318.29,290.52,3.75,n,N21,VIIRS,N,0.4,0.37,2.0NRT
20.86192,84.98773,2026-09-06,1951,2026-09-06 19:51:00,312.63,289.97,1.65,n,N21,VIIRS,N,0.4,0.37,2.0NRT
20.86473,84.99213,2026-09-06,1951,2026-09-06 19:51:00,307.16,292.27,1.65,n,N21,VIIRS,N,0.4,0.37,2.0NRT
20.8653,84.9883,2026-09-06,1951,2026-09-06 19:51:00,323.32,292.15,1.65,n,N21,VIIRS,N,0.4,0.37,2.0NRT
20.86811,84.9927,2026-09-06,1951,2026-09-06 19:51:00,307.79,292.29,1.47,n,N21,VIIRS,N,0.4,0.37,2.0NRT
20.86867,84.98887,2026-09-06,1951,2026-09-06 19:51:00,306.01,291.79,1.47,n,N21,VIIRS,N,0.4,0.37,2.0NRT
20.88332,84.98332,2026-09-06,1951,2026-09-06 19:51:00,306.85,292.24,2.47,n,N21,VIIRS,N,0.4,0.37,2.0NRT
20.88726,84.98001,2026-09-06,1951,2026-09-06 19:51:00,317.45,292.25,2.84,n,N21,VIIRS,N,0.4,0.37,2.0NRT
20.93917,86.06352,2026-09-06,1951,2026-09-06 19:51:00,322.48,286.25,2.13,n,N21,VIIRS,N,0.39,0.36,2.0NRT
21.67329,84.04231,2026-09-06,1951,2026-09-06 19:51:00,307.47,291.54,1.34,n,N21,VIIRS,N,0.44,0.38,2.0NRT
20.7868,85.26508,2026-09-06,1951,2026-09-06 19:51:00,315.21,291.95,3.82,n,N21,VIIRS,N,0.4,0.37,2.0NRT
21.75138,83.84347,2026-09-06,1951,2026-09-06 19:51:00,307.62,291.53,6.22,n,N21,VIIRS,N,0.45,0.39,2.0NRT
21.75552,84.02353,2026-09-06,1951,2026-09-06 19:51:00,308.12,292.38,3.79,n,N21,VIIRS,N,0.44,0.39,2.0NRT
22.3183,82.56366,2026-09-06,1951,2026-09-06 19:51:00,319.08,290.38,2.06,n,N21,VIIRS,N,0.52,0.42,2.0NRT
22.32086,82.56615,2026-09-06,1951,2026-09-06 19:51:00,311.06,290.47,2.92,n,N21,VIIRS,N,0.53,0.42,2.0NRT
22.32152,82.592,2026-09-06,1951,2026-09-06 19:51:00,311.4,289.16,1.93,n,N21,VIIRS,N,0.52,0.42,2.0NRT
22.32212,82.56421,2026-09-06,1951,2026-09-06 19:51:00,305.79,290.22,2.06,n,N21,VIIRS,N,0.52,0.42,2.0NRT
22.33105,82.60877,2026-09-06,1951,2026-09-06 19:51:00,308.47,287.6,3.44,n,N21,VIIRS,N,0.52,0.42,2.0NRT
22.35644,82.30141,2026-09-06,1951,2026-09-06 19:51:00,314.88,289.64,2.76,n,N21,VIIRS,N,0.54,0.42,2.0NRT
22.35738,82.30347,2026-09-06,1951,2026-09-06 19:51:00,319.05,289.87,4.29,n,N21,VIIRS,N,0.54,0.42,2.0NRT
22.3178,82.53771,2026-09-06,1951,2026-09-06 19:51:00,306.32,290.36,3.07,n,N21,VIIRS,N,0.53,0.42,2.0NRT
22.36474,87.29965,2026-09-06,1951,2026-09-06 19:51:00,320.44,289.36,3.58,n,N21,VIIRS,N,0.38,0.36,2.0NRT
22.79858,86.09092,2026-09-06,1951,2026-09-06 19:51:00,305.09,289.32,2.05,n,N21,VIIRS,N,0.39,0.36,2.0NRT
22.8019,86.09149,2026-09-06,1951,2026-09-06 19:51:00,318.96,289.46,2.05,n,N21,VIIRS,N,0.39,0.36,2.0NRT
23.16361,82.33897,2026-09-06,1951,2026-09-06 19:51:00,317.03,290.2,2.29,n,N21,VIIRS,N,0.55,0.43,2.0NRT
23.16684,82.34496,2026-09-06,1951,2026-09-06 19:51:00,304.82,289.89,1.37,n,N21,VIIRS,N,0.55,0.43,2.0NRT
23.16751,82.33961,2026-09-06,1951,2026-09-06 19:51:00,309.71,290.04,2.29,n,N21,VIIRS,N,0.55,0.43,2.0NRT
21.74782,83.84293,2026-09-06,1951,2026-09-06 19:51:00,333.05,293.38,6.22,n,N21,VIIRS,N,0.45,0.39,2.0NRT
21.75493,83.84402,2026-09-06,1951,2026-09-06 19:51:00,325.2,292.45,3.45,n,N21,VIIRS,N,0.45,0.39,2.0NRT
22.3781,87.27927,2026-09-06,1951,2026-09-06 19:51:00,319.56,288.59,3.42,n,N21,VIIRS,N,0.38,0.36,2.0NRT
22.31768,82.56052,2026-09-06,1951,2026-09-06 19:51:00,313.71,289.79,2.92,n,N21,VIIRS,N,0.53,0.42,2.0NRT
22.3234,82.54583,2026-09-06,1951,2026-09-06 19:51:00,306.81,291.22,2.56,n,N21,VIIRS,N,0.53,0.42,2.0NRT
22.31702,82.5345,2026-09-06,1951,2026-09-06 19:51:00,307.37,290.57,3.28,n,N21,VIIRS,N,0.53,0.42,2.0NRT
21.75846,83.81814,2026-09-06,1951,2026-09-06 19:51:00,305.94,291.27,2.72,n,N21,VIIRS,N,0.45,0.39,2.0NRT
21.75848,83.84456,2026-09-06,1951,2026-09-06 19:51:00,312.83,291.95,3.45,n,N21,VIIRS,N,0.45,0.39,2.0NRT
22.31763,82.56873,2026-09-06,1951,2026-09-06 19:51:00,306.95,290.47,2.06,n,N21,VIIRS,N,0.52,0.42,2.0NRT
21.76316,84.02039,2026-09-06,1951,2026-09-06 19:51:00,316.08,292.6,5.04,n,N21,VIIRS,N,0.44,0.39,2.0NRT
21.76668,84.02093,2026-09-06,1951,2026-09-06 19:51:00,315.08,291.84,2.41,n,N21,VIIRS,N,0.44,0.39,2.0NRT
21.7702,84.02148,2026-09-06,1951,2026-09-06 19:51:00,307.86,291.52,2.41,n,N21,VIIRS,N,0.44,0.39,2.0NRT
21.8028,83.89114,2026-09-06,1951,2026-09-06 19:51:00,316.61,291.41,5.2,n,N21,VIIRS,N,0.45,0.39,2.0NRT
21.82072,83.99737,2026-09-06,1951,2026-09-06 19:51:00,307.74,290.2,2.84,n,N21,VIIRS,N,0.44,0.39,2.0NRT
21.76145,83.84943,2026-09-06,1951,2026-09-06 19:51:00,332.73,292.77,7.56,n,N21,VIIRS,N,0.45,0.39,2.0NRT
21.92413,85.2254,2026-09-06,1951,2026-09-06 19:51:00,305.64,290.96,1.53,n,N21,VIIRS,N,0.4,0.37,2.0NRT
21.9247,85.22151,2026-09-06,1951,2026-09-06 19:51:00,317.23,292.18,1.53,n,N21,VIIRS,N,0.4,0.37,2.0NRT
21.92807,85.22208,2026-09-06,1951,2026-09-06 19:51:00,307.39,291.47,1.84,n,N21,VIIRS,N,0.4,0.37,2.0NRT
22.05496,85.4639,2026-09-06,1951,2026-09-06 19:51:00,312.12,291.38,1.76,n,N21,VIIRS,N,0.4,0.37,2.0NRT
21.93201,85.21877,2026-09-06,1951,2026-09-06 19:51:00,303.37,289.91,0.87,n,N21,VIIRS,N,0.4,0.37,2.0NRT
21.98265,83.23364,2026-09-06,1951,2026-09-06 19:51:00,310.95,290.97,3.63,n,N21,VIIRS,N,0.48,0.4,2.0NRT
22.00321,82.67044,2026-09-06,1951,2026-09-06 19:51:00,315.66,291.68,3.33,n,N21,VIIRS,N,0.51,0.41,2.0NRT
21.83061,84.92894,2026-09-06,1951,2026-09-06 19:51:00,306.5,291.41,1.79,n,N21,VIIRS,N,0.41,0.37,2.0NRT
15.18383,76.66652,2026-09-06,1953,2026-09-06 19:53:00,300.28,258.15,0.76,n,N21,VIIRS,N,0.33,0.56,2.0NRT
15.17636,76.65552,2026-09-06,1953,2026-09-06 19:53:00,297.68,256.27,0.89,n,N21,VIIRS,N,0.33,0.56,2.0NRT
15.16735,76.37926,2026-09-06,1953,2026-09-06 19:53:00,295.86,269.0,0.78,n,N21,VIIRS,N,0.35,0.57,2.0NRT
15.02131,78.01621,2026-09-06,1953,2026-09-06 19:53:00,302.1,279.67,1.34,n,N21,VIIRS,N,0.54,0.51,2.0NRT
11.92694,78.42115,2026-09-06,1953,2026-09-06 19:53:00,310.15,279.06,1.68,n,N21,VIIRS,N,0.46,0.47,2.0NRT
10.90637,77.41584,2026-09-06,1953,2026-09-06 19:53:00,305.31,288.22,1.64,n,N21,VIIRS,N,0.52,0.5,2.0NRT
10.90553,77.41677,2026-09-06,1953,2026-09-06 19:53:00,303.06,288.18,0.89,n,N21,VIIRS,N,0.52,0.5,2.0NRT
10.61561,77.42004,2026-09-06,1953,2026-09-06 19:53:00,305.64,289.97,1.34,n,N21,VIIRS,N,0.51,0.5,2.0NRT
15.02251,78.01427,2026-09-06,1953,2026-09-06 19:53:00,306.85,280.86,1.86,n,N21,VIIRS,N,0.54,0.51,2.0NRT
10.39689,77.61567,2026-09-06,1955,2026-09-06 19:55:00,334.0,287.66,6.43,n,N21,VIIRS,N,0.49,0.49,2.0NRT
21.92286,83.35031,2026-09-06,2046,2026-09-06 20:46:00,328.74,289.37,4.41,n,N20,VIIRS,N,0.33,0.55,2.0NRT
21.92217,83.35345,2026-09-06,2046,2026-09-06 20:46:00,306.53,288.65,2.17,n,N20,VIIRS,N,0.33,0.55,2.0NRT
21.91828,83.35097,2026-09-06,2046,2026-09-06 20:46:00,308.0,287.49,1.76,n,N20,VIIRS,N,0.33,0.55,2.0NRT
21.87702,83.49468,2026-09-06,2046,2026-09-06 20:46:00,312.44,287.18,1.73,n,N20,VIIRS,N,0.34,0.56,2.0NRT
21.92328,83.3522,2026-09-06,2046,2026-09-06 20:46:00,314.68,288.88,1.76,n,N20,VIIRS,N,0.33,0.55,2.0NRT
21.82849,83.89872,2026-09-06,2046,2026-09-06 20:46:00,303.3,287.25,1.08,n,N20,VIIRS,N,0.36,0.57,2.0NRT
21.80262,83.89235,2026-09-06,2046,2026-09-06 20:46:00,319.43,287.47,2.08,n,N20,VIIRS,N,0.36,0.57,2.0NRT
21.80238,83.89133,2026-09-06,2046,2026-09-06 20:46:00,326.47,286.57,2.19,n,N20,VIIRS,N,0.36,0.57,2.0NRT
21.76357,84.01971,2026-09-06,2046,2026-09-06 20:46:00,307.82,287.01,2.0,n,N20,VIIRS,N,0.37,0.58,2.0NRT
21.76328,83.8457,2026-09-06,2046,2026-09-06 20:46:00,314.75,288.19,1.37,n,N20,VIIRS,N,0.36,0.57,2.0NRT
21.76253,83.84913,2026-09-06,2046,2026-09-06 20:46:00,316.14,288.07,2.58,n,N20,VIIRS,N,0.36,0.57,2.0NRT
21.75887,83.841,2026-09-06,2046,2026-09-06 20:46:00,308.51,287.4,1.37,n,N20,VIIRS,N,0.36,0.57,2.0NRT
21.74269,83.84029,2026-09-06,2046,2026-09-06 20:46:00,329.22,287.97,4.0,n,N20,VIIRS,N,0.36,0.57,2.0NRT
21.75759,84.02187,2026-09-06,2046,2026-09-06 20:46:00,307.36,287.5,1.35,n,N20,VIIRS,N,0.37,0.58,2.0NRT
21.75684,84.02532,2026-09-06,2046,2026-09-06 20:46:00,304.68,287.12,1.35,n,N20,VIIRS,N,0.37,0.58,2.0NRT
21.75297,83.84307,2026-09-06,2046,2026-09-06 20:46:00,302.8,285.95,3.86,n,N20,VIIRS,N,0.36,0.57,2.0NRT
21.74859,83.83823,2026-09-06,2046,2026-09-06 20:46:00,305.17,286.62,3.86,n,N20,VIIRS,N,0.36,0.57,2.0NRT
21.74783,83.84167,2026-09-06,2046,2026-09-06 20:46:00,367.0,288.9,3.86,h,N20,VIIRS,N,0.36,0.57,2.0NRT
21.74193,83.84372,2026-09-06,2046,2026-09-06 20:46:00,307.81,288.38,3.06,n,N20,VIIRS,N,0.36,0.57,2.0NRT
21.68195,84.03985,2026-09-06,2046,2026-09-06 20:46:00,312.5,287.61,1.7,n,N20,VIIRS,N,0.37,0.58,2.0NRT
21.67781,84.03885,2026-09-06,2046,2026-09-06 20:46:00,311.68,288.06,2.14,n,N20,VIIRS,N,0.37,0.58,2.0NRT
21.67672,84.03851,2026-09-06,2046,2026-09-06 20:46:00,303.35,287.15,0.85,n,N20,VIIRS,N,0.37,0.58,2.0NRT
21.67595,84.04197,2026-09-06,2046,2026-09-06 20:46:00,303.58,287.17,0.85,n,N20,VIIRS,N,0.37,0.58,2.0NRT
21.92394,83.34906,2026-09-06,2046,2026-09-06 20:46:00,314.54,288.17,3.18,n,N20,VIIRS,N,0.33,0.55,2.0NRT
21.75812,83.8444,2026-09-06,2046,2026-09-06 20:46:00,312.74,287.22,1.37,n,N20,VIIRS,N,0.36,0.57,2.0NRT
21.96607,83.77132,2026-09-06,2046,2026-09-06 20:46:00,313.06,287.79,3.0,n,N20,VIIRS,N,0.35,0.57,2.0NRT
27.79425,75.32977,2026-09-06,2046,2026-09-06 20:46:00,306.31,294.45,0.87,n,N20,VIIRS,N,0.39,0.36,2.0NRT
21.9854,83.2318,2026-09-06,2046,2026-09-06 20:46:00,314.71,288.01,1.6,n,N20,VIIRS,N,0.32,0.55,2.0NRT
26.2588,74.09588,2026-09-06,2046,2026-09-06 20:46:00,308.96,295.34,1.03,n,N20,VIIRS,N,0.39,0.36,2.0NRT
26.60538,73.68313,2026-09-06,2046,2026-09-06 20:46:00,306.85,295.36,0.65,n,N20,VIIRS,N,0.4,0.37,2.0NRT
26.87441,73.51662,2026-09-06,2046,2026-09-06 20:46:00,309.93,295.02,2.61,n,N20,VIIRS,N,0.41,0.37,2.0NRT
26.87837,73.51595,2026-09-06,2046,2026-09-06 20:46:00,308.52,295.08,2.26,n,N20,VIIRS,N,0.41,0.37,2.0NRT
27.29016,73.84022,2026-09-06,2046,2026-09-06 20:46:00,308.34,296.09,2.87,n,N20,VIIRS,N,0.4,0.37,2.0NRT
24.9338,74.63345,2026-09-06,2046,2026-09-06 20:46:00,297.15,279.72,1.01,n,N20,VIIRS,N,0.38,0.36,2.0NRT
27.66805,76.12919,2026-09-06,2046,2026-09-06 20:46:00,312.39,294.58,1.16,n,N20,VIIRS,N,0.39,0.36,2.0NRT
28.27742,77.27326,2026-09-06,2046,2026-09-06 20:46:00,305.51,291.56,0.72,n,N20,VIIRS,N,0.4,0.37,2.0NRT
28.34659,77.23032,2026-09-06,2046,2026-09-06 20:46:00,322.88,292.35,1.97,n,N20,VIIRS,N,0.39,0.37,2.0NRT
29.47528,76.8589,2026-09-06,2046,2026-09-06 20:46:00,330.15,294.17,4.54,n,N20,VIIRS,N,0.39,0.36,2.0NRT
28.27557,77.18221,2026-09-06,2046,2026-09-06 20:46:00,308.9,292.5,1.14,n,N20,VIIRS,N,0.39,0.36,2.0NRT
24.69204,73.00279,2026-09-06,2046,2026-09-06 20:46:00,306.06,294.66,1.19,n,N20,VIIRS,N,0.41,0.37,2.0NRT
24.15967,82.56333,2026-09-06,2046,2026-09-06 20:46:00,304.6,274.94,1.75,n,N20,VIIRS,N,0.53,0.5,2.0NRT
23.16659,82.34151,2026-09-06,2046,2026-09-06 20:46:00,308.91,287.87,2.01,n,N20,VIIRS,N,0.54,0.51,2.0NRT
22.00615,82.67136,2026-09-06,2046,2026-09-06 20:46:00,308.32,289.11,2.9,n,N20,VIIRS,N,0.6,0.53,2.0NRT
22.03537,83.3603,2026-09-06,2046,2026-09-06 20:46:00,302.88,284.34,0.65,n,N20,VIIRS,N,0.33,0.55,2.0NRT
22.03604,83.36147,2026-09-06,2046,2026-09-06 20:46:00,301.86,283.97,0.93,n,N20,VIIRS,N,0.33,0.55,2.0NRT
22.03745,83.35081,2026-09-06,2046,2026-09-06 20:46:00,316.1,288.57,2.03,n,N20,VIIRS,N,0.33,0.55,2.0NRT
22.03806,83.35194,2026-09-06,2046,2026-09-06 20:46:00,315.42,288.22,1.15,n,N20,VIIRS,N,0.33,0.55,2.0NRT
22.03872,83.34882,2026-09-06,2046,2026-09-06 20:46:00,306.26,287.74,1.15,n,N20,VIIRS,N,0.33,0.55,2.0NRT
22.31806,82.56065,2026-09-06,2046,2026-09-06 20:46:00,304.09,287.53,2.14,n,N20,VIIRS,N,0.58,0.52,2.0NRT
22.31933,82.55735,2026-09-06,2046,2026-09-06 20:46:00,305.32,287.52,1.48,n,N20,VIIRS,N,0.58,0.52,2.0NRT
22.32277,82.56183,2026-09-06,2046,2026-09-06 20:46:00,304.24,287.62,1.04,n,N20,VIIRS,N,0.58,0.52,2.0NRT
22.32286,82.56402,2026-09-06,2046,2026-09-06 20:46:00,304.74,287.9,1.49,n,N20,VIIRS,N,0.58,0.52,2.0NRT
22.35652,82.30289,2026-09-06,2046,2026-09-06 20:46:00,311.89,276.7,1.67,n,N20,VIIRS,N,0.56,0.51,2.0NRT
22.35839,82.3057,2026-09-06,2046,2026-09-06 20:46:00,300.27,278.23,2.17,n,N20,VIIRS,N,0.56,0.51,2.0NRT
22.35952,82.30042,2026-09-06,2046,2026-09-06 20:46:00,320.89,278.23,2.17,n,N20,VIIRS,N,0.56,0.51,2.0NRT
22.36117,82.30396,2026-09-06,2046,2026-09-06 20:46:00,308.07,278.43,1.67,n,N20,VIIRS,N,0.56,0.51,2.0NRT
22.36226,82.29867,2026-09-06,2046,2026-09-06 20:46:00,299.59,277.66,1.24,n,N20,VIIRS,N,0.56,0.51,2.0NRT
21.97846,83.23976,2026-09-06,2046,2026-09-06 20:46:00,302.84,286.87,0.66,n,N20,VIIRS,N,0.33,0.55,2.0NRT
26.29863,74.12737,2026-09-06,2046,2026-09-06 20:46:00,306.56,294.91,0.77,n,N20,VIIRS,N,0.39,0.36,2.0NRT
20.86389,84.99117,2026-09-06,2049,2026-09-06 20:49:00,309.71,286.74,1.7,n,N20,VIIRS,N,0.44,0.63,2.0NRT
19.72528,79.1739,2026-09-06,2049,2026-09-06 20:49:00,306.8,291.87,1.18,n,N20,VIIRS,N,0.4,0.44,2.0NRT
20.97046,86.01247,2026-09-06,2049,2026-09-06 20:49:00,349.73,286.7,13.14,n,N20,VIIRS,N,0.51,0.66,2.0NRT
20.96565,86.00595,2026-09-06,2049,2026-09-06 20:49:00,333.88,285.75,11.28,n,N20,VIIRS,N,0.51,0.66,2.0NRT
20.8901,84.98042,2026-09-06,2049,2026-09-06 20:49:00,304.51,286.19,1.24,n,N20,VIIRS,N,0.44,0.63,2.0NRT
20.86487,84.98684,2026-09-06,2049,2026-09-06 20:49:00,321.44,286.55,1.7,n,N20,VIIRS,N,0.44,0.63,2.0NRT
18.4227,73.94713,2026-09-06,2049,2026-09-06 20:49:00,303.53,291.43,0.45,n,N20,VIIRS,N,0.39,0.36,2.0NRT
20.6986,78.63525,2026-09-06,2049,2026-09-06 20:49:00,305.89,291.73,0.94,n,N20,VIIRS,N,0.54,0.42,2.0NRT
19.93199,79.12053,2026-09-06,2049,2026-09-06 20:49:00,307.07,292.13,1.01,n,N20,VIIRS,N,0.39,0.44,2.0NRT
19.9207,79.11429,2026-09-06,2049,2026-09-06 20:49:00,311.57,292.34,1.09,n,N20,VIIRS,N,0.39,0.44,2.0NRT
18.68251,73.0377,2026-09-06,2049,2026-09-06 20:49:00,302.4,291.27,1.19,n,N20,VIIRS,N,0.39,0.36,2.0NRT
21.1835,81.38528,2026-09-06,2049,2026-09-06 20:49:00,310.78,290.65,2.1,n,N20,VIIRS,N,0.51,0.5,2.0NRT
19.27255,74.6683,2026-09-06,2049,2026-09-06 20:49:00,310.27,290.55,1.05,n,N20,VIIRS,N,0.39,0.36,2.0NRT
19.10323,82.16578,2026-09-06,2049,2026-09-06 20:49:00,308.43,288.38,2.12,n,N20,VIIRS,N,0.63,0.54,2.0NRT
19.10193,82.16513,2026-09-06,2049,2026-09-06 20:49:00,300.95,288.0,0.97,n,N20,VIIRS,N,0.63,0.54,2.0NRT
19.09703,82.16398,2026-09-06,2049,2026-09-06 20:49:00,302.97,287.82,0.97,n,N20,VIIRS,N,0.63,0.54,2.0NRT
18.72052,79.50629,2026-09-06,2049,2026-09-06 20:49:00,316.36,291.34,2.08,n,N20,VIIRS,N,0.44,0.46,2.0NRT
18.71923,79.53582,2026-09-06,2049,2026-09-06 20:49:00,311.3,291.83,1.42,n,N20,VIIRS,N,0.44,0.46,2.0NRT
18.71426,79.53906,2026-09-06,2049,2026-09-06 20:49:00,307.45,291.97,1.85,n,N20,VIIRS,N,0.44,0.46,2.0NRT
18.69241,73.03941,2026-09-06,2049,2026-09-06 20:49:00,317.79,292.46,2.33,n,N20,VIIRS,N,0.39,0.36,2.0NRT
21.187,81.39117,2026-09-06,2049,2026-09-06 20:49:00,308.22,291.13,2.1,n,N20,VIIRS,N,0.52,0.5,2.0NRT
21.23569,79.63112,2026-09-06,2049,2026-09-06 20:49:00,305.65,290.34,0.78,n,N20,VIIRS,N,0.4,0.44,2.0NRT
21.24994,79.20966,2026-09-06,2049,2026-09-06 20:49:00,308.99,287.65,1.79,n,N20,VIIRS,N,0.57,0.43,2.0NRT
17.60474,83.20191,2026-09-06,2049,2026-09-06 20:49:00,299.55,280.84,1.43,n,N20,VIIRS,N,0.4,0.6,2.0NRT
17.61012,83.20317,2026-09-06,2049,2026-09-06 20:49:00,327.55,283.38,1.43,n,N20,VIIRS,N,0.4,0.6,2.0NRT
17.9584,80.79161,2026-09-06,2049,2026-09-06 20:49:00,311.25,286.36,2.87,n,N20,VIIRS,N,0.54,0.51,2.0NRT
18.68694,73.03103,2026-09-06,2049,2026-09-06 20:49:00,305.57,291.73,0.8,n,N20,VIIRS,N,0.39,0.36,2.0NRT
22.93556,69.69945,2026-09-06,2049,2026-09-06 20:49:00,307.35,293.2,2.99,n,N20,VIIRS,N,0.54,0.42,2.0NRT
18.68307,73.03409,2026-09-06,2049,2026-09-06 20:49:00,308.66,291.51,0.8,n,N20,VIIRS,N,0.39,0.36,2.0NRT
21.486,81.76941,2026-09-06,2049,2026-09-06 20:49:00,307.33,288.57,1.12,n,N20,VIIRS,N,0.54,0.51,2.0NRT
21.33615,78.96851,2026-09-06,2049,2026-09-06 20:49:00,311.61,289.81,1.9,n,N20,VIIRS,N,0.55,0.43,2.0NRT
21.37506,81.68236,2026-09-06,2049,2026-09-06 20:49:00,306.24,289.5,2.23,n,N20,VIIRS,N,0.53,0.5,2.0NRT
21.37864,81.64126,2026-09-06,2049,2026-09-06 20:49:00,304.29,289.17,2.14,n,N20,VIIRS,N,0.53,0.5,2.0NRT
21.43295,72.97732,2026-09-06,2049,2026-09-06 20:49:00,314.63,290.76,1.49,n,N20,VIIRS,N,0.39,0.36,2.0NRT
21.57573,82.02216,2026-09-06,2049,2026-09-06 20:49:00,307.33,289.83,1.36,n,N20,VIIRS,N,0.55,0.51,2.0NRT
16.65053,74.31422,2026-09-06,2051,2026-09-06 20:51:00,300.66,283.93,0.55,n,N20,VIIRS,N,0.4,0.37,2.0NRT
15.65921,73.98962,2026-09-06,2051,2026-09-06 20:51:00,304.38,290.67,0.67,n,N20,VIIRS,N,0.4,0.37,2.0NRT
15.33446,76.28457,2026-09-06,2051,2026-09-06 20:51:00,303.75,283.37,0.9,n,N20,VIIRS,N,0.48,0.4,2.0NRT
15.22549,76.76331,2026-09-06,2051,2026-09-06 20:51:00,300.64,271.35,0.73,n,N20,VIIRS,N,0.51,0.41,2.0NRT
15.18417,76.66833,2026-09-06,2051,2026-09-06 20:51:00,308.91,278.9,1.89,n,N20,VIIRS,N,0.51,0.41,2.0NRT
15.17463,76.65685,2026-09-06,2051,2026-09-06 20:51:00,301.15,280.33,1.39,n,N20,VIIRS,N,0.51,0.41,2.0NRT
15.17381,76.66151,2026-09-06,2051,2026-09-06 20:51:00,320.07,280.22,3.46,n,N20,VIIRS,N,0.51,0.41,2.0NRT
15.02487,78.01408,2026-09-06,2051,2026-09-06 20:51:00,309.58,287.4,2.11,n,N20,VIIRS,N,0.41,0.45,2.0NRT
14.36366,78.77711,2026-09-06,2051,2026-09-06 20:51:00,314.12,287.54,4.23,n,N20,VIIRS,N,0.47,0.47,2.0NRT
11.81744,77.91634,2026-09-06,2051,2026-09-06 20:51:00,299.02,278.89,0.89,n,N20,VIIRS,N,0.45,0.47,2.0NRT
11.61621,77.75238,2026-09-06,2051,2026-09-06 20:51:00,303.07,287.25,0.48,n,N20,VIIRS,N,0.44,0.46,2.0NRT
15.17836,76.65756,2026-09-06,2051,2026-09-06 20:51:00,310.41,279.51,1.39,n,N20,VIIRS,N,0.51,0.41,2.0NRT
15.16806,76.37825,2026-09-06,2051,2026-09-06 20:51:00,304.37,284.93,1.79,n,N20,VIIRS,N,0.49,0.4,2.0NRT
29.47525,76.85799,2026-09-06,2129,2026-09-06 21:29:00,324.48,289.53,3.96,n,N21,VIIRS,N,0.54,0.68,2.0NRT
28.34751,77.23099,2026-09-06,2129,2026-09-06 21:29:00,304.74,286.45,1.08,n,N21,VIIRS,N,0.6,0.71,2.0NRT
27.28563,73.83921,2026-09-06,2129,2026-09-06 21:29:00,303.97,291.86,0.89,n,N21,VIIRS,N,0.4,0.6,2.0NRT
22.93151,69.70107,2026-09-06,2131,2026-09-06 21:31:00,302.36,292.14,1.36,n,N21,VIIRS,N,0.55,0.51,2.0NRT
21.10587,72.64745,2026-09-06,2131,2026-09-06 21:31:00,308.43,284.69,1.82,n,N21,VIIRS,N,0.46,0.64,2.0NRT
21.10685,72.64314,2026-09-06,2131,2026-09-06 21:31:00,298.83,284.33,1.82,n,N21,VIIRS,N,0.46,0.64,2.0NRT
15.65738,73.98853,2026-09-06,2133,2026-09-06 21:33:00,302.91,285.05,1.98,n,N21,VIIRS,N,0.73,0.76,2.0NRT
