latitude,longitude,bright_ti4,scan,track,acq_date,acq_time,satellite,instrument,confidence,version,bright_ti5,frp,daynight
6.35075,81.24818,338.17,0.48,0.48,2026-08-31,731,N21,VIIRS,n,2.0NRT,296.71,4.27,D
6.79038,81.44179,330.68,0.46,0.47,2026-08-31,731,N21,VIIRS,n,2.0NRT,299.56,7.17,D
6.8733,81.70708,330.31,0.44,0.46,2026-08-31,731,N21,VIIRS,l,2.0NRT,303.47,10.63,D
6.95182,81.46968,330.87,0.45,0.47,2026-08-31,731,N21,VIIRS,n,2.0NRT,296,5.39,D
7.0032,81.59778,342.17,0.44,0.46,2026-08-31,731,N21,VIIRS,n,2.0NRT,301.84,5.88,D
7.30356,81.75993,334.68,0.43,0.46,2026-08-31,731,N21,VIIRS,n,2.0NRT,292.16,7.86,D
7.30419,81.76376,338.81,0.43,0.46,2026-08-31,731,N21,VIIRS,n,2.0NRT,292.25,5.01,D
7.30898,81.76691,333.98,0.43,0.46,2026-08-31,731,N21,VIIRS,n,2.0NRT,293.11,5.01,D
7.31063,81.75089,338.84,0.43,0.46,2026-08-31,731,N21,VIIRS,n,2.0NRT,293.64,4.25,D
7.31087,81.17319,333.6,0.47,0.48,2026-08-31,731,N21,VIIRS,n,2.0NRT,294.86,4.78,D
7.31523,81.80508,334.99,0.43,0.46,2026-08-31,731,N21,VIIRS,n,2.0NRT,293.53,1.71,D
7.31772,81.82027,341.27,0.43,0.46,2026-08-31,731,N21,VIIRS,n,2.0NRT,295.39,6.74,D
7.32209,81.76869,345.08,0.43,0.46,2026-08-31,731,N21,VIIRS,n,2.0NRT,291.69,3.61,D
7.32394,81.76893,348.8,0.43,0.46,2026-08-31,731,N21,VIIRS,n,2.0NRT,291.94,6.06,D
7.32625,81.768,335.65,0.43,0.46,2026-08-31,731,N21,VIIRS,n,2.0NRT,292.25,3.61,D
7.33342,81.46716,341.13,0.45,0.47,2026-08-31,731,N21,VIIRS,n,2.0NRT,294.03,4.16,D
7.35151,81.83083,336.08,0.42,0.45,2026-08-31,731,N21,VIIRS,n,2.0NRT,296.71,2.11,D
7.40394,81.54904,331.04,0.44,0.46,2026-08-31,731,N21,VIIRS,n,2.0NRT,286.62,5.68,D
7.52587,81.71207,341.92,0.43,0.46,2026-08-31,731,N21,VIIRS,n,2.0NRT,297.16,6.61,D
7.52748,81.71138,337.44,0.43,0.46,2026-08-31,731,N21,VIIRS,n,2.0NRT,296.53,6.19,D
7.547,81.70036,333.38,0.43,0.46,2026-08-31,731,N21,VIIRS,n,2.0NRT,300.34,4.33,D
7.55606,81.36801,343.87,0.45,0.47,2026-08-31,731,N21,VIIRS,n,2.0NRT,306.26,14.39,D
7.55875,81.38422,336.8,0.45,0.47,2026-08-31,731,N21,VIIRS,n,2.0NRT,302.12,1.62,D
7.59092,80.81683,333.92,0.49,0.49,2026-08-31,731,N21,VIIRS,n,2.0NRT,299.43,4.87,D
7.60501,80.95575,333.1,0.48,0.48,2026-08-31,731,N21,VIIRS,n,2.0NRT,300.9,4.35,D
7.74101,80.13753,332.72,0.54,0.51,2026-08-31,731,N21,VIIRS,n,2.0NRT,292.16,6.94,D
7.88021,80.68107,333,0.5,0.49,2026-08-31,731,N21,VIIRS,n,2.0NRT,298.09,4.43,D
7.8962,80.43355,333.28,0.51,0.5,2026-08-31,731,N21,VIIRS,n,2.0NRT,300.09,5.51,D
7.89795,80.65073,335.5,0.5,0.49,2026-08-31,731,N21,VIIRS,n,2.0NRT,298.14,4.96,D
7.92126,81.31751,342.39,0.45,0.47,2026-08-31,731,N21,VIIRS,n,2.0NRT,303.84,5.58,D
7.92194,81.32151,336.96,0.45,0.47,2026-08-31,731,N21,VIIRS,n,2.0NRT,303.16,5.58,D
7.92859,81.38584,335.13,0.44,0.46,2026-08-31,731,N21,VIIRS,l,2.0NRT,306.34,5.31,D
7.93259,80.61817,331.47,0.5,0.49,2026-08-31,731,N21,VIIRS,n,2.0NRT,301.38,6.62,D
7.93282,81.38515,344.45,0.44,0.46,2026-08-31,731,N21,VIIRS,n,2.0NRT,305.81,7.9,D
7.93807,81.33938,344.22,0.45,0.47,2026-08-31,731,N21,VIIRS,n,2.0NRT,305.26,5.81,D
7.96101,80.09879,345.81,0.54,0.51,2026-08-31,731,N21,VIIRS,n,2.0NRT,299.64,11.14,D
7.96328,80.27494,341.46,0.53,0.5,2026-08-31,731,N21,VIIRS,n,2.0NRT,298.51,16.31,D
7.96403,81.1816,332.63,0.46,0.47,2026-08-31,731,N21,VIIRS,n,2.0NRT,301.39,3.56,D
8.01158,80.60573,340.29,0.5,0.49,2026-08-31,731,N21,VIIRS,n,2.0NRT,300.89,15.07,D
8.01236,80.61018,341.33,0.5,0.49,2026-08-31,731,N21,VIIRS,n,2.0NRT,301.3,13.74,D
8.03408,80.19231,340.68,0.53,0.5,2026-08-31,731,N21,VIIRS,n,2.0NRT,299.7,16.12,D
8.03412,80.19515,342.01,0.53,0.5,2026-08-31,731,N21,VIIRS,n,2.0NRT,299.78,17.47,D
8.03635,80.40153,339.91,0.51,0.5,2026-08-31,731,N21,VIIRS,n,2.0NRT,299.38,4.72,D
8.06807,80.64201,339.43,0.5,0.49,2026-08-31,731,N21,VIIRS,n,2.0NRT,300.4,11.09,D
8.06882,80.64643,342.31,0.49,0.49,2026-08-31,731,N21,VIIRS,n,2.0NRT,302.74,13.02,D
8.12984,80.14678,330.18,0.53,0.5,2026-08-31,731,N21,VIIRS,n,2.0NRT,299.5,3.91,D
8.13024,80.1483,330.09,0.53,0.5,2026-08-31,731,N21,VIIRS,n,2.0NRT,299.51,4.73,D
8.19619,77.55958,330.48,0.4,0.6,2026-08-31,731,N21,VIIRS,n,2.0NRT,293.99,3.4,D
8.22025,80.20634,331.08,0.53,0.5,2026-08-31,731,N21,VIIRS,n,2.0NRT,298.58,2.74,D
8.25412,80.51249,336.71,0.5,0.49,2026-08-31,731,N21,VIIRS,n,2.0NRT,301.62,9.33,D
8.33131,81.01652,339.23,0.46,0.47,2026-08-31,731,N21,VIIRS,n,2.0NRT,303.18,3.77,D
8.33201,81.02064,332.14,0.46,0.47,2026-08-31,731,N21,VIIRS,l,2.0NRT,302.86,3.77,D
8.3335,81.00343,332.98,0.46,0.47,2026-08-31,731,N21,VIIRS,l,2.0NRT,305.09,4.98,D
8.33914,80.21149,342.98,0.52,0.5,2026-08-31,731,N21,VIIRS,n,2.0NRT,303.33,11.28,D
8.34743,80.20525,342.35,0.52,0.5,2026-08-31,731,N21,VIIRS,n,2.0NRT,304.4,17.86,D
8.34818,80.79399,332.25,0.48,0.48,2026-08-31,731,N21,VIIRS,l,2.0NRT,303.26,3.89,D
8.36337,81.04925,347.43,0.46,0.47,2026-08-31,731,N21,VIIRS,n,2.0NRT,306.18,8.81,D
8.37055,80.74158,340.3,0.48,0.48,2026-08-31,731,N21,VIIRS,n,2.0NRT,304.11,5.15,D
8.38223,80.15819,339.04,0.53,0.5,2026-08-31,731,N21,VIIRS,n,2.0NRT,303.09,14.97,D
8.38305,80.16289,343,0.53,0.5,2026-08-31,731,N21,VIIRS,n,2.0NRT,304.62,14.97,D
8.38596,80.15272,340.08,0.53,0.5,2026-08-31,731,N21,VIIRS,n,2.0NRT,301.55,8.28,D
8.38678,80.1574,341.99,0.53,0.5,2026-08-31,731,N21,VIIRS,n,2.0NRT,303.55,14.97,D
8.39142,80.38304,341.08,0.51,0.49,2026-08-31,731,N21,VIIRS,n,2.0NRT,300.9,10.55,D
8.39323,80.38007,340.17,0.51,0.49,2026-08-31,731,N21,VIIRS,n,2.0NRT,299.37,4.19,D
8.39373,80.63971,330.31,0.49,0.49,2026-08-31,731,N21,VIIRS,l,2.0NRT,302.1,3.32,D
8.41513,80.32014,334.19,0.51,0.5,2026-08-31,731,N21,VIIRS,n,2.0NRT,303.8,7.71,D
8.42456,80.74141,330.3,0.48,0.48,2026-08-31,731,N21,VIIRS,l,2.0NRT,304.08,8.2,D
8.42529,80.74567,342.4,0.48,0.48,2026-08-31,731,N21,VIIRS,n,2.0NRT,305.1,8.2,D
8.43034,80.80201,340.11,0.48,0.48,2026-08-31,731,N21,VIIRS,n,2.0NRT,301.18,5.39,D
8.43551,80.33078,340.64,0.51,0.5,2026-08-31,731,N21,VIIRS,n,2.0NRT,300.02,4.88,D
8.43957,80.19196,337.9,0.52,0.5,2026-08-31,731,N21,VIIRS,n,2.0NRT,301.65,6.35,D
8.4486,80.75056,331.12,0.48,0.48,2026-08-31,731,N21,VIIRS,l,2.0NRT,303.96,4.98,D
8.47237,80.81231,330.71,0.48,0.48,2026-08-31,731,N21,VIIRS,l,2.0NRT,301.98,1.78,D
8.47298,80.80927,330.07,0.47,0.48,2026-08-31,731,N21,VIIRS,l,2.0NRT,302.47,4.01,D
8.47578,80.77385,336,0.48,0.48,2026-08-31,731,N21,VIIRS,n,2.0NRT,304.26,6.39,D
8.47713,80.72977,330.72,0.48,0.48,2026-08-31,731,N21,VIIRS,n,2.0NRT,299.61,6.58,D
8.49186,80.81484,341.26,0.47,0.48,2026-08-31,731,N21,VIIRS,n,2.0NRT,302.72,8.86,D
8.49258,80.81905,351.33,0.47,0.48,2026-08-31,731,N21,VIIRS,n,2.0NRT,299.65,9.75,D
8.49766,80.82256,330.62,0.47,0.48,2026-08-31,731,N21,VIIRS,l,2.0NRT,302.04,7.47,D
8.49839,80.82677,336.61,0.47,0.48,2026-08-31,731,N21,VIIRS,n,2.0NRT,302.93,6.85,D
8.50709,80.82535,336.44,0.47,0.48,2026-08-31,731,N21,VIIRS,n,2.0NRT,302.69,5.68,D
8.51124,81.10506,336.3,0.45,0.47,2026-08-31,731,N21,VIIRS,n,2.0NRT,303.89,6.16,D
8.51206,81.10396,334.39,0.45,0.47,2026-08-31,731,N21,VIIRS,n,2.0NRT,303.24,6.7,D
8.51288,80.859,339.11,0.47,0.48,2026-08-31,731,N21,VIIRS,n,2.0NRT,303.36,5.04,D
8.52257,81.1198,335.23,0.45,0.47,2026-08-31,731,N21,VIIRS,n,2.0NRT,303.94,4.33,D
8.53608,80.81186,331.27,0.47,0.48,2026-08-31,731,N21,VIIRS,l,2.0NRT,302.24,2.78,D
8.54822,80.88338,354.59,0.47,0.48,2026-08-31,731,N21,VIIRS,n,2.0NRT,304.02,20.54,D
8.55086,80.68662,350.81,0.48,0.48,2026-08-31,731,N21,VIIRS,n,2.0NRT,304.54,8.31,D
8.55154,80.68698,349.54,0.48,0.48,2026-08-31,731,N21,VIIRS,n,2.0NRT,303.56,8.76,D
8.55408,80.62409,339.39,0.49,0.48,2026-08-31,731,N21,VIIRS,n,2.0NRT,301.67,11.28,D
8.55718,80.77786,338.25,0.48,0.48,2026-08-31,731,N21,VIIRS,n,2.0NRT,303.07,6.43,D
8.55804,80.67258,333.16,0.48,0.48,2026-08-31,731,N21,VIIRS,l,2.0NRT,303.49,3.2,D
8.55849,80.62339,349.02,0.49,0.48,2026-08-31,731,N21,VIIRS,n,2.0NRT,307.73,11.28,D
8.56803,80.78912,330.47,0.48,0.48,2026-08-31,731,N21,VIIRS,l,2.0NRT,302.19,2.05,D
8.59065,80.41304,345.04,0.5,0.49,2026-08-31,731,N21,VIIRS,n,2.0NRT,302.86,7.92,D
8.59348,80.82437,340.4,0.47,0.48,2026-08-31,731,N21,VIIRS,n,2.0NRT,303.75,8.66,D
8.5942,80.82852,340.94,0.47,0.48,2026-08-31,731,N21,VIIRS,n,2.0NRT,305.89,10.15,D
8.60188,80.66514,330.13,0.48,0.48,2026-08-31,731,N21,VIIRS,l,2.0NRT,303.7,5.77,D
8.60311,80.56652,334.39,0.49,0.49,2026-08-31,731,N21,VIIRS,n,2.0NRT,300.61,5.92,D
8.61808,81.14131,350.06,0.45,0.47,2026-08-31,731,N21,VIIRS,n,2.0NRT,302.52,5.33,D
8.62025,80.79829,335.26,0.47,0.48,2026-08-31,731,N21,VIIRS,n,2.0NRT,301.4,10.61,D
8.623,80.99452,332.24,0.46,0.47,2026-08-31,731,N21,VIIRS,l,2.0NRT,303.12,2.32,D
8.62995,80.38409,332.97,0.5,0.49,2026-08-31,731,N21,VIIRS,n,2.0NRT,301.43,8.8,D
8.65302,80.98958,341.78,0.46,0.47,2026-08-31,731,N21,VIIRS,n,2.0NRT,303.82,4.38,D
8.66218,81.01741,333.19,0.46,0.47,2026-08-31,731,N21,VIIRS,l,2.0NRT,306.17,4.02,D
8.6758,80.83646,334.68,0.47,0.48,2026-08-31,731,N21,VIIRS,n,2.0NRT,304.62,3.21,D
8.68145,80.28164,333.86,0.51,0.49,2026-08-31,731,N21,VIIRS,l,2.0NRT,304.54,6.77,D
8.68184,80.76595,333.3,0.47,0.48,2026-08-31,731,N21,VIIRS,n,2.0NRT,300.93,2.39,D
8.68315,80.76617,339.75,0.47,0.48,2026-08-31,731,N21,VIIRS,n,2.0NRT,301.2,2.19,D
8.68784,81.01306,333.47,0.46,0.47,2026-08-31,731,N21,VIIRS,l,2.0NRT,308.4,4.86,D
8.70029,80.65791,338.88,0.48,0.48,2026-08-31,731,N21,VIIRS,n,2.0NRT,302.49,7.16,D
8.71056,80.42584,333.21,0.5,0.49,2026-08-31,731,N21,VIIRS,l,2.0NRT,305.36,9.1,D
8.73659,80.97143,331.55,0.46,0.47,2026-08-31,731,N21,VIIRS,l,2.0NRT,305.12,5.75,D
8.73938,77.75655,342.22,0.38,0.59,2026-08-31,731,N21,VIIRS,n,2.0NRT,300.04,3.62,D
8.80248,80.43476,338.61,0.5,0.49,2026-08-31,731,N21,VIIRS,n,2.0NRT,303.56,5.73,D
8.85157,80.38142,342.74,0.5,0.49,2026-08-31,731,N21,VIIRS,n,2.0NRT,306.84,8.64,D
8.85929,80.74162,335.47,0.47,0.48,2026-08-31,731,N21,VIIRS,l,2.0NRT,309.55,76.14,D
8.8648,80.87851,330.48,0.46,0.47,2026-08-31,731,N21,VIIRS,l,2.0NRT,301.83,11.19,D
8.86551,80.88265,341.98,0.46,0.47,2026-08-31,731,N21,VIIRS,n,2.0NRT,305.47,11.19,D
8.88955,80.52087,335.88,0.49,0.48,2026-08-31,731,N21,VIIRS,n,2.0NRT,305.24,4.36,D
8.90189,80.48717,340.04,0.49,0.49,2026-08-31,731,N21,VIIRS,n,2.0NRT,303.36,5.56,D
8.91246,80.88351,330.63,0.46,0.47,2026-08-31,731,N21,VIIRS,l,2.0NRT,302.96,1.73,D
8.91413,80.42585,349.56,0.5,0.49,2026-08-31,731,N21,VIIRS,n,2.0NRT,304.37,18.71,D
8.91856,80.42508,342.21,0.5,0.49,2026-08-31,731,N21,VIIRS,n,2.0NRT,303.72,7.11,D
8.93458,77.4248,331.74,0.4,0.6,2026-08-31,731,N21,VIIRS,n,2.0NRT,296.67,2.81,D
8.95756,77.42812,343.07,0.4,0.6,2026-08-31,731,N21,VIIRS,n,2.0NRT,299.6,7.03,D
8.95907,77.42636,336.72,0.4,0.6,2026-08-31,731,N21,VIIRS,n,2.0NRT,299.34,6.43,D
8.97073,80.75806,331.68,0.47,0.48,2026-08-31,731,N21,VIIRS,l,2.0NRT,305.78,6.77,D
9.02162,80.11128,332.81,0.52,0.5,2026-08-31,731,N21,VIIRS,l,2.0NRT,306.54,8.25,D
9.04075,80.45049,340.34,0.49,0.49,2026-08-31,731,N21,VIIRS,n,2.0NRT,302.43,8.69,D
9.10929,80.50784,335.01,0.49,0.48,2026-08-31,731,N21,VIIRS,n,2.0NRT,306.82,6.19,D
9.18292,80.30522,346.26,0.5,0.49,2026-08-31,731,N21,VIIRS,n,2.0NRT,307.74,7.77,D
9.18737,80.30444,340.18,0.5,0.49,2026-08-31,731,N21,VIIRS,n,2.0NRT,306.14,3.69,D
9.1948,80.65673,342.05,0.47,0.48,2026-08-31,731,N21,VIIRS,n,2.0NRT,304.02,5.81,D
9.20535,78.30312,332.69,0.34,0.56,2026-08-31,731,N21,VIIRS,n,2.0NRT,302.34,1.84,D
9.22205,78.65817,333.87,0.32,0.55,2026-08-31,731,N21,VIIRS,l,2.0NRT,305.2,1.05,D
9.22388,80.69515,338.34,0.47,0.48,2026-08-31,731,N21,VIIRS,n,2.0NRT,308.05,7.24,D
9.26718,80.71373,335.31,0.47,0.48,2026-08-31,731,N21,VIIRS,n,2.0NRT,304.53,5.89,D
9.2866,80.72333,339.12,0.47,0.48,2026-08-31,731,N21,VIIRS,n,2.0NRT,303.66,6.22,D
9.30883,80.43028,340.98,0.49,0.48,2026-08-31,731,N21,VIIRS,n,2.0NRT,301.88,5.16,D
9.41239,80.40015,342.7,0.49,0.48,2026-08-31,731,N21,VIIRS,n,2.0NRT,305.44,8.5,D
9.41315,80.40452,331.74,0.49,0.48,2026-08-31,731,N21,VIIRS,l,2.0NRT,304.03,4.13,D
9.41755,80.40376,334.45,0.49,0.48,2026-08-31,731,N21,VIIRS,l,2.0NRT,305.1,4.13,D
9.41918,77.50965,335.16,0.38,0.59,2026-08-31,731,N21,VIIRS,n,2.0NRT,299.91,2.45,D
9.4262,80.37522,332.58,0.49,0.49,2026-08-31,731,N21,VIIRS,l,2.0NRT,305.5,4.35,D
9.42924,80.39275,344.1,0.49,0.48,2026-08-31,731,N21,VIIRS,n,2.0NRT,305.97,10.52,D
9.4417,80.38611,333.88,0.49,0.48,2026-08-31,731,N21,VIIRS,l,2.0NRT,305.23,3.15,D
9.44836,80.39847,332.98,0.49,0.48,2026-08-31,731,N21,VIIRS,l,2.0NRT,305.51,3.02,D
9.45276,80.39771,342.11,0.49,0.48,2026-08-31,731,N21,VIIRS,n,2.0NRT,305.09,3.02,D
9.52986,78.55909,344.82,0.32,0.55,2026-08-31,731,N21,VIIRS,n,2.0NRT,295.68,10.57,D
9.6418,77.65417,330.61,0.37,0.58,2026-08-31,731,N21,VIIRS,n,2.0NRT,299.92,2.09,D
9.65597,77.64645,331.61,0.37,0.58,2026-08-31,731,N21,VIIRS,l,2.0NRT,303.13,4.33,D
9.65658,77.64974,339.31,0.37,0.58,2026-08-31,731,N21,VIIRS,n,2.0NRT,304.18,7.4,D
9.71414,78.92452,340.23,0.61,0.53,2026-08-31,731,N21,VIIRS,n,2.0NRT,296.96,2.93,D
9.7306,78.41191,337.64,0.33,0.55,2026-08-31,731,N21,VIIRS,n,2.0NRT,294.09,2.59,D
9.76943,78.36863,332.83,0.33,0.55,2026-08-31,731,N21,VIIRS,n,2.0NRT,289.29,3.13,D
9.8097,77.88875,340.38,0.36,0.57,2026-08-31,731,N21,VIIRS,n,2.0NRT,307.56,4.27,D
10.04896,78.97438,339.72,0.59,0.53,2026-08-31,731,N21,VIIRS,n,2.0NRT,301.32,8.45,D
11.39743,78.70004,354.25,0.59,0.53,2026-08-31,731,N21,VIIRS,n,2.0NRT,286.76,14.75,D
12.1731,79.82799,339.93,0.48,0.48,2026-08-31,731,N21,VIIRS,n,2.0NRT,294.09,8.65,D
12.58453,79.64104,332.82,0.49,0.48,2026-08-31,731,N21,VIIRS,n,2.0NRT,297.71,1.87,D
12.70339,79.7732,340.67,0.47,0.48,2026-08-31,731,N21,VIIRS,n,2.0NRT,298.26,6.14,D
12.81064,76.9621,329.86,0.36,0.58,2026-08-31,733,N21,VIIRS,n,2.0NRT,275.93,5.58,D
13.29946,79.8628,341.58,0.46,0.47,2026-08-31,733,N21,VIIRS,n,2.0NRT,299.8,2.73,D
13.31914,79.92836,337.11,0.45,0.47,2026-08-31,733,N21,VIIRS,n,2.0NRT,295.25,7.56,D
13.3195,79.92703,339.93,0.45,0.47,2026-08-31,733,N21,VIIRS,n,2.0NRT,295.66,5.81,D
13.38021,79.70301,333.34,0.47,0.47,2026-08-31,733,N21,VIIRS,n,2.0NRT,298.87,4.52,D
13.41108,80.26926,332.33,0.43,0.46,2026-08-31,733,N21,VIIRS,n,2.0NRT,296.76,1.98,D
13.46564,79.86813,341.58,0.45,0.47,2026-08-31,733,N21,VIIRS,n,2.0NRT,297.63,10.54,D
13.81982,79.34018,332.98,0.48,0.48,2026-08-31,733,N21,VIIRS,n,2.0NRT,281.5,8.45,D
13.82067,79.34486,341.88,0.48,0.48,2026-08-31,733,N21,VIIRS,n,2.0NRT,281.74,8.45,D
22.79767,86.20526,330.49,0.43,0.38,2026-08-31,735,N21,VIIRS,n,2.0NRT,284.14,4.82,D
27.71302,68.48718,340.49,0.61,0.71,2026-08-31,737,N21,VIIRS,n,2.0NRT,295.57,8.86,D
29.72424,72.49563,335.37,0.64,0.54,2026-08-31,737,N21,VIIRS,n,2.0NRT,299.46,6.23,D
29.83337,72.73394,339.7,0.61,0.54,2026-08-31,737,N21,VIIRS,n,2.0NRT,297.71,8.63,D
29.83538,72.73585,333.11,0.61,0.54,2026-08-31,737,N21,VIIRS,n,2.0NRT,297.33,8.11,D
29.95839,69.32169,367,0.48,0.65,2026-08-31,737,N21,VIIRS,h,2.0NRT,308.63,8.59,D
31.52207,72.39377,340.09,0.59,0.53,2026-08-31,737,N21,VIIRS,n,2.0NRT,293.93,10.29,D
31.52217,72.39277,331.99,0.59,0.53,2026-08-31,737,N21,VIIRS,n,2.0NRT,293.62,9.95,D
31.52356,72.39872,339.9,0.59,0.53,2026-08-31,737,N21,VIIRS,n,2.0NRT,293.88,9.95,D
27.71182,68.48566,336.18,0.44,0.63,2026-08-31,917,N21,VIIRS,n,2.0NRT,301.11,8.24,D
27.71215,68.49017,367,0.44,0.63,2026-08-31,917,N21,VIIRS,h,2.0NRT,302.57,8.24,D
35.99007,94.83196,297.61,0.44,0.46,2026-08-31,2000,N21,VIIRS,n,2.0NRT,280.19,1.4,N
29.78645,91.60583,303.29,0.39,0.44,2026-08-31,2002,N21,VIIRS,n,2.0NRT,283.13,1.02,N
19.93664,73.71329,302.54,0.37,0.58,2026-08-31,2004,N21,VIIRS,n,2.0NRT,286.53,1.72,N
21.10521,72.64474,328.52,0.45,0.63,2026-08-31,2004,N21,VIIRS,n,2.0NRT,285.25,6.75,N
24.76254,74.6077,300.58,0.37,0.58,2026-08-31,2004,N21,VIIRS,n,2.0NRT,276.94,0.93,N
12.80597,77.4342,303.35,0.52,0.42,2026-08-31,2006,N21,VIIRS,n,2.0NRT,281.03,1.99,N
13.04406,77.66707,304.66,0.51,0.41,2026-08-31,2006,N21,VIIRS,n,2.0NRT,288.69,0.53,N
13.39139,80.10024,308.06,0.4,0.37,2026-08-31,2006,N21,VIIRS,n,2.0NRT,289.62,1.4,N
13.39185,80.07369,307.57,0.41,0.37,2026-08-31,2006,N21,VIIRS,n,2.0NRT,292.82,1.15,N
13.62445,78.44543,303.26,0.47,0.4,2026-08-31,2006,N21,VIIRS,n,2.0NRT,290.03,1.39,N
13.62572,78.44389,308.4,0.47,0.4,2026-08-31,2006,N21,VIIRS,n,2.0NRT,289.97,0.99,N
13.7698,79.52962,315.63,0.42,0.38,2026-08-31,2006,N21,VIIRS,n,2.0NRT,293.75,3.59,N
13.8191,79.35138,304.87,0.43,0.38,2026-08-31,2006,N21,VIIRS,n,2.0NRT,292.17,2.95,N
13.82083,79.35246,308.89,0.43,0.38,2026-08-31,2006,N21,VIIRS,n,2.0NRT,292.28,2.29,N
17.06124,76.97998,300.95,0.42,0.45,2026-08-31,2006,N21,VIIRS,n,2.0NRT,277.75,0.42,N
17.06384,76.97977,302.15,0.42,0.45,2026-08-31,2006,N21,VIIRS,n,2.0NRT,278.25,0.78,N
17.13949,77.17442,301.3,0.41,0.45,2026-08-31,2006,N21,VIIRS,n,2.0NRT,280.77,0.6,N
18.68412,73.03058,318.49,0.4,0.6,2026-08-31,2006,N21,VIIRS,n,2.0NRT,289.99,2.81,N
18.68763,73.04997,301.29,0.4,0.6,2026-08-31,2006,N21,VIIRS,n,2.0NRT,289.04,1.39,N
18.6894,73.03887,302.48,0.4,0.6,2026-08-31,2006,N21,VIIRS,n,2.0NRT,289.75,0.61,N
18.79948,74.2539,305.94,0.33,0.55,2026-08-31,2006,N21,VIIRS,n,2.0NRT,288.24,1.46,N
6.95824,79.95467,307.98,0.38,0.36,2026-08-31,2008,N21,VIIRS,n,2.0NRT,292.43,1.48,N
6.96047,79.9621,304.49,0.38,0.36,2026-08-31,2008,N21,VIIRS,n,2.0NRT,292.95,2.41,N
7.26313,81.18134,312.14,0.39,0.36,2026-08-31,2008,N21,VIIRS,n,2.0NRT,294.4,3.05,N
7.3909,80.89053,330.59,0.39,0.36,2026-08-31,2008,N21,VIIRS,n,2.0NRT,293.88,8.82,N
7.70559,80.66081,321.06,0.38,0.36,2026-08-31,2008,N21,VIIRS,n,2.0NRT,293.6,2.22,N
7.98893,79.86812,306.27,0.39,0.36,2026-08-31,2008,N21,VIIRS,n,2.0NRT,293.48,1.45,N
8.09008,80.79288,322.73,0.38,0.36,2026-08-31,2008,N21,VIIRS,n,2.0NRT,294.61,2.2,N
8.11107,79.86932,310.67,0.39,0.36,2026-08-31,2008,N21,VIIRS,n,2.0NRT,292.79,1.7,N
8.17575,80.37391,309.36,0.38,0.36,2026-08-31,2008,N21,VIIRS,n,2.0NRT,291.5,1.19,N
8.46689,80.25317,306.42,0.39,0.36,2026-08-31,2008,N21,VIIRS,n,2.0NRT,294.25,0.63,N
8.74081,78.09372,309.71,0.44,0.38,2026-08-31,2008,N21,VIIRS,n,2.0NRT,295.3,0.88,N
8.7414,78.08978,308.15,0.44,0.38,2026-08-31,2008,N21,VIIRS,n,2.0NRT,295.37,0.94,N
8.86698,78.1198,308.69,0.44,0.38,2026-08-31,2008,N21,VIIRS,n,2.0NRT,296.2,0.48,N
9.06696,77.89515,314.44,0.45,0.39,2026-08-31,2008,N21,VIIRS,n,2.0NRT,295.57,0.92,N
10.26561,78.37807,308.2,0.44,0.38,2026-08-31,2008,N21,VIIRS,n,2.0NRT,294.61,1.49,N
10.41422,77.11642,320.12,0.51,0.41,2026-08-31,2008,N21,VIIRS,n,2.0NRT,290.43,2.48,N
11.08219,78.75288,315.78,0.43,0.38,2026-08-31,2008,N21,VIIRS,n,2.0NRT,292.3,1.2,N
11.0839,78.75246,309.64,0.43,0.38,2026-08-31,2008,N21,VIIRS,n,2.0NRT,293.1,1.03,N
11.26925,80.00533,313.95,0.4,0.37,2026-08-31,2008,N21,VIIRS,n,2.0NRT,284.5,1.18,N
11.81635,77.91774,305.18,0.48,0.4,2026-08-31,2008,N21,VIIRS,n,2.0NRT,293.35,1.96,N
12.17032,78.99065,297.43,0.43,0.38,2026-08-31,2008,N21,VIIRS,n,2.0NRT,286.67,1.61,N
30.18717,74.48603,305.14,0.57,0.69,2026-08-31,2142,N21,VIIRS,n,2.0NRT,289.73,1.24,N
32.2922,70.72919,305.84,0.62,0.54,2026-08-31,2142,N21,VIIRS,n,2.0NRT,291.98,2.52,N
32.88955,71.61756,314.72,0.34,0.56,2026-08-31,2142,N21,VIIRS,n,2.0NRT,291.26,2.28,N
22.3833,73.1189,311.62,0.73,0.76,2026-08-31,2144,N21,VIIRS,n,2.0NRT,268.93,2.43,N
22.39004,73.12098,309.44,0.73,0.76,2026-08-31,2144,N21,VIIRS,n,2.0NRT,270.65,4.01,N
25.76952,68.55756,305.44,0.32,0.55,2026-08-31,2144,N21,VIIRS,n,2.0NRT,295.02,0.55,N
25.85953,68.9313,304.91,0.34,0.56,2026-08-31,2144,N21,VIIRS,n,2.0NRT,294.57,0.51,N
28.42339,69.7014,313.99,0.33,0.55,2026-08-31,2144,N21,VIIRS,n,2.0NRT,296.94,1.34,N
6.60747,80.93373,332.41,0.53,0.67,2026-09-01,712,N21,VIIRS,n,2.0NRT,289.22,5.76,D
6.7114,81.58937,348.86,0.48,0.65,2026-09-01,712,N21,VIIRS,n,2.0NRT,292.68,15.12,D
6.71725,81.58833,346.15,0.48,0.65,2026-09-01,712,N21,VIIRS,n,2.0NRT,292.26,6.9,D
6.82114,81.49781,330.96,0.48,0.65,2026-09-01,712,N21,VIIRS,n,2.0NRT,287.17,3.37,D
6.83964,81.57272,338.2,0.48,0.64,2026-09-01,712,N21,VIIRS,n,2.0NRT,291.77,11.85,D
6.8405,81.57301,335.52,0.48,0.64,2026-09-01,712,N21,VIIRS,n,2.0NRT,291.61,9.7,D
7.16885,81.56881,334.2,0.47,0.64,2026-09-01,712,N21,VIIRS,n,2.0NRT,292.95,2.83,D
7.16898,81.5699,330.42,0.47,0.64,2026-09-01,712,N21,VIIRS,n,2.0NRT,294.73,3.6,D
7.21728,81.7672,333.12,0.46,0.63,2026-09-01,712,N21,VIIRS,n,2.0NRT,296.56,1.91,D
7.30622,81.76859,335.28,0.45,0.63,2026-09-01,712,N21,VIIRS,n,2.0NRT,293.85,6.77,D
7.30749,81.76774,336.36,0.45,0.63,2026-09-01,712,N21,VIIRS,n,2.0NRT,293.75,2.86,D
7.32363,81.56375,345.64,0.47,0.64,2026-09-01,712,N21,VIIRS,n,2.0NRT,297.29,7.09,D
7.36582,81.10229,340.8,0.5,0.66,2026-09-01,712,N21,VIIRS,n,2.0NRT,297.76,8.66,D
7.36664,81.10676,333.48,0.5,0.66,2026-09-01,712,N21,VIIRS,n,2.0NRT,295.58,8.66,D
7.38272,81.79197,339.72,0.45,0.63,2026-09-01,712,N21,VIIRS,n,2.0NRT,295.57,3.72,D
7.39058,81.77007,343.39,0.45,0.63,2026-09-01,712,N21,VIIRS,n,2.0NRT,297.46,4.93,D
7.52218,81.37037,330.62,0.48,0.65,2026-09-01,712,N21,VIIRS,n,2.0NRT,297.88,7.17,D
7.57215,81.3828,331.7,0.48,0.64,2026-09-01,712,N21,VIIRS,n,2.0NRT,296.4,9.97,D
7.57381,81.06113,347.51,0.5,0.66,2026-09-01,712,N21,VIIRS,n,2.0NRT,297.64,8.22,D
7.94351,81.31474,330.37,0.48,0.64,2026-09-01,712,N21,VIIRS,n,2.0NRT,297.19,6.41,D
7.94428,81.31894,339.66,0.48,0.64,2026-09-01,712,N21,VIIRS,n,2.0NRT,298.04,6.41,D
7.9692,80.59388,335.14,0.53,0.67,2026-09-01,712,N21,VIIRS,n,2.0NRT,292.65,7.46,D
8.03915,81.28013,334.42,0.48,0.64,2026-09-01,712,N21,VIIRS,n,2.0NRT,297.09,6.98,D
8.11205,81.12383,332.56,0.49,0.65,2026-09-01,712,N21,VIIRS,n,2.0NRT,296.16,10.07,D
8.11285,81.12814,335.44,0.49,0.65,2026-09-01,712,N21,VIIRS,n,2.0NRT,294.83,7.04,D
8.30814,81.01736,333.6,0.49,0.65,2026-09-01,714,N21,VIIRS,n,2.0NRT,291.72,7.86,D
8.38549,80.8197,331.03,0.51,0.66,2026-09-01,714,N21,VIIRS,n,2.0NRT,295.74,8.1,D
8.38633,80.82423,336.66,0.5,0.66,2026-09-01,714,N21,VIIRS,n,2.0NRT,294.84,8.1,D
8.40153,80.62936,333.23,0.52,0.67,2026-09-01,714,N21,VIIRS,n,2.0NRT,294.88,7.65,D
8.40332,81.04671,367,0.49,0.65,2026-09-01,714,N21,VIIRS,h,2.0NRT,296.8,25.81,D
8.40674,80.25502,367,0.55,0.68,2026-09-01,714,N21,VIIRS,h,2.0NRT,294.07,20.93,D
8.41019,80.40926,330.06,0.54,0.68,2026-09-01,714,N21,VIIRS,n,2.0NRT,293.49,3.7,D
8.42441,80.4514,335.35,0.53,0.67,2026-09-01,714,N21,VIIRS,n,2.0NRT,293.71,4.99,D
8.43838,80.80535,332.05,0.51,0.66,2026-09-01,714,N21,VIIRS,n,2.0NRT,297.07,7.21,D
8.46502,80.80076,334.22,0.5,0.66,2026-09-01,714,N21,VIIRS,n,2.0NRT,294.68,4.86,D
8.46535,80.39966,333.49,0.54,0.68,2026-09-01,714,N21,VIIRS,n,2.0NRT,293.25,7,D
8.46566,80.3997,334.71,0.54,0.68,2026-09-01,714,N21,VIIRS,n,2.0NRT,293.24,9.48,D
8.46624,80.40448,336.17,0.54,0.68,2026-09-01,714,N21,VIIRS,n,2.0NRT,291.02,7.32,D
8.46658,80.4045,338.18,0.54,0.68,2026-09-01,714,N21,VIIRS,n,2.0NRT,291.45,7.16,D
8.51548,80.59484,343.26,0.52,0.67,2026-09-01,714,N21,VIIRS,n,2.0NRT,293.55,6.03,D
8.51833,80.77255,330.05,0.51,0.66,2026-09-01,714,N21,VIIRS,n,2.0NRT,295.95,3.93,D
8.51987,80.59413,332.8,0.52,0.67,2026-09-01,714,N21,VIIRS,n,2.0NRT,293.92,4.57,D
8.57219,80.76335,345.17,0.51,0.66,2026-09-01,714,N21,VIIRS,n,2.0NRT,297.84,12.24,D
8.60666,77.96648,345.72,0.79,0.78,2026-09-01,714,N21,VIIRS,n,2.0NRT,293.74,16.02,D
8.64862,80.82517,346.23,0.5,0.66,2026-09-01,714,N21,VIIRS,n,2.0NRT,294.29,6.28,D
8.65176,80.82707,349.46,0.5,0.66,2026-09-01,714,N21,VIIRS,n,2.0NRT,295.36,7.6,D
8.66219,80.884,332.07,0.49,0.65,2026-09-01,714,N21,VIIRS,n,2.0NRT,296.59,9.61,D
8.67462,80.89732,333.49,0.49,0.65,2026-09-01,714,N21,VIIRS,n,2.0NRT,296.38,6.35,D
8.68167,81.02359,334.61,0.48,0.65,2026-09-01,714,N21,VIIRS,n,2.0NRT,294.54,7.32,D
8.68581,81.02026,353.74,0.48,0.65,2026-09-01,714,N21,VIIRS,n,2.0NRT,290.85,9.44,D
8.69019,80.81751,332.43,0.5,0.66,2026-09-01,714,N21,VIIRS,n,2.0NRT,298.19,15.55,D
8.69465,78.05344,333.02,0.77,0.77,2026-09-01,714,N21,VIIRS,n,2.0NRT,296,5.99,D
8.69613,80.81642,335.84,0.5,0.66,2026-09-01,714,N21,VIIRS,n,2.0NRT,297.88,11.59,D
8.79095,80.87604,330.73,0.49,0.65,2026-09-01,714,N21,VIIRS,n,2.0NRT,295.83,8.09,D
9.02386,80.16743,343.87,0.55,0.68,2026-09-01,714,N21,VIIRS,n,2.0NRT,294.87,6.69,D
9.1143,80.27499,338.23,0.53,0.67,2026-09-01,714,N21,VIIRS,n,2.0NRT,297.66,6.34,D
9.25305,80.2723,337.98,0.53,0.67,2026-09-01,714,N21,VIIRS,n,2.0NRT,298.23,16.27,D
9.25485,80.28175,339.79,0.53,0.67,2026-09-01,714,N21,VIIRS,n,2.0NRT,298.03,11.2,D
9.39192,80.43458,339.99,0.51,0.66,2026-09-01,714,N21,VIIRS,n,2.0NRT,296.83,8.13,D
9.41682,80.40154,355.11,0.52,0.67,2026-09-01,714,N21,VIIRS,n,2.0NRT,298.05,17.61,D
9.41771,80.39689,332.31,0.52,0.67,2026-09-01,714,N21,VIIRS,n,2.0NRT,297.25,8.13,D
9.4186,80.40147,349.15,0.52,0.67,2026-09-01,714,N21,VIIRS,n,2.0NRT,297.98,8.13,D
9.42039,80.41064,335.58,0.52,0.66,2026-09-01,714,N21,VIIRS,n,2.0NRT,296.58,12.21,D
9.42457,80.40965,367,0.52,0.67,2026-09-01,714,N21,VIIRS,h,2.0NRT,297.45,21.12,D
9.42543,80.41423,348.55,0.52,0.67,2026-09-01,714,N21,VIIRS,n,2.0NRT,297.09,18.66,D
9.42642,80.40956,367,0.52,0.66,2026-09-01,714,N21,VIIRS,h,2.0NRT,297.61,12.21,D
9.42731,80.41415,336.19,0.52,0.66,2026-09-01,714,N21,VIIRS,n,2.0NRT,297.09,16.15,D
9.5339,80.38524,348.83,0.52,0.67,2026-09-01,714,N21,VIIRS,n,2.0NRT,298.05,11.05,D
9.5355,80.38216,352.5,0.52,0.66,2026-09-01,714,N21,VIIRS,n,2.0NRT,298.21,9.46,D
10.3891,79.27283,340.75,0.59,0.7,2026-09-01,714,N21,VIIRS,n,2.0NRT,293.63,6.32,D
10.77498,78.64761,339.35,0.64,0.72,2026-09-01,714,N21,VIIRS,n,2.0NRT,298.22,9.28,D
11.14715,78.03418,342.27,0.7,0.75,2026-09-01,714,N21,VIIRS,n,2.0NRT,292.94,8.84,D
11.15095,78.03052,334.43,0.7,0.75,2026-09-01,714,N21,VIIRS,n,2.0NRT,293.33,14.18,D
11.23065,78.08495,331.82,0.69,0.74,2026-09-01,714,N21,VIIRS,n,2.0NRT,295.11,5.38,D
11.84292,78.90423,338.89,0.59,0.7,2026-09-01,714,N21,VIIRS,n,2.0NRT,296.6,12.68,D
12.70483,79.3057,335.48,0.53,0.67,2026-09-01,714,N21,VIIRS,n,2.0NRT,295.2,4.05,D
12.82289,79.10335,333.2,0.55,0.68,2026-09-01,714,N21,VIIRS,n,2.0NRT,294.83,5.79,D
12.9195,79.45843,337.1,0.52,0.67,2026-09-01,714,N21,VIIRS,n,2.0NRT,290.6,4.66,D
14.26651,79.09661,340.26,0.51,0.66,2026-09-01,714,N21,VIIRS,n,2.0NRT,285.82,2.99,D
14.26936,79.09819,334.88,0.51,0.66,2026-09-01,714,N21,VIIRS,n,2.0NRT,285.69,5.89,D
14.43295,77.70949,338.48,0.63,0.72,2026-09-01,714,N21,VIIRS,n,2.0NRT,287.65,11.05,D
14.97541,79.35614,330.4,0.48,0.65,2026-09-01,714,N21,VIIRS,n,2.0NRT,288.52,4.59,D
14.97559,79.35465,332.13,0.48,0.65,2026-09-01,714,N21,VIIRS,n,2.0NRT,289.04,2.02,D
15.16886,80.03398,337.89,0.43,0.62,2026-09-01,714,N21,VIIRS,n,2.0NRT,290.91,9.24,D
15.27038,79.58337,333.62,0.46,0.63,2026-09-01,714,N21,VIIRS,n,2.0NRT,288.42,4.71,D
15.88671,79.82129,337.9,0.43,0.62,2026-09-01,716,N21,VIIRS,n,2.0NRT,289.62,5.45,D
16.11085,81.14068,335.18,0.34,0.56,2026-09-01,716,N21,VIIRS,n,2.0NRT,289.37,2.67,D
16.85769,80.79336,340.49,0.35,0.57,2026-09-01,716,N21,VIIRS,n,2.0NRT,288.83,5.17,D
17.40365,80.95362,336.38,0.34,0.56,2026-09-01,716,N21,VIIRS,n,2.0NRT,288.08,3.34,D
31.1214,74.69007,350.72,0.42,0.61,2026-09-01,720,N21,VIIRS,n,2.0NRT,292.99,10.48,D
31.1218,74.69038,353.18,0.42,0.61,2026-09-01,720,N21,VIIRS,n,2.0NRT,293.24,13.13,D
8.95145,77.77085,345.86,0.53,0.67,2026-09-01,854,N21,VIIRS,n,2.0NRT,300.27,4.04,D
8.95153,77.77248,336.6,0.53,0.67,2026-09-01,854,N21,VIIRS,n,2.0NRT,300.01,4.11,D
9.11347,77.46972,367,0.51,0.66,2026-09-01,854,N21,VIIRS,h,2.0NRT,299.16,9.51,D
9.5979,77.7906,343.48,0.54,0.68,2026-09-01,854,N21,VIIRS,n,2.0NRT,299.17,18.25,D
9.59852,77.79555,335.09,0.54,0.68,2026-09-01,854,N21,VIIRS,n,2.0NRT,296.83,12.55,D
10.01406,78.08731,332.78,0.58,0.7,2026-09-01,854,N21,VIIRS,n,2.0NRT,297.7,3.52,D
10.8313,78.8009,336.72,0.66,0.73,2026-09-01,854,N21,VIIRS,n,2.0NRT,294.99,5.56,D
19.5703,71.35628,339.27,0.54,0.51,2026-09-01,856,N21,VIIRS,n,2.0NRT,286.58,8.73,D
23.33648,69.71748,344.43,0.47,0.48,2026-09-01,858,N21,VIIRS,n,2.0NRT,297.19,12,D
33.23684,71.51589,331.52,0.39,0.6,2026-09-01,900,N21,VIIRS,n,2.0NRT,292.09,1.57,D
35.99088,94.82967,305.33,0.41,0.37,2026-09-01,1940,N21,VIIRS,n,2.0NRT,285.01,1.54,N
29.26174,91.92335,300.92,0.4,0.37,2026-09-01,1942,N21,VIIRS,n,2.0NRT,284.29,0.77,N
29.26438,91.92816,296.03,0.4,0.37,2026-09-01,1942,N21,VIIRS,n,2.0NRT,283.71,0.77,N
29.26505,91.92413,297.2,0.4,0.37,2026-09-01,1942,N21,VIIRS,n,2.0NRT,284.78,0.77,N
29.65747,90.89764,305.34,0.38,0.36,2026-09-01,1942,N21,VIIRS,n,2.0NRT,283.17,0.85,N
29.66276,90.90688,295.86,0.38,0.36,2026-09-01,1942,N21,VIIRS,n,2.0NRT,283.18,1.32,N
9.56769,77.5301,311.36,0.63,0.54,2026-09-01,1947,N21,VIIRS,n,2.0NRT,286.65,3.24,N
9.57194,77.53596,318.87,0.63,0.54,2026-09-01,1947,N21,VIIRS,n,2.0NRT,286.52,2.62,N
9.57271,77.53027,304.62,0.63,0.54,2026-09-01,1947,N21,VIIRS,n,2.0NRT,286.81,2.62,N
9.58051,77.54716,331.25,0.63,0.54,2026-09-01,1947,N21,VIIRS,n,2.0NRT,289.78,3.82,N
9.58125,77.54169,309.06,0.63,0.54,2026-09-01,1947,N21,VIIRS,n,2.0NRT,288.53,3.82,N
9.58175,77.54842,322.31,0.63,0.54,2026-09-01,1947,N21,VIIRS,n,2.0NRT,289.54,6.28,N
9.58245,77.54297,326.75,0.63,0.54,2026-09-01,1947,N21,VIIRS,n,2.0NRT,289.94,6.72,N
9.58542,77.54805,310.36,0.63,0.54,2026-09-01,1947,N21,VIIRS,n,2.0NRT,289.06,3.82,N
10.43844,77.555,304.16,0.32,0.55,2026-09-01,1947,N21,VIIRS,n,2.0NRT,290.23,0.47,N
10.99405,79.23645,332.49,0.5,0.49,2026-09-01,1947,N21,VIIRS,n,2.0NRT,290.43,7.05,N
11.26855,80.00151,320.92,0.45,0.47,2026-09-01,1947,N21,VIIRS,n,2.0NRT,291.48,7.53,N
11.42341,77.40266,324.28,0.34,0.56,2026-09-01,1947,N21,VIIRS,n,2.0NRT,290.37,1.92,N
11.42617,77.40337,319.32,0.34,0.56,2026-09-01,1947,N21,VIIRS,n,2.0NRT,290.58,2.14,N
11.43303,77.16435,309.49,0.35,0.57,2026-09-01,1947,N21,VIIRS,n,2.0NRT,290.7,1.15,N
11.59137,77.27103,348.16,0.35,0.57,2026-09-01,1947,N21,VIIRS,n,2.0NRT,283.6,3.82,N
11.59178,77.26778,306.06,0.35,0.57,2026-09-01,1947,N21,VIIRS,n,2.0NRT,281.89,3.82,N
12.29194,79.93996,319.76,0.47,0.48,2026-09-01,1947,N21,VIIRS,n,2.0NRT,289.14,5.06,N
12.29299,79.93951,323.45,0.47,0.48,2026-09-01,1947,N21,VIIRS,n,2.0NRT,289.13,5.71,N
12.74623,77.62025,303.7,0.34,0.56,2026-09-01,1947,N21,VIIRS,n,2.0NRT,286.49,0.65,N
12.7745,80.06129,307.55,0.47,0.48,2026-09-01,1947,N21,VIIRS,n,2.0NRT,288.41,2.27,N
16.30448,77.35959,301.2,0.4,0.6,2026-09-01,1947,N21,VIIRS,n,2.0NRT,284.66,0.61,N
6.36372,80.74462,307.39,0.52,0.42,2026-09-01,1949,N21,VIIRS,n,2.0NRT,293.64,1.62,N
6.57154,81.11928,313.9,0.5,0.41,2026-09-01,1949,N21,VIIRS,n,2.0NRT,294.32,1.74,N
6.71949,81.22442,326.27,0.5,0.41,2026-09-01,1949,N21,VIIRS,n,2.0NRT,299.96,25.63,N
6.72014,81.21996,305.4,0.5,0.41,2026-09-01,1949,N21,VIIRS,n,2.0NRT,293.75,11.32,N
6.72321,81.22498,309.44,0.5,0.41,2026-09-01,1949,N21,VIIRS,n,2.0NRT,293.73,1.55,N
6.95986,79.96089,305.3,0.4,0.44,2026-09-01,1949,N21,VIIRS,n,2.0NRT,293.54,1.93,N
6.97187,81.59468,328.88,0.48,0.4,2026-09-01,1949,N21,VIIRS,n,2.0NRT,294.19,8.43,N
6.97214,81.59323,345.22,0.48,0.4,2026-09-01,1949,N21,VIIRS,n,2.0NRT,296.27,17.61,N
6.97252,81.59039,330.57,0.48,0.4,2026-09-01,1949,N21,VIIRS,n,2.0NRT,295.65,8.43,N
7.21348,81.04823,313.68,0.52,0.41,2026-09-01,1949,N21,VIIRS,n,2.0NRT,295.77,3.6,N
7.21416,81.04359,310,0.52,0.41,2026-09-01,1949,N21,VIIRS,n,2.0NRT,295.32,2.83,N
7.24864,80.88853,309.79,0.53,0.42,2026-09-01,1949,N21,VIIRS,n,2.0NRT,292.93,1.86,N
7.43656,81.24056,331.53,0.51,0.41,2026-09-01,1949,N21,VIIRS,n,2.0NRT,295.34,5.91,N
7.88937,81.19119,307.69,0.52,0.41,2026-09-01,1949,N21,VIIRS,n,2.0NRT,293.9,1.24,N
7.88977,81.18888,306.11,0.52,0.41,2026-09-01,1949,N21,VIIRS,n,2.0NRT,293.79,1.34,N
8.07302,80.76559,305.95,0.55,0.43,2026-09-01,1949,N21,VIIRS,n,2.0NRT,294.17,0.7,N
8.07345,80.76807,306.93,0.55,0.43,2026-09-01,1949,N21,VIIRS,n,2.0NRT,294.38,2.43,N
8.07735,80.76861,310.31,0.55,0.43,2026-09-01,1949,N21,VIIRS,n,2.0NRT,294.5,2.43,N
8.2405,80.55211,308.73,0.57,0.43,2026-09-01,1949,N21,VIIRS,n,2.0NRT,293.35,3.13,N
8.44677,80.39247,311.66,0.39,0.44,2026-09-01,1949,N21,VIIRS,n,2.0NRT,288.1,1.85,N
8.45078,80.39306,304.02,0.39,0.44,2026-09-01,1949,N21,VIIRS,n,2.0NRT,285.45,1.2,N
14.51374,75.63936,299.94,0.49,0.65,2026-09-01,1949,N21,VIIRS,n,2.0NRT,280.55,0.72,N
15.1653,76.37858,298.37,0.45,0.63,2026-09-01,1949,N21,VIIRS,n,2.0NRT,279.99,1.61,N
15.17202,76.38217,295.27,0.45,0.63,2026-09-01,1949,N21,VIIRS,n,2.0NRT,279.88,2.13,N
15.17719,76.65791,300.23,0.43,0.62,2026-09-01,1949,N21,VIIRS,n,2.0NRT,278.41,1.44,N
15.17762,76.65395,304.08,0.43,0.62,2026-09-01,1949,N21,VIIRS,n,2.0NRT,279.58,1.44,N
15.182,76.66639,302.72,0.43,0.62,2026-09-01,1949,N21,VIIRS,n,2.0NRT,275.51,2.1,N
26.25521,74.09451,301.91,0.35,0.57,2026-09-01,2123,N21,VIIRS,n,2.0NRT,290.16,0.5,N
28.42226,69.70229,315.37,0.53,0.42,2026-09-01,2123,N21,VIIRS,n,2.0NRT,297,2.05,N
32.88774,71.6191,309.32,0.56,0.43,2026-09-01,2123,N21,VIIRS,n,2.0NRT,293.97,4.73,N
33.26918,71.3095,317.49,0.53,0.42,2026-09-01,2123,N21,VIIRS,n,2.0NRT,292.65,2.28,N
18.68674,73.02962,302.19,0.43,0.62,2026-09-01,2125,N21,VIIRS,n,2.0NRT,279.16,1.77,N
18.68805,73.05092,298.87,0.43,0.62,2026-09-01,2125,N21,VIIRS,n,2.0NRT,280.5,1.1,N
20.90965,71.45818,303.17,0.62,0.54,2026-09-01,2125,N21,VIIRS,n,2.0NRT,282.35,1.21,N
22.93195,69.69841,303.97,0.44,0.46,2026-09-01,2125,N21,VIIRS,n,2.0NRT,286.95,1.21,N
24.69068,73.00339,305.11,0.32,0.55,2026-09-01,2125,N21,VIIRS,n,2.0NRT,287.48,1.2,N
24.93119,74.63396,301.45,0.4,0.6,2026-09-01,2125,N21,VIIRS,n,2.0NRT,286.91,0.97,N
25.9415,72.19106,303.53,0.54,0.51,2026-09-01,2125,N21,VIIRS,n,2.0NRT,288.57,0.48,N
26.09372,68.87788,305.62,0.52,0.42,2026-09-01,2125,N21,VIIRS,n,2.0NRT,294.84,0.98,N
32.28819,70.73662,307.81,0.52,0.41,2026-09-01,2125,N21,VIIRS,n,2.0NRT,293.5,3.82,N
27.37714,95.33408,337.86,0.45,0.39,2026-09-02,659,N21,VIIRS,n,2.0NRT,293.68,3.63,D
29.19191,89.91774,327.57,0.4,0.37,2026-09-02,701,N21,VIIRS,l,2.0NRT,301.92,2.54,D
29.72599,91.45824,339.14,0.38,0.36,2026-09-02,701,N21,VIIRS,n,2.0NRT,303.53,4.89,D
29.72998,90.80003,330.9,0.39,0.36,2026-09-02,701,N21,VIIRS,n,2.0NRT,299.97,9.27,D
6.41024,81.3175,336.82,0.4,0.6,2026-09-02,835,N21,VIIRS,n,2.0NRT,297.52,4.91,D
6.47141,81.10697,354.62,0.39,0.59,2026-09-02,835,N21,VIIRS,n,2.0NRT,299.64,24.34,D
6.67099,81.24335,353.51,0.4,0.6,2026-09-02,835,N21,VIIRS,n,2.0NRT,297.94,56.73,D
6.67148,81.24696,367,0.4,0.6,2026-09-02,835,N21,VIIRS,h,2.0NRT,297.99,56.73,D
6.67647,81.24255,355.19,0.4,0.6,2026-09-02,835,N21,VIIRS,n,2.0NRT,296.58,56.73,D
6.67697,81.24619,207.38,0.4,0.6,2026-09-02,835,N21,VIIRS,l,2.0NRT,306.44,56.73,D
6.67746,81.2498,367,0.4,0.6,2026-09-02,835,N21,VIIRS,h,2.0NRT,299.31,130.4,D
6.69402,81.00782,330.23,0.39,0.59,2026-09-02,835,N21,VIIRS,n,2.0NRT,297.15,2.05,D
6.71499,81.40114,331.25,0.41,0.61,2026-09-02,835,N21,VIIRS,n,2.0NRT,299.98,4.23,D
6.71952,81.22499,335.41,0.4,0.6,2026-09-02,835,N21,VIIRS,n,2.0NRT,296.98,5.85,D
6.72,81.22863,340.53,0.4,0.6,2026-09-02,835,N21,VIIRS,n,2.0NRT,297.83,8.71,D
6.72432,81.22465,351.79,0.4,0.6,2026-09-02,835,N21,VIIRS,n,2.0NRT,296.86,8.45,D
6.72483,81.22827,343.5,0.4,0.6,2026-09-02,835,N21,VIIRS,n,2.0NRT,295.73,4.82,D
6.725,81.22418,338.07,0.4,0.6,2026-09-02,835,N21,VIIRS,n,2.0NRT,296.27,5.85,D
6.72999,81.59464,343.88,0.43,0.62,2026-09-02,835,N21,VIIRS,n,2.0NRT,301.07,5.58,D
6.74612,81.51452,338.59,0.42,0.61,2026-09-02,835,N21,VIIRS,n,2.0NRT,301.52,4.04,D
6.74757,81.51431,336.05,0.42,0.61,2026-09-02,835,N21,VIIRS,n,2.0NRT,301.27,3.08,D
6.75611,81.16471,367,0.4,0.6,2026-09-02,835,N21,VIIRS,h,2.0NRT,297.26,9.84,D
6.7566,81.16835,344.94,0.4,0.6,2026-09-02,835,N21,VIIRS,n,2.0NRT,296.41,9.84,D
6.84593,81.37031,331.1,0.41,0.61,2026-09-02,835,N21,VIIRS,n,2.0NRT,297.59,4.43,D
6.91149,81.61044,336.35,0.43,0.62,2026-09-02,835,N21,VIIRS,n,2.0NRT,299.09,4.58,D
6.97116,81.60201,355.41,0.43,0.62,2026-09-02,835,N21,VIIRS,n,2.0NRT,299.8,21.76,D
6.97166,81.60588,367,0.43,0.62,2026-09-02,835,N21,VIIRS,h,2.0NRT,300.77,14.4,D
6.97357,81.60188,354.35,0.43,0.62,2026-09-02,835,N21,VIIRS,n,2.0NRT,299.41,18.65,D
6.9741,81.60574,367,0.43,0.62,2026-09-02,835,N21,VIIRS,h,2.0NRT,300.37,24.19,D
6.9773,81.60505,332.87,0.43,0.62,2026-09-02,835,N21,VIIRS,n,2.0NRT,298.84,14.4,D
6.97974,81.60493,350.85,0.43,0.62,2026-09-02,835,N21,VIIRS,n,2.0NRT,298.92,11.32,D
6.98027,81.60882,350.36,0.43,0.62,2026-09-02,835,N21,VIIRS,n,2.0NRT,297.76,11.32,D
6.98294,81.60423,341.9,0.43,0.62,2026-09-02,835,N21,VIIRS,n,2.0NRT,297.51,7.16,D
6.98345,81.60812,345,0.43,0.62,2026-09-02,835,N21,VIIRS,n,2.0NRT,297.56,7.16,D
7.05409,81.45085,331.41,0.42,0.61,2026-09-02,835,N21,VIIRS,n,2.0NRT,295.71,6.08,D
7.09695,81.70384,332.12,0.44,0.62,2026-09-02,835,N21,VIIRS,n,2.0NRT,296.42,2.72,D
7.10011,81.70355,335.22,0.44,0.62,2026-09-02,835,N21,VIIRS,n,2.0NRT,295.68,3.56,D
7.29756,81.12653,355.04,0.4,0.6,2026-09-02,835,N21,VIIRS,n,2.0NRT,301.58,6.32,D
7.30523,81.3973,338.78,0.42,0.61,2026-09-02,835,N21,VIIRS,n,2.0NRT,297.2,8.99,D
7.32932,81.23756,351.03,0.41,0.61,2026-09-02,835,N21,VIIRS,n,2.0NRT,302.92,7.49,D
7.33528,81.23988,355.61,0.41,0.61,2026-09-02,835,N21,VIIRS,n,2.0NRT,302.98,8.81,D
7.3376,81.13284,343.05,0.4,0.6,2026-09-02,835,N21,VIIRS,n,2.0NRT,301.63,4.88,D
7.34048,81.1952,340.45,0.41,0.6,2026-09-02,835,N21,VIIRS,n,2.0NRT,305.98,13.06,D
7.34552,81.19064,339.48,0.41,0.6,2026-09-02,835,N21,VIIRS,n,2.0NRT,304.34,10.37,D
7.34553,81.19096,339.26,0.41,0.6,2026-09-02,835,N21,VIIRS,n,2.0NRT,304.45,12.48,D
7.34599,81.19432,367,0.41,0.6,2026-09-02,835,N21,VIIRS,h,2.0NRT,307.87,20.33,D
7.34603,81.19463,367,0.41,0.6,2026-09-02,835,N21,VIIRS,h,2.0NRT,307.98,13.06,D
7.35922,81.4173,367,0.42,0.61,2026-09-02,835,N21,VIIRS,h,2.0NRT,299.12,12.07,D
7.36999,81.75822,331.87,0.45,0.63,2026-09-02,835,N21,VIIRS,n,2.0NRT,297.79,2.66,D
7.37363,81.19067,330.78,0.41,0.6,2026-09-02,835,N21,VIIRS,l,2.0NRT,304.22,3.77,D
7.37412,81.19444,334.8,0.41,0.6,2026-09-02,835,N21,VIIRS,n,2.0NRT,303.98,3.77,D
7.37556,81.20541,336.77,0.41,0.61,2026-09-02,835,N21,VIIRS,n,2.0NRT,302.96,4.89,D
7.37603,81.209,347.5,0.41,0.61,2026-09-02,835,N21,VIIRS,n,2.0NRT,303.19,4.89,D
7.38109,81.2047,340.75,0.41,0.61,2026-09-02,835,N21,VIIRS,n,2.0NRT,296.16,4.37,D
7.38537,81.15173,337.05,0.41,0.6,2026-09-02,835,N21,VIIRS,n,2.0NRT,303.49,4.93,D
7.41087,81.04942,332.71,0.4,0.6,2026-09-02,835,N21,VIIRS,n,2.0NRT,301.31,3.09,D
7.47621,80.90349,330.15,0.39,0.59,2026-09-02,835,N21,VIIRS,n,2.0NRT,300.65,3.25,D
7.51856,80.88973,352.13,0.39,0.59,2026-09-02,835,N21,VIIRS,n,2.0NRT,300.69,7.39,D
7.51921,80.89452,341.05,0.39,0.59,2026-09-02,835,N21,VIIRS,n,2.0NRT,300.43,8.4,D
7.52041,80.88845,355.14,0.39,0.59,2026-09-02,835,N21,VIIRS,n,2.0NRT,301.57,11.58,D
7.52102,80.8932,340.91,0.39,0.59,2026-09-02,835,N21,VIIRS,n,2.0NRT,301.79,7.67,D
7.52406,80.88957,347.48,0.39,0.59,2026-09-02,835,N21,VIIRS,n,2.0NRT,301.42,6.49,D
7.52647,80.89267,333.01,0.39,0.59,2026-09-02,835,N21,VIIRS,n,2.0NRT,300.11,7.67,D
7.5936,80.98196,367,0.4,0.6,2026-09-02,835,N21,VIIRS,h,2.0NRT,301.09,8.91,D
7.66308,80.21366,336.79,0.35,0.57,2026-09-02,835,N21,VIIRS,n,2.0NRT,294.57,2.56,D
7.73912,79.81786,345.27,0.33,0.55,2026-09-02,835,N21,VIIRS,n,2.0NRT,297.15,5.24,D
7.74068,81.15677,330.4,0.41,0.61,2026-09-02,835,N21,VIIRS,n,2.0NRT,299.72,7.75,D
7.78083,80.65666,330.34,0.38,0.59,2026-09-02,835,N21,VIIRS,n,2.0NRT,297.69,2.88,D
7.80018,80.11943,330.76,0.35,0.57,2026-09-02,835,N21,VIIRS,n,2.0NRT,295.57,1.93,D
7.83926,79.88157,334.94,0.34,0.56,2026-09-02,835,N21,VIIRS,n,2.0NRT,294.56,2.85,D
7.84435,79.88088,330.31,0.34,0.56,2026-09-02,835,N21,VIIRS,n,2.0NRT,293.98,2.85,D
7.84475,79.88389,332.69,0.34,0.56,2026-09-02,835,N21,VIIRS,n,2.0NRT,292.58,2.85,D
7.8507,81.22355,350.27,0.42,0.61,2026-09-02,835,N21,VIIRS,n,2.0NRT,299.34,9.84,D
7.85564,80.4143,339.69,0.37,0.58,2026-09-02,835,N21,VIIRS,n,2.0NRT,294.6,3.75,D
7.8837,80.34432,330,0.36,0.58,2026-09-02,835,N21,VIIRS,n,2.0NRT,295.12,2.93,D
7.88404,80.34646,332.82,0.36,0.58,2026-09-02,835,N21,VIIRS,n,2.0NRT,293.68,2.33,D
7.8919,80.64431,330.25,0.38,0.59,2026-09-02,835,N21,VIIRS,n,2.0NRT,294.66,1.74,D
7.92437,80.65961,334.91,0.38,0.59,2026-09-02,835,N21,VIIRS,n,2.0NRT,296.3,5.9,D
7.93653,81.3229,350.54,0.42,0.61,2026-09-02,835,N21,VIIRS,n,2.0NRT,302.59,17.81,D
7.93702,81.32671,367,0.42,0.61,2026-09-02,835,N21,VIIRS,h,2.0NRT,303.2,17.81,D
7.93819,81.29163,343.87,0.42,0.61,2026-09-02,835,N21,VIIRS,n,2.0NRT,301.02,6.31,D
7.94165,81.31831,350.65,0.42,0.61,2026-09-02,835,N21,VIIRS,n,2.0NRT,301.45,16.01,D
7.94215,81.32213,367,0.42,0.61,2026-09-02,835,N21,VIIRS,h,2.0NRT,300.77,13.73,D
7.94264,81.32597,347.12,0.42,0.61,2026-09-02,835,N21,VIIRS,n,2.0NRT,298.89,13.73,D
7.9438,81.29086,336.49,0.42,0.61,2026-09-02,835,N21,VIIRS,n,2.0NRT,300.73,6.31,D
7.94429,81.29467,353.19,0.42,0.61,2026-09-02,835,N21,VIIRS,n,2.0NRT,300.74,6.31,D
7.94627,81.30991,344.32,0.42,0.61,2026-09-02,835,N21,VIIRS,n,2.0NRT,300.78,11.45,D
8.00502,80.37047,334.48,0.37,0.58,2026-09-02,835,N21,VIIRS,n,2.0NRT,296.27,6.19,D
8.00544,80.37373,340.09,0.37,0.58,2026-09-02,835,N21,VIIRS,n,2.0NRT,296.69,6.19,D
8.00556,80.37322,347.66,0.36,0.58,2026-09-02,835,N21,VIIRS,n,2.0NRT,297.43,13.41,D
8.02131,80.68874,330.61,0.38,0.59,2026-09-02,835,N21,VIIRS,n,2.0NRT,297.72,3.03,D
8.08348,80.59769,367,0.38,0.59,2026-09-02,835,N21,VIIRS,h,2.0NRT,296.82,11.13,D
8.08506,80.08055,330.69,0.35,0.57,2026-09-02,835,N21,VIIRS,n,2.0NRT,295.45,3.16,D
8.09719,80.74323,345.43,0.39,0.59,2026-09-02,835,N21,VIIRS,n,2.0NRT,297.48,8.35,D
8.13257,80.61436,330.39,0.38,0.59,2026-09-02,835,N21,VIIRS,n,2.0NRT,296.48,3.14,D
8.19724,79.91821,334.97,0.34,0.56,2026-09-02,835,N21,VIIRS,n,2.0NRT,295.24,1.72,D
8.20121,80.67872,331.4,0.39,0.59,2026-09-02,835,N21,VIIRS,n,2.0NRT,298.62,2.31,D
8.21361,80.77289,336.66,0.39,0.59,2026-09-02,835,N21,VIIRS,n,2.0NRT,296.73,4.19,D
8.22195,79.94675,367,0.34,0.56,2026-09-02,835,N21,VIIRS,h,2.0NRT,296.46,14.84,D
8.26906,80.58801,367,0.38,0.59,2026-09-02,835,N21,VIIRS,h,2.0NRT,298.38,11.7,D
8.27938,80.75308,350.09,0.39,0.59,2026-09-02,835,N21,VIIRS,n,2.0NRT,297.27,10.2,D
8.28278,80.99872,330.76,0.41,0.6,2026-09-02,835,N21,VIIRS,n,2.0NRT,295.52,2.33,D
8.29839,80.72919,342.63,0.39,0.59,2026-09-02,835,N21,VIIRS,n,2.0NRT,296.47,7.83,D
8.31578,80.28963,335.94,0.36,0.58,2026-09-02,835,N21,VIIRS,n,2.0NRT,296.2,3.62,D
8.31593,80.2891,330.58,0.36,0.58,2026-09-02,835,N21,VIIRS,n,2.0NRT,296.07,3.95,D
8.32395,80.6719,334.05,0.39,0.59,2026-09-02,835,N21,VIIRS,n,2.0NRT,296.59,2.48,D
8.32674,80.29144,330.4,0.36,0.58,2026-09-02,835,N21,VIIRS,n,2.0NRT,296.62,3.8,D
8.33908,80.62061,333.95,0.38,0.59,2026-09-02,835,N21,VIIRS,n,2.0NRT,294.82,3.62,D
8.33955,80.62406,332.52,0.38,0.59,2026-09-02,835,N21,VIIRS,n,2.0NRT,295.02,3.39,D
8.34202,80.68362,351.21,0.39,0.59,2026-09-02,835,N21,VIIRS,n,2.0NRT,298.66,6.24,D
8.34606,80.67258,343.23,0.39,0.59,2026-09-02,835,N21,VIIRS,n,2.0NRT,298.37,4.61,D
8.34652,80.67604,336.23,0.39,0.59,2026-09-02,835,N21,VIIRS,n,2.0NRT,297.41,4.61,D
8.34744,80.68293,345.58,0.39,0.59,2026-09-02,835,N21,VIIRS,n,2.0NRT,296.98,6.24,D
8.34845,80.67332,346.15,0.39,0.59,2026-09-02,835,N21,VIIRS,n,2.0NRT,297.71,8.08,D
8.38371,80.52162,334.62,0.38,0.59,2026-09-02,835,N21,VIIRS,n,2.0NRT,296.48,3.71,D
8.3931,80.18663,330.78,0.36,0.57,2026-09-02,835,N21,VIIRS,n,2.0NRT,297,2.7,D
8.40145,80.32819,330,0.37,0.58,2026-09-02,835,N21,VIIRS,n,2.0NRT,296.28,3.52,D
8.40271,80.21823,351.71,0.36,0.57,2026-09-02,835,N21,VIIRS,n,2.0NRT,297.27,9.82,D
8.40315,80.22147,335.06,0.36,0.57,2026-09-02,835,N21,VIIRS,n,2.0NRT,296.61,8.58,D
8.40331,80.21985,367,0.36,0.57,2026-09-02,835,N21,VIIRS,h,2.0NRT,298.11,10.26,D
8.40586,80.73381,347.13,0.39,0.59,2026-09-02,835,N21,VIIRS,n,2.0NRT,297.91,6.77,D
8.4069,80.82774,352.87,0.4,0.6,2026-09-02,835,N21,VIIRS,n,2.0NRT,298.05,24.17,D
8.41237,80.82706,332.76,0.4,0.6,2026-09-02,835,N21,VIIRS,n,2.0NRT,297.26,13.59,D
8.41284,80.83062,367,0.4,0.6,2026-09-02,835,N21,VIIRS,h,2.0NRT,298.34,17.06,D
8.41479,80.38741,351.62,0.37,0.58,2026-09-02,835,N21,VIIRS,n,2.0NRT,295.24,11.89,D
8.41599,80.812,367,0.4,0.6,2026-09-02,835,N21,VIIRS,h,2.0NRT,297.53,12.6,D
8.41731,80.32602,336.64,0.37,0.58,2026-09-02,835,N21,VIIRS,n,2.0NRT,291.87,6.67,D
8.42694,80.81065,333.85,0.4,0.6,2026-09-02,835,N21,VIIRS,n,2.0NRT,297.19,6.71,D
8.42871,80.65554,330.11,0.39,0.59,2026-09-02,835,N21,VIIRS,n,2.0NRT,297.77,5.03,D
8.43068,80.71223,367,0.39,0.59,2026-09-02,835,N21,VIIRS,h,2.0NRT,298.38,14.62,D
8.44935,80.72803,330.35,0.39,0.59,2026-09-02,835,N21,VIIRS,n,2.0NRT,297.41,4.76,D
8.44962,80.62689,337.24,0.39,0.59,2026-09-02,835,N21,VIIRS,n,2.0NRT,296.85,8.37,D
8.44973,80.60696,367,0.38,0.59,2026-09-02,835,N21,VIIRS,h,2.0NRT,298.3,17.01,D
8.44983,80.73161,340.98,0.39,0.59,2026-09-02,835,N21,VIIRS,n,2.0NRT,297.63,5.29,D
8.45005,80.63035,350.91,0.39,0.59,2026-09-02,835,N21,VIIRS,n,2.0NRT,296.56,16.71,D
8.4503,80.73517,339.2,0.39,0.6,2026-09-02,835,N21,VIIRS,n,2.0NRT,296.99,5.29,D
8.45092,80.63725,367,0.39,0.59,2026-09-02,835,N21,VIIRS,h,2.0NRT,296.43,11.38,D
8.45239,80.60542,353.99,0.38,0.59,2026-09-02,835,N21,VIIRS,n,2.0NRT,297.64,13.95,D
8.45249,80.62759,367,0.39,0.59,2026-09-02,835,N21,VIIRS,h,2.0NRT,297.54,8.31,D
8.45283,80.60887,355.34,0.39,0.59,2026-09-02,835,N21,VIIRS,n,2.0NRT,297.91,15.24,D
8.45342,80.6345,352.55,0.39,0.59,2026-09-02,835,N21,VIIRS,n,2.0NRT,296.13,13.24,D
8.45388,80.63795,330.82,0.39,0.59,2026-09-02,835,N21,VIIRS,n,2.0NRT,296.15,6.45,D
8.45479,80.72732,354.98,0.39,0.59,2026-09-02,835,N21,VIIRS,n,2.0NRT,296.94,6.29,D
8.47287,80.86323,336.56,0.4,0.6,2026-09-02,835,N21,VIIRS,n,2.0NRT,295.96,4.8,D
8.47318,81.1229,345.11,0.42,0.61,2026-09-02,835,N21,VIIRS,n,2.0NRT,294.33,4.41,D
8.48469,80.77297,335.75,0.4,0.6,2026-09-02,835,N21,VIIRS,n,2.0NRT,296.42,9.91,D
8.48821,80.76984,335.56,0.4,0.6,2026-09-02,835,N21,VIIRS,n,2.0NRT,295.43,7.16,D
8.49149,80.73936,332.64,0.39,0.6,2026-09-02,835,N21,VIIRS,n,2.0NRT,296.07,5.11,D
8.49195,80.74293,338.35,0.39,0.6,2026-09-02,835,N21,VIIRS,n,2.0NRT,295.22,5.11,D
8.49256,80.80211,330.69,0.4,0.6,2026-09-02,835,N21,VIIRS,n,2.0NRT,296.88,5.04,D
8.49331,80.75359,337.16,0.39,0.6,2026-09-02,835,N21,VIIRS,n,2.0NRT,294.24,4.26,D
8.49523,77.96259,352.28,0.51,0.49,2026-09-02,835,N21,VIIRS,n,2.0NRT,301.69,25.01,D
8.50617,80.8543,335.45,0.4,0.6,2026-09-02,835,N21,VIIRS,n,2.0NRT,296.03,7.56,D
8.50842,80.82822,331.78,0.4,0.6,2026-09-02,835,N21,VIIRS,n,2.0NRT,296.89,7.23,D
8.51248,80.39674,340.13,0.37,0.58,2026-09-02,835,N21,VIIRS,n,2.0NRT,296.46,8.26,D
8.51389,80.82745,338.8,0.4,0.6,2026-09-02,835,N21,VIIRS,n,2.0NRT,295.63,7.23,D
8.51557,80.75419,339.29,0.39,0.6,2026-09-02,835,N21,VIIRS,n,2.0NRT,293.77,2.51,D
8.51845,80.81954,343.67,0.4,0.6,2026-09-02,835,N21,VIIRS,n,2.0NRT,295.42,1.59,D
8.51999,80.37193,367,0.37,0.58,2026-09-02,835,N21,VIIRS,h,2.0NRT,293.82,20.76,D
8.52173,80.6739,330.18,0.39,0.59,2026-09-02,835,N21,VIIRS,n,2.0NRT,295.65,6.45,D
8.53111,80.78838,353.83,0.4,0.6,2026-09-02,835,N21,VIIRS,n,2.0NRT,295.47,7.12,D
8.54684,80.73882,367,0.39,0.6,2026-09-02,835,N21,VIIRS,h,2.0NRT,296.64,9.8,D
8.54778,80.74599,333.38,0.39,0.6,2026-09-02,835,N21,VIIRS,n,2.0NRT,295.57,3.61,D
8.54825,80.74957,335.91,0.39,0.6,2026-09-02,835,N21,VIIRS,n,2.0NRT,295.46,3.61,D
8.55505,80.634,331.04,0.39,0.59,2026-09-02,835,N21,VIIRS,n,2.0NRT,295.32,5.93,D
8.55551,80.63744,367,0.39,0.59,2026-09-02,835,N21,VIIRS,h,2.0NRT,296.36,11.88,D
8.55611,80.55986,336.57,0.38,0.59,2026-09-02,835,N21,VIIRS,n,2.0NRT,293.11,4.57,D
8.55751,80.77762,342.6,0.4,0.6,2026-09-02,835,N21,VIIRS,n,2.0NRT,296.82,8.24,D
8.55768,80.63666,367,0.39,0.59,2026-09-02,835,N21,VIIRS,h,2.0NRT,296.47,9.72,D
8.55798,80.78122,344.92,0.4,0.6,2026-09-02,835,N21,VIIRS,n,2.0NRT,296.05,10.14,D
8.55883,80.55884,340.79,0.38,0.59,2026-09-02,835,N21,VIIRS,n,2.0NRT,294.65,8.46,D
8.56208,80.67159,346.54,0.39,0.59,2026-09-02,835,N21,VIIRS,n,2.0NRT,297.52,9.58,D
8.56487,80.79127,344.2,0.4,0.6,2026-09-02,835,N21,VIIRS,n,2.0NRT,297.08,7.18,D
8.56559,80.67166,344.1,0.39,0.59,2026-09-02,835,N21,VIIRS,n,2.0NRT,297.47,12.14,D
8.56796,80.67445,351.7,0.39,0.59,2026-09-02,835,N21,VIIRS,n,2.0NRT,295.93,9.58,D
8.5684,80.67799,340.4,0.39,0.59,2026-09-02,835,N21,VIIRS,n,2.0NRT,294.93,11.72,D
8.5715,80.67453,352.78,0.39,0.59,2026-09-02,835,N21,VIIRS,n,2.0NRT,297.4,12.14,D
8.57197,80.67805,343.89,0.39,0.59,2026-09-02,835,N21,VIIRS,n,2.0NRT,295.9,16.84,D
8.57339,80.67374,339.47,0.39,0.59,2026-09-02,835,N21,VIIRS,n,2.0NRT,296.63,7.48,D
8.57383,80.67727,338,0.39,0.59,2026-09-02,835,N21,VIIRS,n,2.0NRT,296.53,8.62,D
8.57455,80.73869,334.68,0.39,0.6,2026-09-02,835,N21,VIIRS,n,2.0NRT,296.42,6.61,D
8.57524,80.64486,335.05,0.39,0.59,2026-09-02,835,N21,VIIRS,n,2.0NRT,296.15,5.34,D
8.57597,80.73802,345.6,0.39,0.6,2026-09-02,835,N21,VIIRS,n,2.0NRT,296.24,9.51,D
8.57856,80.64496,332.25,0.39,0.59,2026-09-02,835,N21,VIIRS,n,2.0NRT,296.12,5.92,D
8.58598,80.72949,332.51,0.39,0.6,2026-09-02,835,N21,VIIRS,n,2.0NRT,295.23,2.22,D
8.58996,80.72951,333.81,0.39,0.6,2026-09-02,835,N21,VIIRS,n,2.0NRT,295.59,2.26,D
8.59435,80.45303,367,0.38,0.59,2026-09-02,835,N21,VIIRS,h,2.0NRT,299,68.81,D
8.6146,80.6935,333.95,0.39,0.59,2026-09-02,835,N21,VIIRS,n,2.0NRT,292.95,3.09,D
8.61506,80.69706,337.51,0.39,0.6,2026-09-02,835,N21,VIIRS,n,2.0NRT,294.75,3.09,D
8.62747,80.53907,338.14,0.38,0.59,2026-09-02,835,N21,VIIRS,n,2.0NRT,293.93,2.71,D
8.64707,80.64605,330.38,0.39,0.59,2026-09-02,835,N21,VIIRS,n,2.0NRT,294.72,36.25,D
8.6472,77.50002,340.26,0.47,0.48,2026-09-02,835,N21,VIIRS,n,2.0NRT,304.49,3.96,D
8.64752,80.64942,334.96,0.39,0.59,2026-09-02,835,N21,VIIRS,n,2.0NRT,300.98,36.25,D
8.64796,80.65276,367,0.39,0.59,2026-09-02,835,N21,VIIRS,h,2.0NRT,296.16,34.53,D
8.6497,80.62423,367,0.39,0.59,2026-09-02,835,N21,VIIRS,h,2.0NRT,297.01,17.09,D
8.65295,80.64875,350.18,0.39,0.59,2026-09-02,835,N21,VIIRS,n,2.0NRT,296.55,36.25,D
8.65339,80.6521,343.1,0.39,0.59,2026-09-02,835,N21,VIIRS,n,2.0NRT,294.01,34.53,D
8.65513,80.62356,352.07,0.39,0.59,2026-09-02,835,N21,VIIRS,n,2.0NRT,297.04,38.15,D
8.66132,80.46508,340.68,0.38,0.59,2026-09-02,835,N21,VIIRS,n,2.0NRT,295.76,5.67,D
8.66491,80.46529,367,0.38,0.59,2026-09-02,835,N21,VIIRS,h,2.0NRT,297.41,15.41,D
8.68837,80.35244,338.27,0.37,0.58,2026-09-02,835,N21,VIIRS,n,2.0NRT,295.21,4.09,D
8.69902,80.35105,332.53,0.37,0.58,2026-09-02,835,N21,VIIRS,n,2.0NRT,296.32,4.67,D
8.70691,80.45286,331.87,0.38,0.59,2026-09-02,835,N21,VIIRS,n,2.0NRT,294.74,1.52,D
8.75334,80.36287,337.55,0.37,0.58,2026-09-02,835,N21,VIIRS,n,2.0NRT,295.92,5.37,D
8.7549,80.36384,349.94,0.37,0.58,2026-09-02,835,N21,VIIRS,n,2.0NRT,296.63,7.17,D
8.75556,81.00182,334.68,0.41,0.61,2026-09-02,835,N21,VIIRS,n,2.0NRT,293.76,3.69,D
8.77048,80.81268,330.02,0.4,0.6,2026-09-02,835,N21,VIIRS,n,2.0NRT,296.22,3.46,D
8.88936,77.75757,344.57,0.5,0.49,2026-09-02,835,N21,VIIRS,n,2.0NRT,306.66,7.23,D
8.95637,80.38986,331.37,0.38,0.59,2026-09-02,835,N21,VIIRS,n,2.0NRT,293.22,2.82,D
8.98586,77.47747,338.9,0.48,0.48,2026-09-02,835,N21,VIIRS,n,2.0NRT,304.56,3.8,D
9.04555,77.72089,341.89,0.5,0.49,2026-09-02,835,N21,VIIRS,n,2.0NRT,305.84,5.52,D
9.04664,77.71947,339.28,0.5,0.49,2026-09-02,835,N21,VIIRS,n,2.0NRT,306.41,5.58,D
9.12569,77.41118,334.03,0.47,0.48,2026-09-02,835,N21,VIIRS,n,2.0NRT,303.06,2.64,D
9.13914,80.78933,367,0.41,0.6,2026-09-02,835,N21,VIIRS,h,2.0NRT,290.69,10.22,D
9.22418,80.3151,339.65,0.38,0.58,2026-09-02,835,N21,VIIRS,n,2.0NRT,294.55,3.8,D
9.3835,80.50597,352.84,0.39,0.59,2026-09-02,835,N21,VIIRS,n,2.0NRT,297.68,8.93,D
9.399,80.39297,367,0.38,0.59,2026-09-02,835,N21,VIIRS,h,2.0NRT,295.43,9.23,D
9.40128,80.39021,334.64,0.38,0.59,2026-09-02,835,N21,VIIRS,n,2.0NRT,295.51,6.43,D
9.40174,80.39365,355.52,0.38,0.59,2026-09-02,835,N21,VIIRS,n,2.0NRT,296.04,6.43,D
9.41664,80.35916,337.76,0.38,0.59,2026-09-02,835,N21,VIIRS,n,2.0NRT,296.21,3.24,D
9.41911,80.42213,342.87,0.39,0.59,2026-09-02,835,N21,VIIRS,n,2.0NRT,296.01,4.51,D
9.41925,80.37983,333.82,0.38,0.59,2026-09-02,835,N21,VIIRS,n,2.0NRT,295.94,3.58,D
9.42202,80.35846,343,0.38,0.59,2026-09-02,835,N21,VIIRS,n,2.0NRT,295.69,4.16,D
9.44849,77.66959,341.36,0.5,0.49,2026-09-02,835,N21,VIIRS,n,2.0NRT,308.53,21.3,D
9.46896,78.68177,340.97,0.58,0.52,2026-09-02,835,N21,VIIRS,n,2.0NRT,299.01,4.74,D
9.47225,80.49359,330.81,0.39,0.59,2026-09-02,835,N21,VIIRS,n,2.0NRT,294.56,3.9,D
9.47271,80.49713,339.12,0.39,0.59,2026-09-02,835,N21,VIIRS,n,2.0NRT,294.87,3.9,D
9.54636,80.36561,351.55,0.38,0.59,2026-09-02,835,N21,VIIRS,n,2.0NRT,290.74,7.37,D
9.55174,80.36488,331.95,0.38,0.59,2026-09-02,835,N21,VIIRS,n,2.0NRT,289.11,2.8,D
9.64176,80.31894,339.19,0.38,0.59,2026-09-02,835,N21,VIIRS,n,2.0NRT,289.21,4.8,D
9.72765,77.54507,344.84,0.49,0.49,2026-09-02,835,N21,VIIRS,n,2.0NRT,307.1,27.73,D
9.80838,77.4108,333.03,0.48,0.48,2026-09-02,835,N21,VIIRS,n,2.0NRT,302.39,2.7,D
9.9884,77.44849,342.86,0.49,0.49,2026-09-02,835,N21,VIIRS,n,2.0NRT,301.58,5.8,D
15.66465,79.57255,335.9,0.41,0.61,2026-09-02,835,N21,VIIRS,n,2.0NRT,290.83,4.97,D
16.16818,78.917,333.24,0.37,0.58,2026-09-02,835,N21,VIIRS,n,2.0NRT,288.62,3.14,D
10.76591,78.63389,332.65,0.61,0.53,2026-09-02,837,N21,VIIRS,n,2.0NRT,299.67,4.46,D
10.86781,77.73611,336.59,0.53,0.5,2026-09-02,837,N21,VIIRS,n,2.0NRT,302.33,2.79,D
10.86859,77.7392,338.51,0.53,0.5,2026-09-02,837,N21,VIIRS,n,2.0NRT,301.4,6.27,D
11.17819,77.71023,331.93,0.53,0.5,2026-09-02,837,N21,VIIRS,n,2.0NRT,298.86,4.45,D
11.72303,78.5864,332.6,0.62,0.54,2026-09-02,837,N21,VIIRS,n,2.0NRT,293.09,5.77,D
12.0616,77.02872,343.15,0.49,0.49,2026-09-02,837,N21,VIIRS,n,2.0NRT,296.93,9.89,D
12.1201,79.1136,331.81,0.34,0.56,2026-09-02,837,N21,VIIRS,n,2.0NRT,296.61,3.43,D
12.42042,78.76832,336.12,0.33,0.55,2026-09-02,837,N21,VIIRS,n,2.0NRT,288.62,3.86,D
17.58122,79.99252,336.43,0.46,0.64,2026-09-02,837,N21,VIIRS,n,2.0NRT,288.03,4.4,D
17.6793,75.30967,333.82,0.45,0.47,2026-09-02,837,N21,VIIRS,n,2.0NRT,297.15,8.02,D
18.45843,74.21844,334.79,0.4,0.44,2026-09-02,837,N21,VIIRS,n,2.0NRT,291.29,3.53,D
21.10416,72.63442,335.35,0.52,0.41,2026-09-02,837,N21,VIIRS,n,2.0NRT,290.75,8.63,D
21.10544,72.64433,333.95,0.52,0.41,2026-09-02,837,N21,VIIRS,n,2.0NRT,292.7,5.69,D
25.23136,68.33038,336.13,0.39,0.36,2026-09-02,839,N21,VIIRS,n,2.0NRT,305.9,3.03,D
25.38636,68.58159,331.78,0.4,0.37,2026-09-02,839,N21,VIIRS,l,2.0NRT,304.01,2.63,D
25.85086,68.94112,335.7,0.41,0.37,2026-09-02,839,N21,VIIRS,n,2.0NRT,304.83,2.11,D
27.48977,68.25854,342.22,0.4,0.37,2026-09-02,839,N21,VIIRS,n,2.0NRT,306.77,5.88,D
27.49256,68.25392,335.41,0.4,0.37,2026-09-02,839,N21,VIIRS,n,2.0NRT,303.45,5.07,D
27.49312,68.25793,343.01,0.4,0.37,2026-09-02,839,N21,VIIRS,n,2.0NRT,307.84,5.07,D
29.7874,72.75357,331.69,0.45,0.47,2026-09-02,839,N21,VIIRS,n,2.0NRT,296.44,2.91,D
31.09241,74.68892,335.77,0.6,0.53,2026-09-02,839,N21,VIIRS,n,2.0NRT,295.36,4.61,D
31.12882,74.65296,339.88,0.6,0.53,2026-09-02,839,N21,VIIRS,n,2.0NRT,294.93,7.4,D
31.45514,72.19753,332.78,0.43,0.46,2026-09-02,841,N21,VIIRS,n,2.0NRT,297.33,3.04,D
33.27079,71.31037,340.63,0.41,0.45,2026-09-02,841,N21,VIIRS,n,2.0NRT,297.65,2.88,D
20.86458,84.99162,307.49,0.58,0.52,2026-09-02,1925,N21,VIIRS,n,2.0NRT,286.53,3.42,N
20.86519,84.98612,316.15,0.58,0.52,2026-09-02,1925,N21,VIIRS,n,2.0NRT,286.58,3.42,N
20.8899,84.98321,316.9,0.58,0.52,2026-09-02,1925,N21,VIIRS,n,2.0NRT,285.7,4.13,N
20.89001,84.97901,314.27,0.58,0.52,2026-09-02,1925,N21,VIIRS,n,2.0NRT,285.43,3.31,N
20.95447,85.01464,305.03,0.58,0.52,2026-09-02,1925,N21,VIIRS,n,2.0NRT,283.38,4.5,N
23.61014,85.676,297.69,0.57,0.52,2026-09-02,1925,N21,VIIRS,n,2.0NRT,277.48,1.56,N
23.66697,86.09344,305.05,0.54,0.51,2026-09-02,1925,N21,VIIRS,n,2.0NRT,287.69,1.51,N
23.67422,86.10291,304.18,0.54,0.51,2026-09-02,1925,N21,VIIRS,n,2.0NRT,287.89,1.12,N
23.67585,86.08719,306.47,0.54,0.51,2026-09-02,1925,N21,VIIRS,n,2.0NRT,288.21,1.51,N
23.67995,86.09299,338.55,0.54,0.51,2026-09-02,1925,N21,VIIRS,n,2.0NRT,287.94,7.49,N
23.69418,85.28749,295.67,0.6,0.53,2026-09-02,1925,N21,VIIRS,n,2.0NRT,280.78,1.46,N
23.7809,86.37282,296.71,0.52,0.5,2026-09-02,1925,N21,VIIRS,n,2.0NRT,286.58,1.28,N
23.82531,84.93956,301.47,0.32,0.55,2026-09-02,1925,N21,VIIRS,n,2.0NRT,283.29,1.14,N
23.83971,84.94757,301.57,0.32,0.55,2026-09-02,1925,N21,VIIRS,n,2.0NRT,282.24,0.58,N
12.84747,79.90509,327.42,0.51,0.66,2026-09-02,1928,N21,VIIRS,n,2.0NRT,274.01,4.15,N
12.84799,79.90044,306.77,0.51,0.66,2026-09-02,1928,N21,VIIRS,n,2.0NRT,275.44,4.15,N
12.85352,79.90586,311.12,0.51,0.66,2026-09-02,1928,N21,VIIRS,n,2.0NRT,275.24,2.41,N
12.85405,79.90118,300.05,0.51,0.66,2026-09-02,1928,N21,VIIRS,n,2.0NRT,275.19,2.41,N
14.01969,79.48206,295.17,0.56,0.69,2026-09-02,1928,N21,VIIRS,n,2.0NRT,284.89,6.08,N
14.02264,79.48049,295.18,0.56,0.69,2026-09-02,1928,N21,VIIRS,n,2.0NRT,284.97,5.37,N
14.66532,79.29611,295.26,0.59,0.7,2026-09-02,1928,N21,VIIRS,n,2.0NRT,285.13,8.21,N
6.36039,80.89611,306.93,0.35,0.57,2026-09-02,1930,N21,VIIRS,n,2.0NRT,288.72,0.57,N
6.79918,81.55935,318.57,0.32,0.55,2026-09-02,1930,N21,VIIRS,n,2.0NRT,292.49,1.9,N
6.83996,81.52399,306,0.32,0.55,2026-09-02,1930,N21,VIIRS,n,2.0NRT,292.23,1.15,N
6.84481,81.4537,315.7,0.33,0.55,2026-09-02,1930,N21,VIIRS,n,2.0NRT,291.56,1.45,N
6.97619,80.8647,297.77,0.36,0.58,2026-09-02,1930,N21,VIIRS,n,2.0NRT,287.07,0.35,N
7.02072,81.32434,302.26,0.34,0.56,2026-09-02,1930,N21,VIIRS,n,2.0NRT,289.46,0.55,N
7.55478,81.30197,312.9,0.34,0.56,2026-09-02,1930,N21,VIIRS,n,2.0NRT,292.41,1.05,N
7.55519,81.2989,305.36,0.34,0.56,2026-09-02,1930,N21,VIIRS,n,2.0NRT,292.47,1.05,N
7.7646,80.32034,305.81,0.4,0.6,2026-09-02,1930,N21,VIIRS,n,2.0NRT,290,0.64,N
7.96914,79.79006,308.81,0.44,0.63,2026-09-02,1930,N21,VIIRS,n,2.0NRT,290.13,2.83,N
8.08466,80.78857,307.24,0.38,0.59,2026-09-02,1930,N21,VIIRS,n,2.0NRT,292.1,0.82,N
9.55277,77.52119,315.08,0.67,0.74,2026-09-02,1930,N21,VIIRS,n,2.0NRT,285.34,3.9,N
9.554,77.51099,305.24,0.67,0.74,2026-09-02,1930,N21,VIIRS,n,2.0NRT,284.49,2.91,N
32.57568,72.56406,312.11,0.4,0.37,2026-09-02,2104,N21,VIIRS,n,2.0NRT,297.13,2.69,N
32.71682,72.77473,307.36,0.41,0.37,2026-09-02,2104,N21,VIIRS,n,2.0NRT,295.35,1.16,N
32.88705,71.61797,317.71,0.39,0.36,2026-09-02,2104,N21,VIIRS,n,2.0NRT,297.53,1.31,N
33.14193,73.15449,315.87,0.41,0.37,2026-09-02,2104,N21,VIIRS,n,2.0NRT,294.15,2.5,N
33.68715,72.71378,308.52,0.4,0.37,2026-09-02,2104,N21,VIIRS,n,2.0NRT,294.13,2.17,N
33.90449,71.91705,307.98,0.39,0.36,2026-09-02,2104,N21,VIIRS,n,2.0NRT,294.81,2.24,N
24.65985,74.63496,303.63,0.42,0.45,2026-09-02,2106,N21,VIIRS,n,2.0NRT,288.06,1.81,N
24.69158,73.00177,305.2,0.51,0.41,2026-09-02,2106,N21,VIIRS,n,2.0NRT,293.75,1.56,N
24.69213,74.68027,301.01,0.42,0.45,2026-09-02,2106,N21,VIIRS,n,2.0NRT,285.86,0.77,N
24.93384,74.63349,307.05,0.41,0.45,2026-09-02,2106,N21,VIIRS,n,2.0NRT,289.51,1.33,N
25.38794,68.58288,327.62,0.38,0.36,2026-09-02,2106,N21,VIIRS,n,2.0NRT,296.32,2.05,N
25.86192,68.93118,307.72,0.38,0.36,2026-09-02,2106,N21,VIIRS,n,2.0NRT,297.01,0.5,N
26.30195,72.90171,306.66,0.48,0.4,2026-09-02,2106,N21,VIIRS,n,2.0NRT,295.26,1.35,N
28.42336,69.69977,320.95,0.38,0.36,2026-09-02,2106,N21,VIIRS,n,2.0NRT,297.9,1.96,N
15.18017,76.6749,301.96,0.43,0.62,2026-09-02,2108,N21,VIIRS,n,2.0NRT,283.24,3.11,N
18.702,72.34512,316.6,0.39,0.44,2026-09-02,2108,N21,VIIRS,n,2.0NRT,290.26,3.04,N
20.91063,71.46042,308.72,0.48,0.4,2026-09-02,2108,N21,VIIRS,n,2.0NRT,292.74,1.09,N
21.10053,72.65025,308.09,0.56,0.43,2026-09-02,2108,N21,VIIRS,n,2.0NRT,291.26,1.8,N
21.10342,72.63448,331.44,0.55,0.43,2026-09-02,2108,N21,VIIRS,n,2.0NRT,292.86,11.47,N
21.10441,72.65108,305.34,0.56,0.43,2026-09-02,2108,N21,VIIRS,n,2.0NRT,291.72,1.8,N
21.10537,72.64582,338.79,0.55,0.43,2026-09-02,2108,N21,VIIRS,n,2.0NRT,292.98,13.36,N
21.11116,72.63615,312.42,0.55,0.43,2026-09-02,2108,N21,VIIRS,n,2.0NRT,292.67,3.17,N
21.16569,72.67112,316.32,0.56,0.43,2026-09-02,2108,N21,VIIRS,n,2.0NRT,291.74,3.52,N
22.33454,69.86774,310.66,0.41,0.37,2026-09-02,2108,N21,VIIRS,n,2.0NRT,296.02,3.38,N
22.33987,69.85667,307.95,0.41,0.37,2026-09-02,2108,N21,VIIRS,n,2.0NRT,295.24,2.26,N
22.92629,69.82218,305.4,0.4,0.37,2026-09-02,2108,N21,VIIRS,n,2.0NRT,293.72,1.74,N
22.92994,69.69517,302.4,0.4,0.37,2026-09-02,2108,N21,VIIRS,n,2.0NRT,289.38,0.57,N
22.93201,69.70352,305.43,0.4,0.37,2026-09-02,2108,N21,VIIRS,n,2.0NRT,292.37,1.56,N
22.93265,69.69967,310.89,0.4,0.37,2026-09-02,2108,N21,VIIRS,n,2.0NRT,291.53,1.42,N
22.93328,69.69582,318.9,0.4,0.37,2026-09-02,2108,N21,VIIRS,n,2.0NRT,292.01,1.42,N
23.26631,70.25797,305.63,0.41,0.37,2026-09-02,2108,N21,VIIRS,n,2.0NRT,294.02,1.08,N
23.4986,68.57943,306.78,0.38,0.36,2026-09-02,2108,N21,VIIRS,n,2.0NRT,291.89,1.01,N
10.43311,77.06167,300.53,0.56,0.69,2026-09-02,2110,N21,VIIRS,n,2.0NRT,284.04,0.65,N
11.5922,77.26511,306.72,0.55,0.68,2026-09-02,2110,N21,VIIRS,n,2.0NRT,261.9,0.87,N
26.5233,90.5319,340.13,0.44,0.46,2026-09-03,640,N21,VIIRS,n,2.0NRT,291.91,5.37,D
27.32438,95.27836,330.51,0.4,0.37,2026-09-03,640,N21,VIIRS,n,2.0NRT,294.53,2,D
27.98609,95.93691,333.62,0.39,0.36,2026-09-03,640,N21,VIIRS,n,2.0NRT,298.61,8.26,D
6.30033,80.96992,332.42,0.55,0.42,2026-09-03,816,N21,VIIRS,n,2.0NRT,298.32,3.65,D
6.37186,81.13629,335.24,0.56,0.43,2026-09-03,816,N21,VIIRS,n,2.0NRT,298.94,13.79,D
6.58789,81.0489,345.94,0.56,0.43,2026-09-03,816,N21,VIIRS,n,2.0NRT,300.08,8.7,D
6.59339,80.97704,330.21,0.55,0.43,2026-09-03,816,N21,VIIRS,n,2.0NRT,299.56,2.4,D
6.66724,80.90286,333.59,0.55,0.42,2026-09-03,816,N21,VIIRS,n,2.0NRT,298.06,8.62,D
6.74365,81.52097,346.74,0.4,0.44,2026-09-03,816,N21,VIIRS,n,2.0NRT,307.65,13.48,D
6.7477,81.52042,347.23,0.4,0.44,2026-09-03,816,N21,VIIRS,n,2.0NRT,305.57,13.48,D
6.79854,81.47297,337.44,0.4,0.44,2026-09-03,816,N21,VIIRS,n,2.0NRT,306.7,6.69,D
6.79974,81.47322,339.7,0.4,0.44,2026-09-03,816,N21,VIIRS,n,2.0NRT,306.57,6.41,D
6.8188,81.81318,339.04,0.42,0.45,2026-09-03,816,N21,VIIRS,n,2.0NRT,300.11,6.43,D
6.82495,81.47689,340.18,0.4,0.44,2026-09-03,816,N21,VIIRS,n,2.0NRT,304.17,3.11,D
6.99152,81.596,342.93,0.41,0.45,2026-09-03,816,N21,VIIRS,n,2.0NRT,301.77,5.38,D
7.04438,81.46957,337.2,0.4,0.44,2026-09-03,816,N21,VIIRS,n,2.0NRT,300.33,4.56,D
7.07054,81.11572,338.27,0.57,0.43,2026-09-03,816,N21,VIIRS,n,2.0NRT,300.53,8.72,D
7.07129,81.51371,335.23,0.4,0.44,2026-09-03,816,N21,VIIRS,n,2.0NRT,299.95,3.01,D
7.0714,81.11739,338.2,0.57,0.43,2026-09-03,816,N21,VIIRS,n,2.0NRT,300.64,11.72,D
7.07427,81.24828,330.03,0.39,0.44,2026-09-03,816,N21,VIIRS,n,2.0NRT,295.09,4.3,D
7.07902,81.80709,335.5,0.42,0.45,2026-09-03,816,N21,VIIRS,n,2.0NRT,303.31,7.79,D
7.07992,81.51616,337.69,0.4,0.44,2026-09-03,816,N21,VIIRS,n,2.0NRT,302.55,6.16,D
7.11715,81.66013,336.34,0.41,0.45,2026-09-03,816,N21,VIIRS,n,2.0NRT,301.06,3.05,D
7.12232,81.66699,339.79,0.41,0.45,2026-09-03,816,N21,VIIRS,n,2.0NRT,301.82,4.78,D
7.13533,80.92245,338.84,0.56,0.43,2026-09-03,816,N21,VIIRS,n,2.0NRT,301.97,15.3,D
7.13598,80.92695,345.51,0.56,0.43,2026-09-03,816,N21,VIIRS,n,2.0NRT,300.73,12.17,D
7.13922,80.92181,344.99,0.56,0.43,2026-09-03,816,N21,VIIRS,n,2.0NRT,300.72,22.59,D
7.15302,81.79263,337.19,0.42,0.45,2026-09-03,816,N21,VIIRS,n,2.0NRT,303.58,3.52,D
7.18519,81.55346,343.53,0.41,0.45,2026-09-03,816,N21,VIIRS,n,2.0NRT,306.23,11.39,D
7.19135,81.77625,336.12,0.42,0.45,2026-09-03,816,N21,VIIRS,n,2.0NRT,304.42,2.59,D
7.2456,81.1597,336.53,0.38,0.44,2026-09-03,816,N21,VIIRS,n,2.0NRT,302.79,3.45,D
7.26847,81.12136,335.42,0.38,0.43,2026-09-03,816,N21,VIIRS,n,2.0NRT,301.54,3,D
7.28111,81.67522,344.64,0.41,0.45,2026-09-03,816,N21,VIIRS,n,2.0NRT,299.79,6.25,D
7.29186,81.17072,331.1,0.39,0.44,2026-09-03,816,N21,VIIRS,l,2.0NRT,303.09,3.75,D
7.29364,81.76534,337.04,0.42,0.45,2026-09-03,816,N21,VIIRS,n,2.0NRT,300.21,3.71,D
7.29952,81.1479,341.39,0.38,0.44,2026-09-03,816,N21,VIIRS,n,2.0NRT,305.22,9.08,D
7.30001,81.15145,341.73,0.38,0.44,2026-09-03,816,N21,VIIRS,n,2.0NRT,303.17,10.09,D
7.30011,81.12302,351.18,0.38,0.43,2026-09-03,816,N21,VIIRS,n,2.0NRT,303.89,5.34,D
7.30049,81.22999,336.47,0.39,0.44,2026-09-03,816,N21,VIIRS,n,2.0NRT,304.37,3.8,D
7.301,81.23346,332.7,0.39,0.44,2026-09-03,816,N21,VIIRS,n,2.0NRT,302.61,3.8,D
7.34219,81.19138,337.22,0.39,0.44,2026-09-03,816,N21,VIIRS,l,2.0NRT,307.6,6.82,D
7.34618,81.19084,346.82,0.39,0.44,2026-09-03,816,N21,VIIRS,n,2.0NRT,308.29,8.8,D
7.35566,81.2002,341.69,0.39,0.44,2026-09-03,816,N21,VIIRS,n,2.0NRT,308.43,10.86,D
7.35865,81.19258,347.12,0.39,0.44,2026-09-03,816,N21,VIIRS,n,2.0NRT,309.04,11.3,D
7.36681,81.07967,335.93,0.57,0.43,2026-09-03,816,N21,VIIRS,n,2.0NRT,304.8,7.25,D
7.37362,81.18336,367,0.39,0.44,2026-09-03,816,N21,VIIRS,h,2.0NRT,311.08,25.05,D
7.38393,81.77567,335.15,0.42,0.45,2026-09-03,816,N21,VIIRS,n,2.0NRT,300.57,4.79,D
7.38626,81.77528,346.98,0.42,0.45,2026-09-03,816,N21,VIIRS,n,2.0NRT,301.31,5.8,D
7.38729,81.05939,339.39,0.57,0.43,2026-09-03,816,N21,VIIRS,n,2.0NRT,306.74,8.78,D
7.38834,81.06092,338.64,0.57,0.43,2026-09-03,816,N21,VIIRS,n,2.0NRT,306.48,7.7,D
7.39849,81.65063,336.81,0.41,0.45,2026-09-03,816,N21,VIIRS,n,2.0NRT,298.42,3.54,D
7.44384,81.55708,352.87,0.41,0.45,2026-09-03,816,N21,VIIRS,n,2.0NRT,299.61,9.25,D
7.44659,81.28069,333.29,0.39,0.44,2026-09-03,816,N21,VIIRS,n,2.0NRT,301.37,5.42,D
7.46059,81.61513,339.89,0.41,0.45,2026-09-03,816,N21,VIIRS,n,2.0NRT,299.49,5.81,D
7.48285,81.36305,343.72,0.4,0.44,2026-09-03,816,N21,VIIRS,n,2.0NRT,302.57,6.87,D
7.52646,81.40805,335.13,0.4,0.44,2026-09-03,816,N21,VIIRS,n,2.0NRT,301.02,5.95,D
7.55303,81.29726,345.16,0.4,0.44,2026-09-03,816,N21,VIIRS,n,2.0NRT,307.34,11.53,D
7.55352,81.30081,350.83,0.4,0.44,2026-09-03,816,N21,VIIRS,n,2.0NRT,306.91,9.55,D
7.55756,81.30028,345.11,0.4,0.44,2026-09-03,816,N21,VIIRS,n,2.0NRT,307.61,9.55,D
7.60967,80.6478,331.72,0.54,0.42,2026-09-03,816,N21,VIIRS,n,2.0NRT,298.27,4.39,D
7.62325,80.96835,335.3,0.57,0.43,2026-09-03,816,N21,VIIRS,n,2.0NRT,303.34,8.76,D
7.66577,81.45068,339.69,0.41,0.45,2026-09-03,816,N21,VIIRS,n,2.0NRT,301.16,5.64,D
7.72421,81.08974,337.96,0.39,0.44,2026-09-03,816,N21,VIIRS,n,2.0NRT,302.54,2.74,D
7.73774,80.84113,335.96,0.56,0.43,2026-09-03,816,N21,VIIRS,n,2.0NRT,301.06,7.68,D
7.85264,80.04858,334.57,0.51,0.41,2026-09-03,816,N21,VIIRS,n,2.0NRT,298.6,7.95,D
7.85638,80.04802,333.4,0.51,0.41,2026-09-03,816,N21,VIIRS,n,2.0NRT,296.85,2.72,D
7.86326,79.96407,331.68,0.5,0.41,2026-09-03,816,N21,VIIRS,n,2.0NRT,296.12,3.04,D
7.86806,81.46723,342.3,0.41,0.45,2026-09-03,816,N21,VIIRS,n,2.0NRT,301.61,7.53,D
7.8992,80.0442,332.09,0.51,0.41,2026-09-03,816,N21,VIIRS,n,2.0NRT,298.24,1.93,D
7.97694,80.23997,340.4,0.52,0.42,2026-09-03,816,N21,VIIRS,n,2.0NRT,297.64,3.84,D
8.04111,80.36721,335.65,0.53,0.42,2026-09-03,816,N21,VIIRS,n,2.0NRT,299.88,4.65,D
8.04131,81.28174,338.65,0.4,0.44,2026-09-03,816,N21,VIIRS,n,2.0NRT,302.89,4.32,D
8.04166,80.36526,337.12,0.53,0.42,2026-09-03,816,N21,VIIRS,n,2.0NRT,300.52,6.25,D
8.04928,81.42581,339.38,0.41,0.45,2026-09-03,816,N21,VIIRS,n,2.0NRT,303.43,9.67,D
8.052,81.29865,343.17,0.4,0.44,2026-09-03,816,N21,VIIRS,n,2.0NRT,301.93,5.76,D
8.05456,80.64538,333.86,0.55,0.43,2026-09-03,816,N21,VIIRS,n,2.0NRT,301.24,5.1,D
8.10851,80.26566,335.08,0.52,0.42,2026-09-03,816,N21,VIIRS,n,2.0NRT,300.44,6.21,D
8.13681,80.30009,339.45,0.53,0.42,2026-09-03,816,N21,VIIRS,n,2.0NRT,298.84,4.52,D
8.14016,80.30169,338.92,0.53,0.42,2026-09-03,816,N21,VIIRS,n,2.0NRT,299.5,5.64,D
8.14853,81.33372,336.72,0.41,0.45,2026-09-03,816,N21,VIIRS,n,2.0NRT,301.92,8.24,D
8.15193,80.6235,337.53,0.55,0.43,2026-09-03,816,N21,VIIRS,n,2.0NRT,300.3,7.31,D
8.153,80.60322,335.11,0.55,0.43,2026-09-03,816,N21,VIIRS,n,2.0NRT,299.69,6.47,D
8.15791,80.28943,332.48,0.53,0.42,2026-09-03,816,N21,VIIRS,n,2.0NRT,299.72,1.95,D
8.15971,81.32464,337.61,0.4,0.45,2026-09-03,816,N21,VIIRS,n,2.0NRT,302,6.7,D
8.18848,80.68414,335.38,0.56,0.43,2026-09-03,816,N21,VIIRS,n,2.0NRT,302.06,4.73,D
8.19903,81.06994,352.69,0.39,0.44,2026-09-03,816,N21,VIIRS,n,2.0NRT,302.63,19.69,D
8.24988,80.14448,330.46,0.52,0.41,2026-09-03,816,N21,VIIRS,n,2.0NRT,300.45,3.79,D
8.25367,80.14391,331.71,0.52,0.41,2026-09-03,816,N21,VIIRS,n,2.0NRT,299.71,3.79,D
8.26189,80.14746,337.03,0.52,0.41,2026-09-03,816,N21,VIIRS,n,2.0NRT,299.16,9.88,D
8.29792,80.23779,338.58,0.52,0.42,2026-09-03,816,N21,VIIRS,n,2.0NRT,300.57,8.52,D
8.30173,80.23722,335.24,0.52,0.42,2026-09-03,816,N21,VIIRS,n,2.0NRT,300.82,6.4,D
8.3034,80.67529,336.16,0.56,0.43,2026-09-03,816,N21,VIIRS,n,2.0NRT,297.22,7.93,D
8.30373,80.67332,338.45,0.56,0.43,2026-09-03,816,N21,VIIRS,n,2.0NRT,300.12,3.46,D
8.3043,80.59915,345.28,0.55,0.43,2026-09-03,816,N21,VIIRS,n,2.0NRT,300.22,5.36,D
8.30514,80.59699,349.11,0.55,0.43,2026-09-03,816,N21,VIIRS,n,2.0NRT,301.72,9.56,D
8.30825,81.16636,342.98,0.4,0.44,2026-09-03,816,N21,VIIRS,n,2.0NRT,300.89,11.38,D
8.30875,81.16994,340.74,0.4,0.44,2026-09-03,816,N21,VIIRS,n,2.0NRT,298.68,16.03,D
8.31229,81.16579,342.1,0.4,0.44,2026-09-03,816,N21,VIIRS,n,2.0NRT,299.89,11.38,D
8.31279,81.16936,341.01,0.4,0.44,2026-09-03,816,N21,VIIRS,n,2.0NRT,300.22,16.03,D
8.31947,81.01282,330.72,0.39,0.44,2026-09-03,816,N21,VIIRS,l,2.0NRT,301.05,3.4,D
8.33996,81.01351,331.78,0.39,0.44,2026-09-03,816,N21,VIIRS,n,2.0NRT,298.33,2.12,D
8.34293,80.22649,335.59,0.52,0.42,2026-09-03,816,N21,VIIRS,n,2.0NRT,300.74,8.01,D
8.34346,81.00942,333.19,0.39,0.44,2026-09-03,816,N21,VIIRS,n,2.0NRT,301.66,6.01,D
8.34712,81.14988,345.83,0.4,0.44,2026-09-03,816,N21,VIIRS,n,2.0NRT,300.77,7.74,D
8.36731,81.38072,334.99,0.41,0.45,2026-09-03,816,N21,VIIRS,n,2.0NRT,301.62,4.62,D
8.39262,80.62502,336.5,0.55,0.43,2026-09-03,816,N21,VIIRS,n,2.0NRT,301.8,5.5,D
8.42092,80.62338,346.94,0.55,0.43,2026-09-03,816,N21,VIIRS,n,2.0NRT,297.93,10.66,D
8.42389,80.58739,335.04,0.55,0.43,2026-09-03,816,N21,VIIRS,n,2.0NRT,300.77,4.99,D
8.42403,80.67662,340.3,0.56,0.43,2026-09-03,816,N21,VIIRS,n,2.0NRT,301.34,7.34,D
8.42463,80.67908,338.89,0.56,0.43,2026-09-03,816,N21,VIIRS,n,2.0NRT,300.42,5.65,D
8.43117,80.5259,337.4,0.55,0.42,2026-09-03,816,N21,VIIRS,n,2.0NRT,301.8,5.36,D
8.44062,80.85381,338.43,0.57,0.43,2026-09-03,816,N21,VIIRS,n,2.0NRT,301.32,8.78,D
8.44197,80.85606,336.3,0.57,0.43,2026-09-03,816,N21,VIIRS,n,2.0NRT,301.66,9.15,D
8.44774,81.09569,341.48,0.4,0.44,2026-09-03,816,N21,VIIRS,n,2.0NRT,300.04,4.94,D
8.46447,80.79271,330.12,0.57,0.43,2026-09-03,816,N21,VIIRS,l,2.0NRT,300.34,6.43,D
8.46589,81.10767,337.52,0.4,0.44,2026-09-03,816,N21,VIIRS,n,2.0NRT,300.74,4.34,D
8.47183,80.29427,333.81,0.53,0.42,2026-09-03,816,N21,VIIRS,n,2.0NRT,296.64,4.33,D
8.49929,80.78248,346.58,0.57,0.43,2026-09-03,816,N21,VIIRS,n,2.0NRT,301.74,15.09,D
8.51937,80.66792,330.46,0.56,0.43,2026-09-03,816,N21,VIIRS,n,2.0NRT,300.27,3.92,D
8.51943,80.67055,334.63,0.56,0.43,2026-09-03,816,N21,VIIRS,n,2.0NRT,301.72,5.48,D
8.52321,80.6138,334.61,0.56,0.43,2026-09-03,816,N21,VIIRS,n,2.0NRT,300.96,5.81,D
8.52398,80.58556,334.34,0.55,0.43,2026-09-03,816,N21,VIIRS,n,2.0NRT,300.52,8.44,D
8.52421,80.61604,333.04,0.56,0.43,2026-09-03,816,N21,VIIRS,n,2.0NRT,299.16,4.66,D
8.52691,80.46416,335.64,0.54,0.42,2026-09-03,816,N21,VIIRS,n,2.0NRT,300.5,16.67,D
8.53964,80.81607,338.5,0.57,0.43,2026-09-03,816,N21,VIIRS,n,2.0NRT,301.32,8.03,D
8.54,80.81329,337.89,0.57,0.43,2026-09-03,816,N21,VIIRS,n,2.0NRT,300.88,5.66,D
8.55477,80.80865,337.77,0.57,0.43,2026-09-03,816,N21,VIIRS,n,2.0NRT,300.96,14.01,D
8.5717,80.36332,336.6,0.54,0.42,2026-09-03,816,N21,VIIRS,n,2.0NRT,302.17,7.65,D
8.6019,80.48138,334.03,0.55,0.42,2026-09-03,816,N21,VIIRS,n,2.0NRT,300.12,11.17,D
8.60403,80.47799,339.18,0.55,0.42,2026-09-03,816,N21,VIIRS,n,2.0NRT,303.04,14.05,D
8.60675,77.96529,339.2,0.41,0.37,2026-09-03,816,N21,VIIRS,n,2.0NRT,303.99,4.94,D
8.6072,80.47253,342.52,0.55,0.42,2026-09-03,816,N21,VIIRS,n,2.0NRT,301.22,9.22,D
8.60831,80.47046,337.84,0.55,0.42,2026-09-03,816,N21,VIIRS,n,2.0NRT,299.79,5.32,D
8.61016,77.96478,338.69,0.41,0.37,2026-09-03,816,N21,VIIRS,n,2.0NRT,304.46,3.89,D
8.6202,77.77351,354.2,0.41,0.37,2026-09-03,816,N21,VIIRS,n,2.0NRT,313.01,23.1,D
8.62075,77.77719,348.05,0.41,0.37,2026-09-03,816,N21,VIIRS,n,2.0NRT,312.84,31.99,D
8.63179,80.41209,348.45,0.54,0.42,2026-09-03,816,N21,VIIRS,n,2.0NRT,301.29,15.23,D
8.63298,80.56284,338.38,0.55,0.43,2026-09-03,816,N21,VIIRS,n,2.0NRT,302.03,10.25,D
8.68898,81.06744,339.73,0.4,0.44,2026-09-03,816,N21,VIIRS,n,2.0NRT,301.52,5.13,D
8.68968,81.0641,334.83,0.4,0.44,2026-09-03,816,N21,VIIRS,n,2.0NRT,300.07,4.74,D
8.69017,81.06768,342.04,0.4,0.44,2026-09-03,816,N21,VIIRS,n,2.0NRT,301.65,4.74,D
8.74555,80.33832,334.07,0.54,0.42,2026-09-03,816,N21,VIIRS,n,2.0NRT,298.9,5.26,D
8.7707,80.86471,340.44,0.39,0.44,2026-09-03,816,N21,VIIRS,n,2.0NRT,299.11,7.98,D
8.77469,80.86414,338.22,0.39,0.44,2026-09-03,816,N21,VIIRS,n,2.0NRT,298.09,4.96,D
8.79248,80.99432,330.07,0.39,0.44,2026-09-03,816,N21,VIIRS,l,2.0NRT,300.66,2.69,D
8.79916,80.5211,332.55,0.55,0.43,2026-09-03,816,N21,VIIRS,n,2.0NRT,299.64,5.07,D
8.81242,78.05347,342.91,0.42,0.38,2026-09-03,816,N21,VIIRS,n,2.0NRT,305.82,8.02,D
8.82861,80.53207,331.5,0.55,0.43,2026-09-03,816,N21,VIIRS,n,2.0NRT,298.75,3.5,D
8.83035,80.51655,335.8,0.55,0.43,2026-09-03,816,N21,VIIRS,n,2.0NRT,299.84,6.69,D
8.83073,80.51394,334.67,0.55,0.43,2026-09-03,816,N21,VIIRS,n,2.0NRT,299.47,8.97,D
8.83873,77.68748,339.97,0.41,0.37,2026-09-03,816,N21,VIIRS,n,2.0NRT,309.13,7.33,D
8.86602,78.08418,348.47,0.42,0.38,2026-09-03,816,N21,VIIRS,n,2.0NRT,306.22,13.83,D
8.90981,80.42682,337.02,0.55,0.42,2026-09-03,816,N21,VIIRS,n,2.0NRT,301.9,6.22,D
8.91155,80.35648,343.79,0.54,0.42,2026-09-03,816,N21,VIIRS,n,2.0NRT,301.61,8.92,D
8.91308,80.35413,342.71,0.54,0.42,2026-09-03,816,N21,VIIRS,n,2.0NRT,301.13,7.77,D
8.94545,77.81496,344.36,0.41,0.37,2026-09-03,816,N21,VIIRS,n,2.0NRT,308.85,17.83,D
8.9933,78.1157,337.51,0.42,0.38,2026-09-03,816,N21,VIIRS,n,2.0NRT,304.75,5.51,D
8.99674,78.11518,340.06,0.42,0.38,2026-09-03,816,N21,VIIRS,n,2.0NRT,305.42,5.51,D
9.03737,80.6734,330.14,0.57,0.43,2026-09-03,816,N21,VIIRS,n,2.0NRT,297.02,4.43,D
9.09089,79.79725,345.69,0.51,0.41,2026-09-03,816,N21,VIIRS,n,2.0NRT,301.97,47.93,D
9.1417,80.27109,339.59,0.54,0.42,2026-09-03,816,N21,VIIRS,n,2.0NRT,299.36,5.97,D
9.21627,78.64738,335.65,0.45,0.39,2026-09-03,816,N21,VIIRS,n,2.0NRT,302.15,11.12,D
9.25096,77.98447,343.73,0.42,0.38,2026-09-03,816,N21,VIIRS,n,2.0NRT,303.2,48.71,D
9.38139,78.7643,336.4,0.45,0.39,2026-09-03,816,N21,VIIRS,n,2.0NRT,299.81,4.09,D
9.40306,80.45114,344.19,0.56,0.43,2026-09-03,816,N21,VIIRS,n,2.0NRT,300.73,17.65,D
9.40516,80.46627,340.88,0.56,0.43,2026-09-03,816,N21,VIIRS,n,2.0NRT,300.69,11.33,D
9.40838,80.46066,339.16,0.56,0.43,2026-09-03,816,N21,VIIRS,n,2.0NRT,301.47,8.48,D
9.40985,78.81035,339.93,0.46,0.39,2026-09-03,816,N21,VIIRS,n,2.0NRT,299.81,5.62,D
9.42013,80.45897,336.83,0.56,0.43,2026-09-03,816,N21,VIIRS,n,2.0NRT,300.42,8.46,D
9.45867,80.50513,341.24,0.56,0.43,2026-09-03,816,N21,VIIRS,n,2.0NRT,298.39,7.59,D
9.46056,80.46106,333.75,0.56,0.43,2026-09-03,816,N21,VIIRS,n,2.0NRT,301.14,5.32,D
9.73456,77.55122,337.71,0.41,0.37,2026-09-03,816,N21,VIIRS,n,2.0NRT,305.79,6.46,D
9.85865,78.18647,337.09,0.43,0.38,2026-09-03,816,N21,VIIRS,n,2.0NRT,302.06,9.4,D
9.96128,78.07182,336.64,0.43,0.38,2026-09-03,816,N21,VIIRS,n,2.0NRT,304.12,4.62,D
9.96184,78.0757,340.11,0.43,0.38,2026-09-03,816,N21,VIIRS,n,2.0NRT,306.26,4.62,D
9.97086,78.1619,338.94,0.43,0.38,2026-09-03,816,N21,VIIRS,n,2.0NRT,305.27,10.42,D
9.99129,78.08318,338.8,0.43,0.38,2026-09-03,816,N21,VIIRS,n,2.0NRT,304.35,6.7,D
10.11128,77.65968,349.06,0.42,0.37,2026-09-03,816,N21,VIIRS,n,2.0NRT,306.96,6.72,D
10.11183,77.66344,343.37,0.42,0.37,2026-09-03,816,N21,VIIRS,n,2.0NRT,308.57,6.72,D
10.11921,77.66613,342.56,0.42,0.37,2026-09-03,816,N21,VIIRS,n,2.0NRT,308.33,8.07,D
10.23588,79.19627,338.92,0.49,0.4,2026-09-03,816,N21,VIIRS,n,2.0NRT,303.12,9.69,D
10.67869,78.942,335.66,0.48,0.4,2026-09-03,816,N21,VIIRS,n,2.0NRT,296.53,7.36,D
10.74984,78.97149,332.9,0.48,0.4,2026-09-03,816,N21,VIIRS,n,2.0NRT,295.07,3,D
10.78625,77.79347,343.36,0.43,0.38,2026-09-03,816,N21,VIIRS,n,2.0NRT,305.5,9.5,D
10.82759,77.76785,337.1,0.42,0.38,2026-09-03,816,N21,VIIRS,n,2.0NRT,300.51,2.88,D
10.84841,78.50124,347.91,0.46,0.39,2026-09-03,816,N21,VIIRS,n,2.0NRT,299.73,10.66,D
11.00386,79.25903,335.16,0.5,0.41,2026-09-03,816,N21,VIIRS,n,2.0NRT,300.72,2.95,D
11.18612,79.70135,330.95,0.53,0.42,2026-09-03,816,N21,VIIRS,n,2.0NRT,299.27,5.73,D
11.39026,78.14157,341.79,0.44,0.39,2026-09-03,816,N21,VIIRS,n,2.0NRT,296.62,3.98,D
11.45467,77.59742,332.46,0.42,0.38,2026-09-03,816,N21,VIIRS,n,2.0NRT,294.74,2.43,D
11.50959,79.52499,333.9,0.52,0.42,2026-09-03,816,N21,VIIRS,n,2.0NRT,290.66,5.71,D
13.24685,76.39126,339.05,0.4,0.37,2026-09-03,818,N21,VIIRS,n,2.0NRT,287.26,5.27,D
13.943,76.36328,332.79,0.4,0.37,2026-09-03,818,N21,VIIRS,n,2.0NRT,295.38,3.33,D
14.78736,79.80198,330.46,0.4,0.44,2026-09-03,818,N21,VIIRS,n,2.0NRT,289.61,3.45,D
16.46553,79.58845,331.47,0.41,0.45,2026-09-03,818,N21,VIIRS,n,2.0NRT,292.36,2.66,D
18.24572,75.4022,336.99,0.4,0.37,2026-09-03,818,N21,VIIRS,n,2.0NRT,294.85,4.06,D
18.5062,74.34609,343.88,0.39,0.36,2026-09-03,818,N21,VIIRS,n,2.0NRT,303.18,5.6,D
18.65981,74.60452,333.35,0.39,0.36,2026-09-03,818,N21,VIIRS,l,2.0NRT,303.89,2.45,D
19.41619,74.73562,335.63,0.4,0.37,2026-09-03,820,N21,VIIRS,n,2.0NRT,295.77,4.98,D
21.10192,72.63627,339.66,0.39,0.36,2026-09-03,820,N21,VIIRS,n,2.0NRT,300.92,9.64,D
21.10363,72.64727,341.64,0.39,0.36,2026-09-03,820,N21,VIIRS,n,2.0NRT,302.04,9.19,D
21.10691,72.6467,353,0.39,0.36,2026-09-03,820,N21,VIIRS,n,2.0NRT,303.51,9.19,D
21.1085,72.63512,338.53,0.39,0.36,2026-09-03,820,N21,VIIRS,n,2.0NRT,301.34,6.92,D
21.16552,72.67063,343.59,0.38,0.36,2026-09-03,820,N21,VIIRS,n,2.0NRT,300.03,5.56,D
22.92853,70.10656,332.86,0.43,0.38,2026-09-03,820,N21,VIIRS,l,2.0NRT,302.73,7.14,D
22.92924,70.1059,335.84,0.43,0.38,2026-09-03,820,N21,VIIRS,l,2.0NRT,303.18,8.52,D
23.30886,69.4185,333.65,0.45,0.39,2026-09-03,820,N21,VIIRS,n,2.0NRT,301.35,5.76,D
29.43228,69.87639,335.88,0.39,0.36,2026-09-03,822,N21,VIIRS,l,2.0NRT,308.63,1.14,D
29.43558,69.87576,334.18,0.39,0.36,2026-09-03,822,N21,VIIRS,l,2.0NRT,308.71,2.43,D
30.57868,72.3315,332.74,0.4,0.37,2026-09-03,822,N21,VIIRS,n,2.0NRT,301.73,1.84,D
30.57886,74.04327,330.83,0.46,0.39,2026-09-03,822,N21,VIIRS,n,2.0NRT,300.38,2.89,D
30.78766,73.98348,333.83,0.46,0.39,2026-09-03,822,N21,VIIRS,n,2.0NRT,301.61,15.24,D
31.03563,74.41142,335.51,0.48,0.4,2026-09-03,822,N21,VIIRS,n,2.0NRT,297.85,3.55,D
31.04139,72.04004,334.94,0.4,0.37,2026-09-03,822,N21,VIIRS,n,2.0NRT,302.09,6.25,D
31.10242,72.35428,332.57,0.41,0.37,2026-09-03,822,N21,VIIRS,l,2.0NRT,304.85,2.71,D
31.104,72.20413,330.16,0.4,0.37,2026-09-03,822,N21,VIIRS,l,2.0NRT,303.68,2.47,D
31.16984,75.04272,335.59,0.51,0.41,2026-09-03,822,N21,VIIRS,n,2.0NRT,296.53,4.87,D
31.23119,72.16363,342.05,0.4,0.37,2026-09-03,822,N21,VIIRS,n,2.0NRT,303.06,4.06,D
31.46605,74.61465,336.94,0.49,0.4,2026-09-03,822,N21,VIIRS,n,2.0NRT,301.01,4.63,D
31.52391,72.13649,337.67,0.4,0.37,2026-09-03,822,N21,VIIRS,n,2.0NRT,303.5,3.33,D
31.62567,74.98903,332.14,0.51,0.41,2026-09-03,822,N21,VIIRS,n,2.0NRT,296.26,4.15,D
31.81754,74.59283,340.73,0.5,0.41,2026-09-03,822,N21,VIIRS,n,2.0NRT,296.72,6.08,D
33.26638,72.17457,333,0.41,0.37,2026-09-03,822,N21,VIIRS,l,2.0NRT,304.14,2.1,D
33.63013,73.01676,333.4,0.44,0.39,2026-09-03,822,N21,VIIRS,n,2.0NRT,299.46,2.46,D
30.06881,96.98002,305.55,0.45,0.39,2026-09-03,1904,N21,VIIRS,n,2.0NRT,286.23,1.7,N
23.55742,87.24039,312.47,0.46,0.63,2026-09-03,1906,N21,VIIRS,n,2.0NRT,275.87,3.03,N
23.58093,86.72375,297.7,0.49,0.65,2026-09-03,1906,N21,VIIRS,n,2.0NRT,275.66,1.53,N
23.612,86.78971,308.97,0.49,0.65,2026-09-03,1906,N21,VIIRS,n,2.0NRT,282.8,1.86,N
23.6325,86.83428,304.83,0.49,0.65,2026-09-03,1906,N21,VIIRS,n,2.0NRT,283.22,1.12,N
23.66418,87.1554,311.03,0.46,0.64,2026-09-03,1906,N21,VIIRS,n,2.0NRT,283.84,2.19,N
23.67398,86.39745,304.41,0.52,0.67,2026-09-03,1906,N21,VIIRS,n,2.0NRT,283.26,1.98,N
23.68011,86.3982,305.86,0.52,0.67,2026-09-03,1906,N21,VIIRS,n,2.0NRT,283.25,1.98,N
23.68044,86.39726,305.35,0.52,0.67,2026-09-03,1906,N21,VIIRS,n,2.0NRT,283.69,2.2,N
23.68665,86.39375,303.02,0.52,0.67,2026-09-03,1906,N21,VIIRS,n,2.0NRT,283.65,1.76,N
23.68696,86.39274,304.28,0.52,0.67,2026-09-03,1906,N21,VIIRS,n,2.0NRT,283.9,2.9,N
23.69064,87.12126,317.22,0.47,0.64,2026-09-03,1906,N21,VIIRS,n,2.0NRT,283.34,4.43,N
23.71272,86.45254,306.22,0.52,0.66,2026-09-03,1906,N21,VIIRS,n,2.0NRT,283.52,1.88,N
23.7134,86.4518,307.77,0.52,0.67,2026-09-03,1906,N21,VIIRS,n,2.0NRT,283.45,1.76,N
23.71524,86.422,309.37,0.52,0.67,2026-09-03,1906,N21,VIIRS,n,2.0NRT,283.62,3.55,N
23.71572,86.42124,309.72,0.52,0.67,2026-09-03,1906,N21,VIIRS,n,2.0NRT,283.4,3.45,N
23.73333,86.43322,306.07,0.52,0.67,2026-09-03,1906,N21,VIIRS,n,2.0NRT,283.6,2.85,N
23.73829,85.00842,296.96,0.64,0.72,2026-09-03,1906,N21,VIIRS,n,2.0NRT,279.77,2.02,N
23.73945,86.43385,311.62,0.52,0.67,2026-09-03,1906,N21,VIIRS,n,2.0NRT,283.86,2.52,N
23.76022,86.40524,301.39,0.52,0.67,2026-09-03,1906,N21,VIIRS,n,2.0NRT,282.12,2.26,N
23.76062,86.39999,309.65,0.52,0.67,2026-09-03,1906,N21,VIIRS,n,2.0NRT,282.62,4.13,N
23.76635,86.40579,319.98,0.52,0.67,2026-09-03,1906,N21,VIIRS,n,2.0NRT,282.72,4.16,N
23.76677,86.40059,304.12,0.52,0.67,2026-09-03,1906,N21,VIIRS,n,2.0NRT,282.21,3.92,N
23.77282,85.99427,298.26,0.55,0.68,2026-09-03,1906,N21,VIIRS,n,2.0NRT,281.58,1.41,N
23.7741,86.38596,304.86,0.52,0.67,2026-09-03,1906,N21,VIIRS,n,2.0NRT,283.64,2.68,N
23.77547,86.20876,305.42,0.54,0.68,2026-09-03,1906,N21,VIIRS,n,2.0NRT,284.93,2.54,N
23.77573,86.3653,316.44,0.52,0.67,2026-09-03,1906,N21,VIIRS,n,2.0NRT,283.69,3.08,N
23.77984,86.39172,314.52,0.52,0.67,2026-09-03,1906,N21,VIIRS,n,2.0NRT,283.68,2.3,N
23.78024,86.38665,305.68,0.52,0.67,2026-09-03,1906,N21,VIIRS,n,2.0NRT,283.81,2.3,N
23.78556,85.55293,302.25,0.59,0.7,2026-09-03,1906,N21,VIIRS,n,2.0NRT,283.21,1.09,N
23.795,86.35329,302.7,0.52,0.67,2026-09-03,1906,N21,VIIRS,n,2.0NRT,283.1,1.73,N
23.79538,86.34803,304.5,0.53,0.67,2026-09-03,1906,N21,VIIRS,n,2.0NRT,283.41,2.37,N
23.79543,86.35154,312.86,0.52,0.67,2026-09-03,1906,N21,VIIRS,n,2.0NRT,283.09,2.98,N
23.80305,86.3282,312.09,0.53,0.67,2026-09-03,1906,N21,VIIRS,n,2.0NRT,283.8,3.29,N
23.80322,86.3317,311.37,0.53,0.67,2026-09-03,1906,N21,VIIRS,n,2.0NRT,283.56,1.82,N
23.80364,86.32647,301.69,0.53,0.67,2026-09-03,1906,N21,VIIRS,n,2.0NRT,283.39,1.82,N
24.11562,86.86095,304.07,0.49,0.65,2026-09-03,1906,N21,VIIRS,n,2.0NRT,278.56,1.61,N
20.09703,94.79616,303.98,0.44,0.38,2026-09-03,1908,N21,VIIRS,n,2.0NRT,282.9,1.5,N
20.9703,86.02133,307.25,0.51,0.66,2026-09-03,1908,N21,VIIRS,n,2.0NRT,285.23,3.2,N
20.97102,86.02231,301.24,0.51,0.66,2026-09-03,1908,N21,VIIRS,n,2.0NRT,285.24,2.33,N
23.64927,85.43691,316.21,0.6,0.7,2026-09-03,1908,N21,VIIRS,n,2.0NRT,279.81,5.08,N
23.64955,85.43758,318.4,0.6,0.71,2026-09-03,1908,N21,VIIRS,n,2.0NRT,279.93,4.68,N
23.65697,85.508,301.57,0.59,0.7,2026-09-03,1908,N21,VIIRS,n,2.0NRT,281.04,1.18,N
23.66802,84.99591,300.08,0.64,0.72,2026-09-03,1908,N21,VIIRS,n,2.0NRT,279.53,3.24,N
6.81261,81.61962,306.94,0.68,0.74,2026-09-03,1913,N21,VIIRS,n,2.0NRT,287.24,3.31,N
6.81508,81.6179,309.08,0.68,0.74,2026-09-03,1913,N21,VIIRS,n,2.0NRT,287.19,2.2,N
7.38443,80.83474,300.26,0.79,0.78,2026-09-03,1913,N21,VIIRS,n,2.0NRT,286.8,2.04,N
20.86645,70.5637,309.83,0.41,0.37,2026-09-03,2046,N21,VIIRS,n,2.0NRT,293.44,1.05,N
20.91031,71.45869,316.39,0.39,0.36,2026-09-03,2046,N21,VIIRS,n,2.0NRT,294.64,1.67,N
21.10016,72.63646,332.79,0.38,0.36,2026-09-03,2046,N21,VIIRS,n,2.0NRT,294.58,6.12,N
21.10345,72.63704,333.77,0.38,0.36,2026-09-03,2046,N21,VIIRS,n,2.0NRT,294.36,2.86,N
21.10502,72.64862,318.53,0.38,0.36,2026-09-03,2046,N21,VIIRS,n,2.0NRT,294.39,5.98,N
21.10559,72.64497,336.85,0.38,0.36,2026-09-03,2046,N21,VIIRS,n,2.0NRT,296.19,5.98,N
21.10674,72.63763,308.49,0.38,0.36,2026-09-03,2046,N21,VIIRS,n,2.0NRT,294.77,2.86,N
21.10831,72.64921,307.64,0.38,0.36,2026-09-03,2046,N21,VIIRS,n,2.0NRT,294.94,2.7,N
21.11061,72.63454,307.53,0.38,0.36,2026-09-03,2046,N21,VIIRS,n,2.0NRT,294.41,2.17,N
21.16664,72.67046,322.83,0.38,0.36,2026-09-03,2046,N21,VIIRS,n,2.0NRT,294.07,3.7,N
21.62968,72.911,299.73,0.38,0.36,2026-09-03,2046,N21,VIIRS,n,2.0NRT,278.8,0.25,N
22.33877,69.8551,308.15,0.44,0.39,2026-09-03,2046,N21,VIIRS,n,2.0NRT,295.5,4.3,N
22.39963,69.01791,305.54,0.48,0.4,2026-09-03,2046,N21,VIIRS,n,2.0NRT,293.77,3.18,N
22.41513,69.03777,309.75,0.48,0.4,2026-09-03,2046,N21,VIIRS,n,2.0NRT,293.26,3.19,N
22.92464,69.82479,305.3,0.45,0.39,2026-09-03,2046,N21,VIIRS,n,2.0NRT,294.49,2.91,N
22.93139,69.69586,308.31,0.46,0.39,2026-09-03,2046,N21,VIIRS,n,2.0NRT,293.95,3.15,N
22.93436,69.70084,309.93,0.46,0.39,2026-09-03,2046,N21,VIIRS,n,2.0NRT,293.97,2.03,N
22.93496,69.69643,307.76,0.46,0.39,2026-09-03,2046,N21,VIIRS,n,2.0NRT,293.57,2.03,N
22.96819,72.55517,307.07,0.39,0.36,2026-09-03,2046,N21,VIIRS,n,2.0NRT,293.79,0.4,N
23.11955,70.08704,324.6,0.44,0.38,2026-09-03,2046,N21,VIIRS,n,2.0NRT,294.09,3.51,N
23.1201,70.08562,326.09,0.44,0.38,2026-09-03,2046,N21,VIIRS,n,2.0NRT,294.36,4.11,N
23.30512,70.47572,306.69,0.43,0.38,2026-09-03,2046,N21,VIIRS,n,2.0NRT,294.57,1.37,N
23.30852,71.92302,302.05,0.39,0.36,2026-09-03,2046,N21,VIIRS,n,2.0NRT,283.2,0.58,N
23.31438,70.48576,309.94,0.43,0.38,2026-09-03,2046,N21,VIIRS,n,2.0NRT,294.84,1.63,N
26.60381,73.68258,305.3,0.38,0.36,2026-09-03,2046,N21,VIIRS,n,2.0NRT,289.46,0.86,N
26.87514,73.51547,309.26,0.39,0.36,2026-09-03,2046,N21,VIIRS,n,2.0NRT,295.3,2.07,N
26.87844,73.5161,307.83,0.39,0.36,2026-09-03,2046,N21,VIIRS,n,2.0NRT,295.38,2.37,N
27.28808,73.84085,313.3,0.38,0.36,2026-09-03,2046,N21,VIIRS,n,2.0NRT,296.34,0.68,N
28.42566,69.70036,316.08,0.52,0.42,2026-09-03,2046,N21,VIIRS,n,2.0NRT,297.16,1.9,N
29.47605,76.85793,329.76,0.41,0.37,2026-09-03,2046,N21,VIIRS,n,2.0NRT,293.88,4.09,N
31.61502,74.37548,308.84,0.39,0.36,2026-09-03,2046,N21,VIIRS,n,2.0NRT,295.69,0.8,N
31.67875,73.96751,309,0.39,0.36,2026-09-03,2046,N21,VIIRS,n,2.0NRT,296.31,0.86,N
32.1031,74.17751,309.36,0.39,0.36,2026-09-03,2046,N21,VIIRS,n,2.0NRT,295.85,2.92,N
32.57489,72.56052,309.8,0.43,0.38,2026-09-03,2046,N21,VIIRS,n,2.0NRT,296.17,3.2,N
32.88831,71.6187,309.34,0.47,0.4,2026-09-03,2046,N21,VIIRS,n,2.0NRT,295.6,3.26,N
33.29784,71.18603,306.2,0.5,0.41,2026-09-03,2046,N21,VIIRS,n,2.0NRT,291.91,1.22,N
33.68841,72.71086,309.78,0.44,0.38,2026-09-03,2046,N21,VIIRS,n,2.0NRT,293.31,3.11,N
13.89939,76.5644,304.03,0.43,0.46,2026-09-03,2049,N21,VIIRS,n,2.0NRT,287.4,1.15,N
14.87435,78.05117,321.22,0.52,0.5,2026-09-03,2049,N21,VIIRS,n,2.0NRT,288.81,2.81,N
15.02284,78.01471,303.58,0.51,0.49,2026-09-03,2049,N21,VIIRS,n,2.0NRT,285.32,1.34,N
15.07199,76.86526,301.83,0.43,0.46,2026-09-03,2049,N21,VIIRS,n,2.0NRT,281.27,1.11,N
15.1614,76.37529,298.67,0.4,0.44,2026-09-03,2049,N21,VIIRS,n,2.0NRT,282.96,0.52,N
15.17179,76.69175,307.81,0.42,0.45,2026-09-03,2049,N21,VIIRS,n,2.0NRT,289.5,1.18,N
15.17314,76.6604,303.5,0.42,0.45,2026-09-03,2049,N21,VIIRS,n,2.0NRT,289.81,1.81,N
15.17382,76.65658,306.57,0.42,0.45,2026-09-03,2049,N21,VIIRS,n,2.0NRT,290.34,1.81,N
15.1745,76.65276,305.33,0.42,0.45,2026-09-03,2049,N21,VIIRS,n,2.0NRT,289.85,1.04,N
15.17451,76.67654,305.63,0.42,0.45,2026-09-03,2049,N21,VIIRS,n,2.0NRT,289.91,1.13,N
15.17699,77.10145,303.07,0.44,0.46,2026-09-03,2049,N21,VIIRS,n,2.0NRT,283.13,1.21,N
15.17791,76.65741,326.69,0.42,0.45,2026-09-03,2049,N21,VIIRS,n,2.0NRT,290.55,1.81,N
15.17859,76.65359,305.26,0.42,0.45,2026-09-03,2049,N21,VIIRS,n,2.0NRT,289.91,1.04,N
15.1786,76.6774,304.63,0.42,0.45,2026-09-03,2049,N21,VIIRS,n,2.0NRT,290.54,2.62,N
15.17996,76.66974,305.7,0.42,0.45,2026-09-03,2049,N21,VIIRS,n,2.0NRT,290.04,2.2,N
15.18064,76.66591,324.76,0.42,0.45,2026-09-03,2049,N21,VIIRS,n,2.0NRT,290.71,2.2,N
15.18609,76.65908,306.28,0.42,0.45,2026-09-03,2049,N21,VIIRS,n,2.0NRT,290.85,1.64,N
17.60034,83.19914,304.38,0.5,0.66,2026-09-03,2049,N21,VIIRS,n,2.0NRT,287.1,2.14,N
17.60314,83.20052,309.35,0.5,0.66,2026-09-03,2049,N21,VIIRS,n,2.0NRT,287.32,1.59,N
17.60904,83.20199,309.25,0.5,0.66,2026-09-03,2049,N21,VIIRS,n,2.0NRT,287.21,3.25,N
17.61118,83.20664,307.79,0.5,0.66,2026-09-03,2049,N21,VIIRS,n,2.0NRT,287.11,1.76,N
17.69013,83.24277,307.09,0.5,0.66,2026-09-03,2049,N21,VIIRS,n,2.0NRT,286.83,1.13,N
17.69266,83.2471,313.2,0.5,0.66,2026-09-03,2049,N21,VIIRS,n,2.0NRT,286.96,3.47,N
18.67889,73.03624,314.72,0.39,0.36,2026-09-03,2049,N21,VIIRS,n,2.0NRT,290.86,2.73,N
18.68221,73.03683,331.89,0.39,0.36,2026-09-03,2049,N21,VIIRS,n,2.0NRT,291.55,5.42,N
18.68341,73.02945,308.6,0.39,0.36,2026-09-03,2049,N21,VIIRS,n,2.0NRT,290.98,1.67,N
18.68674,73.03004,319.05,0.39,0.36,2026-09-03,2049,N21,VIIRS,n,2.0NRT,291.93,1.67,N
18.69219,73.03861,308.87,0.39,0.36,2026-09-03,2049,N21,VIIRS,n,2.0NRT,291.31,2.04,N
19.36892,71.35392,315.14,0.39,0.36,2026-09-03,2049,N21,VIIRS,n,2.0NRT,293.76,3.1,N
19.57132,71.36473,309.3,0.39,0.36,2026-09-03,2049,N21,VIIRS,n,2.0NRT,294.19,3.08,N
19.67412,71.67126,305.61,0.39,0.36,2026-09-03,2049,N21,VIIRS,n,2.0NRT,287.49,1.64,N
23.61539,86.79142,302.16,0.63,0.72,2026-09-03,2049,N21,VIIRS,n,2.0NRT,282.7,1.86,N
23.61643,86.78899,302.57,0.63,0.72,2026-09-03,2049,N21,VIIRS,n,2.0NRT,282.4,1.6,N
23.68988,87.121,303.36,0.66,0.73,2026-09-03,2049,N21,VIIRS,n,2.0NRT,280.95,6.27,N
23.69308,87.10843,301.74,0.66,0.73,2026-09-03,2049,N21,VIIRS,n,2.0NRT,280.99,6.47,N
23.70964,86.44592,302.83,0.6,0.7,2026-09-03,2049,N21,VIIRS,n,2.0NRT,276.64,2.9,N
23.741,85.00602,300.73,0.49,0.65,2026-09-03,2049,N21,VIIRS,n,2.0NRT,284.48,1.68,N
23.74199,85.00803,304.62,0.49,0.65,2026-09-03,2049,N21,VIIRS,n,2.0NRT,284.62,1.42,N
23.76123,86.40075,303.17,0.59,0.7,2026-09-03,2049,N21,VIIRS,n,2.0NRT,271.55,2.55,N
23.78815,85.55396,298.36,0.52,0.67,2026-09-03,2049,N21,VIIRS,n,2.0NRT,276.08,1.97,N
23.79371,86.35073,297.17,0.59,0.7,2026-09-03,2049,N21,VIIRS,n,2.0NRT,265.22,1.06,N
23.80544,86.33025,301.68,0.58,0.7,2026-09-03,2049,N21,VIIRS,n,2.0NRT,268.95,2.41,N
24.69003,73.00208,312.72,0.38,0.36,2026-09-03,2049,N21,VIIRS,n,2.0NRT,293.86,1.68,N
25.94356,72.19094,331.2,0.4,0.37,2026-09-03,2049,N21,VIIRS,n,2.0NRT,296.13,3.76,N
7.81611,80.62204,307.15,0.52,0.67,2026-09-03,2051,N21,VIIRS,n,2.0NRT,289.3,1.22,N
7.89997,80.61448,306.98,0.51,0.66,2026-09-03,2051,N21,VIIRS,n,2.0NRT,289.11,0.72,N
8.11056,80.81093,315.49,0.53,0.67,2026-09-03,2051,N21,VIIRS,n,2.0NRT,289.75,1.78,N
8.11158,80.80983,314.66,0.53,0.67,2026-09-03,2051,N21,VIIRS,n,2.0NRT,289.77,2.37,N
9.5471,77.52013,308.51,0.59,0.53,2026-09-03,2051,N21,VIIRS,n,2.0NRT,288.67,2.79,N
9.73405,77.55091,312.29,0.59,0.53,2026-09-03,2051,N21,VIIRS,n,2.0NRT,291.43,2.6,N
11.10315,77.76294,306.76,0.58,0.52,2026-09-03,2051,N21,VIIRS,n,2.0NRT,289.5,0.94,N
11.18059,79.10029,313.59,0.35,0.57,2026-09-03,2051,N21,VIIRS,n,2.0NRT,290.21,1.28,N
28.48533,97.02769,330.4,0.5,0.41,2026-09-04,622,N21,VIIRS,n,2.0NRT,293.97,4.56,D
28.50004,97.02452,334.58,0.5,0.41,2026-09-04,622,N21,VIIRS,n,2.0NRT,295.92,6.77,D
28.50743,97.02318,330.67,0.5,0.41,2026-09-04,622,N21,VIIRS,n,2.0NRT,296.49,4.49,D
6.28038,80.98396,332.67,0.38,0.36,2026-09-04,756,N21,VIIRS,n,2.0NRT,302.43,2.44,D
6.34658,81.12452,332.91,0.38,0.36,2026-09-04,756,N21,VIIRS,n,2.0NRT,297.44,151.07,D
6.72797,81.30743,336.76,0.38,0.36,2026-09-04,756,N21,VIIRS,n,2.0NRT,303.41,6.67,D
6.82348,81.55391,344.29,0.39,0.36,2026-09-04,756,N21,VIIRS,n,2.0NRT,304.43,11.56,D
6.88057,81.55229,337.68,0.39,0.36,2026-09-04,756,N21,VIIRS,n,2.0NRT,302.29,6.26,D
6.8893,81.63238,339.24,0.39,0.36,2026-09-04,756,N21,VIIRS,n,2.0NRT,304.61,10.01,D
6.94629,81.60164,337.15,0.39,0.36,2026-09-04,756,N21,VIIRS,n,2.0NRT,305.01,5.79,D
6.99614,81.61886,335.82,0.39,0.36,2026-09-04,756,N21,VIIRS,n,2.0NRT,305.74,7.11,D
7.01385,81.602,336.09,0.39,0.36,2026-09-04,756,N21,VIIRS,l,2.0NRT,306.45,6.18,D
7.01437,81.60546,347.78,0.39,0.36,2026-09-04,756,N21,VIIRS,n,2.0NRT,306.41,10.62,D
7.08992,81.78862,341.64,0.39,0.36,2026-09-04,756,N21,VIIRS,n,2.0NRT,305.99,10.49,D
7.1319,80.92328,338.76,0.38,0.36,2026-09-04,756,N21,VIIRS,n,2.0NRT,305.12,21.59,D
7.15772,81.07076,333.46,0.38,0.36,2026-09-04,756,N21,VIIRS,l,2.0NRT,308.14,3.87,D
7.17065,81.02296,336.04,0.38,0.36,2026-09-04,756,N21,VIIRS,l,2.0NRT,306.82,3.92,D
7.18345,81.80295,340.18,0.39,0.36,2026-09-04,756,N21,VIIRS,n,2.0NRT,305.7,10.47,D
7.20063,81.01414,337.55,0.38,0.36,2026-09-04,756,N21,VIIRS,l,2.0NRT,307.84,5.86,D
7.28636,81.71537,331.1,0.39,0.36,2026-09-04,756,N21,VIIRS,n,2.0NRT,300.57,2.55,D
7.28966,81.71487,335.03,0.39,0.36,2026-09-04,756,N21,VIIRS,n,2.0NRT,299.36,3.28,D
7.31458,81.15795,331.07,0.38,0.36,2026-09-04,756,N21,VIIRS,l,2.0NRT,302.69,4.84,D
7.33481,81.56585,330.77,0.39,0.36,2026-09-04,756,N21,VIIRS,l,2.0NRT,301.2,2.59,D
7.33858,81.72524,334.11,0.39,0.36,2026-09-04,756,N21,VIIRS,l,2.0NRT,304.34,4.96,D
7.36531,81.83537,332.57,0.39,0.36,2026-09-04,756,N21,VIIRS,n,2.0NRT,302.37,2.34,D
7.36872,81.74561,335.28,0.39,0.36,2026-09-04,756,N21,VIIRS,n,2.0NRT,303.71,4.81,D
7.38195,81.74361,338.74,0.39,0.36,2026-09-04,756,N21,VIIRS,n,2.0NRT,305.39,7.79,D
7.41481,81.14605,340.24,0.38,0.36,2026-09-04,756,N21,VIIRS,n,2.0NRT,302.52,6.04,D
7.44885,81.62225,336.07,0.39,0.36,2026-09-04,756,N21,VIIRS,n,2.0NRT,301.46,2.72,D
7.48911,81.68732,344.36,0.39,0.36,2026-09-04,756,N21,VIIRS,n,2.0NRT,305.31,3.93,D
7.49081,81.53765,330.07,0.39,0.36,2026-09-04,756,N21,VIIRS,l,2.0NRT,301.52,3.71,D
7.5063,81.66331,336.75,0.39,0.36,2026-09-04,756,N21,VIIRS,n,2.0NRT,304.79,3.55,D
7.52764,81.5356,342.13,0.39,0.36,2026-09-04,756,N21,VIIRS,n,2.0NRT,301.58,4.73,D
7.58536,81.69408,345.45,0.39,0.36,2026-09-04,756,N21,VIIRS,n,2.0NRT,304.64,4.06,D
7.58866,81.69358,336.75,0.39,0.36,2026-09-04,756,N21,VIIRS,n,2.0NRT,303.45,4.06,D
7.62607,80.81576,334.23,0.38,0.36,2026-09-04,756,N21,VIIRS,n,2.0NRT,302.28,5.95,D
7.65317,81.60113,335.59,0.39,0.36,2026-09-04,756,N21,VIIRS,n,2.0NRT,303.49,3.26,D
7.67421,81.5837,342.52,0.39,0.36,2026-09-04,756,N21,VIIRS,n,2.0NRT,305.76,5.82,D
7.69832,81.58286,337.35,0.39,0.36,2026-09-04,756,N21,VIIRS,n,2.0NRT,303.47,2.51,D
7.80802,81.49847,347.86,0.39,0.36,2026-09-04,756,N21,VIIRS,n,2.0NRT,304.14,7.98,D
7.82094,80.04519,335.12,0.39,0.36,2026-09-04,756,N21,VIIRS,n,2.0NRT,298.5,3.31,D
7.85959,81.43733,346.53,0.39,0.36,2026-09-04,756,N21,VIIRS,n,2.0NRT,308.35,11.42,D
7.88555,80.61863,333.91,0.38,0.36,2026-09-04,756,N21,VIIRS,n,2.0NRT,303.42,5.87,D
7.91103,80.85941,337.76,0.38,0.36,2026-09-04,756,N21,VIIRS,n,2.0NRT,302.19,8.69,D
7.91331,80.55775,347.18,0.38,0.36,2026-09-04,756,N21,VIIRS,n,2.0NRT,301.47,8.51,D
7.95397,80.11404,332.68,0.39,0.36,2026-09-04,756,N21,VIIRS,l,2.0NRT,303.37,5.83,D
7.95904,81.44292,335.76,0.39,0.36,2026-09-04,756,N21,VIIRS,n,2.0NRT,301.69,1.73,D
8.02827,80.35555,342.88,0.39,0.36,2026-09-04,756,N21,VIIRS,n,2.0NRT,303.56,5.42,D
8.04136,81.401,339.65,0.39,0.36,2026-09-04,756,N21,VIIRS,n,2.0NRT,304.56,5.83,D
8.04345,81.41489,338.87,0.39,0.36,2026-09-04,756,N21,VIIRS,n,2.0NRT,304.96,8.55,D
8.04398,81.41837,351.82,0.39,0.36,2026-09-04,756,N21,VIIRS,n,2.0NRT,307.04,8.55,D
8.04439,80.61527,338.81,0.38,0.36,2026-09-04,756,N21,VIIRS,n,2.0NRT,305,1.41,D
8.04833,81.42481,348.08,0.39,0.36,2026-09-04,756,N21,VIIRS,n,2.0NRT,305.28,11.83,D
8.05559,80.66657,367,0.38,0.36,2026-09-04,756,N21,VIIRS,h,2.0NRT,309,18.67,D
8.06257,80.69025,351.53,0.38,0.36,2026-09-04,756,N21,VIIRS,n,2.0NRT,306.37,8.88,D
8.21197,80.57375,342.94,0.38,0.36,2026-09-04,756,N21,VIIRS,n,2.0NRT,302.33,8.3,D
8.23799,80.32517,332.47,0.39,0.36,2026-09-04,756,N21,VIIRS,n,2.0NRT,298.48,0.89,D
8.34787,81.00182,338.8,0.38,0.36,2026-09-04,756,N21,VIIRS,n,2.0NRT,302.44,9.24,D
8.36302,80.78355,337,0.38,0.36,2026-09-04,756,N21,VIIRS,n,2.0NRT,302.28,3.93,D
8.38897,80.66645,334.27,0.38,0.36,2026-09-04,756,N21,VIIRS,n,2.0NRT,302.8,2.18,D
8.39051,80.33973,349.25,0.39,0.36,2026-09-04,756,N21,VIIRS,n,2.0NRT,305.27,6.3,D
8.40062,81.05363,339.8,0.38,0.36,2026-09-04,756,N21,VIIRS,n,2.0NRT,298.42,13.29,D
8.41521,81.08327,332.94,0.38,0.36,2026-09-04,756,N21,VIIRS,n,2.0NRT,299.74,4.06,D
8.45161,80.60664,334.12,0.38,0.36,2026-09-04,756,N21,VIIRS,n,2.0NRT,302.53,1.83,D
8.46263,80.5023,336.81,0.38,0.36,2026-09-04,756,N21,VIIRS,n,2.0NRT,300.66,1.55,D
8.46592,80.50179,344.01,0.38,0.36,2026-09-04,756,N21,VIIRS,n,2.0NRT,304.4,5.01,D
8.50317,80.85683,337.52,0.38,0.36,2026-09-04,756,N21,VIIRS,n,2.0NRT,300.66,2.19,D
8.53555,80.84832,335.22,0.38,0.36,2026-09-04,756,N21,VIIRS,n,2.0NRT,303.01,3.38,D
8.56557,80.39687,333.19,0.39,0.36,2026-09-04,756,N21,VIIRS,n,2.0NRT,302.98,3.96,D
8.58052,80.82632,342.18,0.38,0.36,2026-09-04,756,N21,VIIRS,n,2.0NRT,300.31,4.99,D
8.62883,80.81182,337.33,0.38,0.36,2026-09-04,756,N21,VIIRS,n,2.0NRT,305.26,5.85,D
8.62977,80.75155,337.31,0.38,0.36,2026-09-04,756,N21,VIIRS,n,2.0NRT,303.7,8.72,D
8.62998,80.41513,343.79,0.38,0.36,2026-09-04,756,N21,VIIRS,n,2.0NRT,306.34,7.79,D
8.63109,80.71597,334.85,0.38,0.36,2026-09-04,756,N21,VIIRS,l,2.0NRT,305.83,6.35,D
8.66461,80.39914,342.22,0.38,0.36,2026-09-04,756,N21,VIIRS,n,2.0NRT,305.78,5.09,D
8.66645,80.25687,338.37,0.39,0.36,2026-09-04,756,N21,VIIRS,n,2.0NRT,304.43,6.17,D
8.66974,80.25637,346.19,0.39,0.36,2026-09-04,756,N21,VIIRS,n,2.0NRT,303.78,6.17,D
8.78873,80.87485,332.71,0.38,0.36,2026-09-04,756,N21,VIIRS,n,2.0NRT,300.13,4.35,D
8.80511,80.9609,333.87,0.38,0.36,2026-09-04,756,N21,VIIRS,l,2.0NRT,305.89,7.58,D
8.80604,80.56779,338.63,0.38,0.36,2026-09-04,756,N21,VIIRS,n,2.0NRT,305.81,5.36,D
8.8539,80.49944,336.49,0.38,0.36,2026-09-04,756,N21,VIIRS,n,2.0NRT,299.6,4.22,D
8.67037,77.99406,336.26,0.44,0.39,2026-09-04,758,N21,VIIRS,l,2.0NRT,305.55,6.68,D
8.89498,80.50372,340.17,0.38,0.36,2026-09-04,758,N21,VIIRS,n,2.0NRT,303.82,5.51,D
8.91448,80.54321,333.78,0.38,0.36,2026-09-04,758,N21,VIIRS,l,2.0NRT,305.52,4.63,D
8.92298,80.40017,340.83,0.38,0.36,2026-09-04,758,N21,VIIRS,n,2.0NRT,301.79,3.13,D
8.98223,80.83372,333.13,0.38,0.36,2026-09-04,758,N21,VIIRS,l,2.0NRT,303.89,7.3,D
9.03487,80.21505,332.04,0.39,0.36,2026-09-04,758,N21,VIIRS,n,2.0NRT,297.56,2.6,D
9.10257,80.2827,333.98,0.38,0.36,2026-09-04,758,N21,VIIRS,n,2.0NRT,302.89,2.8,D
9.14291,78.26405,337.37,0.43,0.38,2026-09-04,758,N21,VIIRS,l,2.0NRT,304.86,4.73,D
9.14391,78.26399,338.19,0.43,0.38,2026-09-04,758,N21,VIIRS,l,2.0NRT,305.32,4.67,D
9.35835,78.81918,335.56,0.41,0.37,2026-09-04,758,N21,VIIRS,l,2.0NRT,301,3.34,D
9.39725,80.44811,344.19,0.38,0.36,2026-09-04,758,N21,VIIRS,n,2.0NRT,301.66,6.58,D
9.39895,80.43722,335.38,0.38,0.36,2026-09-04,758,N21,VIIRS,n,2.0NRT,304.15,5.29,D
9.40358,80.29104,344.85,0.38,0.36,2026-09-04,758,N21,VIIRS,n,2.0NRT,303.02,7,D
9.40687,80.29053,344.61,0.38,0.36,2026-09-04,758,N21,VIIRS,n,2.0NRT,302.53,13.9,D
9.42775,80.38309,338.73,0.38,0.36,2026-09-04,758,N21,VIIRS,n,2.0NRT,303.62,4.79,D
9.44964,80.48254,345.3,0.38,0.36,2026-09-04,758,N21,VIIRS,n,2.0NRT,301.94,8.56,D
9.72387,78.35549,334.19,0.42,0.38,2026-09-04,758,N21,VIIRS,l,2.0NRT,305.43,5.33,D
9.82854,77.56429,338.99,0.45,0.39,2026-09-04,758,N21,VIIRS,n,2.0NRT,303.65,5.62,D
9.82879,78.55407,334.45,0.41,0.37,2026-09-04,758,N21,VIIRS,l,2.0NRT,302.71,2.01,D
10.23521,79.19682,336.6,0.39,0.37,2026-09-04,758,N21,VIIRS,l,2.0NRT,302.56,5.05,D
10.87023,79.84801,337.26,0.39,0.36,2026-09-04,758,N21,VIIRS,n,2.0NRT,301.77,3.23,D
14.14273,76.50105,334.52,0.45,0.39,2026-09-04,758,N21,VIIRS,l,2.0NRT,299.57,7.06,D
14.58262,78.69115,332.81,0.39,0.36,2026-09-04,758,N21,VIIRS,n,2.0NRT,297.53,2.62,D
15.1836,76.64207,340.29,0.43,0.38,2026-09-04,758,N21,VIIRS,n,2.0NRT,301.44,6.27,D
15.24046,76.69371,332.44,0.43,0.38,2026-09-04,758,N21,VIIRS,l,2.0NRT,300.92,2.23,D
15.31594,75.73133,334.48,0.47,0.4,2026-09-04,758,N21,VIIRS,l,2.0NRT,300.38,8.92,D
17.08758,79.68736,338.48,0.39,0.36,2026-09-04,801,N21,VIIRS,n,2.0NRT,291.83,3.75,D
17.36039,81.81102,332.31,0.45,0.39,2026-09-04,801,N21,VIIRS,n,2.0NRT,296.45,2.81,D
21.10295,72.63681,342.12,0.38,0.43,2026-09-04,801,N21,VIIRS,n,2.0NRT,298.44,26.3,D
21.10447,72.64493,344.27,0.57,0.43,2026-09-04,801,N21,VIIRS,n,2.0NRT,298.24,26.51,D
21.74218,83.84354,342.51,0.44,0.46,2026-09-04,801,N21,VIIRS,n,2.0NRT,295.8,7.2,D
21.74643,83.84301,341.48,0.44,0.46,2026-09-04,801,N21,VIIRS,n,2.0NRT,293.51,7.2,D
21.75491,83.84193,335.54,0.44,0.46,2026-09-04,801,N21,VIIRS,n,2.0NRT,294.33,6.72,D
21.75494,83.84254,343.12,0.44,0.46,2026-09-04,801,N21,VIIRS,n,2.0NRT,294.29,8.02,D
21.80368,83.89217,332.23,0.45,0.47,2026-09-04,801,N21,VIIRS,n,2.0NRT,294,4.49,D
23.67067,86.93721,328.62,0.37,0.58,2026-09-04,801,N21,VIIRS,n,2.0NRT,288.51,3.42,D
23.69087,87.12269,328.83,0.38,0.59,2026-09-04,803,N21,VIIRS,n,2.0NRT,289.42,5.68,D
23.69337,87.12283,328.2,0.38,0.59,2026-09-04,803,N21,VIIRS,n,2.0NRT,289.76,4.18,D
23.70967,86.44809,332.23,0.34,0.56,2026-09-04,803,N21,VIIRS,n,2.0NRT,290.08,5.2,D
27.68594,68.91248,336.17,0.48,0.48,2026-09-04,803,N21,VIIRS,n,2.0NRT,299.54,2.38,D
27.68697,68.91329,337.46,0.48,0.48,2026-09-04,803,N21,VIIRS,n,2.0NRT,298.9,4.96,D
28.45172,68.14643,339.79,0.51,0.5,2026-09-04,803,N21,VIIRS,n,2.0NRT,299.67,8.53,D
28.45281,68.15152,333.9,0.51,0.5,2026-09-04,803,N21,VIIRS,n,2.0NRT,300.96,8.53,D
29.33518,69.01418,341.68,0.44,0.46,2026-09-04,805,N21,VIIRS,n,2.0NRT,306.9,2.18,D
29.80614,68.75408,337.48,0.45,0.47,2026-09-04,805,N21,VIIRS,n,2.0NRT,305.53,3.02,D
31.5513,74.73685,337.88,0.38,0.36,2026-09-04,805,N21,VIIRS,n,2.0NRT,299.64,9.12,D
32.43423,71.36531,332.68,0.45,0.39,2026-09-04,805,N21,VIIRS,n,2.0NRT,298.09,4.53,D
32.43508,71.37002,332.32,0.45,0.39,2026-09-04,805,N21,VIIRS,n,2.0NRT,296.77,4.53,D
32.57359,72.56334,310.53,0.49,0.49,2026-09-04,2025,N21,VIIRS,n,2.0NRT,292.39,4.49,N
33.68977,72.71101,304.71,0.5,0.49,2026-09-04,2025,N21,VIIRS,n,2.0NRT,289.38,1.46,N
21.87757,83.55456,312.13,0.43,0.46,2026-09-04,2027,N21,VIIRS,n,2.0NRT,290.4,2.9,N
21.92094,83.35299,315.44,0.42,0.45,2026-09-04,2027,N21,VIIRS,n,2.0NRT,291.29,3.35,N
21.92171,83.349,322.13,0.42,0.45,2026-09-04,2027,N21,VIIRS,n,2.0NRT,291.46,3.42,N
21.92527,85.22544,309.87,0.55,0.51,2026-09-04,2027,N21,VIIRS,n,2.0NRT,289.84,3.27,N
21.92734,83.34194,303.6,0.42,0.45,2026-09-04,2027,N21,VIIRS,n,2.0NRT,290.16,2.46,N
21.93093,85.22124,303.45,0.55,0.51,2026-09-04,2027,N21,VIIRS,n,2.0NRT,289.3,1.05,N
21.98263,83.23072,306.36,0.41,0.45,2026-09-04,2027,N21,VIIRS,n,2.0NRT,290.26,1.56,N
22.01428,83.75243,298.04,0.44,0.46,2026-09-04,2027,N21,VIIRS,n,2.0NRT,286.23,2.24,N
22.0328,83.36366,305.03,0.42,0.45,2026-09-04,2027,N21,VIIRS,n,2.0NRT,290.02,1.01,N
22.03358,83.35964,304.65,0.42,0.45,2026-09-04,2027,N21,VIIRS,n,2.0NRT,290.11,1.01,N
22.03922,83.35251,315.74,0.42,0.45,2026-09-04,2027,N21,VIIRS,n,2.0NRT,290.65,2.58,N
22.05206,85.46372,302.45,0.56,0.52,2026-09-04,2027,N21,VIIRS,n,2.0NRT,288.64,1.51,N
22.13197,85.41842,301.85,0.56,0.51,2026-09-04,2027,N21,VIIRS,n,2.0NRT,288.79,1.28,N
22.20184,84.84525,302.87,0.51,0.5,2026-09-04,2027,N21,VIIRS,n,2.0NRT,289.34,0.7,N
22.20785,84.86195,304.89,0.51,0.5,2026-09-04,2027,N21,VIIRS,n,2.0NRT,289.96,1.54,N
22.31225,82.53288,305,0.56,0.43,2026-09-04,2027,N21,VIIRS,n,2.0NRT,289.74,2.46,N
22.31613,82.53371,305.5,0.56,0.43,2026-09-04,2027,N21,VIIRS,n,2.0NRT,290.1,1.92,N
22.31794,82.56736,304.53,0.56,0.43,2026-09-04,2027,N21,VIIRS,n,2.0NRT,290.54,1.84,N
22.31894,82.56203,312.8,0.56,0.43,2026-09-04,2027,N21,VIIRS,n,2.0NRT,290.8,1.84,N
22.32191,82.54604,304.5,0.56,0.43,2026-09-04,2027,N21,VIIRS,n,2.0NRT,290.31,1.97,N
22.3314,82.60392,309.28,0.56,0.43,2026-09-04,2027,N21,VIIRS,n,2.0NRT,289.68,2.16,N
22.35509,82.3024,316.81,0.54,0.42,2026-09-04,2027,N21,VIIRS,n,2.0NRT,290.45,2.63,N
22.35892,82.30322,331.58,0.54,0.42,2026-09-04,2027,N21,VIIRS,n,2.0NRT,290.81,6.61,N
22.57397,85.89982,308.57,0.59,0.53,2026-09-04,2027,N21,VIIRS,n,2.0NRT,287.86,2.35,N
22.57509,85.89431,304.68,0.59,0.53,2026-09-04,2027,N21,VIIRS,n,2.0NRT,288.37,2.35,N
22.57533,85.8947,305.86,0.59,0.53,2026-09-04,2027,N21,VIIRS,n,2.0NRT,288.27,4.22,N
23.64511,85.43939,307.89,0.52,0.5,2026-09-04,2027,N21,VIIRS,n,2.0NRT,288.51,2.4,N
23.649,85.43903,313.66,0.52,0.5,2026-09-04,2027,N21,VIIRS,n,2.0NRT,288.68,3.21,N
23.6655,86.09307,304.43,0.57,0.52,2026-09-04,2027,N21,VIIRS,n,2.0NRT,287.67,0.9,N
23.67495,86.39895,308.71,0.6,0.53,2026-09-04,2027,N21,VIIRS,n,2.0NRT,287.65,4.28,N
23.67599,86.39859,310.18,0.6,0.53,2026-09-04,2027,N21,VIIRS,n,2.0NRT,287.67,4.63,N
23.67618,86.39325,305.6,0.6,0.53,2026-09-04,2027,N21,VIIRS,n,2.0NRT,287.11,2.72,N
23.67716,86.08454,309.76,0.57,0.52,2026-09-04,2027,N21,VIIRS,n,2.0NRT,288.39,4.16,N
23.67951,86.09674,303.88,0.57,0.52,2026-09-04,2027,N21,VIIRS,n,2.0NRT,287.86,1.53,N
23.68097,86.39436,309.86,0.6,0.53,2026-09-04,2027,N21,VIIRS,n,2.0NRT,287.7,5.51,N
23.68196,86.394,312.96,0.6,0.53,2026-09-04,2027,N21,VIIRS,n,2.0NRT,287.64,4.13,N
23.69345,86.07731,303.77,0.57,0.52,2026-09-04,2027,N21,VIIRS,n,2.0NRT,287.8,1.82,N
23.69927,86.07301,309.74,0.57,0.52,2026-09-04,2027,N21,VIIRS,n,2.0NRT,287.87,1.64,N
23.73676,85.02216,304,0.49,0.49,2026-09-04,2027,N21,VIIRS,n,2.0NRT,287.98,1,N
23.75455,85.85443,306,0.55,0.51,2026-09-04,2027,N21,VIIRS,n,2.0NRT,288.28,3.7,N
23.77284,86.19751,309.02,0.58,0.52,2026-09-04,2027,N21,VIIRS,n,2.0NRT,288.02,4.45,N
23.77521,86.20977,308.47,0.58,0.52,2026-09-04,2027,N21,VIIRS,n,2.0NRT,288.27,2.95,N
23.77994,86.21085,325.09,0.58,0.52,2026-09-04,2027,N21,VIIRS,n,2.0NRT,288.53,5.37,N
23.78857,85.55117,312.54,0.53,0.5,2026-09-04,2027,N21,VIIRS,n,2.0NRT,288.26,3.06,N
23.80973,84.8444,303.08,0.48,0.48,2026-09-04,2027,N21,VIIRS,n,2.0NRT,288.45,1.53,N
24.16057,82.56489,323.92,0.52,0.42,2026-09-04,2027,N21,VIIRS,n,2.0NRT,283.64,3.75,N
25.38896,68.58175,319.29,0.36,0.57,2026-09-04,2027,N21,VIIRS,n,2.0NRT,293.33,2.37,N
25.38899,68.58163,320.01,0.36,0.57,2026-09-04,2027,N21,VIIRS,n,2.0NRT,293.08,2.02,N
27.93711,69.72305,310.42,0.32,0.55,2026-09-04,2027,N21,VIIRS,n,2.0NRT,294.87,0.62,N
27.93793,69.72253,305.93,0.32,0.55,2026-09-04,2027,N21,VIIRS,n,2.0NRT,294.9,0.53,N
28.42548,69.6997,313.97,0.33,0.55,2026-09-04,2027,N21,VIIRS,n,2.0NRT,294.98,1.16,N
16.69608,79.64787,307.53,0.47,0.4,2026-09-04,2029,N21,VIIRS,n,2.0NRT,294.49,2.3,N
16.87203,80.02309,307.03,0.49,0.4,2026-09-04,2029,N21,VIIRS,n,2.0NRT,294.41,1.33,N
17.13875,77.17729,310.4,0.39,0.36,2026-09-04,2029,N21,VIIRS,n,2.0NRT,292.66,0.79,N
17.1409,77.18513,310.67,0.39,0.36,2026-09-04,2029,N21,VIIRS,n,2.0NRT,292.26,0.92,N
17.95732,80.79652,318.65,0.52,0.42,2026-09-04,2029,N21,VIIRS,n,2.0NRT,288.83,2.33,N
17.95817,80.79167,306.13,0.52,0.42,2026-09-04,2029,N21,VIIRS,n,2.0NRT,288.86,2.33,N
18.67952,73.03425,319,0.48,0.4,2026-09-04,2029,N21,VIIRS,n,2.0NRT,292.93,2.49,N
18.68379,73.03027,312.5,0.48,0.4,2026-09-04,2029,N21,VIIRS,n,2.0NRT,292.99,2.49,N
18.71292,79.54187,303.78,0.44,0.39,2026-09-04,2029,N21,VIIRS,n,2.0NRT,289.94,1.23,N
18.71714,79.53836,307.76,0.44,0.39,2026-09-04,2029,N21,VIIRS,n,2.0NRT,290.53,1.06,N
18.72065,79.53902,303.84,0.44,0.39,2026-09-04,2029,N21,VIIRS,n,2.0NRT,289.14,1.06,N
19.01937,72.89208,330.53,0.49,0.4,2026-09-04,2029,N21,VIIRS,n,2.0NRT,293.33,5.81,N
19.08926,82.16974,302.41,0.4,0.44,2026-09-04,2029,N21,VIIRS,n,2.0NRT,290.76,1.06,N
19.09797,82.16772,314.56,0.4,0.44,2026-09-04,2029,N21,VIIRS,n,2.0NRT,290.6,2.11,N
19.10197,82.16858,309.55,0.4,0.44,2026-09-04,2029,N21,VIIRS,n,2.0NRT,292.06,0.94,N
19.10266,82.16485,304.91,0.4,0.44,2026-09-04,2029,N21,VIIRS,n,2.0NRT,290.69,0.94,N
19.37008,71.35457,320.14,0.4,0.44,2026-09-04,2029,N21,VIIRS,n,2.0NRT,293.08,1.56,N
20.75744,85.29634,305.19,0.58,0.52,2026-09-04,2029,N21,VIIRS,n,2.0NRT,289.33,2.46,N
20.7841,85.26288,305.23,0.58,0.52,2026-09-04,2029,N21,VIIRS,n,2.0NRT,289.57,2.22,N
20.78993,85.25848,306.07,0.58,0.52,2026-09-04,2029,N21,VIIRS,n,2.0NRT,289.63,3.93,N
20.79106,85.25298,309.51,0.58,0.52,2026-09-04,2029,N21,VIIRS,n,2.0NRT,289.59,3.93,N
20.79577,85.25407,330.6,0.58,0.52,2026-09-04,2029,N21,VIIRS,n,2.0NRT,289.28,3.93,N
20.80516,85.25643,312.49,0.58,0.52,2026-09-04,2029,N21,VIIRS,n,2.0NRT,289.8,3.49,N
20.86278,84.99536,311.65,0.56,0.51,2026-09-04,2029,N21,VIIRS,n,2.0NRT,289.97,4.5,N
20.86384,84.99004,330.69,0.55,0.51,2026-09-04,2029,N21,VIIRS,n,2.0NRT,290.64,4.5,N
20.88442,84.98401,312.42,0.55,0.51,2026-09-04,2029,N21,VIIRS,n,2.0NRT,290.17,2.55,N
20.88799,84.98059,309.58,0.55,0.51,2026-09-04,2029,N21,VIIRS,n,2.0NRT,289.88,3.23,N
20.89007,84.97992,305.71,0.55,0.51,2026-09-04,2029,N21,VIIRS,n,2.0NRT,289.61,1.65,N
20.91005,71.45995,311.01,0.42,0.45,2026-09-04,2029,N21,VIIRS,n,2.0NRT,293.42,1.59,N
20.94966,86.04922,320.98,0.32,0.55,2026-09-04,2029,N21,VIIRS,n,2.0NRT,289.44,2.95,N
20.95031,86.0461,324.25,0.32,0.55,2026-09-04,2029,N21,VIIRS,n,2.0NRT,289.36,2.95,N
20.95094,86.04309,315.02,0.32,0.55,2026-09-04,2029,N21,VIIRS,n,2.0NRT,289.18,2.49,N
20.95401,85.01299,305.31,0.55,0.51,2026-09-04,2029,N21,VIIRS,n,2.0NRT,289.97,2.11,N
20.95973,85.18695,306.14,0.57,0.52,2026-09-04,2029,N21,VIIRS,n,2.0NRT,289.44,1.64,N
20.96085,85.18159,306.72,0.57,0.52,2026-09-04,2029,N21,VIIRS,n,2.0NRT,289.53,1.64,N
20.96137,85.16988,313.46,0.57,0.52,2026-09-04,2029,N21,VIIRS,n,2.0NRT,289.65,2.34,N
20.9622,86.01398,305.74,0.32,0.55,2026-09-04,2029,N21,VIIRS,n,2.0NRT,288.95,2.3,N
20.96244,85.16457,311.63,0.57,0.52,2026-09-04,2029,N21,VIIRS,n,2.0NRT,289.83,2.34,N
20.96282,85.1871,326.7,0.57,0.52,2026-09-04,2029,N21,VIIRS,n,2.0NRT,289.69,7.21,N
20.96283,86.01097,320.67,0.32,0.55,2026-09-04,2029,N21,VIIRS,n,2.0NRT,289.55,2.3,N
20.96306,85.17092,313.02,0.57,0.52,2026-09-04,2029,N21,VIIRS,n,2.0NRT,289.75,4.84,N
20.96346,86.00796,327.6,0.32,0.55,2026-09-04,2029,N21,VIIRS,n,2.0NRT,289.61,2.99,N
20.9639,85.18172,310.79,0.57,0.52,2026-09-04,2029,N21,VIIRS,n,2.0NRT,289.41,2.58,N
20.96416,85.16563,316.66,0.57,0.52,2026-09-04,2029,N21,VIIRS,n,2.0NRT,290.01,4.38,N
20.9644,85.1881,323.33,0.57,0.52,2026-09-04,2029,N21,VIIRS,n,2.0NRT,289.61,3.3,N
20.96473,86.00188,308.9,0.32,0.55,2026-09-04,2029,N21,VIIRS,n,2.0NRT,289.39,1.1,N
20.96497,85.17637,304.65,0.57,0.52,2026-09-04,2029,N21,VIIRS,n,2.0NRT,289.37,2.58,N
20.9651,86.04973,307.44,0.32,0.55,2026-09-04,2029,N21,VIIRS,n,2.0NRT,289.03,0.81,N
20.96552,85.1827,306.53,0.57,0.52,2026-09-04,2029,N21,VIIRS,n,2.0NRT,289.2,3.3,N
20.96603,85.17105,304.31,0.57,0.52,2026-09-04,2029,N21,VIIRS,n,2.0NRT,289.46,3.09,N
20.96636,85.15505,307.32,0.57,0.52,2026-09-04,2029,N21,VIIRS,n,2.0NRT,289.58,2.82,N
20.96663,85.17735,310.74,0.57,0.52,2026-09-04,2029,N21,VIIRS,n,2.0NRT,289.47,4.25,N
20.96709,85.16577,307.01,0.57,0.52,2026-09-04,2029,N21,VIIRS,n,2.0NRT,289.6,3.09,N
20.9671,86.01527,307.59,0.32,0.55,2026-09-04,2029,N21,VIIRS,n,2.0NRT,289.68,2.3,N
20.96747,85.14973,315.34,0.57,0.52,2026-09-04,2029,N21,VIIRS,n,2.0NRT,289.71,2.82,N
20.96772,85.17207,333.32,0.57,0.52,2026-09-04,2029,N21,VIIRS,n,2.0NRT,290.06,4.25,N
20.96774,86.01222,338.76,0.32,0.55,2026-09-04,2029,N21,VIIRS,n,2.0NRT,290,2.3,N
20.96836,86.00922,306.03,0.32,0.55,2026-09-04,2029,N21,VIIRS,n,2.0NRT,289.77,2.99,N
20.96922,85.15513,319.73,0.57,0.52,2026-09-04,2029,N21,VIIRS,n,2.0NRT,289.64,3.89,N
20.96962,86.00316,310.51,0.32,0.55,2026-09-04,2029,N21,VIIRS,n,2.0NRT,290.04,1.1,N
20.96963,85.17749,311.51,0.57,0.52,2026-09-04,2029,N21,VIIRS,n,2.0NRT,289.05,2.58,N
20.97029,85.14977,307.59,0.57,0.52,2026-09-04,2029,N21,VIIRS,n,2.0NRT,289.64,3.65,N
20.97069,85.1722,333.21,0.57,0.52,2026-09-04,2029,N21,VIIRS,n,2.0NRT,289.91,3.09,N
20.97238,85.17323,314.51,0.57,0.52,2026-09-04,2029,N21,VIIRS,n,2.0NRT,289.58,4.25,N
20.97535,85.17338,310.2,0.57,0.52,2026-09-04,2029,N21,VIIRS,n,2.0NRT,289.27,2.12,N
20.97641,85.16805,308.18,0.57,0.52,2026-09-04,2029,N21,VIIRS,n,2.0NRT,289.4,2.12,N
20.97812,85.13499,313.58,0.56,0.52,2026-09-04,2029,N21,VIIRS,n,2.0NRT,290.18,3.61,N
20.97813,85.16908,310.85,0.57,0.52,2026-09-04,2029,N21,VIIRS,n,2.0NRT,289.37,2.28,N
20.98007,85.13609,307.52,0.56,0.52,2026-09-04,2029,N21,VIIRS,n,2.0NRT,289.85,4.86,N
21.00091,86.02672,308.82,0.32,0.55,2026-09-04,2029,N21,VIIRS,n,2.0NRT,289.19,0.6,N
21.10421,72.64756,332.4,0.53,0.42,2026-09-04,2029,N21,VIIRS,n,2.0NRT,293.92,8.22,N
21.10486,72.64244,309.95,0.53,0.42,2026-09-04,2029,N21,VIIRS,n,2.0NRT,291.22,5.9,N
21.10807,72.64812,317.42,0.53,0.42,2026-09-04,2029,N21,VIIRS,n,2.0NRT,292.51,3.67,N
21.18247,81.38527,312.06,0.5,0.41,2026-09-04,2029,N21,VIIRS,n,2.0NRT,283.93,3.59,N
21.33749,78.96925,311,0.4,0.37,2026-09-04,2029,N21,VIIRS,n,2.0NRT,283.93,2.07,N
21.43282,72.97475,306.16,0.52,0.41,2026-09-04,2029,N21,VIIRS,n,2.0NRT,291.24,2.19,N
21.73868,83.84087,309.6,0.45,0.47,2026-09-04,2029,N21,VIIRS,n,2.0NRT,290.71,3.9,N
21.7429,83.84189,330.29,0.45,0.47,2026-09-04,2029,N21,VIIRS,n,2.0NRT,291.46,3.9,N
21.74713,83.84291,342.75,0.45,0.47,2026-09-04,2029,N21,VIIRS,n,2.0NRT,292.71,9.07,N
21.75135,83.84393,314.33,0.45,0.47,2026-09-04,2029,N21,VIIRS,n,2.0NRT,290.11,9.07,N
21.75558,83.84492,333.98,0.45,0.47,2026-09-04,2029,N21,VIIRS,n,2.0NRT,291.52,7.95,N
21.75642,83.84061,305.63,0.45,0.47,2026-09-04,2029,N21,VIIRS,n,2.0NRT,290.07,4.64,N
21.76321,83.85123,312.58,0.45,0.47,2026-09-04,2029,N21,VIIRS,n,2.0NRT,290.52,3.72,N
21.76404,83.84689,318.39,0.45,0.47,2026-09-04,2029,N21,VIIRS,n,2.0NRT,290.3,3.72,N
21.77244,83.82623,303.05,0.45,0.47,2026-09-04,2029,N21,VIIRS,n,2.0NRT,289.73,1.97,N
21.87629,83.49454,311.43,0.43,0.46,2026-09-04,2029,N21,VIIRS,n,2.0NRT,290.43,2.1,N
21.98617,82.01387,303.96,0.53,0.42,2026-09-04,2029,N21,VIIRS,n,2.0NRT,290.08,0.73,N
22.00226,82.66946,307.87,0.57,0.43,2026-09-04,2029,N21,VIIRS,n,2.0NRT,290.92,1.59,N
22.00347,82.66862,313.1,0.57,0.43,2026-09-04,2029,N21,VIIRS,n,2.0NRT,290.67,2.46,N
22.0062,82.6703,306.37,0.57,0.43,2026-09-04,2029,N21,VIIRS,n,2.0NRT,290.25,1.43,N
22.26482,75.1333,300.77,0.42,0.38,2026-09-04,2029,N21,VIIRS,n,2.0NRT,281.44,0.87,N
22.41646,69.03892,304.38,0.62,0.54,2026-09-04,2029,N21,VIIRS,n,2.0NRT,291.66,2.29,N
22.93105,69.69788,309.78,0.57,0.52,2026-09-04,2029,N21,VIIRS,n,2.0NRT,292.98,4.33,N
22.93502,69.69705,306.21,0.57,0.52,2026-09-04,2029,N21,VIIRS,n,2.0NRT,292.3,4.7,N
9.71209,80.08627,306.74,0.42,0.45,2026-09-04,2032,N21,VIIRS,n,2.0NRT,291.97,2.35,N
9.80522,77.56261,315.54,0.45,0.39,2026-09-04,2032,N21,VIIRS,n,2.0NRT,292.58,2.07,N
9.97884,76.37681,302.32,0.41,0.37,2026-09-04,2032,N21,VIIRS,n,2.0NRT,286.96,1.63,N
10.61504,77.50061,309.05,0.44,0.39,2026-09-04,2032,N21,VIIRS,n,2.0NRT,292.05,1.42,N
10.92628,78.4984,314.41,0.49,0.4,2026-09-04,2032,N21,VIIRS,n,2.0NRT,291.57,4.48,N
11.2685,80.00368,331.73,0.39,0.44,2026-09-04,2032,N21,VIIRS,n,2.0NRT,291.25,4.56,N
11.51788,77.70787,308.15,0.44,0.39,2026-09-04,2032,N21,VIIRS,n,2.0NRT,283.35,1.62,N
11.5186,77.70729,303.15,0.44,0.38,2026-09-04,2032,N21,VIIRS,n,2.0NRT,284.04,1.48,N
11.80936,77.92444,308.01,0.45,0.39,2026-09-04,2032,N21,VIIRS,n,2.0NRT,293.29,3.41,N
11.80959,77.92345,311.3,0.45,0.39,2026-09-04,2032,N21,VIIRS,n,2.0NRT,293.37,3.31,N
11.81003,77.92034,318.11,0.45,0.39,2026-09-04,2032,N21,VIIRS,n,2.0NRT,292.86,3.41,N
11.81028,77.91938,314.3,0.45,0.39,2026-09-04,2032,N21,VIIRS,n,2.0NRT,292.58,3.31,N
12.01868,76.65131,303.06,0.4,0.37,2026-09-04,2032,N21,VIIRS,n,2.0NRT,288.79,0.73,N
12.02063,76.65154,304.14,0.4,0.37,2026-09-04,2032,N21,VIIRS,n,2.0NRT,288.89,0.8,N
12.71426,76.89852,307.39,0.4,0.37,2026-09-04,2032,N21,VIIRS,n,2.0NRT,290.9,0.68,N
13.71096,79.62003,306.03,0.52,0.41,2026-09-04,2032,N21,VIIRS,n,2.0NRT,292.14,3.33,N
13.8985,76.56481,311.93,0.39,0.36,2026-09-04,2032,N21,VIIRS,n,2.0NRT,292.49,1.16,N
15.02215,78.01551,316.91,0.42,0.38,2026-09-04,2032,N21,VIIRS,n,2.0NRT,295.53,5.41,N
15.13563,76.71016,307.55,0.39,0.36,2026-09-04,2032,N21,VIIRS,n,2.0NRT,293.71,0.75,N
15.16758,76.38126,311.8,0.39,0.36,2026-09-04,2032,N21,VIIRS,n,2.0NRT,292.91,1.68,N
15.169,76.67155,316.31,0.39,0.36,2026-09-04,2032,N21,VIIRS,n,2.0NRT,294.31,2.09,N
15.16934,76.71221,305.43,0.39,0.36,2026-09-04,2032,N21,VIIRS,n,2.0NRT,293.92,0.72,N
15.16957,76.66797,307.85,0.39,0.36,2026-09-04,2032,N21,VIIRS,n,2.0NRT,294.26,1.3,N
15.1706,76.68289,314.21,0.39,0.36,2026-09-04,2032,N21,VIIRS,n,2.0NRT,293.82,1.6,N
15.17088,76.38181,306.5,0.39,0.36,2026-09-04,2032,N21,VIIRS,n,2.0NRT,292.88,1.14,N
15.17277,76.69064,311.73,0.39,0.36,2026-09-04,2032,N21,VIIRS,n,2.0NRT,293.65,1.65,N
15.17439,76.78685,306.9,0.39,0.36,2026-09-04,2032,N21,VIIRS,n,2.0NRT,293.39,1.34,N
15.17443,76.70186,308.74,0.39,0.36,2026-09-04,2032,N21,VIIRS,n,2.0NRT,293.76,1.07,N
15.1746,76.65777,340.33,0.39,0.36,2026-09-04,2032,N21,VIIRS,n,2.0NRT,295.67,4.05,N
15.17505,76.67628,312.61,0.39,0.36,2026-09-04,2032,N21,VIIRS,n,2.0NRT,294.55,1.42,N
15.17516,77.10014,308.97,0.4,0.37,2026-09-04,2032,N21,VIIRS,n,2.0NRT,293.79,1.19,N
15.17517,76.65417,324.8,0.39,0.36,2026-09-04,2032,N21,VIIRS,n,2.0NRT,295.4,2.87,N
15.17791,76.65833,313.8,0.39,0.36,2026-09-04,2032,N21,VIIRS,n,2.0NRT,294.63,4.05,N
15.17791,77.10437,309.33,0.4,0.37,2026-09-04,2032,N21,VIIRS,n,2.0NRT,293.66,1.18,N
15.17847,76.67673,308.26,0.39,0.36,2026-09-04,2032,N21,VIIRS,n,2.0NRT,294.39,1.38,N
15.17848,76.65473,333.16,0.39,0.36,2026-09-04,2032,N21,VIIRS,n,2.0NRT,295.13,2.87,N
15.18178,76.67729,306.3,0.39,0.36,2026-09-04,2032,N21,VIIRS,n,2.0NRT,294.38,1.38,N
15.18351,76.66653,341.14,0.39,0.36,2026-09-04,2032,N21,VIIRS,n,2.0NRT,294.26,7.62,N
15.18366,76.64443,305.75,0.39,0.36,2026-09-04,2032,N21,VIIRS,n,2.0NRT,293.98,1.25,N
15.18489,76.31473,308.09,0.39,0.36,2026-09-04,2032,N21,VIIRS,n,2.0NRT,292.65,0.86,N
15.19841,76.37912,301.76,0.39,0.36,2026-09-04,2032,N21,VIIRS,n,2.0NRT,291.46,1.3,N
15.30179,76.22112,304.47,0.39,0.36,2026-09-04,2032,N21,VIIRS,n,2.0NRT,291.62,0.83,N
15.33238,76.28462,309.57,0.39,0.36,2026-09-04,2032,N21,VIIRS,n,2.0NRT,291.48,0.7,N
15.3368,76.27806,306,0.39,0.36,2026-09-04,2032,N21,VIIRS,n,2.0NRT,292.57,1.04,N
15.54826,79.64835,317.21,0.49,0.4,2026-09-04,2032,N21,VIIRS,n,2.0NRT,292.93,4.3,N
15.55151,79.64663,330.27,0.49,0.4,2026-09-04,2032,N21,VIIRS,n,2.0NRT,292.94,5.92,N
15.55193,79.64904,329.25,0.49,0.4,2026-09-04,2032,N21,VIIRS,n,2.0NRT,293.18,4.3,N
15.55518,79.64732,324,0.49,0.4,2026-09-04,2032,N21,VIIRS,n,2.0NRT,292.99,5.92,N
15.55637,79.6452,308.28,0.49,0.4,2026-09-04,2032,N21,VIIRS,n,2.0NRT,292.8,4.46,N
15.65936,73.9884,303.32,0.41,0.37,2026-09-04,2032,N21,VIIRS,n,2.0NRT,287.15,0.83,N
15.68357,78.45914,308.44,0.43,0.38,2026-09-04,2032,N21,VIIRS,n,2.0NRT,293.71,1.57,N
16.20395,75.20745,303.66,0.39,0.36,2026-09-04,2032,N21,VIIRS,n,2.0NRT,291.49,0.53,N
6.55232,80.76828,316.15,0.52,0.5,2026-09-04,2034,N21,VIIRS,n,2.0NRT,290.03,1.97,N
6.5537,80.76502,311.97,0.52,0.5,2026-09-04,2034,N21,VIIRS,n,2.0NRT,289.75,2.49,N
6.74468,81.16464,307.26,0.55,0.51,2026-09-04,2034,N21,VIIRS,n,2.0NRT,290.04,2.57,N
6.83037,81.32511,306.21,0.57,0.52,2026-09-04,2034,N21,VIIRS,n,2.0NRT,289.64,2.26,N