latitude,longitude,bright_ti4,scan,track,acq_date,acq_time,satellite,instrument,confidence,version,bright_ti5,frp,daynight
29.24173,91.86179,330.56,0.43,0.38,2026-08-31,652,N20,VIIRS,n,2.0NRT,297.19,3.12,D
29.61658,91.05703,338.16,0.46,0.39,2026-08-31,652,N20,VIIRS,n,2.0NRT,299.37,6.07,D
6.99862,81.59916,367,0.52,0.5,2026-08-31,826,N20,VIIRS,h,2.0NRT,296.13,7.7,D
7.43756,81.69706,342.36,0.54,0.5,2026-08-31,826,N20,VIIRS,n,2.0NRT,296.76,14.11,D
7.4991,81.03271,338.08,0.48,0.48,2026-08-31,828,N20,VIIRS,n,2.0NRT,300.78,5.5,D
7.52465,80.89653,335.78,0.47,0.48,2026-08-31,828,N20,VIIRS,n,2.0NRT,302.09,5.76,D
7.52504,80.89655,334.12,0.47,0.48,2026-08-31,828,N20,VIIRS,n,2.0NRT,302.17,5.21,D
7.57079,80.9034,335.4,0.48,0.48,2026-08-31,828,N20,VIIRS,n,2.0NRT,303.23,3.04,D
7.6052,80.95647,335.52,0.48,0.48,2026-08-31,828,N20,VIIRS,n,2.0NRT,304.23,3.1,D
7.71942,80.84451,336.88,0.47,0.48,2026-08-31,828,N20,VIIRS,n,2.0NRT,303.13,3.48,D
7.72003,80.84563,347.33,0.47,0.48,2026-08-31,828,N20,VIIRS,n,2.0NRT,303.24,6.05,D
7.72003,80.84877,331.34,0.47,0.48,2026-08-31,828,N20,VIIRS,n,2.0NRT,300.43,3.48,D
7.73907,80.14016,333.41,0.43,0.46,2026-08-31,828,N20,VIIRS,n,2.0NRT,297.08,3.33,D
7.74014,80.1397,332.59,0.43,0.46,2026-08-31,828,N20,VIIRS,n,2.0NRT,296.6,2.97,D
7.74957,81.51717,346.03,0.53,0.5,2026-08-31,828,N20,VIIRS,n,2.0NRT,302.95,19.14,D
7.85634,80.04549,331.45,0.42,0.45,2026-08-31,828,N20,VIIRS,n,2.0NRT,298.8,3.24,D
7.85687,80.04932,340.53,0.42,0.45,2026-08-31,828,N20,VIIRS,n,2.0NRT,297.19,3.24,D
7.85724,81.08614,333.75,0.49,0.49,2026-08-31,828,N20,VIIRS,n,2.0NRT,302.89,1.9,D
7.88049,80.61715,343.42,0.46,0.47,2026-08-31,828,N20,VIIRS,n,2.0NRT,300.13,19.85,D
7.92868,81.39046,346.49,0.52,0.5,2026-08-31,828,N20,VIIRS,n,2.0NRT,303.2,8.32,D
7.93936,81.2986,345.25,0.51,0.49,2026-08-31,828,N20,VIIRS,n,2.0NRT,305.79,19.41,D
7.94,81.30324,348.48,0.51,0.49,2026-08-31,828,N20,VIIRS,n,2.0NRT,306.21,19.41,D
7.94064,81.30788,356.05,0.51,0.49,2026-08-31,828,N20,VIIRS,n,2.0NRT,305.12,23.69,D
7.96193,80.58586,350.46,0.46,0.47,2026-08-31,828,N20,VIIRS,n,2.0NRT,300.88,12.47,D
7.97739,80.14129,351.59,0.43,0.46,2026-08-31,828,N20,VIIRS,n,2.0NRT,301.27,13.74,D
7.9777,80.23698,333.13,0.44,0.46,2026-08-31,828,N20,VIIRS,n,2.0NRT,301.56,3.64,D
7.99625,80.37224,336.79,0.44,0.46,2026-08-31,828,N20,VIIRS,n,2.0NRT,300.03,4.87,D
8.00052,80.37166,346.44,0.44,0.46,2026-08-31,828,N20,VIIRS,n,2.0NRT,301.25,4.87,D
8.00086,80.2176,350.56,0.43,0.46,2026-08-31,828,N20,VIIRS,n,2.0NRT,303.05,18.92,D
8.00447,80.52874,339.29,0.46,0.47,2026-08-31,828,N20,VIIRS,n,2.0NRT,299.19,6.31,D
8.00677,80.52929,339.52,0.45,0.47,2026-08-31,828,N20,VIIRS,n,2.0NRT,297.5,3.71,D
8.00891,79.94204,331.5,0.42,0.45,2026-08-31,828,N20,VIIRS,n,2.0NRT,300.57,3.64,D
8.00937,80.60907,350.18,0.46,0.47,2026-08-31,828,N20,VIIRS,n,2.0NRT,302.56,9.07,D
8.00996,80.61324,342.03,0.46,0.47,2026-08-31,828,N20,VIIRS,n,2.0NRT,299.58,9.07,D
8.0108,80.6081,349.17,0.46,0.47,2026-08-31,828,N20,VIIRS,n,2.0NRT,300.99,9.51,D
8.01137,80.61227,342.11,0.46,0.47,2026-08-31,828,N20,VIIRS,n,2.0NRT,299.56,9.51,D
8.01371,80.60847,334.84,0.46,0.47,2026-08-31,828,N20,VIIRS,n,2.0NRT,298.38,9.07,D
8.02744,80.40894,341.49,0.45,0.47,2026-08-31,828,N20,VIIRS,n,2.0NRT,299.2,7.85,D
8.0432,80.3658,332.85,0.44,0.46,2026-08-31,828,N20,VIIRS,n,2.0NRT,301.34,3.31,D
8.04964,80.00629,349.23,0.42,0.45,2026-08-31,828,N20,VIIRS,n,2.0NRT,300.61,6.46,D
8.05381,80.00571,334.41,0.42,0.45,2026-08-31,828,N20,VIIRS,n,2.0NRT,299.61,4.26,D
8.0623,80.6608,333.65,0.47,0.47,2026-08-31,828,N20,VIIRS,n,2.0NRT,303.31,3.46,D
8.07497,80.56109,344.08,0.46,0.47,2026-08-31,828,N20,VIIRS,n,2.0NRT,299.79,6.7,D
8.11853,80.619,336.09,0.46,0.47,2026-08-31,828,N20,VIIRS,n,2.0NRT,302.05,4.81,D
8.14395,80.59945,336.44,0.46,0.47,2026-08-31,828,N20,VIIRS,n,2.0NRT,302.46,3.06,D
8.16395,80.584,335.73,0.46,0.47,2026-08-31,828,N20,VIIRS,n,2.0NRT,299.59,2.2,D
8.16829,80.5834,335.75,0.46,0.47,2026-08-31,828,N20,VIIRS,n,2.0NRT,300.42,3.59,D
8.19681,80.07571,331.78,0.43,0.46,2026-08-31,828,N20,VIIRS,l,2.0NRT,302.78,2.98,D
8.24863,80.5135,334.47,0.46,0.47,2026-08-31,828,N20,VIIRS,n,2.0NRT,302.25,3.91,D
8.25295,80.51289,335.61,0.46,0.47,2026-08-31,828,N20,VIIRS,n,2.0NRT,300.72,3.91,D
8.27287,80.18867,336.16,0.44,0.46,2026-08-31,828,N20,VIIRS,n,2.0NRT,303.69,3.83,D
8.2757,80.33056,332.23,0.45,0.47,2026-08-31,828,N20,VIIRS,n,2.0NRT,302.15,3.22,D
8.28996,80.58859,333.05,0.46,0.47,2026-08-31,828,N20,VIIRS,n,2.0NRT,302.72,7.2,D
8.29123,80.22637,338.13,0.44,0.46,2026-08-31,828,N20,VIIRS,n,2.0NRT,303.32,4.07,D
8.29536,80.22634,346.13,0.44,0.46,2026-08-31,828,N20,VIIRS,n,2.0NRT,304.54,8.41,D
8.33133,80.39417,332.61,0.45,0.47,2026-08-31,828,N20,VIIRS,n,2.0NRT,302.07,2.1,D
8.33387,81.00347,346.86,0.49,0.49,2026-08-31,828,N20,VIIRS,n,2.0NRT,303.47,11.23,D
8.34184,77.54288,343.41,0.46,0.39,2026-08-31,828,N20,VIIRS,n,2.0NRT,302.56,8.3,D
8.34222,80.15943,332.6,0.44,0.46,2026-08-31,828,N20,VIIRS,l,2.0NRT,304.18,5.79,D
8.34278,80.16339,341.1,0.44,0.46,2026-08-31,828,N20,VIIRS,n,2.0NRT,303.38,5.79,D
8.34466,80.20757,340.2,0.44,0.46,2026-08-31,828,N20,VIIRS,n,2.0NRT,305.84,6.19,D
8.34645,80.15887,337.48,0.44,0.46,2026-08-31,828,N20,VIIRS,n,2.0NRT,303.68,5.79,D
8.34701,80.16283,343.23,0.44,0.46,2026-08-31,828,N20,VIIRS,n,2.0NRT,303.68,5.79,D
8.34843,80.29674,343.2,0.44,0.46,2026-08-31,828,N20,VIIRS,n,2.0NRT,303.86,9.99,D
8.34946,80.21097,334.65,0.44,0.46,2026-08-31,828,N20,VIIRS,n,2.0NRT,302.27,4.4,D
8.35112,80.22285,333.21,0.44,0.46,2026-08-31,828,N20,VIIRS,n,2.0NRT,302.22,2.05,D
8.3625,80.18092,342.32,0.44,0.46,2026-08-31,828,N20,VIIRS,n,2.0NRT,304.29,3.56,D
8.36317,81.05014,337.35,0.5,0.49,2026-08-31,828,N20,VIIRS,n,2.0NRT,303.77,3.85,D
8.3638,81.05466,332.73,0.5,0.49,2026-08-31,828,N20,VIIRS,n,2.0NRT,301.97,3.85,D
8.36833,80.31458,330.13,0.45,0.47,2026-08-31,828,N20,VIIRS,l,2.0NRT,302.74,2.92,D
8.3689,80.3186,333.67,0.45,0.47,2026-08-31,828,N20,VIIRS,n,2.0NRT,302.3,3.76,D
8.3692,80.2898,336.36,0.44,0.46,2026-08-31,828,N20,VIIRS,n,2.0NRT,302.59,2.11,D
8.37198,80.43458,333.34,0.45,0.47,2026-08-31,828,N20,VIIRS,n,2.0NRT,301.4,3.91,D
8.37719,80.16282,332.03,0.44,0.46,2026-08-31,828,N20,VIIRS,l,2.0NRT,304.92,2.67,D
8.38136,80.16219,331.12,0.44,0.46,2026-08-31,828,N20,VIIRS,l,2.0NRT,305.1,7.23,D
8.38143,80.16226,331.65,0.44,0.46,2026-08-31,828,N20,VIIRS,l,2.0NRT,305.45,2.67,D
8.38452,80.15371,343.49,0.44,0.46,2026-08-31,828,N20,VIIRS,n,2.0NRT,305.46,4.95,D
8.38453,80.15381,336.04,0.44,0.46,2026-08-31,828,N20,VIIRS,n,2.0NRT,304.79,3.7,D
8.38506,80.15767,331.51,0.44,0.46,2026-08-31,828,N20,VIIRS,l,2.0NRT,303.82,4.95,D
8.38509,80.15776,331.14,0.44,0.46,2026-08-31,828,N20,VIIRS,l,2.0NRT,304.11,3.7,D
8.38613,80.16559,343.26,0.44,0.46,2026-08-31,828,N20,VIIRS,n,2.0NRT,304.58,7.23,D
8.38623,80.16566,345.13,0.44,0.46,2026-08-31,828,N20,VIIRS,n,2.0NRT,304.71,12.55,D
8.38875,80.15311,332.2,0.44,0.46,2026-08-31,828,N20,VIIRS,n,2.0NRT,301.95,4.51,D
8.38876,80.15323,340.33,0.44,0.46,2026-08-31,828,N20,VIIRS,n,2.0NRT,302.27,3.7,D
8.38929,80.15709,346.41,0.44,0.46,2026-08-31,828,N20,VIIRS,n,2.0NRT,304.08,4.51,D
8.38933,80.15719,345.67,0.44,0.46,2026-08-31,828,N20,VIIRS,n,2.0NRT,304.63,3.7,D
8.3909,80.38186,349.29,0.45,0.47,2026-08-31,828,N20,VIIRS,n,2.0NRT,300.79,40.32,D
8.39514,80.60126,331.06,0.47,0.47,2026-08-31,828,N20,VIIRS,n,2.0NRT,300.38,2.53,D
8.39604,80.63992,332.36,0.47,0.48,2026-08-31,828,N20,VIIRS,l,2.0NRT,302.99,3.64,D
8.40235,81.03561,331.3,0.5,0.49,2026-08-31,828,N20,VIIRS,l,2.0NRT,302.1,2.93,D
8.43194,80.80195,353.15,0.48,0.48,2026-08-31,828,N20,VIIRS,n,2.0NRT,301.78,7,D
8.43576,80.79701,336.48,0.48,0.48,2026-08-31,828,N20,VIIRS,n,2.0NRT,299.69,7,D
8.43796,80.62118,332.73,0.47,0.48,2026-08-31,828,N20,VIIRS,n,2.0NRT,300.05,2.75,D
8.44329,81.08285,344.6,0.5,0.49,2026-08-31,828,N20,VIIRS,n,2.0NRT,303.43,7.36,D
8.44717,77.58348,335.04,0.46,0.39,2026-08-31,828,N20,VIIRS,n,2.0NRT,302.12,2.18,D
8.45679,80.5248,340.68,0.46,0.47,2026-08-31,828,N20,VIIRS,n,2.0NRT,298.18,2.27,D
8.47278,80.77496,334.05,0.48,0.48,2026-08-31,828,N20,VIIRS,n,2.0NRT,301.25,5.96,D
8.4731,80.77429,340.33,0.48,0.48,2026-08-31,828,N20,VIIRS,n,2.0NRT,301.83,7.36,D
8.47689,80.80559,341.17,0.48,0.48,2026-08-31,828,N20,VIIRS,n,2.0NRT,298.99,5.55,D
8.47744,80.80485,341.04,0.48,0.48,2026-08-31,828,N20,VIIRS,n,2.0NRT,298.83,4.89,D
8.48752,80.81756,339.16,0.48,0.48,2026-08-31,828,N20,VIIRS,n,2.0NRT,300.56,5.26,D
8.48861,80.62767,338.9,0.47,0.48,2026-08-31,828,N20,VIIRS,n,2.0NRT,296.42,3.9,D
8.49255,80.82135,337.85,0.48,0.48,2026-08-31,828,N20,VIIRS,n,2.0NRT,300.6,5.26,D
8.50704,80.82832,348.79,0.48,0.48,2026-08-31,828,N20,VIIRS,n,2.0NRT,301.89,9.54,D
8.54867,80.86773,342.36,0.49,0.48,2026-08-31,828,N20,VIIRS,n,2.0NRT,301.5,3.74,D
8.55046,80.75088,343,0.48,0.48,2026-08-31,828,N20,VIIRS,n,2.0NRT,302.16,10.09,D
8.55486,80.62312,333.35,0.47,0.48,2026-08-31,828,N20,VIIRS,n,2.0NRT,301.02,3.18,D
8.55546,80.6274,337.14,0.47,0.48,2026-08-31,828,N20,VIIRS,n,2.0NRT,296.27,3.18,D
8.55563,80.62306,343.88,0.47,0.48,2026-08-31,828,N20,VIIRS,n,2.0NRT,302.43,5.58,D
8.55621,80.62737,334.33,0.47,0.48,2026-08-31,828,N20,VIIRS,n,2.0NRT,299.17,5.58,D
8.55923,80.6225,336.01,0.47,0.48,2026-08-31,828,N20,VIIRS,n,2.0NRT,303.06,8.58,D
8.58205,80.97684,336.89,0.5,0.49,2026-08-31,828,N20,VIIRS,n,2.0NRT,302.13,6.9,D
8.58503,80.74178,338.14,0.48,0.48,2026-08-31,828,N20,VIIRS,n,2.0NRT,306.07,54.47,D
8.59185,80.82607,355.1,0.49,0.48,2026-08-31,828,N20,VIIRS,n,2.0NRT,306.02,19.95,D
8.5926,80.82563,347.51,0.49,0.48,2026-08-31,828,N20,VIIRS,n,2.0NRT,306.04,18.26,D
8.59629,80.82545,336.88,0.49,0.48,2026-08-31,828,N20,VIIRS,n,2.0NRT,302.29,6.37,D
8.59689,80.82993,343.67,0.49,0.48,2026-08-31,828,N20,VIIRS,n,2.0NRT,302.84,8.4,D
8.61147,80.67232,335.18,0.47,0.48,2026-08-31,828,N20,VIIRS,n,2.0NRT,300.27,3.92,D
8.61864,81.13992,336.01,0.51,0.49,2026-08-31,828,N20,VIIRS,n,2.0NRT,304.3,9.72,D
8.6212,80.97694,330.05,0.5,0.49,2026-08-31,828,N20,VIIRS,l,2.0NRT,302.13,4.23,D
8.62364,80.99509,330.37,0.5,0.49,2026-08-31,828,N20,VIIRS,l,2.0NRT,300.69,3.42,D
8.62401,80.50606,331.19,0.46,0.47,2026-08-31,828,N20,VIIRS,l,2.0NRT,302.37,4.22,D
8.62569,80.97631,342.52,0.5,0.49,2026-08-31,828,N20,VIIRS,n,2.0NRT,303.06,9.27,D
8.63244,80.7268,333.84,0.48,0.48,2026-08-31,828,N20,VIIRS,n,2.0NRT,301.88,3.03,D
8.63687,80.72626,334.92,0.48,0.48,2026-08-31,828,N20,VIIRS,n,2.0NRT,301.75,8.18,D
8.64102,80.6594,343.21,0.47,0.48,2026-08-31,828,N20,VIIRS,n,2.0NRT,300.08,5.43,D
8.64128,80.72565,356.03,0.48,0.48,2026-08-31,828,N20,VIIRS,n,2.0NRT,303.5,8.18,D
8.64901,80.814,332.32,0.49,0.48,2026-08-31,828,N20,VIIRS,n,2.0NRT,301.8,1.84,D
8.64962,80.81837,332.66,0.49,0.48,2026-08-31,828,N20,VIIRS,l,2.0NRT,302.75,1.84,D
8.65062,80.9914,346.12,0.5,0.49,2026-08-31,828,N20,VIIRS,n,2.0NRT,303.27,8.52,D
8.65346,80.81342,331.31,0.49,0.48,2026-08-31,828,N20,VIIRS,n,2.0NRT,299.83,1.84,D
8.65821,80.88054,332.53,0.49,0.49,2026-08-31,828,N20,VIIRS,n,2.0NRT,299.8,4.07,D
8.67149,80.91069,330.54,0.49,0.49,2026-08-31,828,N20,VIIRS,l,2.0NRT,300.94,3.57,D
8.67484,80.74409,331.03,0.48,0.48,2026-08-31,828,N20,VIIRS,l,2.0NRT,302.7,1.87,D
8.67534,80.90561,346.08,0.49,0.49,2026-08-31,828,N20,VIIRS,n,2.0NRT,302.55,5.1,D
8.68043,80.75225,330.65,0.48,0.48,2026-08-31,828,N20,VIIRS,l,2.0NRT,303.01,9.53,D
8.68154,80.7559,334.19,0.48,0.48,2026-08-31,828,N20,VIIRS,n,2.0NRT,301.97,4.6,D
8.71115,80.42238,344.82,0.46,0.47,2026-08-31,828,N20,VIIRS,n,2.0NRT,302.92,11.1,D
8.71157,80.17744,337.48,0.44,0.46,2026-08-31,828,N20,VIIRS,n,2.0NRT,303,3.47,D
8.7154,80.17755,345.71,0.44,0.46,2026-08-31,828,N20,VIIRS,n,2.0NRT,302.75,5.83,D
8.71583,80.17689,339.95,0.44,0.46,2026-08-31,828,N20,VIIRS,n,2.0NRT,301.39,3.47,D
8.72286,77.91467,338.28,0.49,0.4,2026-08-31,828,N20,VIIRS,n,2.0NRT,306.32,6.73,D
8.74155,77.75618,337.88,0.48,0.4,2026-08-31,828,N20,VIIRS,n,2.0NRT,305.11,6.5,D
8.79099,80.99689,337.77,0.5,0.49,2026-08-31,828,N20,VIIRS,n,2.0NRT,303.73,6.61,D
8.80527,80.54754,341.81,0.47,0.48,2026-08-31,828,N20,VIIRS,n,2.0NRT,301.71,5.75,D
8.80585,80.97179,353.05,0.5,0.49,2026-08-31,828,N20,VIIRS,n,2.0NRT,306.76,24.52,D
8.80618,80.39346,330.66,0.46,0.47,2026-08-31,828,N20,VIIRS,l,2.0NRT,303.94,3.18,D
8.811,80.97575,342.4,0.5,0.49,2026-08-31,828,N20,VIIRS,n,2.0NRT,302.77,12.43,D
8.84779,80.6291,331.81,0.47,0.48,2026-08-31,828,N20,VIIRS,l,2.0NRT,305.61,3.09,D
8.86022,80.88332,338.12,0.49,0.49,2026-08-31,828,N20,VIIRS,n,2.0NRT,305.74,4.71,D
8.8647,80.88271,349.15,0.49,0.49,2026-08-31,828,N20,VIIRS,n,2.0NRT,305.26,9.01,D
8.87747,80.74528,334.47,0.48,0.48,2026-08-31,828,N20,VIIRS,l,2.0NRT,304.58,5.16,D
8.89342,80.21487,330.08,0.45,0.47,2026-08-31,828,N20,VIIRS,l,2.0NRT,304.16,4.02,D
8.90025,80.48766,349.11,0.47,0.47,2026-08-31,828,N20,VIIRS,n,2.0NRT,304.52,5.05,D
8.9064,80.43552,343.6,0.46,0.47,2026-08-31,828,N20,VIIRS,n,2.0NRT,305.69,7.62,D
8.91393,80.42594,347.9,0.46,0.47,2026-08-31,828,N20,VIIRS,n,2.0NRT,304.41,18.93,D
8.97572,80.38023,341.86,0.46,0.47,2026-08-31,828,N20,VIIRS,n,2.0NRT,305.11,6.5,D
8.97628,80.38439,341.82,0.46,0.47,2026-08-31,828,N20,VIIRS,n,2.0NRT,303,6.5,D
8.99764,80.77033,332.49,0.49,0.48,2026-08-31,828,N20,VIIRS,l,2.0NRT,304.31,4.46,D
9.00123,80.77132,336.29,0.49,0.48,2026-08-31,828,N20,VIIRS,n,2.0NRT,303.31,2.96,D
9.01742,80.11259,332.54,0.44,0.46,2026-08-31,828,N20,VIIRS,l,2.0NRT,306.74,4.92,D
9.02701,77.86887,341.66,0.49,0.4,2026-08-31,828,N20,VIIRS,n,2.0NRT,311.06,10.62,D
9.0382,80.44867,333.31,0.46,0.47,2026-08-31,828,N20,VIIRS,l,2.0NRT,305.99,5.85,D
9.03879,80.4529,349.93,0.47,0.47,2026-08-31,828,N20,VIIRS,n,2.0NRT,306.54,5.85,D
9.09946,77.59773,340.97,0.47,0.4,2026-08-31,828,N20,VIIRS,n,2.0NRT,309.36,6.5,D
9.09992,77.59845,340.12,0.47,0.4,2026-08-31,828,N20,VIIRS,n,2.0NRT,309.29,5.89,D
9.10032,78.18219,340.05,0.51,0.41,2026-08-31,828,N20,VIIRS,n,2.0NRT,305.68,12.25,D
9.13589,80.28188,336.74,0.45,0.47,2026-08-31,828,N20,VIIRS,l,2.0NRT,307.55,2.63,D
9.14675,80.68382,341.12,0.48,0.48,2026-08-31,828,N20,VIIRS,n,2.0NRT,305.98,7.74,D
9.17064,80.13245,337.12,0.45,0.47,2026-08-31,828,N20,VIIRS,n,2.0NRT,301.83,7.29,D
9.1854,80.30553,333.61,0.46,0.47,2026-08-31,828,N20,VIIRS,l,2.0NRT,304,5.33,D
9.30984,80.43034,335.04,0.47,0.48,2026-08-31,828,N20,VIIRS,n,2.0NRT,299.73,3.09,D
9.33502,77.6755,340.82,0.48,0.4,2026-08-31,828,N20,VIIRS,n,2.0NRT,297.84,8.25,D
9.33629,76.59998,331.62,0.43,0.38,2026-08-31,828,N20,VIIRS,n,2.0NRT,297.35,2.3,D
9.33842,77.67591,348.33,0.48,0.4,2026-08-31,828,N20,VIIRS,n,2.0NRT,302.43,15.33,D
9.36466,80.44054,343.81,0.47,0.48,2026-08-31,828,N20,VIIRS,n,2.0NRT,305.66,5.75,D
9.38395,80.45099,341.9,0.47,0.48,2026-08-31,828,N20,VIIRS,n,2.0NRT,303.09,6.92,D
9.41356,80.40045,333.64,0.47,0.48,2026-08-31,828,N20,VIIRS,n,2.0NRT,301,3.01,D
9.41398,80.47003,331.51,0.47,0.48,2026-08-31,828,N20,VIIRS,n,2.0NRT,300.22,2.38,D
9.41413,80.4047,331.58,0.47,0.48,2026-08-31,828,N20,VIIRS,n,2.0NRT,300.2,3.01,D
9.43492,77.46063,336.91,0.47,0.4,2026-08-31,828,N20,VIIRS,n,2.0NRT,306.59,2.32,D
9.65592,77.65157,340.63,0.48,0.4,2026-08-31,828,N20,VIIRS,n,2.0NRT,304.25,4.59,D
9.65621,77.65012,339,0.48,0.4,2026-08-31,828,N20,VIIRS,n,2.0NRT,303.15,4.92,D
9.7255,77.27241,331.44,0.46,0.39,2026-08-31,828,N20,VIIRS,l,2.0NRT,304.45,1.76,D
9.77065,78.36562,338.51,0.53,0.42,2026-08-31,828,N20,VIIRS,n,2.0NRT,307.27,5.6,D
9.78937,78.38755,333.79,0.53,0.42,2026-08-31,828,N20,VIIRS,n,2.0NRT,303.62,3.64,D
9.94658,77.72368,338.91,0.49,0.4,2026-08-31,828,N20,VIIRS,n,2.0NRT,304.69,6.94,D
10.03775,78.14595,334.77,0.52,0.41,2026-08-31,828,N20,VIIRS,l,2.0NRT,305.02,4.01,D
10.04175,77.58042,339.12,0.48,0.4,2026-08-31,828,N20,VIIRS,n,2.0NRT,304.56,29.4,D
10.27317,78.84991,337.68,0.38,0.43,2026-08-31,828,N20,VIIRS,n,2.0NRT,288.04,3.9,D
10.28726,77.86376,336.28,0.5,0.41,2026-08-31,828,N20,VIIRS,n,2.0NRT,282.82,4.79,D
10.66276,78.48209,335.26,0.55,0.43,2026-08-31,828,N20,VIIRS,n,2.0NRT,299.46,2.22,D
10.73763,78.73309,335.81,0.57,0.43,2026-08-31,828,N20,VIIRS,n,2.0NRT,298.79,3.35,D
10.76245,78.65031,334.91,0.57,0.43,2026-08-31,828,N20,VIIRS,n,2.0NRT,299.28,3.55,D
10.76564,78.65233,338.36,0.57,0.43,2026-08-31,828,N20,VIIRS,n,2.0NRT,300.99,5.89,D
10.84943,78.79076,335.91,0.39,0.44,2026-08-31,828,N20,VIIRS,n,2.0NRT,300.38,3.38,D
11.19128,76.92039,332,0.46,0.39,2026-08-31,828,N20,VIIRS,n,2.0NRT,296.2,2.29,D
11.45847,79.20508,331.29,0.42,0.45,2026-08-31,828,N20,VIIRS,n,2.0NRT,298.72,4.75,D
11.46265,79.2357,335.83,0.42,0.45,2026-08-31,828,N20,VIIRS,n,2.0NRT,300.33,3.95,D
11.47324,77.20173,333.62,0.48,0.4,2026-08-31,828,N20,VIIRS,n,2.0NRT,295.28,3.2,D
11.62768,78.61454,338.59,0.39,0.44,2026-08-31,828,N20,VIIRS,n,2.0NRT,299.74,2.1,D
11.70993,79.0149,333.03,0.41,0.45,2026-08-31,828,N20,VIIRS,n,2.0NRT,300.21,1.34,D
11.88784,77.23312,339.3,0.49,0.4,2026-08-31,828,N20,VIIRS,n,2.0NRT,295.55,4.91,D
12.05407,79.33384,333.4,0.43,0.46,2026-08-31,828,N20,VIIRS,l,2.0NRT,303.79,1.84,D
12.24117,79.08451,341.4,0.42,0.45,2026-08-31,828,N20,VIIRS,n,2.0NRT,299.69,3.57,D
12.34985,79.22876,351.38,0.43,0.46,2026-08-31,828,N20,VIIRS,n,2.0NRT,306.01,26.13,D
12.35043,79.22861,353.47,0.43,0.46,2026-08-31,828,N20,VIIRS,n,2.0NRT,303.73,20.52,D
12.40623,79.97924,330.41,0.48,0.48,2026-08-31,828,N20,VIIRS,n,2.0NRT,300.37,4.96,D
12.91149,79.43056,335.76,0.45,0.47,2026-08-31,828,N20,VIIRS,n,2.0NRT,299.59,2.51,D
13.1221,79.9063,336.64,0.49,0.48,2026-08-31,828,N20,VIIRS,n,2.0NRT,294.46,4.33,D
13.58984,78.21954,331.87,0.39,0.44,2026-08-31,828,N20,VIIRS,n,2.0NRT,293.69,1.78,D
14.35068,77.20792,334.78,0.52,0.41,2026-08-31,828,N20,VIIRS,n,2.0NRT,294.14,5.55,D
14.47482,78.26068,337.14,0.4,0.44,2026-08-31,828,N20,VIIRS,n,2.0NRT,296.09,2.53,D
17.77075,75.83885,338.77,0.48,0.4,2026-08-31,830,N20,VIIRS,n,2.0NRT,299.26,1.97,D
17.96539,75.48702,336.33,0.46,0.39,2026-08-31,830,N20,VIIRS,n,2.0NRT,299.52,3.37,D
21.102,72.63538,337.48,0.39,0.37,2026-08-31,833,N20,VIIRS,n,2.0NRT,299.47,9.17,D
21.10255,72.63916,337.23,0.39,0.37,2026-08-31,833,N20,VIIRS,n,2.0NRT,296.08,7.44,D
25.59085,72.62873,332.94,0.42,0.38,2026-08-31,833,N20,VIIRS,n,2.0NRT,297.48,2.74,D
26.85779,72.11017,338.83,0.41,0.37,2026-08-31,833,N20,VIIRS,l,2.0NRT,311.09,4.51,D
27.71156,68.48968,355.88,0.39,0.36,2026-08-31,835,N20,VIIRS,n,2.0NRT,310.97,16.14,D
27.71487,68.489,352.2,0.39,0.36,2026-08-31,835,N20,VIIRS,n,2.0NRT,311.55,16.01,D
28.42509,69.702,338.27,0.38,0.36,2026-08-31,835,N20,VIIRS,l,2.0NRT,309.15,3.55,D
29.2713,70.6321,333.19,0.4,0.37,2026-08-31,835,N20,VIIRS,l,2.0NRT,308.14,2.44,D
29.76927,72.40252,334.09,0.45,0.39,2026-08-31,835,N20,VIIRS,n,2.0NRT,303.52,3.68,D
31.37635,74.44994,338.11,0.39,0.44,2026-08-31,835,N20,VIIRS,n,2.0NRT,298.85,4.08,D
31.41202,74.55347,330.68,0.39,0.44,2026-08-31,835,N20,VIIRS,n,2.0NRT,299.58,1.49,D
31.46411,72.13901,335.09,0.45,0.39,2026-08-31,835,N20,VIIRS,n,2.0NRT,299.7,4.92,D
31.46708,72.13364,347,0.45,0.39,2026-08-31,835,N20,VIIRS,n,2.0NRT,299.65,11.41,D
31.47198,74.22855,332,0.57,0.43,2026-08-31,835,N20,VIIRS,n,2.0NRT,300.74,3.85,D
31.80262,73.7253,330.04,0.54,0.42,2026-08-31,835,N20,VIIRS,n,2.0NRT,297.09,3.75,D
29.22659,88.3523,300.17,0.35,0.57,2026-08-31,1915,N20,VIIRS,n,2.0NRT,281.1,1.13,N
29.26624,91.92337,296.2,0.43,0.46,2026-08-31,1915,N20,VIIRS,n,2.0NRT,281.38,1.07,N
29.66183,90.90602,298.57,0.5,0.49,2026-08-31,1915,N20,VIIRS,n,2.0NRT,282.02,1.25,N
29.78919,91.6047,301.51,0.46,0.47,2026-08-31,1915,N20,VIIRS,n,2.0NRT,282.98,1.45,N
6.57878,81.10979,321.51,0.56,0.69,2026-08-31,1923,N20,VIIRS,n,2.0NRT,287.71,2.82,N
6.58221,81.10786,319.93,0.56,0.69,2026-08-31,1923,N20,VIIRS,n,2.0NRT,287.54,2.72,N
6.84185,80.89125,304.24,0.58,0.7,2026-08-31,1923,N20,VIIRS,n,2.0NRT,276.46,1.76,N
6.84643,80.89544,306.57,0.58,0.7,2026-08-31,1923,N20,VIIRS,n,2.0NRT,283.16,4.01,N
33.2968,71.18346,309.5,0.43,0.38,2026-08-31,2055,N20,VIIRS,n,2.0NRT,293.64,2.09,N
25.94237,72.19138,308.51,0.38,0.36,2026-08-31,2057,N20,VIIRS,n,2.0NRT,292.63,1,N
26.25868,74.09715,310.54,0.41,0.37,2026-08-31,2057,N20,VIIRS,n,2.0NRT,290.76,1.08,N
26.60473,73.68454,305.84,0.4,0.37,2026-08-31,2057,N20,VIIRS,n,2.0NRT,293.13,0.89,N
26.87543,73.51593,309.98,0.39,0.36,2026-08-31,2057,N20,VIIRS,n,2.0NRT,293.26,1.34,N
26.87875,73.5166,305.81,0.39,0.36,2026-08-31,2057,N20,VIIRS,n,2.0NRT,293.32,1.52,N
27.28906,73.83814,309.89,0.4,0.37,2026-08-31,2057,N20,VIIRS,n,2.0NRT,294.14,1.08,N
27.7165,68.49585,308.8,0.49,0.4,2026-08-31,2057,N20,VIIRS,n,2.0NRT,297.33,0.25,N
28.34796,77.25802,308.08,0.51,0.41,2026-08-31,2057,N20,VIIRS,n,2.0NRT,290.84,2.59,N
28.3733,77.22678,310.67,0.51,0.41,2026-08-31,2057,N20,VIIRS,n,2.0NRT,291.11,2.65,N
28.37484,77.22419,310.89,0.51,0.41,2026-08-31,2057,N20,VIIRS,n,2.0NRT,291.18,2.22,N
28.42407,69.70068,317.6,0.44,0.39,2026-08-31,2057,N20,VIIRS,n,2.0NRT,298.29,1.63,N
29.46107,76.8892,307.39,0.47,0.4,2026-08-31,2057,N20,VIIRS,n,2.0NRT,292.41,3.12,N
30.18642,74.48694,311.31,0.39,0.36,2026-08-31,2057,N20,VIIRS,n,2.0NRT,294.97,2.35,N
30.25077,74.9136,308.85,0.4,0.37,2026-08-31,2057,N20,VIIRS,n,2.0NRT,296.36,1.01,N
31.60895,74.38851,309.35,0.39,0.36,2026-08-31,2057,N20,VIIRS,n,2.0NRT,295.35,0.74,N
31.64362,74.15421,310.73,0.39,0.36,2026-08-31,2057,N20,VIIRS,n,2.0NRT,295.24,0.87,N
32.29297,70.72897,310.79,0.44,0.38,2026-08-31,2057,N20,VIIRS,n,2.0NRT,294.85,2.74,N
32.57661,72.56216,311.7,0.39,0.37,2026-08-31,2057,N20,VIIRS,n,2.0NRT,295.43,2.54,N
32.88951,71.61771,317.43,0.42,0.37,2026-08-31,2057,N20,VIIRS,n,2.0NRT,295.85,3.19,N
19.371,71.35374,320.82,0.39,0.36,2026-08-31,2059,N20,VIIRS,n,2.0NRT,294.08,2.7,N
19.52982,71.2982,307.96,0.39,0.36,2026-08-31,2059,N20,VIIRS,n,2.0NRT,292.19,1.88,N
20.90941,71.46135,307.93,0.39,0.36,2026-08-31,2059,N20,VIIRS,n,2.0NRT,292.29,1.31,N
20.91001,71.45766,306.84,0.39,0.36,2026-08-31,2059,N20,VIIRS,n,2.0NRT,292.26,1.23,N
21.10232,72.63803,306.19,0.41,0.37,2026-08-31,2059,N20,VIIRS,n,2.0NRT,282.98,2.63,N
21.10298,72.63417,330.34,0.41,0.37,2026-08-31,2059,N20,VIIRS,n,2.0NRT,284.89,2.63,N
21.10775,72.64704,312.17,0.41,0.37,2026-08-31,2059,N20,VIIRS,n,2.0NRT,281.09,1.67,N
22.93215,69.70328,304.41,0.4,0.37,2026-08-31,2059,N20,VIIRS,n,2.0NRT,291.76,1.67,N
22.9333,69.69547,319.81,0.4,0.37,2026-08-31,2059,N20,VIIRS,n,2.0NRT,288.73,3.34,N
23.26684,70.25716,302.45,0.39,0.36,2026-08-31,2059,N20,VIIRS,n,2.0NRT,291.01,1.26,N
24.65826,73.87632,305.2,0.41,0.37,2026-08-31,2059,N20,VIIRS,n,2.0NRT,285.77,0.81,N
24.6901,73.00169,313.08,0.39,0.36,2026-08-31,2059,N20,VIIRS,n,2.0NRT,290.52,1.11,N
24.69281,74.68075,300.04,0.44,0.38,2026-08-31,2059,N20,VIIRS,n,2.0NRT,281.62,0.54,N
24.76362,74.60734,304.43,0.44,0.38,2026-08-31,2059,N20,VIIRS,n,2.0NRT,284.22,1.04,N
25.38847,68.58018,313.39,0.46,0.39,2026-08-31,2059,N20,VIIRS,n,2.0NRT,295.25,2.55,N
11.18185,79.09965,306.88,0.46,0.63,2026-08-31,2101,N20,VIIRS,n,2.0NRT,286.8,1.49,N
11.28316,77.87854,300.36,0.38,0.58,2026-08-31,2101,N20,VIIRS,n,2.0NRT,283.12,0.23,N
13.11669,77.65411,321.12,0.34,0.56,2026-08-31,2101,N20,VIIRS,n,2.0NRT,283.66,2.26,N
18.5759,72.24078,330.93,0.41,0.37,2026-08-31,2101,N20,VIIRS,n,2.0NRT,293.64,4.33,N
7.39549,80.88508,312.64,0.71,0.75,2026-08-31,2104,N20,VIIRS,n,2.0NRT,286.38,2.07,N
7.39623,80.88792,307.99,0.71,0.75,2026-08-31,2104,N20,VIIRS,n,2.0NRT,286.66,2.17,N
8.09217,80.79338,310.79,0.68,0.74,2026-08-31,2104,N20,VIIRS,n,2.0NRT,289.07,1.72,N
8.11518,79.87002,307.56,0.58,0.7,2026-08-31,2104,N20,VIIRS,n,2.0NRT,288.89,1.28,N
9.13332,77.53674,314.12,0.39,0.59,2026-08-31,2104,N20,VIIRS,n,2.0NRT,292.41,1,N
29.13759,91.72023,337.3,0.51,0.49,2026-09-01,633,N20,VIIRS,n,2.0NRT,301.24,4.16,D
29.13868,91.72541,334.32,0.51,0.49,2026-09-01,633,N20,VIIRS,n,2.0NRT,301.53,4.16,D
29.14057,91.72209,339.27,0.51,0.49,2026-09-01,633,N20,VIIRS,n,2.0NRT,299.59,3.91,D
29.63853,90.98122,328.86,0.55,0.51,2026-09-01,633,N20,VIIRS,l,2.0NRT,299.73,4.73,D
29.64476,91.2907,327.25,0.53,0.5,2026-09-01,633,N20,VIIRS,l,2.0NRT,300.39,7.57,D
29.66644,90.99794,333.86,0.55,0.51,2026-09-01,633,N20,VIIRS,n,2.0NRT,298.33,8.21,D
6.19398,81.01984,330.75,0.4,0.37,2026-09-01,807,N20,VIIRS,n,2.0NRT,299.67,1.5,D
6.19563,81.06744,331.56,0.4,0.37,2026-09-01,807,N20,VIIRS,n,2.0NRT,300.13,1.84,D
6.288,81.35012,350.26,0.41,0.37,2026-09-01,807,N20,VIIRS,n,2.0NRT,302.7,12.61,D
6.29139,81.34963,338.97,0.41,0.37,2026-09-01,807,N20,VIIRS,n,2.0NRT,300.01,2.3,D
6.29978,80.95581,330.62,0.4,0.37,2026-09-01,807,N20,VIIRS,n,2.0NRT,299.6,1.47,D
6.34659,81.15477,336.83,0.4,0.37,2026-09-01,807,N20,VIIRS,n,2.0NRT,305.46,13.93,D
6.40921,81.11215,338.12,0.4,0.37,2026-09-01,807,N20,VIIRS,n,2.0NRT,301.74,3.38,D
6.46628,80.0317,332.26,0.39,0.36,2026-09-01,807,N20,VIIRS,n,2.0NRT,295.38,1.93,D
6.47014,80.77328,332.96,0.39,0.37,2026-09-01,807,N20,VIIRS,n,2.0NRT,302.46,1.38,D
6.52094,80.91397,337.79,0.4,0.37,2026-09-01,807,N20,VIIRS,n,2.0NRT,302.33,2.53,D
6.52429,80.91348,332.01,0.4,0.37,2026-09-01,807,N20,VIIRS,n,2.0NRT,301.21,1.91,D
6.52722,81.10549,333.99,0.4,0.37,2026-09-01,807,N20,VIIRS,n,2.0NRT,302.86,2.52,D
6.56526,80.98066,337.6,0.4,0.37,2026-09-01,807,N20,VIIRS,n,2.0NRT,304.82,6.83,D
6.56862,80.98016,346.48,0.4,0.37,2026-09-01,807,N20,VIIRS,n,2.0NRT,304.65,3.76,D
6.56916,80.98374,334.56,0.4,0.37,2026-09-01,807,N20,VIIRS,n,2.0NRT,303.14,3.76,D
6.6884,81.33414,335.42,0.41,0.37,2026-09-01,807,N20,VIIRS,n,2.0NRT,303.7,2.66,D
6.69535,80.78114,337.24,0.4,0.37,2026-09-01,807,N20,VIIRS,n,2.0NRT,298.44,5.13,D
6.70194,81.54465,346.99,0.42,0.37,2026-09-01,807,N20,VIIRS,n,2.0NRT,305.47,7.63,D
6.7087,81.58959,341.41,0.42,0.37,2026-09-01,807,N20,VIIRS,n,2.0NRT,305.17,4.1,D
6.70927,81.59336,341.92,0.42,0.37,2026-09-01,807,N20,VIIRS,n,2.0NRT,303.35,4.1,D
6.71214,81.5891,338.05,0.42,0.37,2026-09-01,807,N20,VIIRS,n,2.0NRT,307.16,4.1,D
6.71248,81.59302,346.86,0.42,0.37,2026-09-01,807,N20,VIIRS,n,2.0NRT,302.5,7.21,D
6.7127,81.59286,344.85,0.42,0.37,2026-09-01,807,N20,VIIRS,n,2.0NRT,302.72,4.1,D
6.71537,81.58875,343.76,0.42,0.37,2026-09-01,807,N20,VIIRS,n,2.0NRT,304.45,7.21,D
6.71592,81.59251,353.23,0.42,0.37,2026-09-01,807,N20,VIIRS,n,2.0NRT,306.46,7.21,D
6.71991,81.59576,336.51,0.42,0.38,2026-09-01,807,N20,VIIRS,n,2.0NRT,302.53,4.57,D
6.72585,81.05147,330.73,0.4,0.37,2026-09-01,807,N20,VIIRS,n,2.0NRT,297.97,2.53,D
6.73476,81.60129,349.84,0.42,0.38,2026-09-01,807,N20,VIIRS,n,2.0NRT,301.73,6.14,D
6.73532,81.60506,333.96,0.42,0.38,2026-09-01,807,N20,VIIRS,n,2.0NRT,300.08,6.14,D
6.74331,81.35238,340.01,0.41,0.37,2026-09-01,807,N20,VIIRS,n,2.0NRT,304.59,3.17,D
6.74579,81.29923,332.69,0.41,0.37,2026-09-01,807,N20,VIIRS,l,2.0NRT,304.36,4.47,D
6.75455,81.38096,337.59,0.41,0.37,2026-09-01,807,N20,VIIRS,n,2.0NRT,303.11,4.24,D
6.76689,81.5811,342.7,0.42,0.37,2026-09-01,807,N20,VIIRS,n,2.0NRT,304.18,10.34,D
6.77492,81.40061,335.96,0.41,0.37,2026-09-01,807,N20,VIIRS,n,2.0NRT,304.38,3.37,D
6.77698,81.46094,347.92,0.41,0.37,2026-09-01,807,N20,VIIRS,n,2.0NRT,303.94,6.72,D
6.77985,81.45672,338.17,0.41,0.37,2026-09-01,807,N20,VIIRS,n,2.0NRT,303.46,6.72,D
6.79736,81.52679,347.19,0.42,0.37,2026-09-01,807,N20,VIIRS,n,2.0NRT,304.33,11.46,D
6.80068,81.40777,331.8,0.41,0.37,2026-09-01,807,N20,VIIRS,l,2.0NRT,303.86,2.19,D
6.80409,81.40726,335.87,0.41,0.37,2026-09-01,807,N20,VIIRS,n,2.0NRT,301.54,2.19,D
6.82237,81.60346,340.57,0.42,0.38,2026-09-01,807,N20,VIIRS,n,2.0NRT,305.31,7.59,D
6.82295,81.60361,340.72,0.42,0.38,2026-09-01,807,N20,VIIRS,n,2.0NRT,305.3,7.42,D
6.8378,81.49365,348.68,0.42,0.37,2026-09-01,807,N20,VIIRS,n,2.0NRT,306.6,8.89,D
6.84268,81.55048,338.05,0.42,0.37,2026-09-01,807,N20,VIIRS,n,2.0NRT,303.99,14.2,D
6.84612,81.54997,344.16,0.42,0.37,2026-09-01,807,N20,VIIRS,n,2.0NRT,309.51,14.2,D
6.84667,81.55373,340.76,0.42,0.37,2026-09-01,807,N20,VIIRS,n,2.0NRT,305.48,12.34,D
6.87721,81.47617,336.79,0.41,0.37,2026-09-01,807,N20,VIIRS,n,2.0NRT,303.13,5.72,D
6.89542,81.50428,336.51,0.42,0.37,2026-09-01,807,N20,VIIRS,n,2.0NRT,304.22,2.58,D
6.93636,81.6409,339.7,0.42,0.38,2026-09-01,807,N20,VIIRS,n,2.0NRT,307.63,7.98,D
6.93754,81.6444,336.58,0.42,0.38,2026-09-01,807,N20,VIIRS,l,2.0NRT,306.96,7.91,D
6.94218,81.51284,338.23,0.42,0.37,2026-09-01,807,N20,VIIRS,n,2.0NRT,302.03,13.59,D
7.00928,81.65731,335.03,0.42,0.38,2026-09-01,807,N20,VIIRS,l,2.0NRT,307.9,7.56,D
7.0482,81.49678,331.88,0.42,0.37,2026-09-01,807,N20,VIIRS,n,2.0NRT,301.39,0.94,D
7.06151,81.58727,335.99,0.42,0.38,2026-09-01,807,N20,VIIRS,n,2.0NRT,303.63,2.66,D
7.09697,81.44749,337.33,0.42,0.37,2026-09-01,807,N20,VIIRS,n,2.0NRT,301.82,3.44,D
7.10039,81.44698,339.18,0.42,0.37,2026-09-01,807,N20,VIIRS,n,2.0NRT,303.06,5.12,D
7.14132,81.57948,330.59,0.42,0.38,2026-09-01,807,N20,VIIRS,l,2.0NRT,303.5,3.25,D
7.14758,81.57811,346.2,0.42,0.38,2026-09-01,807,N20,VIIRS,n,2.0NRT,306.04,7.99,D
7.14814,81.58189,331.84,0.42,0.38,2026-09-01,807,N20,VIIRS,l,2.0NRT,302.1,7.99,D
7.15227,81.562,334.52,0.42,0.38,2026-09-01,807,N20,VIIRS,n,2.0NRT,302.46,4.45,D
7.1894,81.26937,336.38,0.41,0.37,2026-09-01,807,N20,VIIRS,n,2.0NRT,303.34,5.75,D
7.18971,81.81844,351.82,0.43,0.38,2026-09-01,807,N20,VIIRS,n,2.0NRT,306.22,15.24,D
7.20868,81.28173,335.77,0.41,0.37,2026-09-01,807,N20,VIIRS,n,2.0NRT,301.4,4.97,D
7.20901,81.28133,336.85,0.41,0.37,2026-09-01,807,N20,VIIRS,n,2.0NRT,301.35,4.66,D
7.27363,81.57868,332.12,0.42,0.38,2026-09-01,807,N20,VIIRS,l,2.0NRT,304.52,2.39,D
7.28258,81.21385,346.36,0.41,0.37,2026-09-01,807,N20,VIIRS,n,2.0NRT,308.53,8.37,D
7.28544,81.7925,346.3,0.43,0.38,2026-09-01,807,N20,VIIRS,n,2.0NRT,305.58,2.38,D
7.2871,81.79221,344.87,0.43,0.38,2026-09-01,807,N20,VIIRS,n,2.0NRT,306.46,3.71,D
7.30782,81.66721,333.01,0.42,0.38,2026-09-01,807,N20,VIIRS,l,2.0NRT,305.59,5.01,D
7.31445,81.76054,344.48,0.43,0.38,2026-09-01,807,N20,VIIRS,n,2.0NRT,308.02,6.14,D
7.318,81.73637,339.66,0.43,0.38,2026-09-01,807,N20,VIIRS,n,2.0NRT,307.54,8.87,D
7.3208,81.56399,336.41,0.42,0.38,2026-09-01,807,N20,VIIRS,n,2.0NRT,299.74,3.43,D
7.32339,80.94555,332.32,0.4,0.37,2026-09-01,807,N20,VIIRS,l,2.0NRT,304.19,4.67,D
7.32648,81.29461,338.59,0.41,0.37,2026-09-01,807,N20,VIIRS,n,2.0NRT,294.96,3.87,D
7.35605,81.82565,335.91,0.43,0.38,2026-09-01,807,N20,VIIRS,n,2.0NRT,304.61,2.7,D
7.36082,81.73792,335.91,0.43,0.38,2026-09-01,807,N20,VIIRS,n,2.0NRT,304.37,2.65,D
7.36096,81.10453,341.98,0.41,0.37,2026-09-01,807,N20,VIIRS,n,2.0NRT,311.01,4.91,D
7.36151,81.1082,339.86,0.41,0.37,2026-09-01,807,N20,VIIRS,l,2.0NRT,310.17,4.91,D
7.36436,81.10405,347.82,0.41,0.37,2026-09-01,807,N20,VIIRS,n,2.0NRT,313.35,4.91,D
7.36491,81.10772,340.81,0.41,0.37,2026-09-01,807,N20,VIIRS,n,2.0NRT,310.3,4.91,D
7.36775,81.10355,344.69,0.41,0.37,2026-09-01,807,N20,VIIRS,n,2.0NRT,311.99,8.42,D
7.3683,81.10722,342.81,0.41,0.37,2026-09-01,807,N20,VIIRS,n,2.0NRT,311.22,8.42,D
7.3689,81.76833,338.83,0.43,0.38,2026-09-01,807,N20,VIIRS,n,2.0NRT,306.78,5.62,D
7.36908,81.18222,337.39,0.41,0.37,2026-09-01,807,N20,VIIRS,n,2.0NRT,303.99,3.17,D
7.37472,81.73589,337.04,0.43,0.38,2026-09-01,807,N20,VIIRS,n,2.0NRT,305.43,4.5,D
7.38538,81.62483,337.17,0.42,0.38,2026-09-01,807,N20,VIIRS,n,2.0NRT,302.07,2.46,D
7.38757,81.23617,339.32,0.41,0.37,2026-09-01,807,N20,VIIRS,n,2.0NRT,305.83,3.29,D
7.38813,81.23989,337.2,0.41,0.37,2026-09-01,807,N20,VIIRS,n,2.0NRT,306.05,3.29,D
7.38876,81.22081,340.47,0.41,0.37,2026-09-01,807,N20,VIIRS,n,2.0NRT,308.39,5.62,D
7.39201,81.26588,339.1,0.41,0.37,2026-09-01,807,N20,VIIRS,n,2.0NRT,304.67,4.79,D
7.40123,81.37469,334.99,0.42,0.37,2026-09-01,807,N20,VIIRS,n,2.0NRT,300.8,4.95,D
7.40812,81.70768,340.76,0.43,0.38,2026-09-01,807,N20,VIIRS,n,2.0NRT,304.46,4.99,D
7.43785,81.2437,346.81,0.41,0.37,2026-09-01,807,N20,VIIRS,n,2.0NRT,310.4,14.96,D
7.44126,81.24319,344.77,0.41,0.37,2026-09-01,807,N20,VIIRS,n,2.0NRT,310.42,13.42,D
7.45624,81.6496,339.88,0.43,0.38,2026-09-01,807,N20,VIIRS,n,2.0NRT,305.28,4.7,D
7.6399,80.81561,337.87,0.4,0.37,2026-09-01,807,N20,VIIRS,n,2.0NRT,305.22,3.8,D
7.68967,80.44537,336.44,0.39,0.36,2026-09-01,807,N20,VIIRS,n,2.0NRT,302.98,4.48,D
7.69357,80.13393,340.44,0.39,0.36,2026-09-01,807,N20,VIIRS,n,2.0NRT,302.14,3.93,D
7.72668,81.25712,346.06,0.41,0.37,2026-09-01,807,N20,VIIRS,n,2.0NRT,315.22,12.5,D
7.73849,79.95895,331.28,0.39,0.36,2026-09-01,807,N20,VIIRS,n,2.0NRT,300,3.24,D
7.74162,79.82307,335.64,0.39,0.36,2026-09-01,807,N20,VIIRS,n,2.0NRT,298.56,0.97,D
7.7706,80.19412,338.32,0.39,0.36,2026-09-01,807,N20,VIIRS,n,2.0NRT,301.59,6.19,D
7.78909,81.55701,338.3,0.42,0.38,2026-09-01,807,N20,VIIRS,n,2.0NRT,305.86,4.45,D
7.8038,80.09898,334.62,0.39,0.36,2026-09-01,807,N20,VIIRS,n,2.0NRT,299.07,2.56,D
7.81731,80.21194,336.51,0.39,0.36,2026-09-01,807,N20,VIIRS,n,2.0NRT,300.71,3.12,D
7.84616,81.21291,336.43,0.41,0.37,2026-09-01,807,N20,VIIRS,n,2.0NRT,306.28,2.42,D
7.84958,81.2124,337.5,0.41,0.37,2026-09-01,807,N20,VIIRS,n,2.0NRT,307.1,2.42,D
7.85401,80.34363,335.88,0.39,0.36,2026-09-01,807,N20,VIIRS,n,2.0NRT,301.15,2.57,D
7.8633,81.44503,340.29,0.42,0.38,2026-09-01,807,N20,VIIRS,n,2.0NRT,305.09,5.67,D
7.86562,81.43693,336.84,0.42,0.38,2026-09-01,807,N20,VIIRS,n,2.0NRT,304.66,4.75,D
7.8724,80.89572,332.07,0.4,0.37,2026-09-01,807,N20,VIIRS,l,2.0NRT,303.75,3.94,D
7.87304,81.46302,341.96,0.42,0.38,2026-09-01,807,N20,VIIRS,n,2.0NRT,305.1,6.07,D
7.88596,81.3409,338.14,0.42,0.38,2026-09-01,807,N20,VIIRS,n,2.0NRT,306.13,5,D
7.88613,80.19436,343.09,0.39,0.36,2026-09-01,807,N20,VIIRS,n,2.0NRT,303.06,14.42,D
7.88857,80.64487,338.93,0.4,0.37,2026-09-01,807,N20,VIIRS,n,2.0NRT,301.07,3.33,D
7.89084,79.88833,331.07,0.39,0.36,2026-09-01,807,N20,VIIRS,n,2.0NRT,298.23,2.43,D
7.89193,80.64436,337.42,0.4,0.37,2026-09-01,807,N20,VIIRS,n,2.0NRT,302.98,3.33,D
7.9043,80.63515,339.45,0.4,0.37,2026-09-01,807,N20,VIIRS,n,2.0NRT,303.47,5.09,D
7.91604,81.40217,352.83,0.42,0.38,2026-09-01,807,N20,VIIRS,n,2.0NRT,307.43,14.22,D
7.92367,81.35847,338.95,0.42,0.38,2026-09-01,807,N20,VIIRS,n,2.0NRT,307.28,4.48,D
7.94311,81.37108,348.82,0.42,0.38,2026-09-01,807,N20,VIIRS,n,2.0NRT,308.51,6.8,D
7.94367,81.37486,349.3,0.42,0.38,2026-09-01,807,N20,VIIRS,n,2.0NRT,307.57,9.89,D
7.94569,81.45992,338.67,0.42,0.38,2026-09-01,807,N20,VIIRS,n,2.0NRT,304.38,4.41,D
7.94655,81.37057,345.42,0.42,0.38,2026-09-01,807,N20,VIIRS,n,2.0NRT,305.25,6.8,D
7.94901,81.31618,337.5,0.42,0.37,2026-09-01,807,N20,VIIRS,n,2.0NRT,305.19,3.72,D
7.95528,80.7233,337.36,0.4,0.37,2026-09-01,807,N20,VIIRS,n,2.0NRT,305.29,6.85,D
7.95864,80.7228,348.76,0.4,0.37,2026-09-01,807,N20,VIIRS,n,2.0NRT,305.39,6.85,D
7.96718,80.59638,347.47,0.4,0.37,2026-09-01,807,N20,VIIRS,n,2.0NRT,305.22,7.45,D
7.97054,80.59588,344.25,0.4,0.37,2026-09-01,807,N20,VIIRS,n,2.0NRT,304.66,6.26,D
7.97472,81.08727,333.04,0.41,0.37,2026-09-01,807,N20,VIIRS,n,2.0NRT,301.76,2.7,D
7.99557,80.2457,331.23,0.39,0.36,2026-09-01,807,N20,VIIRS,l,2.0NRT,303.12,3.74,D
8.00312,80.68612,332.24,0.4,0.37,2026-09-01,807,N20,VIIRS,l,2.0NRT,303.74,6.49,D
8.00365,80.68972,345.78,0.4,0.37,2026-09-01,807,N20,VIIRS,n,2.0NRT,304.69,6.49,D
8.00483,81.43587,339.65,0.42,0.38,2026-09-01,807,N20,VIIRS,n,2.0NRT,307.84,5.49,D
8.02568,80.01717,340.55,0.39,0.36,2026-09-01,807,N20,VIIRS,n,2.0NRT,303.41,7.1,D
8.029,81.28909,367,0.42,0.37,2026-09-01,807,N20,VIIRS,h,2.0NRT,305.54,6.88,D
8.02956,81.29285,338.26,0.42,0.37,2026-09-01,807,N20,VIIRS,n,2.0NRT,305.53,4.69,D
8.03243,81.28857,333.56,0.42,0.37,2026-09-01,807,N20,VIIRS,n,2.0NRT,300.91,2.55,D
8.03384,80.61523,336.42,0.4,0.37,2026-09-01,807,N20,VIIRS,n,2.0NRT,301.32,3.42,D
8.08881,80.16577,346.16,0.39,0.36,2026-09-01,807,N20,VIIRS,n,2.0NRT,303.91,8.87,D
8.09459,80.79108,347.2,0.4,0.37,2026-09-01,807,N20,VIIRS,n,2.0NRT,304.98,9.91,D
8.10587,80.09838,345.37,0.39,0.36,2026-09-01,807,N20,VIIRS,n,2.0NRT,303.63,12.94,D
8.11001,81.12762,334.89,0.41,0.37,2026-09-01,807,N20,VIIRS,n,2.0NRT,304.84,2.56,D
8.11024,81.31932,336.01,0.42,0.38,2026-09-01,807,N20,VIIRS,n,2.0NRT,303.56,10.42,D
8.18431,80.6879,336.06,0.4,0.37,2026-09-01,807,N20,VIIRS,l,2.0NRT,307.4,2.58,D
8.18485,80.69152,338.87,0.4,0.37,2026-09-01,807,N20,VIIRS,n,2.0NRT,303.63,2.58,D
8.18809,80.24049,330.04,0.39,0.36,2026-09-01,807,N20,VIIRS,l,2.0NRT,301.7,2.08,D
8.25945,80.58018,332.21,0.4,0.37,2026-09-01,807,N20,VIIRS,l,2.0NRT,304.69,4.62,D
8.25999,80.58377,336.94,0.4,0.37,2026-09-01,807,N20,VIIRS,n,2.0NRT,304.74,4.62,D
8.28878,80.14186,346.12,0.39,0.36,2026-09-01,807,N20,VIIRS,n,2.0NRT,303.83,3.88,D
8.29211,80.14137,333.18,0.39,0.36,2026-09-01,807,N20,VIIRS,n,2.0NRT,302.69,3.88,D
8.29811,81.02658,340.89,0.41,0.37,2026-09-01,807,N20,VIIRS,n,2.0NRT,308.17,10,D
8.30383,81.01815,346.55,0.41,0.37,2026-09-01,807,N20,VIIRS,n,2.0NRT,307.67,7.15,D
8.30438,81.02186,347.63,0.41,0.37,2026-09-01,807,N20,VIIRS,n,2.0NRT,307.45,15.76,D
8.30724,81.01763,338.69,0.41,0.37,2026-09-01,807,N20,VIIRS,n,2.0NRT,305.75,7.15,D
8.30779,81.02135,345.12,0.41,0.37,2026-09-01,807,N20,VIIRS,n,2.0NRT,305.98,15.76,D
8.31002,80.2835,348.31,0.39,0.36,2026-09-01,807,N20,VIIRS,n,2.0NRT,306.24,6.63,D
8.36313,80.27856,337.58,0.39,0.36,2026-09-01,807,N20,VIIRS,l,2.0NRT,307.93,6.93,D
8.37586,80.74799,336.48,0.4,0.37,2026-09-01,807,N20,VIIRS,n,2.0NRT,303.02,3.77,D
8.37608,80.61057,334.78,0.4,0.37,2026-09-01,807,N20,VIIRS,l,2.0NRT,306.1,2.99,D
8.37702,80.28011,340.69,0.39,0.36,2026-09-01,807,N20,VIIRS,n,2.0NRT,307.75,5.07,D
8.38387,80.25729,344.44,0.39,0.36,2026-09-01,807,N20,VIIRS,n,2.0NRT,306.01,21.15,D
8.39032,81.17722,340.33,0.42,0.37,2026-09-01,807,N20,VIIRS,n,2.0NRT,299.18,6.48,D
8.40346,80.6324,345.42,0.4,0.37,2026-09-01,807,N20,VIIRS,n,2.0NRT,307.1,10.1,D
8.40496,80.26138,330.51,0.39,0.36,2026-09-01,807,N20,VIIRS,l,2.0NRT,302.17,4.21,D
8.40632,80.22485,334.09,0.39,0.36,2026-09-01,807,N20,VIIRS,n,2.0NRT,301.8,2.55,D
8.40724,80.25377,337.37,0.39,0.36,2026-09-01,807,N20,VIIRS,n,2.0NRT,305.74,5.48,D
8.40777,80.25732,344.36,0.39,0.36,2026-09-01,807,N20,VIIRS,n,2.0NRT,305.63,6.41,D
8.41058,80.25326,339.92,0.39,0.36,2026-09-01,807,N20,VIIRS,n,2.0NRT,303.66,5.48,D
8.41248,80.62364,343.83,0.4,0.37,2026-09-01,807,N20,VIIRS,n,2.0NRT,307.8,5.89,D
8.41407,80.62293,339.76,0.4,0.37,2026-09-01,807,N20,VIIRS,n,2.0NRT,307.29,4.07,D
8.42116,80.41576,331.15,0.4,0.37,2026-09-01,807,N20,VIIRS,n,2.0NRT,300.88,1.64,D
8.42199,80.37539,338.45,0.4,0.37,2026-09-01,807,N20,VIIRS,n,2.0NRT,305.32,3.67,D
8.42314,80.45207,344.39,0.4,0.37,2026-09-01,807,N20,VIIRS,n,2.0NRT,307.15,5.59,D
8.42383,80.72218,339.1,0.4,0.37,2026-09-01,807,N20,VIIRS,n,2.0NRT,307.16,7.42,D
8.42556,80.58421,334.18,0.4,0.37,2026-09-01,807,N20,VIIRS,l,2.0NRT,305.33,6.97,D
8.4261,80.58783,339.16,0.4,0.37,2026-09-01,807,N20,VIIRS,n,2.0NRT,305.58,6.97,D
8.43802,80.48289,333.34,0.4,0.37,2026-09-01,807,N20,VIIRS,l,2.0NRT,306.69,3.08,D
8.45641,80.39947,337.44,0.4,0.37,2026-09-01,807,N20,VIIRS,n,2.0NRT,304.29,3.25,D
8.45976,80.39896,337.31,0.4,0.37,2026-09-01,807,N20,VIIRS,n,2.0NRT,305.07,3.25,D
8.46311,80.39846,333.45,0.4,0.37,2026-09-01,807,N20,VIIRS,l,2.0NRT,304.64,2.91,D
8.46419,80.40561,341.92,0.4,0.37,2026-09-01,807,N20,VIIRS,n,2.0NRT,304.94,6.91,D
8.46713,80.37957,331.05,0.4,0.37,2026-09-01,807,N20,VIIRS,l,2.0NRT,302.95,4.79,D
8.46767,80.38315,338.54,0.4,0.37,2026-09-01,807,N20,VIIRS,n,2.0NRT,303.59,4.79,D
8.47067,80.72593,339.66,0.4,0.37,2026-09-01,807,N20,VIIRS,n,2.0NRT,307.72,6.3,D
8.47263,80.39338,341.6,0.4,0.37,2026-09-01,807,N20,VIIRS,n,2.0NRT,303.82,5.03,D
8.47568,80.83,340.1,0.41,0.37,2026-09-01,807,N20,VIIRS,n,2.0NRT,304.2,5.45,D
8.47669,80.46609,340.3,0.4,0.37,2026-09-01,807,N20,VIIRS,n,2.0NRT,304.76,3.12,D
8.47723,80.46968,333.63,0.4,0.37,2026-09-01,807,N20,VIIRS,l,2.0NRT,304.51,3.12,D
8.48353,80.74271,339.29,0.4,0.37,2026-09-01,807,N20,VIIRS,n,2.0NRT,305.16,4.51,D
8.49494,80.81963,342.19,0.41,0.37,2026-09-01,807,N20,VIIRS,n,2.0NRT,307.37,8.99,D
8.49778,80.81545,337.1,0.41,0.37,2026-09-01,807,N20,VIIRS,l,2.0NRT,308.07,20.36,D
8.49833,80.81913,342.21,0.41,0.37,2026-09-01,807,N20,VIIRS,n,2.0NRT,311.13,37.72,D
8.51189,80.81709,337.95,0.41,0.37,2026-09-01,807,N20,VIIRS,n,2.0NRT,304.49,3.26,D
8.51517,80.45588,338.05,0.4,0.37,2026-09-01,807,N20,VIIRS,n,2.0NRT,303.92,5.6,D
8.51537,80.67827,335.57,0.4,0.37,2026-09-01,807,N20,VIIRS,n,2.0NRT,304.66,4.58,D
8.51638,80.82394,338.12,0.41,0.37,2026-09-01,807,N20,VIIRS,n,2.0NRT,307.5,4.31,D
8.51689,80.59644,349.77,0.4,0.37,2026-09-01,807,N20,VIIRS,n,2.0NRT,309.22,8.18,D
8.51861,80.59547,339.44,0.4,0.37,2026-09-01,807,N20,VIIRS,n,2.0NRT,307.74,8.91,D
8.51914,80.59909,349.1,0.4,0.37,2026-09-01,807,N20,VIIRS,n,2.0NRT,307.86,6.67,D
8.52091,80.58773,336.98,0.4,0.37,2026-09-01,807,N20,VIIRS,l,2.0NRT,307.89,3.42,D
8.52251,80.59859,344.72,0.4,0.37,2026-09-01,807,N20,VIIRS,n,2.0NRT,307.41,6.67,D
8.52305,80.60222,341.68,0.4,0.37,2026-09-01,807,N20,VIIRS,n,2.0NRT,305.4,6.67,D
8.52428,80.58723,350.87,0.4,0.37,2026-09-01,807,N20,VIIRS,n,2.0NRT,313.39,16.67,D
8.52482,80.59085,340.95,0.4,0.37,2026-09-01,807,N20,VIIRS,n,2.0NRT,308.75,18.05,D
8.52662,80.41747,336.83,0.4,0.37,2026-09-01,807,N20,VIIRS,n,2.0NRT,304.23,8.12,D
8.52678,80.89388,333.03,0.41,0.37,2026-09-01,807,N20,VIIRS,n,2.0NRT,299.26,1.85,D
8.52765,80.58673,339.2,0.4,0.37,2026-09-01,807,N20,VIIRS,n,2.0NRT,306.89,16.67,D
8.5281,80.85604,335.85,0.41,0.37,2026-09-01,807,N20,VIIRS,l,2.0NRT,306.51,5.17,D
8.53385,80.5821,337.32,0.4,0.37,2026-09-01,807,N20,VIIRS,n,2.0NRT,304.62,3.94,D
8.53715,80.51145,336.31,0.4,0.37,2026-09-01,807,N20,VIIRS,n,2.0NRT,305.02,4.28,D
8.53768,80.51505,339.58,0.4,0.37,2026-09-01,807,N20,VIIRS,n,2.0NRT,305.81,7.23,D
8.54302,80.71444,337.21,0.4,0.37,2026-09-01,807,N20,VIIRS,n,2.0NRT,300.45,2.65,D
8.54886,80.68374,340.39,0.4,0.37,2026-09-01,807,N20,VIIRS,n,2.0NRT,305.95,5.04,D
8.55331,80.69052,336.36,0.4,0.37,2026-09-01,807,N20,VIIRS,l,2.0NRT,306.71,2.76,D
8.55636,80.85937,348.82,0.41,0.37,2026-09-01,807,N20,VIIRS,n,2.0NRT,309.36,9.05,D
8.55724,80.85863,342.73,0.41,0.37,2026-09-01,807,N20,VIIRS,n,2.0NRT,308.82,6.63,D
8.55732,80.50842,340.06,0.4,0.37,2026-09-01,807,N20,VIIRS,n,2.0NRT,307.71,9.25,D
8.55854,80.74949,337.21,0.4,0.37,2026-09-01,807,N20,VIIRS,n,2.0NRT,305.07,3.14,D
8.56056,80.7867,337.47,0.41,0.37,2026-09-01,807,N20,VIIRS,n,2.0NRT,306.61,4.67,D
8.56359,80.66665,340.52,0.4,0.37,2026-09-01,807,N20,VIIRS,n,2.0NRT,303.1,3.58,D
8.56471,80.48888,345.44,0.4,0.37,2026-09-01,807,N20,VIIRS,n,2.0NRT,305.21,6.7,D
8.56884,80.72552,336.31,0.4,0.37,2026-09-01,807,N20,VIIRS,n,2.0NRT,305.58,4.97,D
8.56938,80.72919,337.86,0.4,0.37,2026-09-01,807,N20,VIIRS,n,2.0NRT,303.44,4.97,D
8.57086,80.76264,347.81,0.41,0.37,2026-09-01,807,N20,VIIRS,n,2.0NRT,309.48,8.29,D
8.5714,80.7663,336.88,0.41,0.37,2026-09-01,807,N20,VIIRS,n,2.0NRT,305.52,8.29,D
8.57197,80.58377,338.4,0.4,0.37,2026-09-01,807,N20,VIIRS,n,2.0NRT,305.33,4.9,D
8.57251,80.58739,351.23,0.4,0.37,2026-09-01,807,N20,VIIRS,n,2.0NRT,306.82,4.9,D
8.57588,80.58688,346.83,0.4,0.37,2026-09-01,807,N20,VIIRS,n,2.0NRT,307.29,4.9,D
8.58736,80.6408,343.59,0.4,0.37,2026-09-01,807,N20,VIIRS,n,2.0NRT,305.4,3.05,D
8.59665,80.98523,332.8,0.41,0.37,2026-09-01,807,N20,VIIRS,l,2.0NRT,305.63,2.99,D
8.60546,80.50855,334.31,0.4,0.37,2026-09-01,807,N20,VIIRS,n,2.0NRT,300.57,3.04,D
8.60798,80.99117,335.7,0.41,0.37,2026-09-01,807,N20,VIIRS,l,2.0NRT,306.98,4.51,D
8.60819,80.85102,347.73,0.41,0.37,2026-09-01,807,N20,VIIRS,n,2.0NRT,307.17,6.77,D
8.60903,80.90376,341.37,0.41,0.37,2026-09-01,807,N20,VIIRS,n,2.0NRT,309.84,5.32,D
8.61468,81.01301,333.4,0.41,0.37,2026-09-01,807,N20,VIIRS,l,2.0NRT,306.02,5.49,D
8.61599,80.64768,338.63,0.4,0.37,2026-09-01,807,N20,VIIRS,n,2.0NRT,304.88,6.81,D
8.61914,80.80795,354.82,0.41,0.37,2026-09-01,807,N20,VIIRS,n,2.0NRT,308.42,18.64,D
8.62285,80.97375,336.77,0.41,0.37,2026-09-01,807,N20,VIIRS,n,2.0NRT,306.74,7.33,D
8.62447,80.63522,335.17,0.4,0.37,2026-09-01,807,N20,VIIRS,n,2.0NRT,302.37,3.56,D
8.62611,80.64617,332.06,0.4,0.37,2026-09-01,807,N20,VIIRS,l,2.0NRT,305.21,4.73,D
8.6272,80.65345,341.32,0.4,0.37,2026-09-01,807,N20,VIIRS,n,2.0NRT,306.85,5.44,D
8.63396,80.90764,348.39,0.41,0.37,2026-09-01,807,N20,VIIRS,n,2.0NRT,309.58,15.72,D
8.63507,81.15186,340.72,0.42,0.37,2026-09-01,807,N20,VIIRS,n,2.0NRT,305.38,7.26,D
8.63531,80.73058,342.73,0.4,0.37,2026-09-01,807,N20,VIIRS,n,2.0NRT,306.81,11.61,D
8.63976,80.65855,335.24,0.4,0.37,2026-09-01,807,N20,VIIRS,n,2.0NRT,302.2,2.2,D
8.6506,80.99627,333.05,0.41,0.37,2026-09-01,807,N20,VIIRS,l,2.0NRT,305.24,5.41,D
8.65189,80.81818,347.69,0.41,0.37,2026-09-01,807,N20,VIIRS,n,2.0NRT,308.94,8.19,D
8.65634,80.70087,337.48,0.4,0.37,2026-09-01,807,N20,VIIRS,n,2.0NRT,302.35,4.07,D
8.65842,80.88509,338.62,0.41,0.37,2026-09-01,807,N20,VIIRS,n,2.0NRT,306.41,7.67,D
8.6634,80.65504,331.92,0.4,0.37,2026-09-01,807,N20,VIIRS,l,2.0NRT,304.05,2.94,D
8.66396,80.82355,339.11,0.41,0.37,2026-09-01,807,N20,VIIRS,n,2.0NRT,305.99,1.81,D
8.66678,80.65455,333.71,0.4,0.37,2026-09-01,807,N20,VIIRS,l,2.0NRT,306.1,2.94,D
8.66689,80.7255,339.66,0.4,0.37,2026-09-01,807,N20,VIIRS,n,2.0NRT,306.81,6.36,D
8.66732,80.65819,337.42,0.4,0.37,2026-09-01,807,N20,VIIRS,n,2.0NRT,305.72,5.68,D
8.67137,80.89798,345.82,0.41,0.37,2026-09-01,807,N20,VIIRS,n,2.0NRT,305.69,6.26,D
8.67478,80.89748,343.88,0.41,0.37,2026-09-01,807,N20,VIIRS,n,2.0NRT,307.36,6.26,D
8.67517,80.3873,343.64,0.4,0.37,2026-09-01,807,N20,VIIRS,n,2.0NRT,297.56,3.67,D
8.67686,80.84047,337.36,0.41,0.37,2026-09-01,807,N20,VIIRS,n,2.0NRT,306.35,6.18,D
8.67701,80.81786,339.55,0.41,0.37,2026-09-01,807,N20,VIIRS,n,2.0NRT,307.17,7.59,D
8.68282,80.88114,345.29,0.41,0.37,2026-09-01,807,N20,VIIRS,n,2.0NRT,305.41,4.82,D
8.70296,81.0188,345.32,0.41,0.37,2026-09-01,807,N20,VIIRS,n,2.0NRT,303.15,9.54,D
8.70351,81.02254,339.27,0.41,0.37,2026-09-01,807,N20,VIIRS,n,2.0NRT,305.47,10.21,D
8.73148,80.40436,336.04,0.4,0.37,2026-09-01,807,N20,VIIRS,n,2.0NRT,303.78,6.84,D
8.74022,80.18744,342.44,0.39,0.36,2026-09-01,807,N20,VIIRS,n,2.0NRT,305.13,7.03,D
8.74081,80.71076,333.79,0.4,0.37,2026-09-01,807,N20,VIIRS,n,2.0NRT,299.36,2.58,D
8.74355,80.18694,331.5,0.39,0.36,2026-09-01,807,N20,VIIRS,l,2.0NRT,302.81,3.66,D
8.78731,80.87704,338.04,0.41,0.37,2026-09-01,807,N20,VIIRS,n,2.0NRT,304.74,4.18,D
8.8137,80.82015,339.12,0.41,0.37,2026-09-01,807,N20,VIIRS,n,2.0NRT,306.61,2.83,D
8.84481,80.46053,343.37,0.4,0.37,2026-09-01,807,N20,VIIRS,n,2.0NRT,307.36,9.13,D
8.87422,80.58953,331.63,0.4,0.37,2026-09-01,807,N20,VIIRS,l,2.0NRT,304.54,4.26,D
8.87737,80.44827,334.96,0.4,0.37,2026-09-01,807,N20,VIIRS,n,2.0NRT,301.86,4.35,D
8.89203,80.43133,339.06,0.4,0.37,2026-09-01,807,N20,VIIRS,n,2.0NRT,305.92,6.34,D
8.89432,80.42362,345.24,0.4,0.37,2026-09-01,807,N20,VIIRS,n,2.0NRT,306.22,18.82,D
8.89543,80.70979,350.54,0.41,0.37,2026-09-01,807,N20,VIIRS,n,2.0NRT,311.29,12.28,D
8.90149,80.91673,339.32,0.41,0.37,2026-09-01,807,N20,VIIRS,n,2.0NRT,299.95,3.86,D
8.9477,80.75841,335.01,0.41,0.37,2026-09-01,807,N20,VIIRS,l,2.0NRT,305.61,3.49,D
8.96467,80.75588,333.45,0.41,0.37,2026-09-01,807,N20,VIIRS,l,2.0NRT,304.86,5.39,D
9.02534,80.1679,341.66,0.39,0.37,2026-09-01,807,N20,VIIRS,n,2.0NRT,305.55,4.67,D
9.05223,80.14198,335.7,0.39,0.36,2026-09-01,807,N20,VIIRS,n,2.0NRT,305.56,3.51,D
9.05294,80.28446,334.44,0.4,0.37,2026-09-01,807,N20,VIIRS,l,2.0NRT,308.78,4.57,D
9.06238,80.53422,343.91,0.4,0.37,2026-09-01,807,N20,VIIRS,n,2.0NRT,306.38,8.27,D
9.06342,80.6434,336.9,0.4,0.37,2026-09-01,807,N20,VIIRS,n,2.0NRT,306.03,6.95,D
9.0851,79.74976,338.52,0.39,0.36,2026-09-01,807,N20,VIIRS,n,2.0NRT,305.02,5.33,D
9.09813,80.28868,333.47,0.4,0.37,2026-09-01,807,N20,VIIRS,l,2.0NRT,308.16,1.91,D
9.11328,80.27539,338.28,0.4,0.37,2026-09-01,807,N20,VIIRS,l,2.0NRT,308.53,2.38,D
9.11382,80.27898,334.75,0.4,0.37,2026-09-01,807,N20,VIIRS,l,2.0NRT,307.21,1.78,D
9.15841,80.5534,332.67,0.4,0.37,2026-09-01,807,N20,VIIRS,l,2.0NRT,305.49,2.95,D
9.208,78.37176,338.92,0.39,0.36,2026-09-01,807,N20,VIIRS,n,2.0NRT,308.25,6.24,D
9.23818,80.27795,338.23,0.4,0.37,2026-09-01,807,N20,VIIRS,l,2.0NRT,308.77,6.16,D
9.25496,80.27543,337.77,0.4,0.37,2026-09-01,807,N20,VIIRS,l,2.0NRT,308.37,6.41,D
9.37964,80.50117,330.76,0.4,0.37,2026-09-01,807,N20,VIIRS,l,2.0NRT,304.42,1.09,D
9.38624,80.52262,332.76,0.4,0.37,2026-09-01,807,N20,VIIRS,l,2.0NRT,304.4,1.86,D
9.3874,80.43667,334.17,0.4,0.37,2026-09-01,807,N20,VIIRS,l,2.0NRT,306.26,2.22,D
9.39077,80.43616,347.24,0.4,0.37,2026-09-01,807,N20,VIIRS,n,2.0NRT,307.8,4.75,D
9.39131,80.4398,344.68,0.4,0.37,2026-09-01,807,N20,VIIRS,n,2.0NRT,306.92,4.75,D
9.39415,80.43565,344.17,0.4,0.37,2026-09-01,807,N20,VIIRS,n,2.0NRT,308.14,4.75,D
9.39468,80.43929,339.79,0.4,0.37,2026-09-01,807,N20,VIIRS,n,2.0NRT,306.75,4.75,D
9.40118,80.39004,336.08,0.4,0.37,2026-09-01,807,N20,VIIRS,n,2.0NRT,305.16,1.44,D
9.41088,80.36264,340.99,0.4,0.37,2026-09-01,807,N20,VIIRS,n,2.0NRT,305.85,3.29,D
9.41344,80.40305,334.15,0.4,0.37,2026-09-01,807,N20,VIIRS,l,2.0NRT,307.35,2.25,D
9.41465,80.48103,336,0.4,0.37,2026-09-01,807,N20,VIIRS,l,2.0NRT,307.55,2,D
9.41573,80.39528,341.46,0.4,0.37,2026-09-01,807,N20,VIIRS,n,2.0NRT,308.04,9.16,D
9.41681,80.40254,337.45,0.4,0.37,2026-09-01,807,N20,VIIRS,l,2.0NRT,307.74,2.25,D
9.42126,80.40929,335.5,0.4,0.37,2026-09-01,807,N20,VIIRS,l,2.0NRT,305.83,3.37,D
9.42463,80.4088,333.85,0.4,0.37,2026-09-01,807,N20,VIIRS,l,2.0NRT,306.2,3.37,D
9.42517,80.41243,348.9,0.4,0.37,2026-09-01,807,N20,VIIRS,n,2.0NRT,308.83,3.37,D
9.42571,80.41607,337.49,0.4,0.37,2026-09-01,807,N20,VIIRS,n,2.0NRT,307.46,2.53,D
9.42813,80.38601,337.1,0.4,0.37,2026-09-01,807,N20,VIIRS,n,2.0NRT,305.5,1.83,D
9.42921,80.39326,338.85,0.4,0.37,2026-09-01,807,N20,VIIRS,n,2.0NRT,306.82,3.02,D
9.43595,80.39226,335.72,0.4,0.37,2026-09-01,807,N20,VIIRS,l,2.0NRT,306.94,1.61,D
9.43649,80.39588,332.58,0.4,0.37,2026-09-01,807,N20,VIIRS,l,2.0NRT,305.37,1.61,D
9.44342,80.46554,339.83,0.4,0.37,2026-09-01,807,N20,VIIRS,n,2.0NRT,308.91,3.41,D
9.53295,80.38469,351.36,0.4,0.37,2026-09-01,807,N20,VIIRS,n,2.0NRT,310.41,30.17,D
9.60998,79.98971,350.49,0.39,0.36,2026-09-01,807,N20,VIIRS,n,2.0NRT,306.89,8.36,D
9.64103,80.21964,330.9,0.4,0.37,2026-09-01,807,N20,VIIRS,l,2.0NRT,303.44,1.97,D
9.64446,80.31156,336.76,0.4,0.37,2026-09-01,807,N20,VIIRS,n,2.0NRT,305.65,6.58,D
9.73185,78.95364,339.67,0.38,0.36,2026-09-01,807,N20,VIIRS,n,2.0NRT,309.4,7.88,D
9.792,80.23696,345.76,0.4,0.37,2026-09-01,807,N20,VIIRS,n,2.0NRT,305.76,5.6,D
10.04949,77.92572,342.23,0.39,0.36,2026-09-01,809,N20,VIIRS,l,2.0NRT,310.22,24.12,D
10.16487,79.23363,332.5,0.39,0.36,2026-09-01,809,N20,VIIRS,l,2.0NRT,303.93,4.19,D
10.53186,79.39458,336.41,0.39,0.36,2026-09-01,809,N20,VIIRS,l,2.0NRT,308.6,4.3,D
10.67378,79.27847,337.66,0.39,0.36,2026-09-01,809,N20,VIIRS,n,2.0NRT,307.5,3.46,D
10.85916,79.8132,333.86,0.4,0.37,2026-09-01,809,N20,VIIRS,n,2.0NRT,303.25,1.98,D
10.86964,79.29421,338.56,0.39,0.36,2026-09-01,809,N20,VIIRS,l,2.0NRT,309.91,3.41,D
10.88104,79.32494,339.46,0.39,0.36,2026-09-01,809,N20,VIIRS,l,2.0NRT,310.8,2.56,D
10.89396,79.54767,331.55,0.39,0.36,2026-09-01,809,N20,VIIRS,l,2.0NRT,304.62,2.42,D
10.94656,79.55784,330.16,0.39,0.36,2026-09-01,809,N20,VIIRS,l,2.0NRT,302.62,3.76,D
10.96822,79.74831,330.42,0.39,0.37,2026-09-01,809,N20,VIIRS,l,2.0NRT,302.13,3.13,D
11.00979,79.4135,341.18,0.39,0.36,2026-09-01,809,N20,VIIRS,n,2.0NRT,308.25,3.37,D
11.01856,79.83994,338.87,0.4,0.37,2026-09-01,809,N20,VIIRS,n,2.0NRT,305.96,3.22,D
11.06238,79.42599,342.69,0.39,0.36,2026-09-01,809,N20,VIIRS,n,2.0NRT,308.14,3.87,D
11.14982,78.03407,340.69,0.39,0.36,2026-09-01,809,N20,VIIRS,n,2.0NRT,308.1,6.75,D
11.19052,79.69118,331.18,0.39,0.37,2026-09-01,809,N20,VIIRS,l,2.0NRT,301.92,2.07,D
11.33965,79.0102,340.85,0.39,0.36,2026-09-01,809,N20,VIIRS,n,2.0NRT,309.77,8.93,D
11.47595,79.2412,333.51,0.39,0.36,2026-09-01,809,N20,VIIRS,l,2.0NRT,304.48,3.37,D
11.69631,79.12608,349.14,0.39,0.36,2026-09-01,809,N20,VIIRS,n,2.0NRT,310.78,13.01,D
11.83702,75.93494,331.71,0.43,0.38,2026-09-01,809,N20,VIIRS,n,2.0NRT,292.59,2.87,D
11.84283,78.90457,340.49,0.39,0.36,2026-09-01,809,N20,VIIRS,l,2.0NRT,311.25,8.25,D
11.99543,79.53955,338.87,0.4,0.37,2026-09-01,809,N20,VIIRS,n,2.0NRT,307.58,9.74,D
12.05794,79.8463,335.54,0.4,0.37,2026-09-01,809,N20,VIIRS,n,2.0NRT,302.75,2.41,D
12.06666,79.58771,338.45,0.4,0.37,2026-09-01,809,N20,VIIRS,n,2.0NRT,305.63,2.7,D
12.09079,79.56552,341.42,0.4,0.37,2026-09-01,809,N20,VIIRS,n,2.0NRT,308.34,10.37,D
12.13971,77.07882,345.6,0.4,0.37,2026-09-01,809,N20,VIIRS,l,2.0NRT,298.79,12.97,D
12.15436,75.98641,282.59,0.42,0.38,2026-09-01,809,N20,VIIRS,l,2.0NRT,294.41,179.92,D
12.15781,75.98586,351.45,0.42,0.38,2026-09-01,809,N20,VIIRS,n,2.0NRT,287.19,179.92,D
12.32043,79.67432,334.36,0.4,0.37,2026-09-01,809,N20,VIIRS,l,2.0NRT,304.79,3.47,D
12.32097,79.67798,336.31,0.4,0.37,2026-09-01,809,N20,VIIRS,n,2.0NRT,304.35,4.51,D
12.33323,78.84695,345.02,0.39,0.36,2026-09-01,809,N20,VIIRS,n,2.0NRT,310.36,6.94,D
12.33565,78.99867,348.36,0.39,0.36,2026-09-01,809,N20,VIIRS,n,2.0NRT,312.93,22.47,D
12.39398,75.85985,335.37,0.43,0.38,2026-09-01,809,N20,VIIRS,n,2.0NRT,290.63,11.18,D
12.41561,79.51421,334.56,0.4,0.37,2026-09-01,809,N20,VIIRS,n,2.0NRT,304.89,1.9,D
12.54359,76.83745,331.47,0.4,0.37,2026-09-01,809,N20,VIIRS,n,2.0NRT,296.4,3.7,D
12.55405,79.97852,336.83,0.41,0.37,2026-09-01,809,N20,VIIRS,n,2.0NRT,306.29,6.11,D
12.61144,77.64263,330.97,0.39,0.36,2026-09-01,809,N20,VIIRS,l,2.0NRT,301.86,2.62,D
12.63377,79.85988,341.37,0.41,0.37,2026-09-01,809,N20,VIIRS,n,2.0NRT,307,4.43,D
12.65339,79.39956,341.11,0.4,0.37,2026-09-01,809,N20,VIIRS,n,2.0NRT,308.72,4.69,D
12.69653,75.9088,340.08,0.42,0.38,2026-09-01,809,N20,VIIRS,l,2.0NRT,292.13,7.3,D
12.78816,76.8565,337.86,0.4,0.37,2026-09-01,809,N20,VIIRS,n,2.0NRT,296.43,9.55,D
12.82766,79.75002,338.87,0.4,0.37,2026-09-01,809,N20,VIIRS,n,2.0NRT,304.9,4.74,D
12.9165,79.43965,338.17,0.4,0.37,2026-09-01,809,N20,VIIRS,n,2.0NRT,304.79,6.57,D
12.98432,79.59767,333.27,0.4,0.37,2026-09-01,809,N20,VIIRS,n,2.0NRT,302.23,4.21,D
13.0373,79.91235,332.05,0.41,0.37,2026-09-01,809,N20,VIIRS,l,2.0NRT,303.39,2.44,D
13.05037,79.42616,339.02,0.4,0.37,2026-09-01,809,N20,VIIRS,n,2.0NRT,304.46,6.5,D
13.15914,79.90918,337.13,0.41,0.37,2026-09-01,809,N20,VIIRS,n,2.0NRT,297.14,4.29,D
13.15988,79.22352,338.59,0.39,0.37,2026-09-01,809,N20,VIIRS,n,2.0NRT,304.49,4.52,D
13.16089,79.89739,338.36,0.41,0.37,2026-09-01,809,N20,VIIRS,n,2.0NRT,300.66,6.29,D
13.2257,80.26954,335.92,0.42,0.38,2026-09-01,809,N20,VIIRS,n,2.0NRT,300.66,3.64,D
13.61584,78.73156,340.21,0.39,0.36,2026-09-01,809,N20,VIIRS,n,2.0NRT,303.16,5.53,D
13.77332,79.77724,332.02,0.41,0.37,2026-09-01,809,N20,VIIRS,n,2.0NRT,299.05,1.38,D
13.85828,79.33337,344.08,0.4,0.37,2026-09-01,809,N20,VIIRS,n,2.0NRT,300.18,5.53,D
14.06871,78.78734,334.46,0.39,0.36,2026-09-01,809,N20,VIIRS,n,2.0NRT,298.21,2.33,D
14.07877,80.00418,333.7,0.42,0.38,2026-09-01,809,N20,VIIRS,n,2.0NRT,299.9,2.4,D
14.19711,79.17576,336.17,0.4,0.37,2026-09-01,809,N20,VIIRS,n,2.0NRT,299.77,1.97,D
14.26449,79.09801,335.36,0.4,0.37,2026-09-01,809,N20,VIIRS,n,2.0NRT,298.67,1.7,D
14.26657,79.09671,336.51,0.4,0.37,2026-09-01,809,N20,VIIRS,n,2.0NRT,300,8.39,D
14.53993,79.6837,343.87,0.41,0.37,2026-09-01,809,N20,VIIRS,n,2.0NRT,301.86,5.01,D
14.71761,79.5095,339.25,0.41,0.37,2026-09-01,809,N20,VIIRS,n,2.0NRT,300.74,3.16,D
14.77542,78.97616,337.08,0.4,0.37,2026-09-01,809,N20,VIIRS,n,2.0NRT,299.76,3.41,D
14.81743,79.59486,337.92,0.41,0.37,2026-09-01,809,N20,VIIRS,n,2.0NRT,302.29,3.1,D
15.16986,80.03432,340.61,0.43,0.38,2026-09-01,809,N20,VIIRS,n,2.0NRT,302.93,7.16,D
15.17278,80.02982,350.37,0.43,0.38,2026-09-01,809,N20,VIIRS,n,2.0NRT,304.02,4.72,D
15.17334,80.03379,344.88,0.43,0.38,2026-09-01,809,N20,VIIRS,n,2.0NRT,300.34,4.72,D
15.17626,80.0293,339.89,0.43,0.38,2026-09-01,809,N20,VIIRS,n,2.0NRT,302.75,4.72,D
15.17682,80.03327,334.42,0.43,0.38,2026-09-01,809,N20,VIIRS,n,2.0NRT,299.6,4.72,D
15.17716,76.65712,340.96,0.39,0.36,2026-09-01,809,N20,VIIRS,n,2.0NRT,297.93,4.07,D
15.17819,77.3232,334.22,0.38,0.36,2026-09-01,809,N20,VIIRS,n,2.0NRT,299.81,2.35,D
15.30314,78.21335,332.79,0.39,0.36,2026-09-01,809,N20,VIIRS,n,2.0NRT,300.01,2.01,D
15.36116,76.70337,331.68,0.39,0.36,2026-09-01,809,N20,VIIRS,l,2.0NRT,298.57,5.18,D
15.64317,77.96676,333.94,0.39,0.36,2026-09-01,809,N20,VIIRS,n,2.0NRT,295.75,4.13,D
15.88524,79.81916,337.62,0.43,0.38,2026-09-01,809,N20,VIIRS,n,2.0NRT,302.11,5.52,D
15.88581,79.82314,340.5,0.43,0.38,2026-09-01,809,N20,VIIRS,n,2.0NRT,303.44,5.52,D
15.88765,79.82237,342.72,0.43,0.38,2026-09-01,809,N20,VIIRS,n,2.0NRT,304.43,10.4,D
15.90541,79.62249,342.05,0.42,0.38,2026-09-01,809,N20,VIIRS,n,2.0NRT,305.56,16.99,D
15.90596,79.6264,337.02,0.42,0.38,2026-09-01,809,N20,VIIRS,n,2.0NRT,302.4,16.99,D
15.91319,79.80233,347.16,0.43,0.38,2026-09-01,809,N20,VIIRS,n,2.0NRT,304.48,8.73,D
16.17905,80.00101,336.14,0.44,0.38,2026-09-01,809,N20,VIIRS,n,2.0NRT,298.23,4.45,D
16.19392,80.10727,338.44,0.44,0.38,2026-09-01,809,N20,VIIRS,n,2.0NRT,297.1,3.72,D
16.23223,80.54265,330.61,0.46,0.39,2026-09-01,809,N20,VIIRS,n,2.0NRT,294.34,2.07,D
16.33996,77.79362,330.08,0.39,0.36,2026-09-01,809,N20,VIIRS,n,2.0NRT,292.57,1.63,D
16.79762,80.1647,336.05,0.45,0.39,2026-09-01,809,N20,VIIRS,n,2.0NRT,295.72,3.51,D
17.64225,82.57277,341.11,0.41,0.45,2026-09-01,809,N20,VIIRS,n,2.0NRT,296.41,3.78,D
17.95593,80.79787,331.58,0.49,0.41,2026-09-01,809,N20,VIIRS,n,2.0NRT,293.05,5.56,D
17.99069,74.74986,333.18,0.42,0.38,2026-09-01,811,N20,VIIRS,n,2.0NRT,299.54,2.95,D
19.56675,71.35735,339.78,0.39,0.44,2026-09-01,811,N20,VIIRS,n,2.0NRT,288.85,6.62,D
27.44247,72.41804,340.62,0.41,0.37,2026-09-01,813,N20,VIIRS,n,2.0NRT,309.17,3.09,D
27.52065,68.33736,336.04,0.42,0.45,2026-09-01,813,N20,VIIRS,n,2.0NRT,303.58,5.64,D
27.52248,72.41055,367,0.41,0.37,2026-09-01,813,N20,VIIRS,h,2.0NRT,311.22,5.92,D
29.91186,72.50246,335.6,0.39,0.37,2026-09-01,813,N20,VIIRS,n,2.0NRT,299.35,2.61,D
30.66109,76.31641,334.5,0.43,0.38,2026-09-01,813,N20,VIIRS,n,2.0NRT,298.08,3.62,D
31.12613,74.62209,336.29,0.39,0.36,2026-09-01,813,N20,VIIRS,n,2.0NRT,298.91,8,D
31.13703,74.91448,330.19,0.4,0.37,2026-09-01,813,N20,VIIRS,l,2.0NRT,305.04,6.71,D
31.62152,73.99264,332.44,0.39,0.36,2026-09-01,816,N20,VIIRS,n,2.0NRT,297.98,1.96,D
32.28323,73.32689,340.06,0.38,0.36,2026-09-01,816,N20,VIIRS,n,2.0NRT,298.15,3.61,D
29.26356,91.92513,301.34,0.42,0.61,2026-09-01,1858,N20,VIIRS,n,2.0NRT,283.08,1.34,N
29.26387,91.92117,298.23,0.42,0.61,2026-09-01,1858,N20,VIIRS,n,2.0NRT,281.38,1.34,N
29.26718,91.92398,299.36,0.42,0.61,2026-09-01,1858,N20,VIIRS,n,2.0NRT,283.22,1.66,N
29.66238,90.90275,296.8,0.49,0.65,2026-09-01,1858,N20,VIIRS,n,2.0NRT,281.33,1.44,N
29.79168,91.60483,296.02,0.44,0.63,2026-09-01,1858,N20,VIIRS,n,2.0NRT,280.78,0.96,N
21.57817,96.23173,304,0.55,0.43,2026-09-01,1900,N20,VIIRS,n,2.0NRT,287.65,1.17,N
29.26415,91.92255,297.76,0.61,0.71,2026-09-01,2038,N20,VIIRS,n,2.0NRT,281.82,1.93,N
32.10223,74.17729,318.25,0.49,0.41,2026-09-01,2038,N20,VIIRS,n,2.0NRT,293.85,1.77,N
32.10409,74.17372,316.46,0.49,0.41,2026-09-01,2038,N20,VIIRS,n,2.0NRT,293.24,1.86,N
33.29781,71.1855,306.06,0.49,0.48,2026-09-01,2038,N20,VIIRS,n,2.0NRT,291.19,0.72,N
33.68767,72.71169,304.8,0.41,0.45,2026-09-01,2038,N20,VIIRS,n,2.0NRT,291.2,2.31,N
23.12223,70.08524,315.36,0.43,0.46,2026-09-01,2040,N20,VIIRS,n,2.0NRT,285.85,1.37,N
23.25649,70.26151,301.47,0.42,0.45,2026-09-01,2040,N20,VIIRS,n,2.0NRT,280.96,0.55,N
23.43207,68.71054,305.54,0.52,0.5,2026-09-01,2040,N20,VIIRS,n,2.0NRT,291.03,1.08,N
23.51416,72.41415,324.85,0.48,0.4,2026-09-01,2040,N20,VIIRS,n,2.0NRT,289.19,2.19,N
24.76563,74.60811,313.59,0.41,0.37,2026-09-01,2040,N20,VIIRS,n,2.0NRT,289.3,1.49,N
24.9335,74.63455,306.77,0.41,0.37,2026-09-01,2040,N20,VIIRS,n,2.0NRT,288.92,0.59,N
25.38734,68.57868,307.45,0.56,0.52,2026-09-01,2040,N20,VIIRS,n,2.0NRT,290.55,1.19,N
26.60596,73.68502,304.46,0.46,0.39,2026-09-01,2040,N20,VIIRS,n,2.0NRT,291.98,1.07,N
26.87395,73.51712,307.3,0.47,0.39,2026-09-01,2040,N20,VIIRS,n,2.0NRT,292.74,2.78,N
27.79342,75.33019,305.85,0.41,0.37,2026-09-01,2040,N20,VIIRS,n,2.0NRT,293.56,0.88,N
28.42459,69.69779,311.51,0.52,0.5,2026-09-01,2040,N20,VIIRS,n,2.0NRT,295.89,1.12,N
28.42467,69.70132,307.12,0.52,0.5,2026-09-01,2040,N20,VIIRS,n,2.0NRT,295.58,1.7,N
28.66423,77.57953,309.48,0.38,0.36,2026-09-01,2040,N20,VIIRS,n,2.0NRT,286.91,1.35,N
29.12574,75.77645,309.75,0.41,0.37,2026-09-01,2040,N20,VIIRS,n,2.0NRT,295.3,0.88,N
18.50696,74.2235,303.35,0.39,0.36,2026-09-01,2042,N20,VIIRS,n,2.0NRT,288.01,0.68,N
18.68157,73.03994,307.51,0.41,0.37,2026-09-01,2042,N20,VIIRS,n,2.0NRT,290.16,1.55,N
18.68214,73.03605,306.31,0.41,0.37,2026-09-01,2042,N20,VIIRS,n,2.0NRT,290.95,1.55,N
18.68271,73.03214,308.23,0.41,0.37,2026-09-01,2042,N20,VIIRS,n,2.0NRT,290.21,1.16,N
18.68613,73.0327,304.88,0.41,0.37,2026-09-01,2042,N20,VIIRS,n,2.0NRT,290.31,1.16,N
18.6867,73.02881,317.53,0.41,0.37,2026-09-01,2042,N20,VIIRS,n,2.0NRT,290.4,1.16,N
18.69181,73.0416,313.51,0.41,0.37,2026-09-01,2042,N20,VIIRS,n,2.0NRT,290.51,2.54,N
18.73721,74.40431,305.19,0.39,0.36,2026-09-01,2042,N20,VIIRS,n,2.0NRT,288.23,0.68,N
19.93619,73.71277,304.74,0.4,0.37,2026-09-01,2042,N20,VIIRS,n,2.0NRT,279.38,1,N
20.9094,71.45667,304.49,0.5,0.41,2026-09-01,2042,N20,VIIRS,n,2.0NRT,287.34,0.79,N
20.90987,71.45919,310.64,0.5,0.41,2026-09-01,2042,N20,VIIRS,n,2.0NRT,287.94,1.46,N
21.10184,72.63655,324.85,0.45,0.39,2026-09-01,2042,N20,VIIRS,n,2.0NRT,291.8,3.51,N
21.10419,72.64568,323.91,0.45,0.39,2026-09-01,2042,N20,VIIRS,n,2.0NRT,291.88,4.03,N
21.10774,72.64625,339.47,0.45,0.39,2026-09-01,2042,N20,VIIRS,n,2.0NRT,293.54,5.93,N
21.10893,72.63769,312.71,0.45,0.39,2026-09-01,2042,N20,VIIRS,n,2.0NRT,292.29,2.98,N
6.77275,81.0032,299.91,0.35,0.57,2026-09-01,2044,N20,VIIRS,n,2.0NRT,288.23,0.62,N
6.85618,81.53663,307.62,0.38,0.59,2026-09-01,2044,N20,VIIRS,n,2.0NRT,292.54,0.93,N
6.9596,79.95436,304.8,0.58,0.52,2026-09-01,2044,N20,VIIRS,n,2.0NRT,291.83,2.12,N
6.97141,81.58964,309.54,0.38,0.59,2026-09-01,2044,N20,VIIRS,n,2.0NRT,291.77,0.96,N
6.97377,81.59367,308.84,0.38,0.59,2026-09-01,2044,N20,VIIRS,n,2.0NRT,291.77,1.35,N
6.97439,81.59026,321.02,0.38,0.59,2026-09-01,2044,N20,VIIRS,n,2.0NRT,291.96,1.35,N
6.97616,81.59402,308.71,0.38,0.59,2026-09-01,2044,N20,VIIRS,n,2.0NRT,292,0.96,N
6.97675,81.59061,307.69,0.38,0.59,2026-09-01,2044,N20,VIIRS,n,2.0NRT,291.51,0.96,N
7.07938,80.81964,298.62,0.33,0.56,2026-09-01,2044,N20,VIIRS,n,2.0NRT,288.3,0.63,N
7.24263,80.88314,308.87,0.34,0.56,2026-09-01,2044,N20,VIIRS,n,2.0NRT,292.14,0.34,N
7.37896,81.18066,320.58,0.35,0.57,2026-09-01,2044,N20,VIIRS,n,2.0NRT,293.32,1.43,N
7.88926,81.19068,305.5,0.34,0.56,2026-09-01,2044,N20,VIIRS,n,2.0NRT,292.9,1.3,N
8.66958,77.99236,302.64,0.41,0.45,2026-09-01,2044,N20,VIIRS,n,2.0NRT,285.61,0.66,N
9.56806,77.53657,310.02,0.56,0.43,2026-09-01,2044,N20,VIIRS,n,2.0NRT,261.72,0.97,N
10.4508,77.30746,311.85,0.52,0.42,2026-09-01,2044,N20,VIIRS,n,2.0NRT,291.67,1.69,N
10.92422,78.5191,317.32,0.4,0.45,2026-09-01,2044,N20,VIIRS,n,2.0NRT,291.99,2.65,N
11.26949,80.00465,313.54,0.5,0.49,2026-09-01,2044,N20,VIIRS,n,2.0NRT,290.41,1.05,N
11.43157,77.16232,305.54,0.5,0.41,2026-09-01,2044,N20,VIIRS,n,2.0NRT,291.95,1.47,N
11.43284,77.16509,304.91,0.5,0.41,2026-09-01,2044,N20,VIIRS,n,2.0NRT,292.31,1.98,N
11.58907,77.26868,310.31,0.5,0.41,2026-09-01,2044,N20,VIIRS,n,2.0NRT,287.92,1.16,N
11.59199,77.27399,317.63,0.5,0.41,2026-09-01,2044,N20,VIIRS,n,2.0NRT,288.37,2.61,N
11.81575,77.91618,308.23,0.54,0.42,2026-09-01,2044,N20,VIIRS,n,2.0NRT,290.91,1.73,N
11.97294,78.38143,304.35,0.38,0.43,2026-09-01,2044,N20,VIIRS,n,2.0NRT,285.39,1.53,N
12.03402,79.0584,312.73,0.42,0.45,2026-09-01,2044,N20,VIIRS,n,2.0NRT,289.62,2.18,N
12.55545,76.66816,301.12,0.46,0.39,2026-09-01,2044,N20,VIIRS,n,2.0NRT,289.18,0.48,N
13.13984,80.18926,313.12,0.48,0.48,2026-09-01,2044,N20,VIIRS,n,2.0NRT,285.09,5.12,N
15.16355,76.37809,303.43,0.42,0.38,2026-09-01,2044,N20,VIIRS,n,2.0NRT,287.16,0.81,N
15.17021,76.37886,307.57,0.42,0.38,2026-09-01,2044,N20,VIIRS,n,2.0NRT,288.04,1.79,N
15.17364,76.69354,314.15,0.43,0.38,2026-09-01,2044,N20,VIIRS,n,2.0NRT,286.11,0.98,N
15.1762,76.65736,323.45,0.43,0.38,2026-09-01,2044,N20,VIIRS,n,2.0NRT,287.88,1.81,N
15.17631,76.67775,304.74,0.43,0.38,2026-09-01,2044,N20,VIIRS,n,2.0NRT,286.6,1.08,N
15.17686,76.65341,320.45,0.43,0.38,2026-09-01,2044,N20,VIIRS,n,2.0NRT,286.85,1.81,N
15.18032,76.65404,306.82,0.43,0.38,2026-09-01,2044,N20,VIIRS,n,2.0NRT,286.7,1.81,N
15.18044,76.67444,312.89,0.43,0.38,2026-09-01,2044,N20,VIIRS,n,2.0NRT,287.2,2.96,N
15.18178,76.66653,330.83,0.43,0.38,2026-09-01,2044,N20,VIIRS,n,2.0NRT,286.3,5.15,N
15.18232,76.6422,329.29,0.43,0.38,2026-09-01,2044,N20,VIIRS,n,2.0NRT,287.46,3.16,N
15.30218,76.2206,304.1,0.41,0.37,2026-09-01,2044,N20,VIIRS,n,2.0NRT,287.53,0.62,N
15.30256,76.21996,302.03,0.41,0.37,2026-09-01,2044,N20,VIIRS,n,2.0NRT,287.24,0.59,N
15.33378,76.28451,308.62,0.42,0.37,2026-09-01,2044,N20,VIIRS,n,2.0NRT,287.94,1.2,N
15.33782,76.2813,313.9,0.42,0.37,2026-09-01,2044,N20,VIIRS,n,2.0NRT,288.64,1.2,N
15.33847,76.27747,312.43,0.41,0.37,2026-09-01,2044,N20,VIIRS,n,2.0NRT,289.17,1.74,N
15.52438,73.99835,300.48,0.38,0.36,2026-09-01,2044,N20,VIIRS,n,2.0NRT,279.78,0.58,N
15.65856,73.98801,311.54,0.38,0.36,2026-09-01,2044,N20,VIIRS,n,2.0NRT,278.13,1.34,N
6.36566,80.74343,303.89,0.34,0.56,2026-09-01,2046,N20,VIIRS,n,2.0NRT,292.18,0.43,N
6.28931,80.85971,335.28,0.48,0.4,2026-09-02,750,N20,VIIRS,l,2.0NRT,301.8,25.64,D
6.44533,81.13709,334.92,0.47,0.39,2026-09-02,750,N20,VIIRS,l,2.0NRT,303.97,6.83,D
6.44963,81.09364,330.6,0.47,0.4,2026-09-02,750,N20,VIIRS,l,2.0NRT,304.91,3.72,D
6.47147,81.10743,336.48,0.47,0.4,2026-09-02,750,N20,VIIRS,n,2.0NRT,304.86,3.74,D
6.55078,80.97083,336.36,0.47,0.4,2026-09-02,750,N20,VIIRS,l,2.0NRT,304.48,39.92,D
6.59258,80.92933,331.29,0.48,0.4,2026-09-02,750,N20,VIIRS,l,2.0NRT,303.08,9.57,D
6.67177,81.24264,367,0.46,0.39,2026-09-02,750,N20,VIIRS,h,2.0NRT,335.64,235.55,D
6.69492,81.00688,331.33,0.47,0.4,2026-09-02,750,N20,VIIRS,n,2.0NRT,300.63,2.97,D
6.71509,81.40263,339.97,0.45,0.39,2026-09-02,750,N20,VIIRS,l,2.0NRT,308.57,9.05,D
6.73093,81.59668,344.88,0.44,0.38,2026-09-02,750,N20,VIIRS,n,2.0NRT,308.53,12.4,D
6.75518,81.5201,340.11,0.44,0.39,2026-09-02,750,N20,VIIRS,l,2.0NRT,309.52,11.43,D
6.85859,81.46371,335.43,0.45,0.39,2026-09-02,750,N20,VIIRS,l,2.0NRT,308,4.51,D
6.97171,81.60432,340.17,0.44,0.38,2026-09-02,750,N20,VIIRS,l,2.0NRT,306.96,10.87,D
6.97522,81.60376,345.28,0.44,0.38,2026-09-02,750,N20,VIIRS,l,2.0NRT,305.89,17.16,D
6.99511,81.43445,332.88,0.45,0.39,2026-09-02,750,N20,VIIRS,n,2.0NRT,302.31,4.55,D
7.01214,81.60999,331.21,0.44,0.38,2026-09-02,750,N20,VIIRS,l,2.0NRT,305.88,7.18,D
7.03934,81.50867,343.23,0.44,0.39,2026-09-02,750,N20,VIIRS,n,2.0NRT,303.15,6.89,D
7.06373,81.34168,334.45,0.45,0.39,2026-09-02,750,N20,VIIRS,n,2.0NRT,300.7,5.83,D
7.06687,81.49669,335.47,0.44,0.39,2026-09-02,750,N20,VIIRS,n,2.0NRT,301.21,3.58,D
7.19846,81.01058,332.64,0.46,0.39,2026-09-02,750,N20,VIIRS,l,2.0NRT,305.68,7.01,D
7.26735,81.71343,330.8,0.43,0.38,2026-09-02,750,N20,VIIRS,l,2.0NRT,304.54,3.08,D
7.27136,81.78403,334.39,0.43,0.38,2026-09-02,750,N20,VIIRS,l,2.0NRT,305.28,1.87,D
7.27857,81.7394,338.01,0.43,0.38,2026-09-02,750,N20,VIIRS,n,2.0NRT,305,2.68,D
7.32026,81.10555,342.36,0.46,0.39,2026-09-02,750,N20,VIIRS,l,2.0NRT,311.24,6.66,D
7.32855,81.14262,337.72,0.46,0.39,2026-09-02,750,N20,VIIRS,l,2.0NRT,309.94,10.57,D
7.33251,80.93956,339,0.47,0.39,2026-09-02,750,N20,VIIRS,n,2.0NRT,305.66,8.59,D
7.34071,81.19511,343.32,0.45,0.39,2026-09-02,750,N20,VIIRS,l,2.0NRT,312.67,11.81,D
7.34471,81.71753,336.4,0.43,0.38,2026-09-02,750,N20,VIIRS,l,2.0NRT,304.88,2.45,D
7.34688,81.21069,343.41,0.45,0.39,2026-09-02,750,N20,VIIRS,l,2.0NRT,309.24,5.97,D
7.35702,81.29594,339.35,0.45,0.39,2026-09-02,750,N20,VIIRS,l,2.0NRT,309.75,14.8,D
7.35732,81.84159,347.27,0.43,0.38,2026-09-02,750,N20,VIIRS,n,2.0NRT,304.63,7.21,D
7.36965,81.71751,343.15,0.43,0.38,2026-09-02,750,N20,VIIRS,n,2.0NRT,305.99,4.07,D
7.37502,81.22704,336.8,0.45,0.39,2026-09-02,750,N20,VIIRS,n,2.0NRT,307.51,3.74,D
7.37671,81.00835,342.73,0.46,0.39,2026-09-02,750,N20,VIIRS,n,2.0NRT,308.25,5.52,D
7.38808,81.55547,334.26,0.44,0.38,2026-09-02,750,N20,VIIRS,l,2.0NRT,303.57,7.02,D
7.39,81.64273,330.9,0.43,0.38,2026-09-02,750,N20,VIIRS,l,2.0NRT,303.65,3.3,D
7.39067,81.73791,337.33,0.43,0.38,2026-09-02,750,N20,VIIRS,l,2.0NRT,304.55,4.04,D
7.39341,81.1824,341.46,0.45,0.39,2026-09-02,750,N20,VIIRS,l,2.0NRT,312.62,9.08,D
7.40896,81.14233,340.44,0.46,0.39,2026-09-02,750,N20,VIIRS,l,2.0NRT,312.57,8.42,D
7.4366,81.74654,338.66,0.43,0.38,2026-09-02,750,N20,VIIRS,l,2.0NRT,307.53,4.99,D
7.47624,80.90385,346.83,0.47,0.39,2026-09-02,750,N20,VIIRS,n,2.0NRT,306.98,7.72,D
7.48413,81.20615,367,0.45,0.39,2026-09-02,750,N20,VIIRS,h,2.0NRT,311.02,40.62,D
7.62752,80.83766,337.9,0.47,0.4,2026-09-02,750,N20,VIIRS,l,2.0NRT,307.68,8.77,D
7.68484,79.81175,330.04,0.53,0.42,2026-09-02,750,N20,VIIRS,n,2.0NRT,298.95,2.92,D
7.74461,81.15666,350.8,0.45,0.39,2026-09-02,750,N20,VIIRS,l,2.0NRT,310.15,10.47,D
7.78327,81.56092,333.39,0.43,0.38,2026-09-02,750,N20,VIIRS,l,2.0NRT,306.1,4.63,D
7.78796,80.06335,332.88,0.51,0.41,2026-09-02,750,N20,VIIRS,l,2.0NRT,299.06,4.47,D
7.80048,80.11751,336.6,0.51,0.41,2026-09-02,750,N20,VIIRS,n,2.0NRT,298.84,4.65,D
7.8957,80.64471,336.19,0.47,0.4,2026-09-02,750,N20,VIIRS,n,2.0NRT,300.74,4.73,D
7.92456,80.65868,340.81,0.47,0.4,2026-09-02,750,N20,VIIRS,n,2.0NRT,304.44,28.55,D
7.93985,81.29096,340.28,0.44,0.39,2026-09-02,750,N20,VIIRS,l,2.0NRT,310.99,6.37,D
7.94013,81.31534,336.94,0.44,0.38,2026-09-02,750,N20,VIIRS,l,2.0NRT,308.5,28.57,D
7.94048,81.29494,342.25,0.44,0.39,2026-09-02,750,N20,VIIRS,l,2.0NRT,311.33,6.37,D
7.94302,81.31081,345.85,0.44,0.38,2026-09-02,750,N20,VIIRS,l,2.0NRT,312.95,38.88,D
7.944,81.29437,336.53,0.44,0.39,2026-09-02,750,N20,VIIRS,l,2.0NRT,308.5,6.37,D
8.07892,80.59462,347.99,0.48,0.4,2026-09-02,750,N20,VIIRS,l,2.0NRT,307.15,24.02,D
8.13972,80.86044,338.08,0.46,0.39,2026-09-02,750,N20,VIIRS,n,2.0NRT,302.92,3.69,D
8.34095,80.68102,330.67,0.47,0.39,2026-09-02,750,N20,VIIRS,l,2.0NRT,302.17,6.55,D
8.3426,81.02217,338.58,0.45,0.39,2026-09-02,750,N20,VIIRS,l,2.0NRT,306.57,11.41,D
8.34524,80.68464,334.46,0.47,0.39,2026-09-02,750,N20,VIIRS,l,2.0NRT,301.62,10.59,D
8.35098,81.02911,334.87,0.45,0.39,2026-09-02,750,N20,VIIRS,l,2.0NRT,305.66,7.53,D
8.36901,81.05103,338.3,0.45,0.39,2026-09-02,750,N20,VIIRS,n,2.0NRT,303.39,3.91,D
8.4097,80.83187,333.58,0.46,0.39,2026-09-02,750,N20,VIIRS,l,2.0NRT,301.54,7.57,D
8.41087,80.79353,338.9,0.46,0.39,2026-09-02,750,N20,VIIRS,n,2.0NRT,304.71,8.38,D
8.43632,80.81481,340.78,0.46,0.39,2026-09-02,750,N20,VIIRS,l,2.0NRT,301.51,2.72,D
8.44888,80.7319,331.31,0.46,0.39,2026-09-02,750,N20,VIIRS,l,2.0NRT,303.17,10.96,D
8.47726,80.82609,344.56,0.46,0.39,2026-09-02,750,N20,VIIRS,l,2.0NRT,300.99,6.34,D
8.47857,80.76656,336.93,0.46,0.39,2026-09-02,750,N20,VIIRS,l,2.0NRT,302.03,10.9,D
8.50252,80.31813,333.29,0.48,0.4,2026-09-02,750,N20,VIIRS,l,2.0NRT,300.05,3.83,D
8.52054,80.84437,346.57,0.46,0.39,2026-09-02,750,N20,VIIRS,n,2.0NRT,303.32,11.02,D
8.52261,80.67409,331.82,0.47,0.39,2026-09-02,750,N20,VIIRS,l,2.0NRT,302.03,3.25,D
8.53829,80.79509,336.74,0.46,0.39,2026-09-02,750,N20,VIIRS,l,2.0NRT,303.15,38.29,D
8.54006,80.71404,331.64,0.46,0.39,2026-09-02,750,N20,VIIRS,l,2.0NRT,303.7,3.7,D
8.55528,80.63876,354.07,0.47,0.39,2026-09-02,750,N20,VIIRS,n,2.0NRT,305.71,24.27,D
8.56824,80.84503,335.83,0.46,0.39,2026-09-02,750,N20,VIIRS,n,2.0NRT,301.85,3.16,D
8.57435,80.41315,342.31,0.48,0.4,2026-09-02,750,N20,VIIRS,n,2.0NRT,301.23,7.7,D
8.57827,80.64365,340.22,0.47,0.39,2026-09-02,750,N20,VIIRS,l,2.0NRT,304.82,11.49,D
8.59139,80.76956,342.62,0.46,0.39,2026-09-02,750,N20,VIIRS,n,2.0NRT,301.46,9.46,D
8.60975,80.51718,332.8,0.47,0.4,2026-09-02,750,N20,VIIRS,l,2.0NRT,302.76,5.95,D
8.62666,80.80608,339.17,0.46,0.39,2026-09-02,750,N20,VIIRS,l,2.0NRT,304.72,9.67,D
8.62844,80.65692,331.77,0.46,0.39,2026-09-02,750,N20,VIIRS,l,2.0NRT,299.69,3.3,D
8.63537,80.49111,331.27,0.47,0.4,2026-09-02,750,N20,VIIRS,l,2.0NRT,299.58,4.17,D
8.68932,78.05498,340.2,0.44,0.46,2026-09-02,750,N20,VIIRS,n,2.0NRT,301.18,2.1,D
8.73495,80.96078,331.78,0.45,0.39,2026-09-02,750,N20,VIIRS,l,2.0NRT,297.84,2.58,D
8.7351,80.78097,342.49,0.46,0.39,2026-09-02,750,N20,VIIRS,l,2.0NRT,303.88,10.38,D
8.76801,80.8721,337.16,0.45,0.39,2026-09-02,750,N20,VIIRS,n,2.0NRT,301.93,6.34,D
8.83889,77.73864,333.26,0.46,0.47,2026-09-02,750,N20,VIIRS,n,2.0NRT,303.09,3.42,D
8.89923,78.11224,348.39,0.43,0.46,2026-09-02,750,N20,VIIRS,n,2.0NRT,303.39,5.21,D
9.04794,80.18987,334.01,0.48,0.4,2026-09-02,750,N20,VIIRS,n,2.0NRT,300.86,4.76,D
9.06309,76.54379,331.72,0.54,0.51,2026-09-02,750,N20,VIIRS,n,2.0NRT,295.09,3.23,D
9.06449,76.54559,331.58,0.54,0.51,2026-09-02,750,N20,VIIRS,n,2.0NRT,294.83,3.75,D
9.12443,78.19585,342.43,0.42,0.45,2026-09-02,750,N20,VIIRS,n,2.0NRT,303.93,4.68,D
9.12683,78.19602,344.99,0.42,0.45,2026-09-02,750,N20,VIIRS,n,2.0NRT,304.8,7.28,D
9.18971,80.67551,346.35,0.46,0.39,2026-09-02,750,N20,VIIRS,n,2.0NRT,299.08,10.53,D
9.28854,77.59671,346.91,0.46,0.47,2026-09-02,750,N20,VIIRS,n,2.0NRT,305.91,12.3,D
9.41712,80.38377,351.2,0.47,0.4,2026-09-02,750,N20,VIIRS,n,2.0NRT,302.83,10.24,D
9.43381,80.37231,333.83,0.47,0.4,2026-09-02,750,N20,VIIRS,l,2.0NRT,302.92,5.75,D
9.44911,77.67039,342.56,0.45,0.47,2026-09-02,750,N20,VIIRS,n,2.0NRT,306.29,19.35,D
9.56955,77.54256,333.91,0.46,0.47,2026-09-02,750,N20,VIIRS,n,2.0NRT,296.6,4.47,D
9.78422,77.80275,338.92,0.44,0.46,2026-09-02,750,N20,VIIRS,n,2.0NRT,302.83,5.37,D
9.81357,78.67178,332.31,0.38,0.44,2026-09-02,750,N20,VIIRS,n,2.0NRT,301.02,4.68,D
9.81627,78.26504,335.11,0.41,0.45,2026-09-02,750,N20,VIIRS,n,2.0NRT,298.32,2.01,D
9.83309,78.53201,334.38,0.39,0.44,2026-09-02,750,N20,VIIRS,n,2.0NRT,303.16,3.08,D
9.98763,77.44791,351.24,0.46,0.47,2026-09-02,750,N20,VIIRS,n,2.0NRT,304.93,13.21,D
9.99262,79.18792,333.35,0.53,0.42,2026-09-02,750,N20,VIIRS,n,2.0NRT,297.52,1.47,D
10.42062,77.4873,343.63,0.45,0.47,2026-09-02,750,N20,VIIRS,n,2.0NRT,302.08,6.15,D
10.51527,78.92046,332.79,0.54,0.42,2026-09-02,750,N20,VIIRS,n,2.0NRT,297,2.76,D
10.85615,77.46578,335.41,0.44,0.46,2026-09-02,750,N20,VIIRS,n,2.0NRT,300.19,2.42,D
10.86017,77.56201,341.44,0.43,0.46,2026-09-02,750,N20,VIIRS,n,2.0NRT,304.23,9.43,D
10.86362,77.56113,342.21,0.43,0.46,2026-09-02,750,N20,VIIRS,n,2.0NRT,304.49,9.3,D
11.11218,77.13387,334.45,0.46,0.47,2026-09-02,750,N20,VIIRS,n,2.0NRT,298.44,3.76,D
11.12016,76.91273,342.38,0.47,0.48,2026-09-02,750,N20,VIIRS,n,2.0NRT,297.55,12.59,D
11.14817,78.0351,356.46,0.4,0.44,2026-09-02,750,N20,VIIRS,n,2.0NRT,299.53,12.06,D
12.00362,76.78979,335.07,0.47,0.48,2026-09-02,750,N20,VIIRS,n,2.0NRT,298.64,5.23,D
12.09333,76.95873,331.52,0.45,0.47,2026-09-02,750,N20,VIIRS,n,2.0NRT,293.45,2.39,D
12.17468,79.01917,336.76,0.51,0.41,2026-09-02,750,N20,VIIRS,l,2.0NRT,300.42,4.05,D
12.19443,78.03655,335.76,0.39,0.44,2026-09-02,750,N20,VIIRS,n,2.0NRT,297.46,2.58,D
12.42062,78.77126,334.62,0.52,0.42,2026-09-02,750,N20,VIIRS,n,2.0NRT,298.09,9.7,D
14.29297,77.98297,330.87,0.54,0.42,2026-09-02,752,N20,VIIRS,n,2.0NRT,295.71,4.37,D
14.80575,77.70475,336.23,0.55,0.43,2026-09-02,752,N20,VIIRS,n,2.0NRT,298.83,5.17,D
14.8058,77.7021,334.23,0.55,0.43,2026-09-02,752,N20,VIIRS,n,2.0NRT,298.04,2,D
15.17519,76.65701,334.72,0.42,0.45,2026-09-02,752,N20,VIIRS,n,2.0NRT,296.11,4.69,D
15.18141,76.66771,337.29,0.42,0.45,2026-09-02,752,N20,VIIRS,n,2.0NRT,296.2,5.19,D
15.9894,78.40038,333.48,0.49,0.4,2026-09-02,752,N20,VIIRS,n,2.0NRT,286.97,4.33,D
16.01212,78.38377,333.84,0.49,0.4,2026-09-02,752,N20,VIIRS,l,2.0NRT,288.69,6.07,D
16.01283,78.38216,338.02,0.49,0.4,2026-09-02,752,N20,VIIRS,n,2.0NRT,288.89,8.35,D
17.47544,76.39265,330.49,0.4,0.44,2026-09-02,752,N20,VIIRS,n,2.0NRT,293.24,2.59,D
17.67695,75.30758,341.2,0.46,0.47,2026-09-02,752,N20,VIIRS,n,2.0NRT,295.72,7.62,D
25.84687,68.94135,335.19,0.4,0.6,2026-09-02,756,N20,VIIRS,n,2.0NRT,296.47,5.2,D
26.25158,73.33974,334.79,0.43,0.46,2026-09-02,756,N20,VIIRS,n,2.0NRT,301.21,5.6,D
27.4374,70.85754,333.41,0.57,0.52,2026-09-02,756,N20,VIIRS,l,2.0NRT,303.63,2.38,D
27.45672,70.78687,352.55,0.57,0.52,2026-09-02,756,N20,VIIRS,n,2.0NRT,304.5,9.37,D
27.4573,70.78467,345.02,0.57,0.52,2026-09-02,756,N20,VIIRS,n,2.0NRT,304.69,9.55,D
27.49127,68.25554,332.55,0.41,0.6,2026-09-02,756,N20,VIIRS,n,2.0NRT,296.98,7.78,D
27.49222,68.25951,346.92,0.41,0.6,2026-09-02,756,N20,VIIRS,n,2.0NRT,297.55,8.69,D
30.20646,72.49904,340.94,0.4,0.44,2026-09-02,756,N20,VIIRS,n,2.0NRT,297.37,4.9,D
31.37824,72.49757,337.71,0.38,0.43,2026-09-02,756,N20,VIIRS,n,2.0NRT,298.35,3.39,D
31.44563,72.22283,330.44,0.39,0.44,2026-09-02,756,N20,VIIRS,n,2.0NRT,298.15,3.06,D
31.74076,72.19408,341.47,0.39,0.44,2026-09-02,756,N20,VIIRS,n,2.0NRT,299.89,6.45,D
35.7101,73.65376,304.81,0.35,0.57,2026-09-02,2017,N20,VIIRS,n,2.0NRT,277.26,2.41,N
35.71066,73.64983,314.17,0.35,0.57,2026-09-02,2017,N20,VIIRS,n,2.0NRT,278.12,2.51,N
29.26282,91.92296,304.47,0.32,0.55,2026-09-02,2019,N20,VIIRS,n,2.0NRT,281.21,1.17,N
30.21693,76.76219,306.64,0.4,0.45,2026-09-02,2019,N20,VIIRS,n,2.0NRT,288.61,1.37,N
32.57579,72.56024,309.81,0.38,0.59,2026-09-02,2019,N20,VIIRS,n,2.0NRT,292.91,2.4,N
32.89006,71.61448,308.04,0.43,0.62,2026-09-02,2019,N20,VIIRS,n,2.0NRT,293.19,2.2,N
32.89154,71.61494,307.66,0.43,0.62,2026-09-02,2019,N20,VIIRS,n,2.0NRT,293.12,2.71,N
33.68822,72.71001,303.25,0.38,0.59,2026-09-02,2019,N20,VIIRS,n,2.0NRT,289.76,1.55,N
20.83645,70.69326,299.22,0.37,0.58,2026-09-02,2021,N20,VIIRS,n,2.0NRT,281.06,0.6,N
20.94764,86.04403,299.83,0.41,0.45,2026-09-02,2021,N20,VIIRS,n,2.0NRT,277.34,1.03,N
20.95095,86.04876,311.4,0.41,0.45,2026-09-02,2021,N20,VIIRS,n,2.0NRT,282.08,0.75,N
20.95171,86.04486,300.84,0.41,0.45,2026-09-02,2021,N20,VIIRS,n,2.0NRT,279.72,0.75,N
21.10572,72.64827,307.52,0.55,0.51,2026-09-02,2021,N20,VIIRS,n,2.0NRT,290.68,5.46,N
21.10632,72.64294,338.93,0.55,0.51,2026-09-02,2021,N20,VIIRS,n,2.0NRT,291.19,5.46,N
23.33018,70.21295,303.22,0.42,0.61,2026-09-02,2021,N20,VIIRS,n,2.0NRT,290.83,0.47,N
23.67866,86.39913,309.46,0.39,0.44,2026-09-02,2021,N20,VIIRS,n,2.0NRT,288.44,2.48,N
23.67937,86.09851,295.04,0.56,0.43,2026-09-02,2021,N20,VIIRS,n,2.0NRT,280.45,1.02,N
23.67938,86.39541,309.72,0.39,0.44,2026-09-02,2021,N20,VIIRS,n,2.0NRT,288.63,1.58,N
23.68009,86.39173,306.7,0.39,0.44,2026-09-02,2021,N20,VIIRS,n,2.0NRT,288.16,1.58,N
23.68032,86.09521,295.21,0.56,0.43,2026-09-02,2021,N20,VIIRS,n,2.0NRT,281.17,1.58,N
23.68334,86.39626,310.63,0.39,0.44,2026-09-02,2021,N20,VIIRS,n,2.0NRT,288.78,1.58,N
23.68404,86.39259,319.58,0.39,0.44,2026-09-02,2021,N20,VIIRS,n,2.0NRT,288.78,1.58,N
23.688,86.39345,309.56,0.39,0.44,2026-09-02,2021,N20,VIIRS,n,2.0NRT,288.21,1.84,N
23.6887,86.3898,304.81,0.39,0.44,2026-09-02,2021,N20,VIIRS,n,2.0NRT,288.67,2.16,N
23.69609,86.07645,303.17,0.56,0.43,2026-09-02,2021,N20,VIIRS,n,2.0NRT,283.9,1.8,N
23.75564,86.39656,306.11,0.39,0.44,2026-09-02,2021,N20,VIIRS,n,2.0NRT,288.67,2.29,N
23.75816,86.40479,315.88,0.39,0.44,2026-09-02,2021,N20,VIIRS,n,2.0NRT,288.62,2.32,N
23.75887,86.4011,316.14,0.39,0.44,2026-09-02,2021,N20,VIIRS,n,2.0NRT,289.04,2.32,N
23.76211,86.40564,303,0.39,0.44,2026-09-02,2021,N20,VIIRS,n,2.0NRT,288.27,1.76,N
23.76282,86.40197,325.48,0.39,0.44,2026-09-02,2021,N20,VIIRS,n,2.0NRT,289.28,1.76,N
23.76354,86.39828,306.61,0.39,0.44,2026-09-02,2021,N20,VIIRS,n,2.0NRT,288.49,1.45,N
23.76425,86.39459,305.18,0.38,0.44,2026-09-02,2021,N20,VIIRS,n,2.0NRT,288.97,1.45,N
23.76498,86.39088,302.84,0.38,0.44,2026-09-02,2021,N20,VIIRS,n,2.0NRT,288.14,2.05,N
23.76676,86.40286,312.11,0.39,0.44,2026-09-02,2021,N20,VIIRS,n,2.0NRT,288.95,1.76,N
23.77299,86.20249,303.04,0.56,0.43,2026-09-02,2021,N20,VIIRS,n,2.0NRT,288.91,3.5,N
23.77394,86.36584,305.7,0.38,0.43,2026-09-02,2021,N20,VIIRS,n,2.0NRT,288.5,1.97,N
23.77406,86.19703,311.24,0.56,0.43,2026-09-02,2021,N20,VIIRS,n,2.0NRT,288.97,4.58,N
23.77466,86.36218,316.43,0.38,0.43,2026-09-02,2021,N20,VIIRS,n,2.0NRT,288.7,2.38,N
23.77585,86.20872,307.93,0.56,0.43,2026-09-02,2021,N20,VIIRS,n,2.0NRT,289.18,3.74,N
23.77753,86.38976,306.42,0.38,0.44,2026-09-02,2021,N20,VIIRS,n,2.0NRT,289.01,2.34,N
23.77825,86.38604,304.61,0.38,0.44,2026-09-02,2021,N20,VIIRS,n,2.0NRT,289.01,2.32,N
23.77976,86.20955,321.04,0.56,0.43,2026-09-02,2021,N20,VIIRS,n,2.0NRT,289.08,3.74,N
23.7811,86.37132,303.51,0.38,0.43,2026-09-02,2021,N20,VIIRS,n,2.0NRT,288.48,1.38,N
23.78148,86.39063,307.3,0.38,0.44,2026-09-02,2021,N20,VIIRS,n,2.0NRT,288.51,1.74,N
24.6637,74.63227,299.05,0.46,0.47,2026-09-02,2021,N20,VIIRS,n,2.0NRT,279.41,1.44,N
24.71521,75.95151,303.49,0.39,0.44,2026-09-02,2021,N20,VIIRS,n,2.0NRT,290.19,0.78,N
24.76503,74.60659,304.69,0.46,0.47,2026-09-02,2021,N20,VIIRS,n,2.0NRT,280.16,1.36,N
24.76607,74.60828,302.43,0.46,0.47,2026-09-02,2021,N20,VIIRS,n,2.0NRT,280.72,1.31,N
25.39161,68.57956,310.49,0.56,0.69,2026-09-02,2021,N20,VIIRS,n,2.0NRT,292.83,1.53,N
12.59921,77.88294,319.53,0.39,0.36,2026-09-02,2023,N20,VIIRS,n,2.0NRT,289.84,1.79,N
12.8508,79.90537,340.95,0.4,0.37,2026-09-02,2023,N20,VIIRS,n,2.0NRT,289.95,8.05,N
12.97479,77.43371,302.76,0.39,0.36,2026-09-02,2023,N20,VIIRS,n,2.0NRT,288.41,0.54,N
13.14871,77.53867,300.09,0.39,0.36,2026-09-02,2023,N20,VIIRS,n,2.0NRT,285.94,0.19,N
13.16177,80.28377,320.68,0.41,0.37,2026-09-02,2023,N20,VIIRS,n,2.0NRT,289.13,2.78,N
13.39351,80.07467,307,0.4,0.37,2026-09-02,2023,N20,VIIRS,n,2.0NRT,285.9,1.28,N
13.89774,76.56654,300.92,0.42,0.37,2026-09-02,2023,N20,VIIRS,n,2.0NRT,286.08,1.13,N
15.16989,76.38091,299.16,0.43,0.38,2026-09-02,2023,N20,VIIRS,n,2.0NRT,283.74,0.52,N
15.17381,76.69349,309.9,0.42,0.38,2026-09-02,2023,N20,VIIRS,n,2.0NRT,287.59,1.19,N
15.17427,76.7852,308.11,0.42,0.38,2026-09-02,2023,N20,VIIRS,n,2.0NRT,288.96,1.08,N
15.17558,76.6577,319.62,0.42,0.38,2026-09-02,2023,N20,VIIRS,n,2.0NRT,289.15,2.78,N
15.17616,76.65379,312.81,0.42,0.38,2026-09-02,2023,N20,VIIRS,n,2.0NRT,288.41,2.39,N
15.18017,76.67442,312.62,0.42,0.38,2026-09-02,2023,N20,VIIRS,n,2.0NRT,286.62,1.49,N
15.18134,76.6666,323.6,0.42,0.38,2026-09-02,2023,N20,VIIRS,n,2.0NRT,287.62,1.93,N
15.18363,76.67496,304.17,0.42,0.38,2026-09-02,2023,N20,VIIRS,n,2.0NRT,288.26,1.49,N
15.18421,76.67104,307.15,0.42,0.38,2026-09-02,2023,N20,VIIRS,n,2.0NRT,287.73,1.93,N
15.18708,76.67549,304.11,0.42,0.38,2026-09-02,2023,N20,VIIRS,n,2.0NRT,287.53,1,N
15.18766,76.67159,311.27,0.42,0.38,2026-09-02,2023,N20,VIIRS,n,2.0NRT,288.07,1.29,N
15.33635,76.27782,307.79,0.44,0.38,2026-09-02,2023,N20,VIIRS,n,2.0NRT,274.67,1.05,N
16.87073,80.02078,304.58,0.39,0.36,2026-09-02,2023,N20,VIIRS,n,2.0NRT,286.09,1.03,N
6.61014,81.25643,339.65,0.53,0.42,2026-09-02,2025,N20,VIIRS,n,2.0NRT,293.35,6.97,N
6.76897,81.00152,304.26,0.51,0.41,2026-09-02,2025,N20,VIIRS,n,2.0NRT,288.85,1.7,N
6.77281,81.00163,313.38,0.51,0.41,2026-09-02,2025,N20,VIIRS,n,2.0NRT,289.92,1.7,N
7.38751,81.18162,309.23,0.51,0.41,2026-09-02,2025,N20,VIIRS,n,2.0NRT,294.42,1.72,N
7.48117,81.08661,310.91,0.51,0.41,2026-09-02,2025,N20,VIIRS,n,2.0NRT,295.98,2.67,N
7.55779,81.30125,322.67,0.52,0.41,2026-09-02,2025,N20,VIIRS,n,2.0NRT,290.12,2.83,N
7.76223,80.32127,306.16,0.46,0.39,2026-09-02,2025,N20,VIIRS,n,2.0NRT,292.64,1.4,N
7.96767,81.29025,304.17,0.51,0.41,2026-09-02,2025,N20,VIIRS,n,2.0NRT,292.08,0.72,N
8.08287,80.78834,314.64,0.48,0.4,2026-09-02,2025,N20,VIIRS,n,2.0NRT,294.13,1.43,N
8.08652,80.78899,329.64,0.48,0.4,2026-09-02,2025,N20,VIIRS,n,2.0NRT,294.38,3.58,N
9.55316,77.52426,315.45,0.38,0.36,2026-09-02,2025,N20,VIIRS,n,2.0NRT,287.14,1.52,N
9.55372,77.52083,321.43,0.38,0.36,2026-09-02,2025,N20,VIIRS,n,2.0NRT,286.47,1.52,N
9.55482,77.5139,324.17,0.38,0.36,2026-09-02,2025,N20,VIIRS,n,2.0NRT,285.49,2.42,N
9.55811,77.51443,309.54,0.38,0.36,2026-09-02,2025,N20,VIIRS,n,2.0NRT,284.56,1.76,N
9.56086,77.51841,328.06,0.38,0.36,2026-09-02,2025,N20,VIIRS,n,2.0NRT,285.83,1.76,N
9.5614,77.53619,316.03,0.38,0.36,2026-09-02,2025,N20,VIIRS,n,2.0NRT,285.93,0.91,N
9.56195,77.53275,309.24,0.38,0.36,2026-09-02,2025,N20,VIIRS,n,2.0NRT,286.62,1.62,N
9.56415,77.51893,324.02,0.38,0.36,2026-09-02,2025,N20,VIIRS,n,2.0NRT,285.03,1.41,N
9.5647,77.53674,311.02,0.38,0.36,2026-09-02,2025,N20,VIIRS,n,2.0NRT,285.37,0.91,N
9.5669,77.52291,312.26,0.38,0.36,2026-09-02,2025,N20,VIIRS,n,2.0NRT,284.65,1.61,N
9.56744,77.51945,308.43,0.38,0.36,2026-09-02,2025,N20,VIIRS,n,2.0NRT,283.59,1.41,N
11.59177,77.26229,297.35,0.39,0.36,2026-09-02,2025,N20,VIIRS,n,2.0NRT,272.69,0.44,N
11.59508,77.26291,332.16,0.39,0.36,2026-09-02,2025,N20,VIIRS,n,2.0NRT,274.37,3.05,N
11.81183,77.92081,299.39,0.38,0.36,2026-09-02,2025,N20,VIIRS,n,2.0NRT,272.09,1.04,N
11.81568,77.91785,302.56,0.38,0.36,2026-09-02,2025,N20,VIIRS,n,2.0NRT,273.32,1.16,N
12.08651,77.05036,296.31,0.39,0.37,2026-09-02,2025,N20,VIIRS,n,2.0NRT,274.71,0.68,N
33.29502,71.18554,304.58,0.47,0.64,2026-09-02,2159,N20,VIIRS,n,2.0NRT,290.04,0.48,N
33.29527,71.18355,302.35,0.47,0.64,2026-09-02,2159,N20,VIIRS,n,2.0NRT,290.26,0.34,N
25.38761,68.58076,315.05,0.51,0.66,2026-09-02,2201,N20,VIIRS,n,2.0NRT,293.04,1.92,N
6.21886,80.84835,352.86,0.33,0.55,2026-09-03,729,N20,VIIRS,n,2.0NRT,294.52,12.97,D
6.21936,80.85124,367,0.33,0.55,2026-09-03,729,N20,VIIRS,h,2.0NRT,293.02,12.37,D
6.26443,81.08537,332.67,0.63,0.54,2026-09-03,729,N20,VIIRS,n,2.0NRT,295.69,6.89,D
6.8227,81.4789,340.14,0.58,0.52,2026-09-03,729,N20,VIIRS,n,2.0NRT,300.63,4.65,D
6.8228,81.47654,337.9,0.58,0.52,2026-09-03,729,N20,VIIRS,n,2.0NRT,299.54,4.03,D
6.92909,81.49213,334.14,0.57,0.52,2026-09-03,729,N20,VIIRS,n,2.0NRT,297.15,3.2,D
6.93327,81.49461,334.15,0.57,0.52,2026-09-03,729,N20,VIIRS,n,2.0NRT,294.88,5.26,D
7.0019,81.49043,331.99,0.57,0.52,2026-09-03,729,N20,VIIRS,n,2.0NRT,299.83,7.65,D
7.09881,81.30836,338.99,0.59,0.53,2026-09-03,729,N20,VIIRS,n,2.0NRT,296.24,6.88,D
7.13218,80.92467,338.65,0.62,0.54,2026-09-03,729,N20,VIIRS,n,2.0NRT,294.59,7.09,D
7.13368,80.92213,344.79,0.62,0.54,2026-09-03,729,N20,VIIRS,n,2.0NRT,296.2,13.75,D
7.13717,80.92435,332.22,0.62,0.54,2026-09-03,729,N20,VIIRS,n,2.0NRT,293.77,8.33,D
7.14319,81.56036,331.83,0.56,0.52,2026-09-03,729,N20,VIIRS,n,2.0NRT,300.45,3.38,D
7.21505,81.83522,341.64,0.54,0.51,2026-09-03,729,N20,VIIRS,n,2.0NRT,298.25,3.23,D
7.30715,81.8511,330.92,0.53,0.5,2026-09-03,729,N20,VIIRS,n,2.0NRT,300.1,3.47,D
7.30812,81.85378,330.62,0.53,0.5,2026-09-03,729,N20,VIIRS,n,2.0NRT,299.5,4.9,D
7.36392,81.54081,330.09,0.56,0.51,2026-09-03,729,N20,VIIRS,n,2.0NRT,292.77,6.1,D
7.36477,81.10838,331.17,0.6,0.53,2026-09-03,729,N20,VIIRS,l,2.0NRT,302.27,7.86,D
7.36666,81.54342,337.55,0.56,0.51,2026-09-03,729,N20,VIIRS,n,2.0NRT,292.88,7.58,D
7.37235,81.60337,337.78,0.55,0.51,2026-09-03,729,N20,VIIRS,n,2.0NRT,297.77,7.97,D
7.37384,81.60008,337.83,0.55,0.51,2026-09-03,729,N20,VIIRS,n,2.0NRT,297.07,6.02,D
7.38198,81.81867,335.02,0.54,0.5,2026-09-03,729,N20,VIIRS,n,2.0NRT,298.19,4.29,D
7.40801,81.64283,337.1,0.55,0.51,2026-09-03,729,N20,VIIRS,n,2.0NRT,297.23,3.69,D
7.44196,81.56097,340.72,0.56,0.51,2026-09-03,729,N20,VIIRS,n,2.0NRT,295.36,10.29,D
7.4489,81.31174,331.01,0.58,0.52,2026-09-03,729,N20,VIIRS,n,2.0NRT,295.67,10.37,D
7.44981,81.31694,337.83,0.58,0.52,2026-09-03,729,N20,VIIRS,n,2.0NRT,297.09,9.76,D
7.45927,81.3151,334.62,0.58,0.52,2026-09-03,729,N20,VIIRS,n,2.0NRT,296.14,7.11,D
7.46132,81.61855,331.29,0.55,0.51,2026-09-03,729,N20,VIIRS,n,2.0NRT,297.01,5.54,D
7.52379,81.09198,332.6,0.6,0.53,2026-09-03,729,N20,VIIRS,l,2.0NRT,304.6,17.96,D
7.55572,81.30218,331.63,0.58,0.52,2026-09-03,729,N20,VIIRS,n,2.0NRT,301.33,5.41,D
7.62007,80.96745,331.9,0.61,0.53,2026-09-03,729,N20,VIIRS,n,2.0NRT,295.1,5.49,D
7.68068,81.63508,337.95,0.54,0.51,2026-09-03,729,N20,VIIRS,n,2.0NRT,299.27,4.17,D
7.6815,80.17891,333.59,0.34,0.56,2026-09-03,729,N20,VIIRS,n,2.0NRT,293.96,4.12,D
7.73792,81.0778,333.06,0.59,0.53,2026-09-03,729,N20,VIIRS,n,2.0NRT,297.9,8.03,D
7.88585,80.66019,331.07,0.63,0.54,2026-09-03,729,N20,VIIRS,n,2.0NRT,294.29,4.49,D
7.96085,79.96597,333.06,0.35,0.57,2026-09-03,729,N20,VIIRS,n,2.0NRT,291.73,2.68,D
8.10204,80.72932,335.97,0.62,0.54,2026-09-03,729,N20,VIIRS,n,2.0NRT,296.4,9.87,D
8.10524,80.73309,337.22,0.62,0.54,2026-09-03,729,N20,VIIRS,n,2.0NRT,296.45,8.29,D
8.19926,81.06908,341.79,0.58,0.52,2026-09-03,729,N20,VIIRS,n,2.0NRT,296.96,15.8,D
8.24832,80.14695,348.24,0.34,0.56,2026-09-03,729,N20,VIIRS,n,2.0NRT,295.76,6.75,D
8.26462,80.15033,342.57,0.34,0.56,2026-09-03,729,N20,VIIRS,n,2.0NRT,294.66,6.57,D
8.28586,80.21172,336.6,0.33,0.55,2026-09-03,729,N20,VIIRS,n,2.0NRT,294.11,3.29,D
8.30271,80.59719,339.21,0.63,0.54,2026-09-03,729,N20,VIIRS,n,2.0NRT,295.97,6.62,D
8.30449,80.19914,332.88,0.33,0.56,2026-09-03,729,N20,VIIRS,n,2.0NRT,295.86,2.36,D
8.33746,81.01548,353.3,0.59,0.52,2026-09-03,729,N20,VIIRS,n,2.0NRT,298.04,10.77,D
8.36755,81.04775,332.21,0.58,0.52,2026-09-03,729,N20,VIIRS,n,2.0NRT,297.17,10.25,D
8.44509,81.09625,341.54,0.58,0.52,2026-09-03,729,N20,VIIRS,n,2.0NRT,296.34,3.59,D
8.34383,80.22264,350.25,0.33,0.55,2026-09-03,731,N20,VIIRS,n,2.0NRT,297.31,10.95,D
8.34437,80.22562,342.36,0.33,0.55,2026-09-03,731,N20,VIIRS,n,2.0NRT,295.88,10.95,D
8.35971,80.2533,335.5,0.33,0.55,2026-09-03,731,N20,VIIRS,n,2.0NRT,294.26,2.35,D
8.41501,80.3905,367,0.32,0.55,2026-09-03,731,N20,VIIRS,h,2.0NRT,295.38,8.63,D
8.46256,80.36608,333.5,0.32,0.55,2026-09-03,731,N20,VIIRS,n,2.0NRT,295.22,3.73,D
8.49436,77.96617,330.46,0.47,0.64,2026-09-03,731,N20,VIIRS,n,2.0NRT,294.43,3.34,D
8.51105,80.40782,331.08,0.32,0.55,2026-09-03,731,N20,VIIRS,n,2.0NRT,295.65,3.29,D
8.52967,80.84583,335.62,0.6,0.53,2026-09-03,731,N20,VIIRS,n,2.0NRT,296.99,5.39,D
8.53348,80.84363,336.45,0.6,0.53,2026-09-03,731,N20,VIIRS,n,2.0NRT,293.62,9.06,D
8.58942,80.82306,334.19,0.6,0.53,2026-09-03,731,N20,VIIRS,n,2.0NRT,296.24,6.13,D
8.6308,80.4159,333.51,0.64,0.54,2026-09-03,731,N20,VIIRS,n,2.0NRT,296.55,2.74,D
8.72508,80.47949,344.74,0.63,0.54,2026-09-03,731,N20,VIIRS,n,2.0NRT,296.91,15.27,D
8.79795,80.4024,343.66,0.63,0.54,2026-09-03,731,N20,VIIRS,n,2.0NRT,297.73,12.78,D
8.79975,80.40611,331.81,0.63,0.54,2026-09-03,731,N20,VIIRS,n,2.0NRT,294.91,8.46,D
8.86345,78.08493,338.14,0.46,0.63,2026-09-03,731,N20,VIIRS,n,2.0NRT,294.83,2.28,D
8.9091,80.35435,339.55,0.63,0.54,2026-09-03,731,N20,VIIRS,n,2.0NRT,293.47,6.05,D
8.94823,80.79115,333.54,0.59,0.53,2026-09-03,731,N20,VIIRS,n,2.0NRT,294.69,4.58,D
8.995,78.11643,341.06,0.45,0.63,2026-09-03,731,N20,VIIRS,n,2.0NRT,295.85,3.27,D
9.13227,80.27708,340.2,0.32,0.54,2026-09-03,731,N20,VIIRS,n,2.0NRT,293.4,4,D
9.20978,80.65526,338.21,0.6,0.53,2026-09-03,731,N20,VIIRS,n,2.0NRT,293.49,6.78,D
9.22214,80.69701,335.77,0.59,0.53,2026-09-03,731,N20,VIIRS,n,2.0NRT,294.27,8.65,D
9.40467,80.27582,344.59,0.63,0.54,2026-09-03,731,N20,VIIRS,n,2.0NRT,294.97,7.92,D
9.40643,80.27791,342.51,0.63,0.54,2026-09-03,731,N20,VIIRS,n,2.0NRT,294.9,11.41,D
9.40674,80.45943,337.9,0.61,0.54,2026-09-03,731,N20,VIIRS,n,2.0NRT,297.06,8.78,D
9.42708,80.41814,332.15,0.61,0.54,2026-09-03,731,N20,VIIRS,n,2.0NRT,296.59,8.81,D
9.43313,80.38053,343.61,0.62,0.54,2026-09-03,731,N20,VIIRS,n,2.0NRT,296.41,8.46,D
9.43566,80.38232,342.04,0.62,0.54,2026-09-03,731,N20,VIIRS,n,2.0NRT,296.09,3.98,D
9.45518,80.50696,344.57,0.61,0.53,2026-09-03,731,N20,VIIRS,n,2.0NRT,295.11,8.3,D
9.4573,80.46156,331.23,0.61,0.53,2026-09-03,731,N20,VIIRS,n,2.0NRT,295.35,5.33,D
9.65053,78.06663,343.52,0.44,0.63,2026-09-03,731,N20,VIIRS,n,2.0NRT,295.22,5.67,D
9.65259,78.06654,335.92,0.44,0.62,2026-09-03,731,N20,VIIRS,n,2.0NRT,294.43,6.03,D
9.7496,78.01988,342.77,0.44,0.63,2026-09-03,731,N20,VIIRS,n,2.0NRT,297.86,9.94,D
9.75129,78.01684,343.09,0.44,0.63,2026-09-03,731,N20,VIIRS,n,2.0NRT,297.06,10.6,D
10.49617,79.46641,343.03,0.34,0.56,2026-09-03,731,N20,VIIRS,n,2.0NRT,298.62,3.94,D
12.44623,79.14983,338.77,0.33,0.55,2026-09-03,731,N20,VIIRS,n,2.0NRT,293.75,3.06,D
12.74508,78.65624,335.06,0.35,0.57,2026-09-03,731,N20,VIIRS,n,2.0NRT,292.08,4.03,D
14.10816,77.59407,330.93,0.39,0.6,2026-09-03,731,N20,VIIRS,n,2.0NRT,285.44,3.39,D
21.10291,72.64852,334.62,0.6,0.7,2026-09-03,733,N20,VIIRS,n,2.0NRT,288.64,9.08,D
21.16354,72.67133,338.1,0.59,0.7,2026-09-03,733,N20,VIIRS,n,2.0NRT,287.54,5.44,D
22.36557,87.30296,343.37,0.41,0.37,2026-09-03,733,N20,VIIRS,n,2.0NRT,298.96,9.64,D
23.66255,87.15377,330.63,0.41,0.37,2026-09-03,733,N20,VIIRS,n,2.0NRT,292.84,3.12,D
23.77443,86.36435,340.16,0.4,0.37,2026-09-03,733,N20,VIIRS,n,2.0NRT,296.49,4.56,D
23.77833,86.3914,333.93,0.4,0.37,2026-09-03,733,N20,VIIRS,n,2.0NRT,296.63,5.61,D
23.78466,85.55476,332.14,0.39,0.36,2026-09-03,733,N20,VIIRS,n,2.0NRT,294.27,2.83,D
23.78796,85.55418,332.27,0.39,0.36,2026-09-03,733,N20,VIIRS,n,2.0NRT,293.58,2.83,D
27.9844,95.93944,348.14,0.48,0.65,2026-09-03,735,N20,VIIRS,n,2.0NRT,289.43,7.85,D
28.80634,71.15429,367,0.49,0.65,2026-09-03,737,N20,VIIRS,h,2.0NRT,298.39,11.08,D
29.90034,70.05103,335.7,0.54,0.68,2026-09-03,737,N20,VIIRS,n,2.0NRT,294.28,2.92,D
31.36748,72.16143,330.66,0.37,0.58,2026-09-03,737,N20,VIIRS,n,2.0NRT,295.8,2.41,D
31.98055,72.40473,337.52,0.35,0.57,2026-09-03,737,N20,VIIRS,n,2.0NRT,296.96,3.05,D
31.98557,72.40307,331.06,0.35,0.57,2026-09-03,737,N20,VIIRS,n,2.0NRT,296.49,2.79,D
35.70685,73.66389,339.6,0.49,0.48,2026-09-03,737,N20,VIIRS,n,2.0NRT,297.67,8,D
21.16206,72.674,341.15,0.56,0.68,2026-09-03,915,N20,VIIRS,n,2.0NRT,289,6.29,D
25.38581,68.58442,330.2,0.34,0.56,2026-09-03,915,N20,VIIRS,n,2.0NRT,297.74,1.58,D
25.67347,68.72453,330.05,0.35,0.57,2026-09-03,915,N20,VIIRS,n,2.0NRT,298.81,1.64,D
23.58009,86.72656,308.13,0.39,0.36,2026-09-03,2002,N20,VIIRS,n,2.0NRT,290.15,1.11,N
23.5834,86.7272,310.78,0.39,0.36,2026-09-03,2002,N20,VIIRS,n,2.0NRT,290.67,1.11,N
23.60976,85.67492,309.37,0.38,0.36,2026-09-03,2002,N20,VIIRS,n,2.0NRT,289.81,0.81,N
23.6138,86.7917,311.92,0.39,0.36,2026-09-03,2002,N20,VIIRS,n,2.0NRT,290.77,1.37,N
23.61443,86.78787,309.85,0.39,0.36,2026-09-03,2002,N20,VIIRS,n,2.0NRT,290.27,1.32,N
23.64655,85.43964,323.37,0.38,0.36,2026-09-03,2002,N20,VIIRS,n,2.0NRT,287.38,2.11,N
23.64714,85.43591,312.95,0.38,0.36,2026-09-03,2002,N20,VIIRS,n,2.0NRT,287.65,1.38,N
23.65043,85.43652,320.82,0.38,0.36,2026-09-03,2002,N20,VIIRS,n,2.0NRT,287.97,1.64,N
23.65641,85.50684,310.37,0.38,0.36,2026-09-03,2002,N20,VIIRS,n,2.0NRT,287.69,0.98,N
23.66284,87.15459,323.26,0.4,0.37,2026-09-03,2002,N20,VIIRS,n,2.0NRT,289.29,3.1,N
23.66344,84.99948,306.55,0.39,0.36,2026-09-03,2002,N20,VIIRS,n,2.0NRT,287.33,0.92,N
23.66433,86.91784,306.56,0.39,0.36,2026-09-03,2002,N20,VIIRS,n,2.0NRT,289.42,1.07,N
23.66554,87.1591,308.6,0.4,0.37,2026-09-03,2002,N20,VIIRS,n,2.0NRT,288.27,0.9,N
23.66618,87.15525,304.39,0.4,0.37,2026-09-03,2002,N20,VIIRS,n,2.0NRT,287.89,0.9,N
23.66732,84.99632,303.53,0.39,0.36,2026-09-03,2002,N20,VIIRS,n,2.0NRT,287.06,0.92,N
23.67437,86.3989,303.78,0.39,0.36,2026-09-03,2002,N20,VIIRS,n,2.0NRT,288.76,1.25,N
23.67766,86.39953,312.42,0.39,0.36,2026-09-03,2002,N20,VIIRS,n,2.0NRT,287.22,1.25,N
23.67827,86.39577,306.12,0.39,0.36,2026-09-03,2002,N20,VIIRS,n,2.0NRT,284.6,0.87,N
23.67887,86.39201,304.49,0.39,0.36,2026-09-03,2002,N20,VIIRS,n,2.0NRT,286.75,0.87,N
23.68316,87.13036,310.17,0.4,0.37,2026-09-03,2002,N20,VIIRS,n,2.0NRT,289.84,1.98,N
23.68547,86.39327,327.45,0.39,0.36,2026-09-03,2002,N20,VIIRS,n,2.0NRT,290.2,4.04,N
23.68607,86.38953,306.72,0.39,0.36,2026-09-03,2002,N20,VIIRS,n,2.0NRT,288.99,2.12,N
23.68842,87.11951,317.5,0.4,0.37,2026-09-03,2002,N20,VIIRS,n,2.0NRT,288.92,3.08,N
23.69164,87.1003,306.55,0.4,0.37,2026-09-03,2002,N20,VIIRS,n,2.0NRT,288.71,1.63,N
23.69175,87.12016,305.18,0.4,0.37,2026-09-03,2002,N20,VIIRS,n,2.0NRT,288.61,1.08,N
23.6924,87.11631,305.7,0.4,0.37,2026-09-03,2002,N20,VIIRS,n,2.0NRT,288.48,1.93,N
23.69433,87.10479,306.35,0.4,0.37,2026-09-03,2002,N20,VIIRS,n,2.0NRT,288.75,1.14,N
23.69442,85.37145,311.67,0.39,0.36,2026-09-03,2002,N20,VIIRS,n,2.0NRT,289.11,1.11,N
23.69444,87.12463,308.89,0.4,0.37,2026-09-03,2002,N20,VIIRS,n,2.0NRT,288.97,1.08,N
23.69508,87.1208,310.26,0.4,0.37,2026-09-03,2002,N20,VIIRS,n,2.0NRT,289.5,1.08,N
23.6953,86.07877,302.86,0.38,0.36,2026-09-03,2002,N20,VIIRS,n,2.0NRT,280.9,0.53,N
23.69626,87.09328,312.84,0.4,0.37,2026-09-03,2002,N20,VIIRS,n,2.0NRT,288.89,1.31,N
23.69672,85.29093,307.13,0.39,0.36,2026-09-03,2002,N20,VIIRS,n,2.0NRT,287.56,0.87,N
23.69674,85.35646,304.52,0.39,0.36,2026-09-03,2002,N20,VIIRS,n,2.0NRT,288.92,0.59,N
23.6973,85.28718,306.02,0.39,0.36,2026-09-03,2002,N20,VIIRS,n,2.0NRT,287.62,0.87,N
23.69766,87.10545,306.8,0.4,0.37,2026-09-03,2002,N20,VIIRS,n,2.0NRT,288.38,1.14,N
23.69829,85.36831,310.07,0.39,0.36,2026-09-03,2002,N20,VIIRS,n,2.0NRT,288.84,1.17,N
23.70932,85.42812,303.85,0.38,0.36,2026-09-03,2002,N20,VIIRS,n,2.0NRT,288.25,0.45,N
23.71023,86.45091,306.45,0.39,0.36,2026-09-03,2002,N20,VIIRS,n,2.0NRT,290.01,1.04,N
23.71049,85.2896,302.26,0.39,0.36,2026-09-03,2002,N20,VIIRS,n,2.0NRT,286.67,0.48,N
23.71084,86.44715,322.03,0.39,0.36,2026-09-03,2002,N20,VIIRS,n,2.0NRT,290.78,2.49,N
23.71121,86.424,305.78,0.39,0.36,2026-09-03,2002,N20,VIIRS,n,2.0NRT,289.23,1.27,N
23.71353,86.45154,330.73,0.39,0.36,2026-09-03,2002,N20,VIIRS,n,2.0NRT,291.4,2.89,N
23.71511,86.42087,306.05,0.39,0.36,2026-09-03,2002,N20,VIIRS,n,2.0NRT,289.26,1.27,N
23.71841,86.4215,305.64,0.39,0.36,2026-09-03,2002,N20,VIIRS,n,2.0NRT,289.83,1.67,N
23.71866,86.4409,314.11,0.39,0.36,2026-09-03,2002,N20,VIIRS,n,2.0NRT,289.64,1.28,N
23.71965,85.0089,304.95,0.39,0.36,2026-09-03,2002,N20,VIIRS,n,2.0NRT,285.67,0.69,N
23.72257,86.43778,308.92,0.39,0.36,2026-09-03,2002,N20,VIIRS,n,2.0NRT,289.46,2.16,N
23.725,86.42276,313.03,0.39,0.36,2026-09-03,2002,N20,VIIRS,n,2.0NRT,290.96,1.75,N
23.7255,85.52321,301.47,0.38,0.36,2026-09-03,2002,N20,VIIRS,n,2.0NRT,284.53,0.25,N
23.73697,86.43278,341.06,0.39,0.36,2026-09-03,2002,N20,VIIRS,n,2.0NRT,292.07,3.28,N
23.73758,86.42902,312.53,0.39,0.36,2026-09-03,2002,N20,VIIRS,n,2.0NRT,289.72,1.41,N
23.74007,85.00873,317.46,0.39,0.36,2026-09-03,2002,N20,VIIRS,n,2.0NRT,289.71,2.7,N
23.74027,86.43341,309.02,0.39,0.36,2026-09-03,2002,N20,VIIRS,n,2.0NRT,290.24,3.28,N
23.74545,85.50378,301.96,0.38,0.36,2026-09-03,2002,N20,VIIRS,n,2.0NRT,283.79,0.59,N
23.7532,86.41651,307.79,0.39,0.36,2026-09-03,2002,N20,VIIRS,n,2.0NRT,288.53,1.06,N
23.75456,85.85532,309.18,0.38,0.36,2026-09-03,2002,N20,VIIRS,n,2.0NRT,286.4,0.89,N
23.75515,85.85158,308.36,0.38,0.36,2026-09-03,2002,N20,VIIRS,n,2.0NRT,286.21,0.89,N
23.75785,85.85593,305.14,0.38,0.36,2026-09-03,2002,N20,VIIRS,n,2.0NRT,286.38,0.89,N
23.75844,85.8522,310.78,0.38,0.36,2026-09-03,2002,N20,VIIRS,n,2.0NRT,286.15,0.89,N
23.75893,86.40212,302.01,0.39,0.36,2026-09-03,2002,N20,VIIRS,n,2.0NRT,284.55,0.96,N
23.76222,86.40276,308.28,0.39,0.36,2026-09-03,2002,N20,VIIRS,n,2.0NRT,285.25,1.1,N
23.76552,86.40339,312.99,0.39,0.36,2026-09-03,2002,N20,VIIRS,n,2.0NRT,286.42,1.1,N
23.76881,86.40401,303.73,0.39,0.36,2026-09-03,2002,N20,VIIRS,n,2.0NRT,286.4,0.93,N
23.77119,86.19974,304.78,0.38,0.36,2026-09-03,2002,N20,VIIRS,n,2.0NRT,286.55,0.99,N
23.77179,86.196,308.84,0.38,0.36,2026-09-03,2002,N20,VIIRS,n,2.0NRT,286.19,1.67,N
23.77548,86.36273,301.78,0.39,0.36,2026-09-03,2002,N20,VIIRS,n,2.0NRT,279.86,0.87,N
23.77783,86.39025,303.92,0.39,0.36,2026-09-03,2002,N20,VIIRS,n,2.0NRT,286.71,1.05,N
23.77986,86.20908,318.46,0.39,0.36,2026-09-03,2002,N20,VIIRS,n,2.0NRT,288.61,2.21,N
23.78113,86.39088,309.56,0.39,0.36,2026-09-03,2002,N20,VIIRS,n,2.0NRT,287.67,1.05,N
23.78161,85.57585,304.27,0.38,0.36,2026-09-03,2002,N20,VIIRS,n,2.0NRT,284.23,1.39,N
23.78512,85.55343,308.22,0.38,0.36,2026-09-03,2002,N20,VIIRS,n,2.0NRT,282.57,0.94,N
23.78841,85.55404,308.98,0.38,0.36,2026-09-03,2002,N20,VIIRS,n,2.0NRT,283.02,1.41,N
23.79767,86.3515,314.18,0.39,0.36,2026-09-03,2002,N20,VIIRS,n,2.0NRT,286.72,1.82,N
23.80129,86.32899,305.52,0.39,0.36,2026-09-03,2002,N20,VIIRS,n,2.0NRT,285.86,2.12,N
23.80459,86.32961,328.48,0.39,0.36,2026-09-03,2002,N20,VIIRS,n,2.0NRT,287.27,2.12,N
23.81538,86.57941,309.89,0.39,0.36,2026-09-03,2002,N20,VIIRS,n,2.0NRT,288.82,0.58,N
23.82409,85.49904,302.51,0.38,0.36,2026-09-03,2002,N20,VIIRS,n,2.0NRT,284.53,0.92,N
23.82467,85.49529,302.86,0.38,0.36,2026-09-03,2002,N20,VIIRS,n,2.0NRT,285.02,0.92,N
23.82555,84.93825,303.94,0.39,0.36,2026-09-03,2002,N20,VIIRS,n,2.0NRT,288.67,0.5,N
23.84097,84.94881,303.34,0.39,0.36,2026-09-03,2002,N20,VIIRS,n,2.0NRT,288.05,0.55,N
23.84145,86.50287,303.98,0.39,0.36,2026-09-03,2002,N20,VIIRS,n,2.0NRT,287.52,0.52,N
23.85833,86.33572,309.39,0.39,0.36,2026-09-03,2002,N20,VIIRS,n,2.0NRT,285.49,0.5,N
24.11708,86.85863,316.11,0.39,0.36,2026-09-03,2002,N20,VIIRS,n,2.0NRT,288.72,1.12,N
24.11976,86.86308,311.02,0.39,0.36,2026-09-03,2002,N20,VIIRS,n,2.0NRT,288.39,1.25,N
25.94085,72.18671,305.68,0.67,0.74,2026-09-03,2002,N20,VIIRS,n,2.0NRT,288.86,2,N
26.52291,90.5325,328.03,0.49,0.4,2026-09-03,2002,N20,VIIRS,n,2.0NRT,288.83,5.79,N
26.7609,83.19978,308.37,0.46,0.39,2026-09-03,2002,N20,VIIRS,n,2.0NRT,290.5,3.62,N
28.71685,76.8332,299.98,0.37,0.58,2026-09-03,2002,N20,VIIRS,n,2.0NRT,274.6,1.13,N
28.74499,76.92669,296.37,0.36,0.58,2026-09-03,2002,N20,VIIRS,n,2.0NRT,279.34,2.1,N
29.47446,76.85703,309.14,0.37,0.58,2026-09-03,2002,N20,VIIRS,n,2.0NRT,288.99,5.44,N
29.47475,76.85314,367,0.37,0.58,2026-09-03,2002,N20,VIIRS,h,2.0NRT,288.75,8.36,N
29.47725,76.85763,310.55,0.37,0.58,2026-09-03,2002,N20,VIIRS,n,2.0NRT,289.14,6.79,N
29.47757,76.85374,367,0.37,0.58,2026-09-03,2002,N20,VIIRS,h,2.0NRT,288.83,9.46,N
29.48014,76.85374,305.02,0.37,0.58,2026-09-03,2002,N20,VIIRS,n,2.0NRT,288.34,0.73,N
29.91007,74.94244,304.52,0.49,0.65,2026-09-03,2002,N20,VIIRS,n,2.0NRT,290.73,1.02,N
29.91132,74.94312,306.14,0.49,0.65,2026-09-03,2002,N20,VIIRS,n,2.0NRT,290.62,0.8,N
16.87099,80.02061,306.16,0.51,0.41,2026-09-03,2004,N20,VIIRS,n,2.0NRT,289.8,2.28,N
17.35811,76.87943,303.69,0.54,0.5,2026-09-03,2004,N20,VIIRS,n,2.0NRT,284.78,1.05,N
17.59818,83.19147,307.48,0.39,0.36,2026-09-03,2004,N20,VIIRS,n,2.0NRT,292.02,1.29,N
17.60372,83.19993,309.65,0.39,0.36,2026-09-03,2004,N20,VIIRS,n,2.0NRT,292.61,1.9,N
17.60705,83.20048,314.98,0.39,0.36,2026-09-03,2004,N20,VIIRS,n,2.0NRT,292.67,2.31,N
17.60983,83.20471,326.65,0.39,0.36,2026-09-03,2004,N20,VIIRS,n,2.0NRT,293.72,2.31,N
17.69188,83.24426,318.58,0.39,0.36,2026-09-03,2004,N20,VIIRS,n,2.0NRT,292.24,1.77,N
17.96308,83.15963,306.04,0.39,0.37,2026-09-03,2004,N20,VIIRS,n,2.0NRT,290.97,1.55,N
9.54893,77.52233,328.06,0.38,0.43,2026-09-03,2006,N20,VIIRS,n,2.0NRT,290.34,3,N
9.54934,77.51951,315.78,0.38,0.43,2026-09-03,2006,N20,VIIRS,n,2.0NRT,289.25,2.15,N
9.55857,77.51196,300.32,0.38,0.43,2026-09-03,2006,N20,VIIRS,n,2.0NRT,286.95,0.19,N
9.73645,77.55113,310.68,0.38,0.43,2026-09-03,2006,N20,VIIRS,n,2.0NRT,291.78,1.08,N
10.61815,77.42112,308.73,0.4,0.44,2026-09-03,2006,N20,VIIRS,n,2.0NRT,291.53,0.77,N
11.17709,79.08981,308.03,0.49,0.4,2026-09-03,2006,N20,VIIRS,n,2.0NRT,292.77,0.88,N
13.412,78.25958,303.36,0.39,0.44,2026-09-03,2006,N20,VIIRS,n,2.0NRT,288.87,0.43,N
15.02147,78.0108,299.92,0.42,0.45,2026-09-03,2006,N20,VIIRS,n,2.0NRT,279.86,1.15,N
15.02509,78.01545,308.47,0.42,0.45,2026-09-03,2006,N20,VIIRS,n,2.0NRT,282.53,1.15,N
15.06992,76.86325,298.07,0.5,0.49,2026-09-03,2006,N20,VIIRS,n,2.0NRT,280.71,1.13,N
15.13724,76.70645,303.86,0.51,0.5,2026-09-03,2006,N20,VIIRS,n,2.0NRT,287.7,0.62,N
15.17367,76.78399,303.2,0.51,0.49,2026-09-03,2006,N20,VIIRS,n,2.0NRT,288.63,1.27,N
15.17583,76.65791,312.3,0.52,0.5,2026-09-03,2006,N20,VIIRS,n,2.0NRT,284.12,3.54,N
15.17644,76.6531,311.26,0.52,0.5,2026-09-03,2006,N20,VIIRS,n,2.0NRT,279.38,2.15,N
15.17711,77.10126,300.53,0.48,0.48,2026-09-03,2006,N20,VIIRS,n,2.0NRT,273.71,0.93,N
15.18254,76.67829,306.64,0.52,0.5,2026-09-03,2006,N20,VIIRS,n,2.0NRT,286.46,2.6,N
15.18315,76.67349,309.9,0.52,0.5,2026-09-03,2006,N20,VIIRS,n,2.0NRT,286.21,3.3,N
15.18376,76.66869,317.37,0.52,0.5,2026-09-03,2006,N20,VIIRS,n,2.0NRT,285.48,3.3,N
15.18437,76.66389,316.88,0.52,0.5,2026-09-03,2006,N20,VIIRS,n,2.0NRT,282.7,4.2,N
15.22415,76.75953,308.39,0.51,0.49,2026-09-03,2006,N20,VIIRS,n,2.0NRT,288.75,1.9,N
15.2287,76.76014,318.43,0.51,0.49,2026-09-03,2006,N20,VIIRS,n,2.0NRT,288.89,1.69,N
6.81165,81.62,316.81,0.38,0.36,2026-09-03,2008,N20,VIIRS,n,2.0NRT,291.98,0.8,N
6.81495,81.62053,305.42,0.38,0.36,2026-09-03,2008,N20,VIIRS,n,2.0NRT,291.81,0.8,N
6.81549,81.61707,309.32,0.38,0.36,2026-09-03,2008,N20,VIIRS,n,2.0NRT,291.96,1.05,N
6.82885,81.33916,322.19,0.39,0.36,2026-09-03,2008,N20,VIIRS,n,2.0NRT,291.47,2.22,N
6.8327,81.33623,310.17,0.39,0.36,2026-09-03,2008,N20,VIIRS,n,2.0NRT,290.64,0.89,N
7.38341,80.83238,302.19,0.39,0.36,2026-09-03,2008,N20,VIIRS,n,2.0NRT,290.07,0.95,N
8.26514,80.19796,315.75,0.41,0.37,2026-09-03,2008,N20,VIIRS,n,2.0NRT,292.56,2.41,N
8.26856,80.19849,324.56,0.41,0.37,2026-09-03,2008,N20,VIIRS,n,2.0NRT,292.67,2.07,N
8.29983,81.0357,306.92,0.39,0.36,2026-09-03,2008,N20,VIIRS,n,2.0NRT,293.59,0.73,N
8.57341,80.40363,308.8,0.41,0.37,2026-09-03,2008,N20,VIIRS,n,2.0NRT,293.07,1.53,N
8.62789,80.36659,306.31,0.41,0.37,2026-09-03,2008,N20,VIIRS,n,2.0NRT,293.07,1.72,N
8.75604,80.98608,313.55,0.4,0.37,2026-09-03,2008,N20,VIIRS,n,2.0NRT,293.68,1.08,N
32.64611,72.97604,305,0.33,0.55,2026-09-03,2140,N20,VIIRS,n,2.0NRT,291.71,1.06,N
32.72236,72.92319,303.06,0.33,0.55,2026-09-03,2140,N20,VIIRS,n,2.0NRT,290.92,0.9,N
32.88735,71.617,307.21,0.55,0.51,2026-09-03,2140,N20,VIIRS,n,2.0NRT,292.08,3.17,N
33.29866,71.1848,308.47,0.51,0.49,2026-09-03,2140,N20,VIIRS,n,2.0NRT,290.62,1,N
25.94266,72.1937,315.55,0.43,0.62,2026-09-03,2142,N20,VIIRS,n,2.0NRT,292.06,1.66,N
25.94423,72.19559,310.82,0.43,0.62,2026-09-03,2142,N20,VIIRS,n,2.0NRT,292.21,1.92,N
28.42469,69.70127,308.89,0.53,0.5,2026-09-03,2142,N20,VIIRS,n,2.0NRT,295.49,1.58,N
29.47193,76.86103,313.99,0.66,0.73,2026-09-03,2142,N20,VIIRS,n,2.0NRT,287.4,3.16,N
29.47375,76.85448,316.52,0.66,0.73,2026-09-03,2142,N20,VIIRS,n,2.0NRT,287.5,3.16,N
29.47733,76.8575,334.66,0.66,0.73,2026-09-03,2142,N20,VIIRS,n,2.0NRT,288.13,5.4,N
29.90804,74.94972,304.42,0.5,0.66,2026-09-03,2142,N20,VIIRS,n,2.0NRT,290.39,0.96,N
20.36032,72.94863,300.96,0.63,0.72,2026-09-03,2144,N20,VIIRS,n,2.0NRT,283.78,1.27,N
21.10505,72.65266,303.05,0.58,0.7,2026-09-03,2144,N20,VIIRS,n,2.0NRT,287.14,1.48,N
21.10634,72.64722,303.47,0.58,0.7,2026-09-03,2144,N20,VIIRS,n,2.0NRT,287.36,1.48,N
21.1091,72.64794,303.32,0.58,0.7,2026-09-03,2144,N20,VIIRS,n,2.0NRT,287.57,1.64,N
21.11042,72.64252,302.58,0.58,0.7,2026-09-03,2144,N20,VIIRS,n,2.0NRT,286.94,1.64,N
21.16396,72.66865,320.12,0.58,0.7,2026-09-03,2144,N20,VIIRS,n,2.0NRT,287.33,2.07,N
21.1702,72.67035,302.88,0.58,0.7,2026-09-03,2144,N20,VIIRS,n,2.0NRT,287.41,2.07,N
23.49735,68.57843,305.16,0.57,0.52,2026-09-03,2144,N20,VIIRS,n,2.0NRT,292.28,1.13,N
6.82668,81.33308,341.49,0.63,0.72,2026-09-04,712,N20,VIIRS,n,2.0NRT,286.42,2.93,D
6.82742,81.33201,333.12,0.63,0.72,2026-09-04,712,N20,VIIRS,n,2.0NRT,286.83,0.98,D
6.89503,81.66534,333.26,0.59,0.7,2026-09-04,712,N20,VIIRS,n,2.0NRT,292.05,15.69,D
6.896,81.67058,332.33,0.59,0.7,2026-09-04,712,N20,VIIRS,n,2.0NRT,290.92,9.7,D
7.16258,81.81094,334.7,0.57,0.69,2026-09-04,712,N20,VIIRS,n,2.0NRT,291.93,5.04,D
7.29266,81.13496,333.31,0.64,0.72,2026-09-04,712,N20,VIIRS,n,2.0NRT,287.45,7.34,D
7.29266,81.82796,344.67,0.57,0.69,2026-09-04,712,N20,VIIRS,n,2.0NRT,292.85,5.6,D
7.43091,81.71309,329.71,0.58,0.7,2026-09-04,712,N20,VIIRS,n,2.0NRT,291.99,6.07,D
7.43366,81.71141,333.44,0.58,0.69,2026-09-04,712,N20,VIIRS,n,2.0NRT,292.03,6.1,D
7.4607,81.24904,333.01,0.62,0.71,2026-09-04,712,N20,VIIRS,n,2.0NRT,289.91,3.69,D
7.49698,81.7366,332.32,0.57,0.69,2026-09-04,712,N20,VIIRS,n,2.0NRT,291.19,3.05,D
7.707,81.09916,334.77,0.63,0.72,2026-09-04,712,N20,VIIRS,n,2.0NRT,289.09,4.47,D
7.70815,81.10244,330.64,0.63,0.72,2026-09-04,712,N20,VIIRS,n,2.0NRT,290.08,3.81,D
8.01449,81.27029,338.06,0.6,0.71,2026-09-04,712,N20,VIIRS,n,2.0NRT,291.8,8.57,D
8.20375,81.32036,343.82,0.6,0.7,2026-09-04,712,N20,VIIRS,n,2.0NRT,292.64,10.19,D
8.20534,81.31903,340.42,0.59,0.7,2026-09-04,712,N20,VIIRS,n,2.0NRT,292.37,16.61,D
8.39582,81.08801,331.14,0.61,0.71,2026-09-04,712,N20,VIIRS,n,2.0NRT,289.84,8.45,D
8.40456,81.06378,334.76,0.61,0.71,2026-09-04,712,N20,VIIRS,n,2.0NRT,290.03,7.44,D
8.40722,80.73176,337.36,0.65,0.73,2026-09-04,712,N20,VIIRS,n,2.0NRT,289.44,7.11,D
8.54235,80.3744,337.36,0.68,0.74,2026-09-04,712,N20,VIIRS,n,2.0NRT,285.99,4.67,D
8.54459,80.37231,347.07,0.68,0.74,2026-09-04,712,N20,VIIRS,n,2.0NRT,288.58,6.86,D
8.54552,80.85181,330.25,0.63,0.72,2026-09-04,712,N20,VIIRS,n,2.0NRT,286.27,7.65,D
17.60935,82.68137,336.49,0.32,0.55,2026-09-04,714,N20,VIIRS,n,2.0NRT,292.41,4,D
20.88834,84.98114,329.15,0.4,0.44,2026-09-04,716,N20,VIIRS,n,2.0NRT,289.91,2.35,D
21.74705,83.8432,333.02,0.45,0.47,2026-09-04,716,N20,VIIRS,n,2.0NRT,290.19,7.19,D
23.69273,87.12243,331.45,0.43,0.38,2026-09-04,716,N20,VIIRS,l,2.0NRT,296.84,5.66,D
23.71243,86.45306,334.05,0.46,0.39,2026-09-04,716,N20,VIIRS,l,2.0NRT,295.19,6,D
26.99477,87.50374,337.89,0.4,0.37,2026-09-04,716,N20,VIIRS,n,2.0NRT,292.42,2.81,D
28.49703,97.02219,341.2,0.58,0.52,2026-09-04,716,N20,VIIRS,n,2.0NRT,295.59,7.02,D
28.49755,97.02412,338.75,0.58,0.52,2026-09-04,716,N20,VIIRS,n,2.0NRT,295.59,7.47,D
6.79195,81.54296,336.55,0.7,0.75,2026-09-04,852,N20,VIIRS,n,2.0NRT,290.25,8.57,D
6.79202,81.54022,340.2,0.7,0.75,2026-09-04,852,N20,VIIRS,n,2.0NRT,291.05,8.68,D
7.44237,81.24368,367,0.68,0.74,2026-09-04,852,N20,VIIRS,h,2.0NRT,290.17,39.68,D
7.70602,81.09903,330.59,0.67,0.74,2026-09-04,852,N20,VIIRS,n,2.0NRT,290.42,8.43,D
7.70872,79.86331,330.47,0.55,0.68,2026-09-04,852,N20,VIIRS,n,2.0NRT,289.36,3.61,D
7.71155,79.86526,331.96,0.55,0.68,2026-09-04,852,N20,VIIRS,n,2.0NRT,289.18,3.33,D
7.90929,80.56167,348.28,0.62,0.71,2026-09-04,852,N20,VIIRS,n,2.0NRT,288.83,14.95,D
7.91409,80.55795,353.42,0.62,0.71,2026-09-04,852,N20,VIIRS,n,2.0NRT,288.99,13.66,D
8.2301,80.60484,344.58,0.63,0.72,2026-09-04,852,N20,VIIRS,n,2.0NRT,288.6,7.86,D
8.23217,80.60614,334.29,0.63,0.72,2026-09-04,852,N20,VIIRS,n,2.0NRT,288.06,3.61,D
8.42327,77.67912,342.48,0.4,0.6,2026-09-04,852,N20,VIIRS,n,2.0NRT,292.17,3.6,D
8.42943,80.50793,335.1,0.62,0.72,2026-09-04,852,N20,VIIRS,n,2.0NRT,290.47,8.06,D
8.43013,80.51373,335.6,0.62,0.72,2026-09-04,852,N20,VIIRS,n,2.0NRT,287.16,8.06,D
8.4311,80.50901,344.77,0.62,0.72,2026-09-04,852,N20,VIIRS,n,2.0NRT,290.2,11.13,D
8.53678,77.81892,339.01,0.41,0.61,2026-09-04,852,N20,VIIRS,n,2.0NRT,295.86,5.15,D
8.53726,77.82267,367,0.41,0.61,2026-09-04,852,N20,VIIRS,h,2.0NRT,296.22,5.15,D
8.55636,80.87636,348.62,0.66,0.73,2026-09-04,852,N20,VIIRS,n,2.0NRT,290.02,11.72,D
8.56839,80.39928,336.02,0.62,0.71,2026-09-04,852,N20,VIIRS,n,2.0NRT,289.67,6.46,D
8.69493,80.86718,335.13,0.66,0.73,2026-09-04,852,N20,VIIRS,n,2.0NRT,289.98,7.3,D
8.69732,80.86606,339,0.67,0.73,2026-09-04,852,N20,VIIRS,n,2.0NRT,290.71,11.01,D
8.73432,77.86235,336.58,0.42,0.61,2026-09-04,852,N20,VIIRS,n,2.0NRT,294.95,1.87,D
8.83588,77.99625,330.84,0.43,0.62,2026-09-04,852,N20,VIIRS,n,2.0NRT,295.53,2.09,D
8.84148,77.70094,352.84,0.41,0.6,2026-09-04,852,N20,VIIRS,n,2.0NRT,300.24,8.48,D
8.84704,77.70026,350.85,0.41,0.6,2026-09-04,852,N20,VIIRS,n,2.0NRT,299.87,10.59,D
9.227,77.50995,333.23,0.4,0.6,2026-09-04,852,N20,VIIRS,n,2.0NRT,295.71,5.08,D
9.32813,77.77109,344.38,0.42,0.61,2026-09-04,852,N20,VIIRS,n,2.0NRT,296.84,2.23,D
9.40713,80.29379,340.05,0.62,0.72,2026-09-04,852,N20,VIIRS,n,2.0NRT,288.59,5.73,D
9.45251,80.50063,331.41,0.64,0.72,2026-09-04,852,N20,VIIRS,n,2.0NRT,281.02,4.9,D
9.84708,78.08351,330.17,0.45,0.63,2026-09-04,852,N20,VIIRS,n,2.0NRT,295.5,2.27,D
13.90252,78.07291,330.71,0.5,0.66,2026-09-04,854,N20,VIIRS,n,2.0NRT,292.87,2.74,D
22.92564,70.10651,330.89,0.4,0.44,2026-09-04,856,N20,VIIRS,l,2.0NRT,303.22,6.03,D
23.32104,68.85722,336.7,0.51,0.41,2026-09-04,858,N20,VIIRS,n,2.0NRT,299.01,9.54,D
24.46648,68.4707,332.04,0.51,0.41,2026-09-04,858,N20,VIIRS,n,2.0NRT,297.77,2.73,D
25.60187,68.655,334.98,0.53,0.42,2026-09-04,858,N20,VIIRS,n,2.0NRT,300.64,5.99,D
25.69429,68.37287,346.32,0.52,0.41,2026-09-04,858,N20,VIIRS,n,2.0NRT,304.52,9.16,D
25.80458,72.25359,333.21,0.58,0.52,2026-09-04,858,N20,VIIRS,n,2.0NRT,299.16,3.59,D
25.80554,72.25489,332.06,0.58,0.52,2026-09-04,858,N20,VIIRS,n,2.0NRT,299.27,2.74,D
26.22089,68.72581,347.03,0.55,0.42,2026-09-04,858,N20,VIIRS,n,2.0NRT,302.44,7.33,D
26.26703,68.71362,344.71,0.55,0.42,2026-09-04,858,N20,VIIRS,n,2.0NRT,301.56,6.71,D
28.45206,68.1468,334.78,0.54,0.42,2026-09-04,858,N20,VIIRS,n,2.0NRT,302.85,7.33,D
28.45271,68.15234,338.37,0.54,0.42,2026-09-04,858,N20,VIIRS,n,2.0NRT,304.2,7.33,D
29.33545,69.01601,350.1,0.41,0.45,2026-09-04,858,N20,VIIRS,n,2.0NRT,308.66,4.74,D
29.90779,74.95393,334.59,0.48,0.64,2026-09-04,858,N20,VIIRS,n,2.0NRT,293.52,3.63,D
32.43343,71.37107,340.84,0.61,0.54,2026-09-04,900,N20,VIIRS,n,2.0NRT,293.38,7.83,D
32.4346,71.36937,338.7,0.61,0.54,2026-09-04,900,N20,VIIRS,n,2.0NRT,293.88,4.95,D
20.52115,85.7233,306.01,0.5,0.41,2026-09-04,1945,N20,VIIRS,n,2.0NRT,290.54,0.8,N
20.75939,85.29863,308.31,0.53,0.42,2026-09-04,1945,N20,VIIRS,n,2.0NRT,290.16,1.49,N
20.76009,85.29348,311.28,0.53,0.42,2026-09-04,1945,N20,VIIRS,n,2.0NRT,290.06,1.49,N
20.76198,85.29599,315.32,0.53,0.42,2026-09-04,1945,N20,VIIRS,n,2.0NRT,290.69,3.06,N
20.78581,85.26316,304.97,0.53,0.42,2026-09-04,1945,N20,VIIRS,n,2.0NRT,284.95,0.74,N
20.78966,85.26375,300.47,0.53,0.42,2026-09-04,1945,N20,VIIRS,n,2.0NRT,283.23,0.48,N
20.79032,85.25867,304.98,0.53,0.42,2026-09-04,1945,N20,VIIRS,n,2.0NRT,284.65,3.83,N
20.79482,85.25418,336.09,0.53,0.42,2026-09-04,1945,N20,VIIRS,n,2.0NRT,288.01,3.83,N
20.79802,85.25985,309.64,0.53,0.42,2026-09-04,1945,N20,VIIRS,n,2.0NRT,286.98,1.69,N
20.80639,85.25585,312.76,0.53,0.42,2026-09-04,1945,N20,VIIRS,n,2.0NRT,285.5,1.39,N
20.81025,85.25641,303.44,0.53,0.42,2026-09-04,1945,N20,VIIRS,n,2.0NRT,285.19,1.39,N
20.86416,84.99455,306.71,0.55,0.43,2026-09-04,1945,N20,VIIRS,n,2.0NRT,291.36,2.92,N
20.86484,84.98934,323.11,0.55,0.43,2026-09-04,1945,N20,VIIRS,n,2.0NRT,291.81,2.92,N
20.86552,84.9841,305.95,0.55,0.43,2026-09-04,1945,N20,VIIRS,n,2.0NRT,290.19,0.94,N
20.872,84.9957,305.34,0.55,0.43,2026-09-04,1945,N20,VIIRS,n,2.0NRT,290.71,1.46,N
20.88582,84.98159,307.64,0.55,0.43,2026-09-04,1945,N20,VIIRS,n,2.0NRT,291.13,2.05,N
20.88974,84.98213,306.9,0.55,0.43,2026-09-04,1945,N20,VIIRS,n,2.0NRT,290.82,1.59,N
20.94188,86.06137,306.31,0.49,0.4,2026-09-04,1945,N20,VIIRS,n,2.0NRT,291.96,1.95,N
20.95116,86.04861,332.74,0.49,0.4,2026-09-04,1945,N20,VIIRS,n,2.0NRT,292.2,5.36,N
20.95179,86.04398,324.77,0.49,0.4,2026-09-04,1945,N20,VIIRS,n,2.0NRT,291.43,4.11,N
20.95728,85.01494,305.05,0.55,0.43,2026-09-04,1945,N20,VIIRS,n,2.0NRT,290.78,2.65,N
20.96266,85.18659,326.48,0.54,0.42,2026-09-04,1945,N20,VIIRS,n,2.0NRT,291.44,5.54,N
20.96366,86.01239,313.49,0.49,0.4,2026-09-04,1945,N20,VIIRS,n,2.0NRT,291.22,2.1,N
20.96403,85.17625,307.09,0.54,0.42,2026-09-04,1945,N20,VIIRS,n,2.0NRT,291.54,2.3,N
20.9643,86.00772,330.58,0.49,0.4,2026-09-04,1945,N20,VIIRS,n,2.0NRT,291.99,3.71,N
20.96471,85.17104,316.58,0.54,0.42,2026-09-04,1945,N20,VIIRS,n,2.0NRT,291.65,2.3,N
20.9654,85.16582,312.97,0.54,0.42,2026-09-04,1945,N20,VIIRS,n,2.0NRT,291.2,2.21,N
20.96592,86.0509,311.63,0.49,0.4,2026-09-04,1945,N20,VIIRS,n,2.0NRT,291.46,2.15,N
20.96609,85.16059,309.4,0.54,0.42,2026-09-04,1945,N20,VIIRS,n,2.0NRT,290.98,2.21,N
20.96678,85.15539,305.04,0.54,0.42,2026-09-04,1945,N20,VIIRS,n,2.0NRT,290.62,1.76,N
20.96736,86.01295,308,0.49,0.4,2026-09-04,1945,N20,VIIRS,n,2.0NRT,291.76,2.65,N
20.96791,85.1768,322.99,0.54,0.42,2026-09-04,1945,N20,VIIRS,n,2.0NRT,291.23,2.3,N
20.9686,85.17159,315.88,0.54,0.42,2026-09-04,1945,N20,VIIRS,n,2.0NRT,291.21,2.3,N
20.97066,85.15594,308.38,0.54,0.42,2026-09-04,1945,N20,VIIRS,n,2.0NRT,290.93,1.76,N
20.97179,85.17737,313.35,0.54,0.42,2026-09-04,1945,N20,VIIRS,n,2.0NRT,291.08,2.26,N
20.97234,86.00415,319.52,0.49,0.4,2026-09-04,1945,N20,VIIRS,n,2.0NRT,292.37,3.98,N
20.97636,85.1727,312.88,0.54,0.42,2026-09-04,1945,N20,VIIRS,n,2.0NRT,290.97,2.26,N
20.97705,85.16749,307.31,0.54,0.42,2026-09-04,1945,N20,VIIRS,n,2.0NRT,290.62,1.92,N
20.97789,85.16972,317.03,0.54,0.42,2026-09-04,1945,N20,VIIRS,n,2.0NRT,290.96,2.91,N
21.00192,86.02525,307.05,0.49,0.4,2026-09-04,1945,N20,VIIRS,n,2.0NRT,291.38,1.34,N
21.07399,85.03953,310.03,0.55,0.43,2026-09-04,1945,N20,VIIRS,n,2.0NRT,291.36,1.72,N
21.07651,85.05077,304.98,0.55,0.43,2026-09-04,1945,N20,VIIRS,n,2.0NRT,291.01,1.64,N
21.07721,85.04541,308.77,0.55,0.43,2026-09-04,1945,N20,VIIRS,n,2.0NRT,291.34,1.64,N
21.0779,85.04008,307.91,0.55,0.43,2026-09-04,1945,N20,VIIRS,n,2.0NRT,291.62,1.72,N
21.07859,85.03478,308.23,0.55,0.43,2026-09-04,1945,N20,VIIRS,n,2.0NRT,292.05,1.72,N
21.19856,81.41629,304.65,0.62,0.54,2026-09-04,1945,N20,VIIRS,n,2.0NRT,284.76,2.49,N
21.31351,81.58866,300.4,0.61,0.53,2026-09-04,1945,N20,VIIRS,n,2.0NRT,286.7,2.88,N
21.48853,81.76635,306.61,0.59,0.53,2026-09-04,1945,N20,VIIRS,n,2.0NRT,288.09,1.58,N
21.67433,82.0772,305.67,0.57,0.52,2026-09-04,1945,N20,VIIRS,n,2.0NRT,288.67,1.64,N
21.76627,85.57944,303.93,0.53,0.42,2026-09-04,1945,N20,VIIRS,n,2.0NRT,290.72,0.84,N
21.80177,85.56622,303.26,0.53,0.42,2026-09-04,1945,N20,VIIRS,n,2.0NRT,290.29,0.77,N
21.80338,83.88976,304.01,0.44,0.46,2026-09-04,1945,N20,VIIRS,n,2.0NRT,285.71,3.25,N
21.9245,85.22453,309.84,0.55,0.43,2026-09-04,1945,N20,VIIRS,n,2.0NRT,290.6,2.47,N
21.98605,83.23032,306.78,0.49,0.48,2026-09-04,1945,N20,VIIRS,n,2.0NRT,288.47,1.53,N
21.98718,82.01293,302.84,0.58,0.52,2026-09-04,1945,N20,VIIRS,n,2.0NRT,287.69,1.66,N
22.00649,82.67026,310.55,0.53,0.5,2026-09-04,1945,N20,VIIRS,n,2.0NRT,289.28,1.58,N
22.05358,85.46653,303.4,0.54,0.42,2026-09-04,1945,N20,VIIRS,n,2.0NRT,289.87,0.57,N
22.20486,84.84573,311.23,0.39,0.44,2026-09-04,1945,N20,VIIRS,n,2.0NRT,290.26,1.05,N
22.20825,84.86081,307.17,0.39,0.44,2026-09-04,1945,N20,VIIRS,n,2.0NRT,290.62,1.72,N
22.20911,84.5486,304.1,0.41,0.45,2026-09-04,1945,N20,VIIRS,n,2.0NRT,290.19,1,N
22.21096,84.862,323.3,0.39,0.44,2026-09-04,1945,N20,VIIRS,n,2.0NRT,290.84,2.77,N
22.21227,84.86139,322.69,0.39,0.44,2026-09-04,1945,N20,VIIRS,n,2.0NRT,290.81,1.72,N
22.21387,84.83931,303.66,0.39,0.44,2026-09-04,1945,N20,VIIRS,n,2.0NRT,290.17,0.71,N
22.22404,84.75963,304.25,0.39,0.44,2026-09-04,1945,N20,VIIRS,n,2.0NRT,290.23,1.29,N
22.22502,84.75196,306.08,0.39,0.44,2026-09-04,1945,N20,VIIRS,n,2.0NRT,290.33,0.79,N
22.2256,84.75111,306.1,0.39,0.44,2026-09-04,1945,N20,VIIRS,n,2.0NRT,290.53,0.84,N
22.3204,82.56351,312.32,0.54,0.51,2026-09-04,1945,N20,VIIRS,n,2.0NRT,288.91,2.95,N
22.32217,82.59026,309.99,0.54,0.51,2026-09-04,1945,N20,VIIRS,n,2.0NRT,288.49,1.83,N
22.32974,82.60709,313.55,0.54,0.51,2026-09-04,1945,N20,VIIRS,n,2.0NRT,288.71,1.69,N
22.35858,82.30212,306.68,0.56,0.52,2026-09-04,1945,N20,VIIRS,n,2.0NRT,288.32,1.72,N
22.78679,86.19888,302.33,0.5,0.41,2026-09-04,1945,N20,VIIRS,n,2.0NRT,285.6,1.55,N
22.78821,86.19647,300.73,0.5,0.41,2026-09-04,1945,N20,VIIRS,n,2.0NRT,284.59,1.52,N
22.79053,86.19944,301.18,0.5,0.41,2026-09-04,1945,N20,VIIRS,n,2.0NRT,286.04,1.55,N
22.79119,86.19455,301.64,0.5,0.41,2026-09-04,1945,N20,VIIRS,n,2.0NRT,284.17,1.28,N
22.79195,86.19707,302.5,0.5,0.41,2026-09-04,1945,N20,VIIRS,n,2.0NRT,283.82,1.52,N
22.7957,86.19765,309.13,0.5,0.41,2026-09-04,1945,N20,VIIRS,n,2.0NRT,282.16,2.39,N
22.79802,86.20056,307.02,0.5,0.41,2026-09-04,1945,N20,VIIRS,n,2.0NRT,283.16,2.58,N
23.58349,86.72443,310.74,0.48,0.4,2026-09-04,1945,N20,VIIRS,n,2.0NRT,289.96,3.5,N
23.61143,85.67391,299.32,0.55,0.42,2026-09-04,1945,N20,VIIRS,n,2.0NRT,285.78,0.67,N
23.6271,86.29028,316.74,0.51,0.41,2026-09-04,1945,N20,VIIRS,n,2.0NRT,287.85,2.62,N
23.63086,86.29086,304.85,0.51,0.41,2026-09-04,1945,N20,VIIRS,n,2.0NRT,288.46,1.98,N
23.66457,87.15292,306.12,0.46,0.39,2026-09-04,1945,N20,VIIRS,n,2.0NRT,285.22,1.98,N
23.66828,86.08938,304.82,0.52,0.42,2026-09-04,1945,N20,VIIRS,n,2.0NRT,289.58,0.7,N
23.66861,86.09241,304.6,0.52,0.41,2026-09-04,1945,N20,VIIRS,n,2.0NRT,289.39,1.1,N
23.6727,86.11592,307.65,0.52,0.41,2026-09-04,1945,N20,VIIRS,n,2.0NRT,289.63,1.43,N
23.67355,86.11382,306.79,0.52,0.41,2026-09-04,1945,N20,VIIRS,n,2.0NRT,289.38,1.2,N
23.67653,86.08544,332.99,0.52,0.42,2026-09-04,1945,N20,VIIRS,n,2.0NRT,290.38,5.49,N
23.6769,86.08849,329.24,0.52,0.41,2026-09-04,1945,N20,VIIRS,n,2.0NRT,289.77,3.8,N
23.67757,86.0834,312.11,0.52,0.42,2026-09-04,1945,N20,VIIRS,n,2.0NRT,290.05,2.98,N
23.67913,86.39618,305.87,0.5,0.41,2026-09-04,1945,N20,VIIRS,n,2.0NRT,285.63,2.46,N
23.6797,86.09111,306.36,0.52,0.42,2026-09-04,1945,N20,VIIRS,n,2.0NRT,289.81,1.78,N
23.68287,86.09675,314.7,0.52,0.41,2026-09-04,1945,N20,VIIRS,n,2.0NRT,289.87,2.29,N
23.68351,86.09167,308.79,0.52,0.42,2026-09-04,1945,N20,VIIRS,n,2.0NRT,289.58,1.78,N
23.68371,90.52704,306.18,0.38,0.36,2026-09-04,1945,N20,VIIRS,n,2.0NRT,290.18,2.26,N
23.68725,86.39246,298.55,0.5,0.41,2026-09-04,1945,N20,VIIRS,n,2.0NRT,280.08,0.85,N
23.70133,86.07359,325.08,0.52,0.42,2026-09-04,1945,N20,VIIRS,n,2.0NRT,289.49,3.04,N
23.71379,86.45164,302.36,0.5,0.41,2026-09-04,1945,N20,VIIRS,n,2.0NRT,281.46,1.5,N
23.74095,85.01152,301.76,0.4,0.44,2026-09-04,1945,N20,VIIRS,n,2.0NRT,286.04,1.02,N
23.75638,85.85539,315.1,0.54,0.42,2026-09-04,1945,N20,VIIRS,n,2.0NRT,290.88,1.81,N
23.75705,85.85013,306.07,0.54,0.42,2026-09-04,1945,N20,VIIRS,n,2.0NRT,289.81,1.55,N
23.76024,85.85598,305.19,0.54,0.42,2026-09-04,1945,N20,VIIRS,n,2.0NRT,290.07,1.81,N
23.77746,85.9965,303.75,0.53,0.42,2026-09-04,1945,N20,VIIRS,n,2.0NRT,288.25,0.87,N
23.79674,86.35042,316.46,0.51,0.41,2026-09-04,1945,N20,VIIRS,n,2.0NRT,288.69,3.37,N
23.80306,86.33125,321.78,0.51,0.41,2026-09-04,1945,N20,VIIRS,n,2.0NRT,288.12,5.45,N
23.82189,85.4938,302.75,0.56,0.43,2026-09-04,1945,N20,VIIRS,n,2.0NRT,289.53,3,N
23.82713,84.57284,305.57,0.42,0.45,2026-09-04,1945,N20,VIIRS,n,2.0NRT,288.62,1.64,N
6.55411,80.76434,309.34,0.43,0.46,2026-09-04,1947,N20,VIIRS,n,2.0NRT,290.19,0.99,N
9.62249,80.28364,349.07,0.52,0.5,2026-09-04,1947,N20,VIIRS,n,2.0NRT,287.74,9.9,N
9.80491,77.56216,312.16,0.4,0.6,2026-09-04,1947,N20,VIIRS,n,2.0NRT,289,0.97,N
10.12954,77.52656,311.78,0.4,0.6,2026-09-04,1947,N20,VIIRS,n,2.0NRT,287.65,1.47,N
13.7129,79.61954,305.32,0.33,0.55,2026-09-04,1947,N20,VIIRS,n,2.0NRT,289.35,1.35,N
14.99631,76.8468,303.2,0.52,0.67,2026-09-04,1947,N20,VIIRS,n,2.0NRT,289.58,0.57,N
15.13655,76.70815,302.65,0.53,0.67,2026-09-04,1947,N20,VIIRS,n,2.0NRT,289.77,1.34,N
15.16905,76.37527,300.28,0.56,0.69,2026-09-04,1947,N20,VIIRS,n,2.0NRT,287.84,1.53,N
15.17254,76.37836,300.32,0.56,0.69,2026-09-04,1947,N20,VIIRS,n,2.0NRT,287.79,2.1,N
15.17453,77.09926,303.72,0.5,0.66,2026-09-04,1947,N20,VIIRS,n,2.0NRT,286.09,0.74,N
15.17644,76.67462,307.18,0.54,0.68,2026-09-04,1947,N20,VIIRS,n,2.0NRT,289.89,1.85,N
15.17856,76.65443,308.14,0.54,0.68,2026-09-04,1947,N20,VIIRS,n,2.0NRT,290.38,2.77,N
15.18269,76.67524,311.05,0.54,0.68,2026-09-04,1947,N20,VIIRS,n,2.0NRT,290.06,1.85,N
15.18323,76.6702,308.2,0.54,0.68,2026-09-04,1947,N20,VIIRS,n,2.0NRT,289.93,1.85,N
15.18375,76.66516,317.98,0.54,0.68,2026-09-04,1947,N20,VIIRS,n,2.0NRT,290.41,4.16,N
15.52532,79.6533,307.48,0.34,0.56,2026-09-04,1947,N20,VIIRS,n,2.0NRT,289.95,1.91,N
15.54836,79.64817,316.16,0.34,0.56,2026-09-04,1947,N20,VIIRS,n,2.0NRT,290.33,4.15,N
15.54873,79.64497,326.96,0.34,0.56,2026-09-04,1947,N20,VIIRS,n,2.0NRT,289.97,4.15,N
15.55236,79.64706,354.8,0.34,0.56,2026-09-04,1947,N20,VIIRS,n,2.0NRT,291.67,14.79,N
15.55275,79.64386,307.83,0.34,0.56,2026-09-04,1947,N20,VIIRS,n,2.0NRT,289.81,8.43,N
15.55355,79.64883,306.53,0.34,0.56,2026-09-04,1947,N20,VIIRS,n,2.0NRT,290.09,4.15,N
15.55391,79.64561,367,0.34,0.56,2026-09-04,1947,N20,VIIRS,h,2.0NRT,290.49,4.15,N
16.87441,80.02161,305.42,0.34,0.56,2026-09-04,1947,N20,VIIRS,n,2.0NRT,291.09,0.95,N
16.87649,80.11887,306.51,0.33,0.55,2026-09-04,1947,N20,VIIRS,n,2.0NRT,291.59,0.89,N
17.14758,78.22211,302.44,0.45,0.63,2026-09-04,1947,N20,VIIRS,n,2.0NRT,286.05,1.68,N
17.46647,80.65131,304.12,0.62,0.54,2026-09-04,1947,N20,VIIRS,n,2.0NRT,289.24,0.92,N
17.60224,83.1994,307.87,0.43,0.46,2026-09-04,1947,N20,VIIRS,n,2.0NRT,288.87,2.41,N
17.69568,83.24305,303.24,0.43,0.46,2026-09-04,1947,N20,VIIRS,n,2.0NRT,283.8,1.39,N
17.95862,80.79625,305.51,0.62,0.54,2026-09-04,1947,N20,VIIRS,n,2.0NRT,289.73,2.32,N
17.95983,80.79558,304.9,0.62,0.54,2026-09-04,1947,N20,VIIRS,n,2.0NRT,289.34,1.29,N
19.09347,82.17397,303.72,0.52,0.5,2026-09-04,1947,N20,VIIRS,n,2.0NRT,289.7,1.55,N
19.09895,82.16625,310.93,0.52,0.5,2026-09-04,1947,N20,VIIRS,n,2.0NRT,289.45,1.37,N
19.09925,82.16467,310.06,0.52,0.5,2026-09-04,1947,N20,VIIRS,n,2.0NRT,289.21,2.96,N
19.10354,82.16685,305.84,0.52,0.5,2026-09-04,1947,N20,VIIRS,n,2.0NRT,290.14,1.37,N
19.10384,82.16526,302.63,0.52,0.5,2026-09-04,1947,N20,VIIRS,n,2.0NRT,289.75,1.53,N
11.17693,79.08677,307.96,0.33,0.55,2026-09-04,1949,N20,VIIRS,n,2.0NRT,288.59,2.11,N
11.19646,79.05567,300.86,0.33,0.55,2026-09-04,1949,N20,VIIRS,n,2.0NRT,286.76,1.55,N
25.38969,68.58154,322.72,0.44,0.38,2026-09-04,2123,N20,VIIRS,n,2.0NRT,295.31,1.75,N
26.09432,68.88023,314.25,0.44,0.39,2026-09-04,2123,N20,VIIRS,n,2.0NRT,296.3,1.57,N
31.25797,76.92616,299.97,0.32,0.55,2026-09-04,2123,N20,VIIRS,n,2.0NRT,287.19,1,N
31.25863,76.92339,299.65,0.32,0.55,2026-09-04,2123,N20,VIIRS,n,2.0NRT,286.47,0.74,N
32.28931,70.7398,307.04,0.44,0.39,2026-09-04,2123,N20,VIIRS,n,2.0NRT,294.16,1.64,N
15.07322,76.86325,302.44,0.72,0.76,2026-09-04,2125,N20,VIIRS,n,2.0NRT,288.4,1.44,N
15.07344,76.86353,302.69,0.72,0.76,2026-09-04,2125,N20,VIIRS,n,2.0NRT,288.8,1.65,N
15.13675,76.70895,301.39,0.7,0.75,2026-09-04,2125,N20,VIIRS,n,2.0NRT,287.8,1.44,N
15.17627,76.65868,301.35,0.7,0.75,2026-09-04,2125,N20,VIIRS,n,2.0NRT,287.48,2.5,N
15.17767,76.65236,304.58,0.7,0.75,2026-09-04,2125,N20,VIIRS,n,2.0NRT,287.09,2.23,N
15.17813,77.10228,303.75,0.74,0.76,2026-09-04,2125,N20,VIIRS,n,2.0NRT,287.15,2.86,N
15.17927,76.65517,309.6,0.69,0.75,2026-09-04,2125,N20,VIIRS,n,2.0NRT,287.34,4.31,N
15.18014,76.6731,303.04,0.7,0.75,2026-09-04,2125,N20,VIIRS,n,2.0NRT,287.38,3.38,N
15.18306,76.66953,303.1,0.7,0.75,2026-09-04,2125,N20,VIIRS,n,2.0NRT,287.56,3.27,N
18.68169,73.03407,301.62,0.34,0.56,2026-09-04,2125,N20,VIIRS,n,2.0NRT,290.29,1.48,N
18.6861,73.0384,301.8,0.34,0.56,2026-09-04,2125,N20,VIIRS,n,2.0NRT,290.11,0.96,N
18.68741,73.03207,306.38,0.34,0.56,2026-09-04,2125,N20,VIIRS,n,2.0NRT,290.44,2.08,N
18.69118,73.03957,303.11,0.34,0.56,2026-09-04,2125,N20,VIIRS,n,2.0NRT,289.73,0.96,N
19.02186,72.89457,332.93,0.33,0.55,2026-09-04,2125,N20,VIIRS,n,2.0NRT,290.4,4.03,N
19.02249,72.89153,334,0.33,0.55,2026-09-04,2125,N20,VIIRS,n,2.0NRT,290.05,3.86,N
20.91111,71.4613,304.79,0.49,0.49,2026-09-04,2125,N20,VIIRS,n,2.0NRT,291.61,1.05,N
22.93045,70.10779,305.4,0.56,0.43,2026-09-04,2125,N20,VIIRS,n,2.0NRT,293.7,3.36,N
22.93466,69.69984,313.25,0.54,0.42,2026-09-04,2125,N20,VIIRS,n,2.0NRT,294.09,3.11,N
23.12135,70.08555,317.95,0.56,0.43,2026-09-04,2125,N20,VIIRS,n,2.0NRT,293.71,3.21,N
23.12136,70.08435,318.21,0.56,0.43,2026-09-04,2125,N20,VIIRS,n,2.0NRT,293.79,2.74,N
23.30543,70.47614,304.73,0.39,0.44,2026-09-04,2125,N20,VIIRS,n,2.0NRT,293.76,0.81,N
23.31587,70.48626,307.31,0.39,0.44,2026-09-04,2125,N20,VIIRS,n,2.0NRT,293.87,0.85,N
27.94094,69.72205,310.66,0.46,0.39,2026-09-04,2125,N20,VIIRS,n,2.0NRT,296.64,0.94,N
28.42326,69.70197,316.8,0.45,0.39,2026-09-04,2125,N20,VIIRS,n,2.0NRT,296.94,1.47,N