{
"type": "FeatureCollection",
"name": "kolkata_industrial_facilities",
"crs": { "type": "name", "properties": { "name": "urn:ogc:def:crs:OGC:1.3:CRS84" } },
"features": [
{ "type": "Feature", "properties": { "element": "node", "id": 5501955621, "man_made": "works", "name": "Jaya Shri Textiles", "capacity": null, "content": null, "opening_hours": null, "generator:method": null, "generator:output:electricity": null, "generator:source": null, "generator:type": null, "power": null, "operator": null, "source": null, "drinking_water": null, "emergency": null, "product": null, "building": null, "landuse": null, "industrial": null, "ref:LOCODE": null, "natural": null, "water": null, "wikimedia_commons": null, "description": null, "plant:method": null, "plant:output:electricity": null, "plant:source": null, "start_date": null, "wikidata": null, "wikipedia": null, "location": null, "tourism": null, "addr:state": null, "type": null }, "geometry": { "type": "Point", "coordinates": [ 88.3427424, 22.730595 ] } },
{ "type": "Feature", "properties": { "element": "node", "id": 6918882282, "man_made": "storage_tank", "name": null, "capacity": "2000000", "content": "water", "opening_hours": null, "generator:method": null, "generator:output:electricity": null, "generator:source": null, "generator:type": null, "power": null, "operator": null, "source": null, "drinking_water": null, "emergency": null, "product": null, "building": null, "landuse": null, "industrial": null, "ref:LOCODE": null, "natural": null, "water": null, "wikimedia_commons": null, "description": null, "plant:method": null, "plant:output:electricity": null, "plant:source": null, "start_date": null, "wikidata": null, "wikipedia": null, "location": null, "tourism": null, "addr:state": null, "type": null }, "geometry": { "type": "Point", "coordinates": [ 88.4589446, 22.7102154 ] } },
{ "type": "Feature", "properties": { "element": "node", "id": 9473153795, "man_made": "works", "name": "Happy Works - Working pod 2", "capacity": null, "content": null, "opening_hours": "Mo-Fr 09:00-20:00", "generator:method": null, "generator:output:electricity": null, "generator:source": null, "generator:type": null, "power": null, "operator": null, "source": null, "drinking_water": null, "emergency": null, "product": null, "building": null, "landuse": null, "industrial": null, "ref:LOCODE": null, "natural": null, "water": null, "wikimedia_commons": null, "description": null, "plant:method": null, "plant:output:electricity": null, "plant:source": null, "start_date": null, "wikidata": null, "wikipedia": null, "location": null, "tourism": null, "addr:state": null, "type": null }, "geometry": { "type": "Point", "coordinates": [ 88.4667589, 22.5791337 ] } },
{ "type": "Feature", "properties": { "element": "node", "id": 9545134610, "man_made": null, "name": null, "capacity": null, "content": null, "opening_hours": null, "generator:method": "combustion", "generator:output:electricity": "67.5 MW", "generator:source": "coal", "generator:type": "steam_turbine", "power": "generator", "operator": null, "source": null, "drinking_water": null, "emergency": null, "product": null, "building": null, "landuse": null, "industrial": null, "ref:LOCODE": null, "natural": null, "water": null, "wikimedia_commons": null, "description": null, "plant:method": null, "plant:output:electricity": null, "plant:source": null, "start_date": null, "wikidata": null, "wikipedia": null, "location": null, "tourism": null, "addr:state": null, "type": null }, "geometry": { "type": "Point", "coordinates": [ 88.2910064, 22.5490033 ] } },
{ "type": "Feature", "properties": { "element": "node", "id": 9545134611, "man_made": null, "name": null, "capacity": null, "content": null, "opening_hours": null, "generator:method": "combustion", "generator:output:electricity": "67.5 MW", "generator:source": "coal", "generator:type": "steam_turbine", "power": "generator", "operator": null, "source": null, "drinking_water": null, "emergency": null, "product": null, "building": null, "landuse": null, "industrial": null, "ref:LOCODE": null, "natural": null, "water": null, "wikimedia_commons": null, "description": null, "plant:method": null, "plant:output:electricity": null, "plant:source": null, "start_date": null, "wikidata": null, "wikipedia": null, "location": null, "tourism": null, "addr:state": null, "type": null }, "geometry": { "type": "Point", "coordinates": [ 88.2914302, 22.5489364 ] } },
{ "type": "Feature", "properties": { "element": "node", "id": 9869619338, "man_made": "storage_tank", "name": null, "capacity": null, "content": "water", "opening_hours": null, "generator:method": null, "generator:output:electricity": null, "generator:source": null, "generator:type": null, "power": null, "operator": "Tala", "source": "water tank", "drinking_water": null, "emergency": null, "product": null, "building": null, "landuse": null, "industrial": null, "ref:LOCODE": null, "natural": null, "water": null, "wikimedia_commons": null, "description": null, "plant:method": null, "plant:output:electricity": null, "plant:source": null, "start_date": null, "wikidata": null, "wikipedia": null, "location": null, "tourism": null, "addr:state": null, "type": null }, "geometry": { "type": "Point", "coordinates": [ 88.185702, 22.4782039 ] } },
{ "type": "Feature", "properties": { "element": "node", "id": 10896093162, "man_made": "storage_tank", "name": null, "capacity": "800", "content": "water", "opening_hours": null, "generator:method": null, "generator:output:electricity": null, "generator:source": null, "generator:type": null, "power": null, "operator": null, "source": null, "drinking_water": null, "emergency": null, "product": null, "building": null, "landuse": null, "industrial": null, "ref:LOCODE": null, "natural": null, "water": null, "wikimedia_commons": null, "description": null, "plant:method": null, "plant:output:electricity": null, "plant:source": null, "start_date": null, "wikidata": null, "wikipedia": null, "location": null, "tourism": null, "addr:state": null, "type": null }, "geometry": { "type": "Point", "coordinates": [ 88.3164861, 22.7722096 ] } },
{ "type": "Feature", "properties": { "element": "node", "id": 10960407387, "man_made": "works", "name": "jessop & co ltd.", "capacity": null, "content": null, "opening_hours": null, "generator:method": null, "generator:output:electricity": null, "generator:source": null, "generator:type": null, "power": null, "operator": null, "source": null, "drinking_water": null, "emergency": null, "product": null, "building": null, "landuse": null, "industrial": null, "ref:LOCODE": null, "natural": null, "water": null, "wikimedia_commons": null, "description": null, "plant:method": null, "plant:output:electricity": null, "plant:source": null, "start_date": null, "wikidata": null, "wikipedia": null, "location": null, "tourism": null, "addr:state": null, "type": null }, "geometry": { "type": "Point", "coordinates": [ 88.4254562, 22.6387871 ] } },
{ "type": "Feature", "properties": { "element": "node", "id": 10960407395, "man_made": "storage_tank", "name": null, "capacity": null, "content": "water", "opening_hours": null, "generator:method": null, "generator:output:electricity": null, "generator:source": null, "generator:type": null, "power": null, "operator": null, "source": null, "drinking_water": null, "emergency": null, "product": null, "building": null, "landuse": null, "industrial": null, "ref:LOCODE": null, "natural": null, "water": null, "wikimedia_commons": null, "description": null, "plant:method": null, "plant:output:electricity": null, "plant:source": null, "start_date": null, "wikidata": null, "wikipedia": null, "location": null, "tourism": null, "addr:state": null, "type": null }, "geometry": { "type": "Point", "coordinates": [ 88.4133054, 22.6043561 ] } },
{ "type": "Feature", "properties": { "element": "node", "id": 11300033028, "man_made": "storage_tank", "name": "Water Atm", "capacity": null, "content": "water", "opening_hours": null, "generator:method": null, "generator:output:electricity": null, "generator:source": null, "generator:type": null, "power": null, "operator": null, "source": "local knowledge", "drinking_water": "yes", "emergency": "water_tank", "product": null, "building": null, "landuse": null, "industrial": null, "ref:LOCODE": null, "natural": null, "water": null, "wikimedia_commons": null, "description": null, "plant:method": null, "plant:output:electricity": null, "plant:source": null, "start_date": null, "wikidata": null, "wikipedia": null, "location": null, "tourism": null, "addr:state": null, "type": null }, "geometry": { "type": "Point", "coordinates": [ 88.3812911, 22.4767028 ] } },
{ "type": "Feature", "properties": { "element": "node", "id": 12568540667, "man_made": "storage_tank", "name": null, "capacity": null, "content": "water", "opening_hours": null, "generator:method": null, "generator:output:electricity": null, "generator:source": null, "generator:type": null, "power": null, "operator": null, "source": null, "drinking_water": null, "emergency": null, "product": null, "building": null, "landuse": null, "industrial": null, "ref:LOCODE": null, "natural": null, "water": null, "wikimedia_commons": null, "description": null, "plant:method": null, "plant:output:electricity": null, "plant:source": null, "start_date": null, "wikidata": null, "wikipedia": null, "location": null, "tourism": null, "addr:state": null, "type": null }, "geometry": { "type": "Point", "coordinates": [ 88.5456028, 22.761952 ] } },
{ "type": "Feature", "properties": { "element": "node", "id": 13100863490, "man_made": "storage_tank", "name": "গোলিরমুখ জলট্যাঙ্ক", "capacity": null, "content": "water", "opening_hours": null, "generator:method": null, "generator:output:electricity": null, "generator:source": null, "generator:type": null, "power": null, "operator": null, "source": null, "drinking_water": null, "emergency": "water_tank", "product": null, "building": null, "landuse": null, "industrial": null, "ref:LOCODE": null, "natural": null, "water": null, "wikimedia_commons": null, "description": null, "plant:method": null, "plant:output:electricity": null, "plant:source": null, "start_date": null, "wikidata": null, "wikipedia": null, "location": null, "tourism": null, "addr:state": null, "type": null }, "geometry": { "type": "Point", "coordinates": [ 88.2977758, 22.6032506 ] } },
{ "type": "Feature", "properties": { "element": "node", "id": 13202483477, "man_made": "storage_tank", "name": null, "capacity": null, "content": "water", "opening_hours": null, "generator:method": null, "generator:output:electricity": null, "generator:source": null, "generator:type": null, "power": null, "operator": null, "source": null, "drinking_water": null, "emergency": null, "product": null, "building": null, "landuse": null, "industrial": null, "ref:LOCODE": null, "natural": null, "water": null, "wikimedia_commons": null, "description": null, "plant:method": null, "plant:output:electricity": null, "plant:source": null, "start_date": null, "wikidata": null, "wikipedia": null, "location": null, "tourism": null, "addr:state": null, "type": null }, "geometry": { "type": "Point", "coordinates": [ 88.3462275, 22.7462751 ] } },
{ "type": "Feature", "properties": { "element": "node", "id": 13645461890, "man_made": "works", "name": "Food And Beverage", "capacity": null, "content": null, "opening_hours": null, "generator:method": null, "generator:output:electricity": null, "generator:source": null, "generator:type": null, "power": null, "operator": null, "source": null, "drinking_water": null, "emergency": null, "product": "beer", "building": null, "landuse": null, "industrial": null, "ref:LOCODE": null, "natural": null, "water": null, "wikimedia_commons": null, "description": null, "plant:method": null, "plant:output:electricity": null, "plant:source": null, "start_date": null, "wikidata": null, "wikipedia": null, "location": null, "tourism": null, "addr:state": null, "type": null }, "geometry": { "type": "Point", "coordinates": [ 88.3898495, 22.6658308 ] } },
{ "type": "Feature", "properties": { "element": "relation", "id": 5399175, "man_made": "storage_tank", "name": null, "capacity": null, "content": null, "opening_hours": null, "generator:method": null, "generator:output:electricity": null, "generator:source": null, "generator:type": null, "power": null, "operator": null, "source": null, "drinking_water": null, "emergency": null, "product": null, "building": "storage_tank", "landuse": null, "industrial": null, "ref:LOCODE": null, "natural": null, "water": null, "wikimedia_commons": null, "description": null, "plant:method": null, "plant:output:electricity": null, "plant:source": null, "start_date": null, "wikidata": null, "wikipedia": null, "location": null, "tourism": null, "addr:state": null, "type": "multipolygon" }, "geometry": { "type": "Polygon", "coordinates": [ [ [ 88.2976489, 22.5344117 ], [ 88.2976487, 22.5343862 ], [ 88.297638, 22.5343627 ], [ 88.2976271, 22.5343528 ], [ 88.2976578, 22.5343143 ], [ 88.2976743, 22.5343232 ], [ 88.2977049, 22.5343271 ], [ 88.2977348, 22.5343198 ], [ 88.2977594, 22.5343025 ], [ 88.297775, 22.5342779 ], [ 88.2977792, 22.5342496 ], [ 88.2977713, 22.534222 ], [ 88.2977526, 22.5341992 ], [ 88.2977259, 22.5341848 ], [ 88.2976953, 22.534181 ], [ 88.2976654, 22.5341882 ], [ 88.2976584, 22.5341931 ], [ 88.2976241, 22.5341547 ], [ 88.2976418, 22.5341285 ], [ 88.297648, 22.5340947 ], [ 88.2976397, 22.5340613 ], [ 88.2976182, 22.5340333 ], [ 88.2975867, 22.5340151 ], [ 88.2975502, 22.5340094 ], [ 88.2975139, 22.534017 ], [ 88.2974837, 22.5340369 ], [ 88.297464, 22.534066 ], [ 88.2974578, 22.5340997 ], [ 88.2974635, 22.5341228 ], [ 88.2974403, 22.5341298 ], [ 88.2974276, 22.5341075 ], [ 88.2973985, 22.5340851 ], [ 88.2973625, 22.5340748 ], [ 88.2973249, 22.5340781 ], [ 88.2972915, 22.5340943 ], [ 88.2972674, 22.5341211 ], [ 88.2972562, 22.5341544 ], [ 88.2972597, 22.5341891 ], [ 88.2972773, 22.5342199 ], [ 88.2973064, 22.5342423 ], [ 88.2973424, 22.5342526 ], [ 88.2973529, 22.5342517 ], [ 88.2973551, 22.5342982 ], [ 88.297353, 22.5342981 ], [ 88.2973231, 22.5343082 ], [ 88.2972996, 22.5343282 ], [ 88.2972863, 22.5343549 ], [ 88.2972849, 22.5343843 ], [ 88.2972959, 22.534412 ], [ 88.2973175, 22.5344336 ], [ 88.2973465, 22.534446 ], [ 88.2973783, 22.5344472 ], [ 88.2974082, 22.5344371 ], [ 88.2974317, 22.5344171 ], [ 88.2974418, 22.5343969 ], [ 88.29751, 22.5344068 ], [ 88.29751, 22.5344126 ], [ 88.2975208, 22.5344361 ], [ 88.2975356, 22.5344496 ], [ 88.2974933, 22.5344956 ], [ 88.2974847, 22.534488 ], [ 88.2974631, 22.5344802 ], [ 88.2974399, 22.5344807 ], [ 88.2974187, 22.5344893 ], [ 88.2974026, 22.5345047 ], [ 88.2973942, 22.5345247 ], [ 88.2973947, 22.5345461 ], [ 88.297404, 22.5345657 ], [ 88.2974207, 22.5345805 ], [ 88.2974423, 22.5345883 ], [ 88.2974628, 22.5345879 ], [ 88.2974705, 22.5346167 ], [ 88.2974594, 22.53462 ], [ 88.2974421, 22.5346335 ], [ 88.2974317, 22.5346521 ], [ 88.2974298, 22.5346729 ], [ 88.2974367, 22.5346929 ], [ 88.2974514, 22.5347088 ], [ 88.2974715, 22.5347184 ], [ 88.2974941, 22.5347202 ], [ 88.2974976, 22.5347191 ], [ 88.2975045, 22.5347451 ], [ 88.297492, 22.5347541 ], [ 88.2974834, 22.5347682 ], [ 88.2974812, 22.5347843 ], [ 88.2974859, 22.5347998 ], [ 88.2974966, 22.5348126 ], [ 88.2975119, 22.5348206 ], [ 88.297525, 22.5348221 ], [ 88.2975353, 22.5348612 ], [ 88.2975283, 22.5348649 ], [ 88.2975185, 22.5348766 ], [ 88.2975142, 22.534891 ], [ 88.2975162, 22.5349057 ], [ 88.2975242, 22.5349186 ], [ 88.2975369, 22.5349277 ], [ 88.2975524, 22.5349316 ], [ 88.297554, 22.5349315 ], [ 88.2975609, 22.5349679 ], [ 88.297555, 22.534969 ], [ 88.2975365, 22.53498 ], [ 88.297524, 22.5349968 ], [ 88.2975195, 22.5350167 ], [ 88.2975235, 22.5350366 ], [ 88.2975355, 22.5350537 ], [ 88.2975536, 22.5350652 ], [ 88.2975751, 22.5350694 ], [ 88.29758, 22.5350686 ], [ 88.2975871, 22.5351062 ], [ 88.2975714, 22.5351164 ], [ 88.2975595, 22.5351337 ], [ 88.2975556, 22.5351539 ], [ 88.2975604, 22.535174 ], [ 88.2975732, 22.5351908 ], [ 88.2975919, 22.5352018 ], [ 88.2976138, 22.5352054 ], [ 88.2976356, 22.5352009 ], [ 88.2976538, 22.5351892 ], [ 88.2976657, 22.5351718 ], [ 88.2976696, 22.5351516 ], [ 88.2976648, 22.5351316 ], [ 88.297652, 22.5351147 ], [ 88.2976333, 22.5351037 ], [ 88.2976114, 22.5351001 ], [ 88.297602, 22.535102 ], [ 88.297595, 22.535066 ], [ 88.2975968, 22.5350657 ], [ 88.2976152, 22.5350547 ], [ 88.2976277, 22.5350379 ], [ 88.2976323, 22.535018 ], [ 88.2976282, 22.534998 ], [ 88.2976163, 22.534981 ], [ 88.2975981, 22.5349695 ], [ 88.2975766, 22.5349653 ], [ 88.2975754, 22.5349655 ], [ 88.2975685, 22.5349297 ], [ 88.2975823, 22.5349224 ], [ 88.2975922, 22.5349107 ], [ 88.2975965, 22.5348964 ], [ 88.2975944, 22.5348816 ], [ 88.2975865, 22.5348687 ], [ 88.2975738, 22.5348596 ], [ 88.2975583, 22.5348557 ], [ 88.2975532, 22.5348563 ], [ 88.297543, 22.5348191 ], [ 88.2975461, 22.5348182 ], [ 88.2975599, 22.5348083 ], [ 88.2975686, 22.5347942 ], [ 88.2975707, 22.5347782 ], [ 88.297566, 22.5347626 ], [ 88.2975553, 22.5347498 ], [ 88.29754, 22.5347419 ], [ 88.2975227, 22.5347399 ], [ 88.2975213, 22.5347402 ], [ 88.2975141, 22.5347142 ], [ 88.2975157, 22.5347138 ], [ 88.297533, 22.5347002 ], [ 88.2975433, 22.5346816 ], [ 88.2975452, 22.5346608 ], [ 88.2975383, 22.5346409 ], [ 88.2975237, 22.5346249 ], [ 88.2975035, 22.5346153 ], [ 88.2974865, 22.534614 ], [ 88.2974779, 22.5345828 ], [ 88.2974867, 22.5345793 ], [ 88.2975028, 22.5345638 ], [ 88.2975112, 22.5345439 ], [ 88.2975107, 22.5345224 ], [ 88.2975011, 22.5345026 ], [ 88.2975435, 22.5344552 ], [ 88.297566, 22.5344636 ], [ 88.2975907, 22.5344635 ], [ 88.2976007, 22.5345042 ], [ 88.2975955, 22.5345089 ], [ 88.2975911, 22.5345184 ], [ 88.2975909, 22.5345288 ], [ 88.2975951, 22.5345384 ], [ 88.2976029, 22.5345459 ], [ 88.2976132, 22.53455 ], [ 88.2976222, 22.5345501 ], [ 88.2976281, 22.5345754 ], [ 88.2976241, 22.5345769 ], [ 88.2976156, 22.5345847 ], [ 88.297611, 22.5345949 ], [ 88.2976109, 22.5346061 ], [ 88.2976155, 22.5346163 ], [ 88.297624, 22.5346242 ], [ 88.2976351, 22.5346285 ], [ 88.2976397, 22.5346285 ], [ 88.297647, 22.5346594 ], [ 88.2976434, 22.5346606 ], [ 88.2976348, 22.534668 ], [ 88.2976299, 22.5346779 ], [ 88.2976295, 22.5346888 ], [ 88.2976337, 22.5346989 ], [ 88.2976417, 22.5347069 ], [ 88.2976524, 22.5347114 ], [ 88.2976593, 22.5347116 ], [ 88.2976662, 22.5347407 ], [ 88.2976652, 22.5347411 ], [ 88.2976566, 22.5347487 ], [ 88.2976517, 22.5347587 ], [ 88.2976514, 22.5347697 ], [ 88.2976557, 22.53478 ], [ 88.2976639, 22.5347879 ], [ 88.2976748, 22.5347924 ], [ 88.297681, 22.5347926 ], [ 88.2976878, 22.5348248 ], [ 88.2976816, 22.5348273 ], [ 88.2976741, 22.5348346 ], [ 88.2976701, 22.534844 ], [ 88.2976704, 22.534854 ], [ 88.2976748, 22.5348633 ], [ 88.2976827, 22.5348702 ], [ 88.2976929, 22.5348739 ], [ 88.2977037, 22.5348736 ], [ 88.2977131, 22.5349087 ], [ 88.2977109, 22.5349097 ], [ 88.2976998, 22.534921 ], [ 88.2976942, 22.5349354 ], [ 88.2976949, 22.5349507 ], [ 88.297702, 22.5349645 ], [ 88.2977143, 22.5349748 ], [ 88.2977299, 22.53498 ], [ 88.297734, 22.5349798 ], [ 88.2977392, 22.5350067 ], [ 88.2977299, 22.5350113 ], [ 88.2977226, 22.5350196 ], [ 88.2977192, 22.53503 ], [ 88.2977204, 22.5350407 ], [ 88.297726, 22.5350501 ], [ 88.297735, 22.5350569 ], [ 88.2977462, 22.53506 ], [ 88.2977495, 22.5350597 ], [ 88.297755, 22.535088 ], [ 88.2977492, 22.535091 ], [ 88.2977419, 22.5350995 ], [ 88.2977387, 22.5351099 ], [ 88.2977401, 22.5351207 ], [ 88.2977458, 22.5351302 ], [ 88.297755, 22.535137 ], [ 88.2977664, 22.53514 ], [ 88.2977781, 22.5351387 ], [ 88.2977883, 22.5351334 ], [ 88.2977957, 22.5351249 ], [ 88.2977989, 22.5351144 ], [ 88.2977975, 22.5351036 ], [ 88.2977918, 22.5350941 ], [ 88.2977826, 22.5350874 ], [ 88.2977712, 22.5350844 ], [ 88.2977671, 22.5350848 ], [ 88.2977618, 22.5350569 ], [ 88.297768, 22.5350538 ], [ 88.2977754, 22.5350454 ], [ 88.2977787, 22.5350351 ], [ 88.2977775, 22.5350244 ], [ 88.297772, 22.5350149 ], [ 88.2977629, 22.5350081 ], [ 88.297752, 22.5350051 ], [ 88.297747, 22.534979 ], [ 88.2977614, 22.5349728 ], [ 88.2977725, 22.5349614 ], [ 88.2977782, 22.534947 ], [ 88.2977774, 22.5349317 ], [ 88.2977703, 22.5349179 ], [ 88.297758, 22.5349076 ], [ 88.2977424, 22.5349024 ], [ 88.2977259, 22.5349031 ], [ 88.297725, 22.5349035 ], [ 88.2977132, 22.5348698 ], [ 88.2977138, 22.5348696 ], [ 88.2977213, 22.5348623 ], [ 88.2977252, 22.5348529 ], [ 88.297725, 22.5348428 ], [ 88.2977206, 22.5348336 ], [ 88.2977127, 22.5348266 ], [ 88.2977025, 22.534823 ], [ 88.2976988, 22.534823 ], [ 88.2976913, 22.5347911 ], [ 88.2976979, 22.5347887 ], [ 88.2977065, 22.5347811 ], [ 88.2977113, 22.5347711 ], [ 88.2977116, 22.5347601 ], [ 88.2977073, 22.5347498 ], [ 88.2976991, 22.5347418 ], [ 88.2976882, 22.5347374 ], [ 88.2976774, 22.5347371 ], [ 88.2976703, 22.5347096 ], [ 88.2976751, 22.5347079 ], [ 88.2976837, 22.5347005 ], [ 88.2976886, 22.5346906 ], [ 88.297689, 22.5346798 ], [ 88.2976849, 22.5346696 ], [ 88.2976768, 22.5346617 ], [ 88.2976661, 22.5346572 ], [ 88.2976567, 22.5346569 ], [ 88.2976492, 22.5346277 ], [ 88.2976582, 22.5346243 ], [ 88.2976668, 22.5346165 ], [ 88.2976714, 22.5346062 ], [ 88.2976714, 22.5345951 ], [ 88.2976669, 22.5345849 ], [ 88.2976584, 22.534577 ], [ 88.2976473, 22.5345727 ], [ 88.2976399, 22.5345727 ], [ 88.2976324, 22.5345473 ], [ 88.2976349, 22.5345463 ], [ 88.297643, 22.5345391 ], [ 88.2976475, 22.5345295 ], [ 88.2976476, 22.5345192 ], [ 88.2976435, 22.5345095 ], [ 88.2976356, 22.5345021 ], [ 88.2976253, 22.5344979 ], [ 88.297615, 22.5344978 ], [ 88.2976049, 22.5344591 ], [ 88.2976191, 22.5344535 ], [ 88.2976385, 22.5344354 ], [ 88.2976444, 22.5344219 ], [ 88.2977025, 22.5344399 ], [ 88.2977005, 22.5344439 ], [ 88.2976991, 22.5344734 ], [ 88.2977101, 22.5345011 ], [ 88.2977317, 22.5345228 ], [ 88.2977606, 22.5345353 ], [ 88.2977847, 22.5345362 ], [ 88.2977947, 22.5345805 ], [ 88.2977843, 22.5345846 ], [ 88.2977687, 22.5345992 ], [ 88.2977603, 22.5346183 ], [ 88.2977605, 22.5346388 ], [ 88.2977692, 22.5346577 ], [ 88.297785, 22.5346722 ], [ 88.2978056, 22.5346799 ], [ 88.2978169, 22.5346798 ], [ 88.2978251, 22.5347166 ], [ 88.2978177, 22.5347204 ], [ 88.2978037, 22.5347363 ], [ 88.2977974, 22.534756 ], [ 88.2977998, 22.5347764 ], [ 88.2978104, 22.5347944 ], [ 88.2978277, 22.5348073 ], [ 88.2978466, 22.5348125 ], [ 88.2978574, 22.5348608 ], [ 88.2978472, 22.5348639 ], [ 88.297827, 22.5348798 ], [ 88.297815, 22.5349016 ], [ 88.2978129, 22.534926 ], [ 88.2978211, 22.5349493 ], [ 88.2978383, 22.5349679 ], [ 88.297862, 22.534979 ], [ 88.2978793, 22.5349803 ], [ 88.2978803, 22.5350128 ], [ 88.2978626, 22.5350183 ], [ 88.2978453, 22.5350321 ], [ 88.2978351, 22.535051 ], [ 88.2978335, 22.535072 ], [ 88.2978407, 22.535092 ], [ 88.2978556, 22.535108 ], [ 88.2978761, 22.5351174 ], [ 88.2978988, 22.5351189 ], [ 88.2979205, 22.5351123 ], [ 88.2979378, 22.5350984 ], [ 88.297948, 22.5350796 ], [ 88.2979496, 22.5350585 ], [ 88.2979424, 22.5350385 ], [ 88.2979274, 22.5350226 ], [ 88.297907, 22.5350131 ], [ 88.2978965, 22.5350124 ], [ 88.2978965, 22.5349785 ], [ 88.2979136, 22.5349734 ], [ 88.2979337, 22.5349575 ], [ 88.2979458, 22.5349357 ], [ 88.2979479, 22.5349112 ], [ 88.2979397, 22.534888 ], [ 88.2979224, 22.5348693 ], [ 88.2978988, 22.5348582 ], [ 88.2978812, 22.534857 ], [ 88.2978704, 22.534811 ], [ 88.2978711, 22.534811 ], [ 88.2978906, 22.5348011 ], [ 88.2979046, 22.5347852 ], [ 88.2979108, 22.5347655 ], [ 88.2979085, 22.5347451 ], [ 88.2978978, 22.5347271 ], [ 88.2978806, 22.5347142 ], [ 88.2978593, 22.5347084 ], [ 88.2978466, 22.5347096 ], [ 88.2978386, 22.5346755 ], [ 88.2978484, 22.5346717 ], [ 88.297864, 22.5346571 ], [ 88.2978723, 22.534638 ], [ 88.2978721, 22.5346175 ], [ 88.2978635, 22.5345986 ], [ 88.2978476, 22.5345841 ], [ 88.297827, 22.5345764 ], [ 88.2978154, 22.5345765 ], [ 88.297805, 22.5345323 ], [ 88.2978226, 22.5345264 ], [ 88.2978461, 22.5345064 ], [ 88.2978596, 22.5344797 ], [ 88.2978609, 22.5344502 ], [ 88.29785, 22.5344225 ], [ 88.2978284, 22.5344007 ], [ 88.2977994, 22.5343883 ], [ 88.2977675, 22.5343871 ], [ 88.2977375, 22.5343972 ], [ 88.2977139, 22.5344171 ], [ 88.297707, 22.5344309 ], [ 88.2976486, 22.5344125 ], [ 88.2976489, 22.5344117 ] ], [ [ 88.2976183, 22.5343448 ], [ 88.2975927, 22.5343352 ], [ 88.2975651, 22.5343353 ], [ 88.2975397, 22.5343452 ], [ 88.2975203, 22.5343634 ], [ 88.2975099, 22.534387 ], [ 88.2975099, 22.5343985 ], [ 88.2974452, 22.5343878 ], [ 88.2974464, 22.534361 ], [ 88.2974354, 22.5343333 ], [ 88.2974138, 22.5343117 ], [ 88.2973849, 22.5342993 ], [ 88.2973725, 22.5342988 ], [ 88.2973703, 22.5342502 ], [ 88.29738, 22.5342493 ], [ 88.2974134, 22.5342331 ], [ 88.2974375, 22.5342063 ], [ 88.2974487, 22.534173 ], [ 88.2974459, 22.5341455 ], [ 88.2974698, 22.534138 ], [ 88.2974876, 22.5341611 ], [ 88.297519, 22.5341794 ], [ 88.2975556, 22.534185 ], [ 88.2975917, 22.5341774 ], [ 88.2976067, 22.5341676 ], [ 88.2976397, 22.5342073 ], [ 88.2976252, 22.5342302 ], [ 88.297621, 22.5342585 ], [ 88.2976289, 22.5342861 ], [ 88.2976471, 22.5343082 ], [ 88.2976186, 22.5343451 ], [ 88.2976183, 22.5343448 ] ] ] } },
{ "type": "Feature", "properties": { "element": "relation", "id": 13469205, "man_made": null, "name": null, "capacity": null, "content": null, "opening_hours": null, "generator:method": "photovoltaic", "generator:output:electricity": "yes", "generator:source": "solar", "generator:type": "solar_photovoltaic_panel", "power": "generator", "operator": null, "source": null, "drinking_water": null, "emergency": null, "product": null, "building": null, "landuse": null, "industrial": null, "ref:LOCODE": null, "natural": null, "water": null, "wikimedia_commons": null, "description": null, "plant:method": null, "plant:output:electricity": null, "plant:source": null, "start_date": null, "wikidata": null, "wikipedia": null, "location": null, "tourism": null, "addr:state": null, "type": "multipolygon" }, "geometry": { "type": "MultiPolygon", "coordinates": [ [ [ [ 88.4502546, 22.6584844 ], [ 88.4503131, 22.659181 ], [ 88.4507392, 22.6591506 ], [ 88.4506807, 22.6584539 ], [ 88.4502546, 22.6584844 ] ] ], [ [ [ 88.4507692, 22.6592689 ], [ 88.4503551, 22.6592918 ], [ 88.4504967, 22.6607549 ], [ 88.4505427, 22.6613036 ], [ 88.4509568, 22.6612742 ], [ 88.4508612, 22.6601834 ], [ 88.4507692, 22.6592689 ] ] ], [ [ [ 88.4504224, 22.6610064 ], [ 88.4503091, 22.6600332 ], [ 88.4501817, 22.6585863 ], [ 88.449934, 22.6586059 ], [ 88.4499835, 22.6592003 ], [ 88.4500225, 22.6595922 ], [ 88.4501676, 22.6606537 ], [ 88.4503056, 22.6620091 ], [ 88.450479, 22.663678 ], [ 88.4506984, 22.6636682 ], [ 88.4505356, 22.6621952 ], [ 88.4504224, 22.6610064 ] ] ], [ [ [ 88.4510565, 22.6627159 ], [ 88.4510336, 22.6627178 ], [ 88.4509072, 22.6613821 ], [ 88.4505134, 22.6614138 ], [ 88.4505475, 22.6617735 ], [ 88.4506381, 22.6627316 ], [ 88.4506616, 22.6627298 ], [ 88.4506948, 22.6630805 ], [ 88.4507174, 22.6630787 ], [ 88.4507303, 22.6632151 ], [ 88.4507083, 22.6632169 ], [ 88.450712, 22.6632564 ], [ 88.4508927, 22.6632418 ], [ 88.4508647, 22.6629457 ], [ 88.4510766, 22.6629286 ], [ 88.4510565, 22.6627159 ] ] ], [ [ [ 88.4509324, 22.663413 ], [ 88.4507201, 22.6634293 ], [ 88.450713, 22.6635599 ], [ 88.4511342, 22.6635208 ], [ 88.4512014, 22.6631648 ], [ 88.4509997, 22.6631811 ], [ 88.4509324, 22.663413 ] ] ], [ [ [ 88.4509315, 22.6655543 ], [ 88.4507545, 22.6640718 ], [ 88.4505346, 22.664094 ], [ 88.450666, 22.6651385 ], [ 88.4507816, 22.6661904 ], [ 88.4509208, 22.6675245 ], [ 88.4511464, 22.6675195 ], [ 88.4510506, 22.6666409 ], [ 88.4509315, 22.6655543 ] ] ], [ [ [ 88.4515808, 22.6679717 ], [ 88.4514781, 22.6667738 ], [ 88.451436, 22.6667048 ], [ 88.4514127, 22.6663558 ], [ 88.4513496, 22.6661489 ], [ 88.4512632, 22.6655284 ], [ 88.4511628, 22.6647182 ], [ 88.4510951, 22.6643368 ], [ 88.4510391, 22.6639619 ], [ 88.4508313, 22.6639662 ], [ 88.4509714, 22.6648109 ], [ 88.4510858, 22.6657331 ], [ 88.4511465, 22.6662373 ], [ 88.4512095, 22.6663816 ], [ 88.4512446, 22.6667264 ], [ 88.4512796, 22.6667932 ], [ 88.4513099, 22.6672241 ], [ 88.4513683, 22.6679825 ], [ 88.451443, 22.668017 ], [ 88.4514687, 22.6683811 ], [ 88.4517022, 22.6683682 ], [ 88.4516695, 22.667976 ], [ 88.4515808, 22.6679717 ] ] ], [ [ [ 88.4523828, 22.6767406 ], [ 88.4524445, 22.6772195 ], [ 88.4526926, 22.6772146 ], [ 88.4526645, 22.676972 ], [ 88.4526202, 22.676706 ], [ 88.4525733, 22.6764709 ], [ 88.4525143, 22.6761887 ], [ 88.4524821, 22.6759276 ], [ 88.4524915, 22.6757148 ], [ 88.452478, 22.6755094 ], [ 88.452407, 22.6750664 ], [ 88.4523587, 22.6749154 ], [ 88.4522957, 22.6746803 ], [ 88.4521133, 22.6746964 ], [ 88.4520932, 22.6744996 ], [ 88.4520851, 22.6742546 ], [ 88.452297, 22.6742249 ], [ 88.4523278, 22.6740504 ], [ 88.4523238, 22.6739292 ], [ 88.452305, 22.6737374 ], [ 88.4522527, 22.6732498 ], [ 88.4521709, 22.6724232 ], [ 88.4521146, 22.6718663 ], [ 88.4520449, 22.6712661 ], [ 88.4519631, 22.6705236 ], [ 88.4518705, 22.6696698 ], [ 88.451829, 22.6693604 ], [ 88.4518182, 22.6693208 ], [ 88.4518021, 22.6693047 ], [ 88.4517659, 22.6692911 ], [ 88.4512174, 22.6693394 ], [ 88.4513441, 22.6705162 ], [ 88.4513663, 22.6708194 ], [ 88.45144, 22.6708145 ], [ 88.4514521, 22.6709481 ], [ 88.4514722, 22.6711956 ], [ 88.4513032, 22.6712265 ], [ 88.4513971, 22.6718972 ], [ 88.451491, 22.6727561 ], [ 88.4515715, 22.6735109 ], [ 88.4516412, 22.6742954 ], [ 88.4518357, 22.6762877 ], [ 88.4514293, 22.6763335 ], [ 88.4514534, 22.6767035 ], [ 88.4517585, 22.6766769 ], [ 88.4517667, 22.6767596 ], [ 88.4523006, 22.6765517 ], [ 88.4523426, 22.6765389 ], [ 88.4523828, 22.6767406 ] ] ], [ [ [ 88.4524821, 22.6774033 ], [ 88.4525853, 22.6781915 ], [ 88.4527907, 22.6781828 ], [ 88.4526873, 22.6773946 ], [ 88.4524821, 22.6774033 ] ] ], [ [ [ 88.4520944, 22.6791698 ], [ 88.4522903, 22.6791559 ], [ 88.4522756, 22.6789801 ], [ 88.4524787, 22.6789656 ], [ 88.4524548, 22.67868 ], [ 88.4526602, 22.6786653 ], [ 88.4526905, 22.6790271 ], [ 88.4524952, 22.679041 ], [ 88.4525049, 22.6791575 ], [ 88.4523209, 22.6791706 ], [ 88.4523253, 22.6792229 ], [ 88.4522905, 22.6792254 ], [ 88.4522953, 22.6792822 ], [ 88.4520838, 22.6792972 ], [ 88.4520892, 22.6793616 ], [ 88.4519017, 22.6793749 ], [ 88.4519051, 22.6794158 ], [ 88.4521243, 22.6794002 ], [ 88.4521304, 22.6794729 ], [ 88.4523466, 22.6794576 ], [ 88.4523511, 22.6795115 ], [ 88.4527074, 22.6794861 ], [ 88.4527122, 22.6795439 ], [ 88.4529156, 22.6795294 ], [ 88.4529111, 22.6794751 ], [ 88.4529403, 22.6794731 ], [ 88.452937, 22.6794332 ], [ 88.4528973, 22.679436 ], [ 88.4528754, 22.6791744 ], [ 88.4528988, 22.6791728 ], [ 88.4528411, 22.6784823 ], [ 88.4526365, 22.6784968 ], [ 88.4526223, 22.6783259 ], [ 88.452432, 22.6783395 ], [ 88.4522947, 22.6766967 ], [ 88.4520892, 22.6767113 ], [ 88.4520946, 22.6767766 ], [ 88.4516987, 22.6768048 ], [ 88.4517042, 22.6768709 ], [ 88.4515069, 22.676885 ], [ 88.451663, 22.678753 ], [ 88.4514654, 22.6787671 ], [ 88.4515127, 22.6793334 ], [ 88.4519046, 22.6793055 ], [ 88.4518995, 22.6792448 ], [ 88.4520995, 22.6792306 ], [ 88.4520944, 22.6791698 ] ] ] ] } },
{ "type": "Feature", "properties": { "element": "way", "id": 116968190, "man_made": null, "name": null, "capacity": null, "content": null, "opening_hours": null, "generator:method": null, "generator:output:electricity": null, "generator:source": null, "generator:type": null, "power": "plant", "operator": null, "source": null, "drinking_water": null, "emergency": null, "product": null, "building": "yes", "landuse": "industrial", "industrial": null, "ref:LOCODE": null, "natural": null, "water": null, "wikimedia_commons": null, "description": null, "plant:method": null, "plant:output:electricity": null, "plant:source": null, "start_date": null, "wikidata": null, "wikipedia": null, "location": null, "tourism": null, "addr:state": null, "type": null }, "geometry": { "type": "Polygon", "coordinates": [ [ [ 88.3678465, 22.6246941 ], [ 88.367841, 22.6243113 ], [ 88.3679797, 22.6243096 ], [ 88.3679758, 22.6240423 ], [ 88.3693338, 22.6240256 ], [ 88.3693439, 22.6247279 ], [ 88.3691691, 22.62473 ], [ 88.3691683, 22.6246779 ], [ 88.3678465, 22.6246941 ] ] ] } },
{ "type": "Feature", "properties": { "element": "way", "id": 117391775, "man_made": null, "name": null, "capacity": null, "content": null, "opening_hours": null, "generator:method": null, "generator:output:electricity": null, "generator:source": null, "generator:type": null, "power": null, "operator": null, "source": null, "drinking_water": null, "emergency": null, "product": null, "building": null, "landuse": "industrial", "industrial": "factory", "ref:LOCODE": null, "natural": null, "water": null, "wikimedia_commons": null, "description": null, "plant:method": null, "plant:output:electricity": null, "plant:source": null, "start_date": null, "wikidata": null, "wikipedia": null, "location": null, "tourism": null, "addr:state": null, "type": null }, "geometry": { "type": "Polygon", "coordinates": [ [ [ 88.3725606, 22.5270247 ], [ 88.3724085, 22.5270315 ], [ 88.3717328, 22.5270465 ], [ 88.3716148, 22.5263529 ], [ 88.3717435, 22.5261448 ], [ 88.3717274, 22.5255947 ], [ 88.3717757, 22.5254907 ], [ 88.371765, 22.5247623 ], [ 88.3722713, 22.5247157 ], [ 88.3724248, 22.5262439 ], [ 88.3724757, 22.5262579 ], [ 88.3725606, 22.5270247 ] ] ] } },
{ "type": "Feature", "properties": { "element": "way", "id": 118139989, "man_made": null, "name": null, "capacity": null, "content": null, "opening_hours": null, "generator:method": null, "generator:output:electricity": null, "generator:source": null, "generator:type": null, "power": null, "operator": null, "source": null, "drinking_water": null, "emergency": null, "product": null, "building": null, "landuse": "industrial", "industrial": "factory", "ref:LOCODE": null, "natural": null, "water": null, "wikimedia_commons": null, "description": null, "plant:method": null, "plant:output:electricity": null, "plant:source": null, "start_date": null, "wikidata": null, "wikipedia": null, "location": null, "tourism": null, "addr:state": null, "type": null }, "geometry": { "type": "Polygon", "coordinates": [ [ [ 88.3703756, 22.5247151 ], [ 88.3702978, 22.5242741 ], [ 88.3703058, 22.5241602 ], [ 88.3707699, 22.5233921 ], [ 88.3709603, 22.5233723 ], [ 88.3709803, 22.5235133 ], [ 88.3711937, 22.5234937 ], [ 88.3711802, 22.5234144 ], [ 88.3718347, 22.5233673 ], [ 88.3721944, 22.5233695 ], [ 88.3722069, 22.5236656 ], [ 88.3722894, 22.5246396 ], [ 88.371993, 22.5246904 ], [ 88.3717152, 22.5247174 ], [ 88.3703756, 22.5247151 ] ] ] } },
{ "type": "Feature", "properties": { "element": "way", "id": 128551164, "man_made": null, "name": null, "capacity": null, "content": null, "opening_hours": null, "generator:method": null, "generator:output:electricity": null, "generator:source": null, "generator:type": null, "power": null, "operator": null, "source": null, "drinking_water": null, "emergency": null, "product": null, "building": null, "landuse": "industrial", "industrial": "port", "ref:LOCODE": "INCCU", "natural": null, "water": null, "wikimedia_commons": null, "description": null, "plant:method": null, "plant:output:electricity": null, "plant:source": null, "start_date": null, "wikidata": null, "wikipedia": null, "location": null, "tourism": null, "addr:state": null, "type": null }, "geometry": { "type": "Polygon", "coordinates": [ [ [ 88.3166643, 22.5529696 ], [ 88.3223997, 22.556541 ], [ 88.3250716, 22.5587858 ], [ 88.3257192, 22.5597204 ], [ 88.3255491, 22.5602754 ], [ 88.3282874, 22.5635932 ], [ 88.3271739, 22.5643762 ], [ 88.324524, 22.5612775 ], [ 88.3239233, 22.5616275 ], [ 88.323491, 22.5611498 ], [ 88.3200609, 22.5593238 ], [ 88.3189128, 22.5585711 ], [ 88.3179986, 22.5580214 ], [ 88.3174316, 22.5578905 ], [ 88.3164306, 22.5579887 ], [ 88.3136666, 22.5590849 ], [ 88.3131528, 22.5595021 ], [ 88.3127542, 22.5592649 ], [ 88.313206, 22.5580705 ], [ 88.31496, 22.5558943 ], [ 88.3160585, 22.5537426 ], [ 88.3166643, 22.5529696 ] ] ] } },
{ "type": "Feature", "properties": { "element": "way", "id": 134102191, "man_made": "storage_tank", "name": "Tank No. 3", "capacity": null, "content": "water", "opening_hours": null, "generator:method": null, "generator:output:electricity": null, "generator:source": null, "generator:type": null, "power": null, "operator": null, "source": null, "drinking_water": null, "emergency": null, "product": null, "building": null, "landuse": null, "industrial": null, "ref:LOCODE": null, "natural": null, "water": null, "wikimedia_commons": null, "description": null, "plant:method": null, "plant:output:electricity": null, "plant:source": null, "start_date": null, "wikidata": null, "wikipedia": null, "location": null, "tourism": null, "addr:state": null, "type": null }, "geometry": { "type": "Polygon", "coordinates": [ [ [ 88.4066121, 22.5921099 ], [ 88.4066129, 22.5920844 ], [ 88.406623, 22.5920607 ], [ 88.4066482, 22.5920371 ], [ 88.4066738, 22.5920274 ], [ 88.4067095, 22.5920278 ], [ 88.4067348, 22.592038 ], [ 88.4067548, 22.5920556 ], [ 88.4067623, 22.5920671 ], [ 88.4067698, 22.5920917 ], [ 88.4067668, 22.5921205 ], [ 88.4067543, 22.5921432 ], [ 88.4067317, 22.592162 ], [ 88.4067059, 22.5921711 ], [ 88.4066783, 22.5921716 ], [ 88.4066519, 22.5921631 ], [ 88.4066305, 22.592147 ], [ 88.4066164, 22.5921251 ], [ 88.4066121, 22.5921099 ] ] ] } },
{ "type": "Feature", "properties": { "element": "way", "id": 164999466, "man_made": null, "name": "Hindustan Motors", "capacity": null, "content": null, "opening_hours": null, "generator:method": null, "generator:output:electricity": null, "generator:source": null, "generator:type": null, "power": null, "operator": null, "source": null, "drinking_water": null, "emergency": null, "product": null, "building": null, "landuse": "industrial", "industrial": "factory", "ref:LOCODE": null, "natural": null, "water": null, "wikimedia_commons": null, "description": null, "plant:method": null, "plant:output:electricity": null, "plant:source": null, "start_date": null, "wikidata": null, "wikipedia": null, "location": null, "tourism": null, "addr:state": null, "type": null }, "geometry": { "type": "Polygon", "coordinates": [ [ [ 88.3308547, 22.6754417 ], [ 88.3411243, 22.6752326 ], [ 88.3418318, 22.6966311 ], [ 88.3309649, 22.6970954 ], [ 88.3314839, 22.6959782 ], [ 88.3324161, 22.6951371 ], [ 88.3304931, 22.684008 ], [ 88.3308391, 22.6791326 ], [ 88.3308547, 22.6754417 ] ] ] } },
{ "type": "Feature", "properties": { "element": "way", "id": 174252530, "man_made": "storage_tank", "name": "13 No. Tank", "capacity": null, "content": "water", "opening_hours": null, "generator:method": null, "generator:output:electricity": null, "generator:source": null, "generator:type": null, "power": null, "operator": null, "source": null, "drinking_water": null, "emergency": null, "product": null, "building": "yes", "landuse": null, "industrial": null, "ref:LOCODE": null, "natural": null, "water": null, "wikimedia_commons": null, "description": null, "plant:method": null, "plant:output:electricity": null, "plant:source": null, "start_date": null, "wikidata": null, "wikipedia": null, "location": null, "tourism": null, "addr:state": null, "type": null }, "geometry": { "type": "Polygon", "coordinates": [ [ [ 88.4090903, 22.574833 ], [ 88.4090656, 22.5748168 ], [ 88.4090233, 22.5748093 ], [ 88.4090208, 22.5748094 ], [ 88.4089917, 22.5748167 ], [ 88.408962, 22.5748376 ], [ 88.4089468, 22.5748618 ], [ 88.4089416, 22.5748942 ], [ 88.4089528, 22.5749291 ], [ 88.4089672, 22.5749465 ], [ 88.408992, 22.5749624 ], [ 88.4090239, 22.5749697 ], [ 88.4090539, 22.5749663 ], [ 88.4090846, 22.5749508 ], [ 88.4091008, 22.5749341 ], [ 88.4091153, 22.5748948 ], [ 88.409112, 22.5748671 ], [ 88.4090903, 22.574833 ] ] ] } },
{ "type": "Feature", "properties": { "element": "way", "id": 223455485, "man_made": "storage_tank", "name": "Tank No 12", "capacity": null, "content": "water", "opening_hours": null, "generator:method": null, "generator:output:electricity": null, "generator:source": null, "generator:type": null, "power": null, "operator": null, "source": null, "drinking_water": null, "emergency": null, "product": null, "building": null, "landuse": null, "industrial": null, "ref:LOCODE": null, "natural": null, "water": null, "wikimedia_commons": null, "description": null, "plant:method": null, "plant:output:electricity": null, "plant:source": null, "start_date": null, "wikidata": null, "wikipedia": null, "location": null, "tourism": null, "addr:state": null, "type": null }, "geometry": { "type": "Polygon", "coordinates": [ [ [ 88.419209, 22.5791269 ], [ 88.4192381, 22.5791296 ], [ 88.4192779, 22.5791171 ], [ 88.4193014, 22.5790958 ], [ 88.4193135, 22.5790708 ], [ 88.4193156, 22.5790439 ], [ 88.4193075, 22.5790179 ], [ 88.4192994, 22.5790056 ], [ 88.4192782, 22.5789871 ], [ 88.4192618, 22.5789793 ], [ 88.4192284, 22.5789743 ], [ 88.4192079, 22.5789774 ], [ 88.4191754, 22.5789942 ], [ 88.4191574, 22.5790155 ], [ 88.4191512, 22.5790293 ], [ 88.4191476, 22.5790561 ], [ 88.4191504, 22.5790723 ], [ 88.4191628, 22.5790967 ], [ 88.4191836, 22.5791158 ], [ 88.419209, 22.5791269 ] ] ] } },
{ "type": "Feature", "properties": { "element": "way", "id": 223468438, "man_made": "storage_tank", "name": "Tank No 10", "capacity": null, "content": "water", "opening_hours": null, "generator:method": null, "generator:output:electricity": null, "generator:source": null, "generator:type": null, "power": null, "operator": null, "source": null, "drinking_water": null, "emergency": null, "product": null, "building": null, "landuse": null, "industrial": null, "ref:LOCODE": null, "natural": "water", "water": "reservoir", "wikimedia_commons": null, "description": null, "plant:method": null, "plant:output:electricity": null, "plant:source": null, "start_date": null, "wikidata": null, "wikipedia": null, "location": null, "tourism": null, "addr:state": null, "type": null }, "geometry": { "type": "Polygon", "coordinates": [ [ [ 88.4239271, 22.5822355 ], [ 88.4239449, 22.5822434 ], [ 88.4239644, 22.5822465 ], [ 88.4239841, 22.5822446 ], [ 88.4240025, 22.5822379 ], [ 88.4240182, 22.5822269 ], [ 88.4240302, 22.5822123 ], [ 88.4240374, 22.5821954 ], [ 88.4240394, 22.5821772 ], [ 88.4240361, 22.5821592 ], [ 88.4240276, 22.5821427 ], [ 88.4240146, 22.582129 ], [ 88.4239981, 22.582119 ], [ 88.4239792, 22.5821134 ], [ 88.4239595, 22.5821128 ], [ 88.4239403, 22.5821171 ], [ 88.4239231, 22.5821261 ], [ 88.4239091, 22.582139 ], [ 88.4238994, 22.5821549 ], [ 88.4238947, 22.5821726 ], [ 88.4238954, 22.5821909 ], [ 88.4239013, 22.5822083 ], [ 88.4239122, 22.5822235 ], [ 88.4239271, 22.5822355 ] ] ] } },
{ "type": "Feature", "properties": { "element": "way", "id": 238270674, "man_made": "storage_tank", "name": "Tank No . 8", "capacity": null, "content": "water", "opening_hours": null, "generator:method": null, "generator:output:electricity": null, "generator:source": null, "generator:type": null, "power": null, "operator": null, "source": null, "drinking_water": null, "emergency": null, "product": null, "building": null, "landuse": null, "industrial": null, "ref:LOCODE": null, "natural": null, "water": null, "wikimedia_commons": null, "description": null, "plant:method": null, "plant:output:electricity": null, "plant:source": null, "start_date": null, "wikidata": null, "wikipedia": null, "location": null, "tourism": null, "addr:state": null, "type": null }, "geometry": { "type": "Polygon", "coordinates": [ [ [ 88.4308404, 22.5867236 ], [ 88.4308553, 22.58674 ], [ 88.4308754, 22.5867508 ], [ 88.4308982, 22.5867545 ], [ 88.4309211, 22.5867508 ], [ 88.4309406, 22.5867405 ], [ 88.4309557, 22.5867243 ], [ 88.4309639, 22.5867042 ], [ 88.4309641, 22.5866828 ], [ 88.4309577, 22.5866648 ], [ 88.4309437, 22.5866477 ], [ 88.4309242, 22.5866361 ], [ 88.4309016, 22.5866313 ], [ 88.4308722, 22.5866361 ], [ 88.4308527, 22.5866477 ], [ 88.4308388, 22.5866648 ], [ 88.430832, 22.5866853 ], [ 88.4308332, 22.5867067 ], [ 88.4308404, 22.5867236 ] ] ] } },
{ "type": "Feature", "properties": { "element": "way", "id": 238272277, "man_made": "storage_tank", "name": "Tank No . 17", "capacity": null, "content": "water", "opening_hours": null, "generator:method": null, "generator:output:electricity": null, "generator:source": null, "generator:type": null, "power": null, "operator": null, "source": null, "drinking_water": null, "emergency": null, "product": null, "building": null, "landuse": null, "industrial": null, "ref:LOCODE": null, "natural": null, "water": null, "wikimedia_commons": null, "description": null, "plant:method": null, "plant:output:electricity": null, "plant:source": null, "start_date": null, "wikidata": null, "wikipedia": null, "location": null, "tourism": null, "addr:state": null, "type": null }, "geometry": { "type": "Polygon", "coordinates": [ [ [ 88.4166325, 22.5639847 ], [ 88.4166506, 22.5639937 ], [ 88.416671, 22.5639964 ], [ 88.4166911, 22.5639926 ], [ 88.4167086, 22.5639826 ], [ 88.4167237, 22.5639632 ], [ 88.4167283, 22.5639447 ], [ 88.4167258, 22.5639258 ], [ 88.4167165, 22.5639089 ], [ 88.4167047, 22.563898 ], [ 88.4166863, 22.5638894 ], [ 88.4166659, 22.5638871 ], [ 88.4166459, 22.5638914 ], [ 88.4166251, 22.5639051 ], [ 88.4166142, 22.5639212 ], [ 88.4166099, 22.5639398 ], [ 88.4166128, 22.5639586 ], [ 88.4166224, 22.5639754 ], [ 88.4166325, 22.5639847 ] ] ] } },
{ "type": "Feature", "properties": { "element": "way", "id": 238274091, "man_made": "storage_tank", "name": "Tank No. 16", "capacity": null, "content": "water", "opening_hours": null, "generator:method": null, "generator:output:electricity": null, "generator:source": null, "generator:type": null, "power": null, "operator": null, "source": null, "drinking_water": null, "emergency": null, "product": null, "building": null, "landuse": null, "industrial": null, "ref:LOCODE": null, "natural": null, "water": null, "wikimedia_commons": null, "description": null, "plant:method": null, "plant:output:electricity": null, "plant:source": null, "start_date": null, "wikidata": null, "wikipedia": null, "location": null, "tourism": null, "addr:state": null, "type": null }, "geometry": { "type": "Polygon", "coordinates": [ [ [ 88.4121198, 22.5644914 ], [ 88.4121403, 22.564502 ], [ 88.4121634, 22.5645054 ], [ 88.4121865, 22.5645014 ], [ 88.4122066, 22.5644903 ], [ 88.4122214, 22.5644735 ], [ 88.4122265, 22.5644628 ], [ 88.41223, 22.5644414 ], [ 88.4122253, 22.5644202 ], [ 88.412209, 22.5643979 ], [ 88.4121895, 22.5643859 ], [ 88.4121667, 22.5643808 ], [ 88.4121434, 22.5643833 ], [ 88.4121224, 22.5643929 ], [ 88.4121053, 22.5644099 ], [ 88.4120965, 22.56443 ], [ 88.4120956, 22.5644516 ], [ 88.4121028, 22.5644722 ], [ 88.4121198, 22.5644914 ] ] ] } },
{ "type": "Feature", "properties": { "element": "way", "id": 238786674, "man_made": "storage_tank", "name": null, "capacity": null, "content": "water", "opening_hours": null, "generator:method": null, "generator:output:electricity": null, "generator:source": null, "generator:type": null, "power": null, "operator": null, "source": null, "drinking_water": null, "emergency": null, "product": null, "building": null, "landuse": null, "industrial": null, "ref:LOCODE": null, "natural": null, "water": null, "wikimedia_commons": null, "description": null, "plant:method": null, "plant:output:electricity": null, "plant:source": null, "start_date": null, "wikidata": null, "wikipedia": null, "location": null, "tourism": null, "addr:state": null, "type": null }, "geometry": { "type": "Polygon", "coordinates": [ [ [ 88.4743467, 22.611969 ], [ 88.4748509, 22.6121153 ], [ 88.4750333, 22.6115967 ], [ 88.4745196, 22.611446 ], [ 88.4743467, 22.611969 ] ] ] } },
{ "type": "Feature", "properties": { "element": "way", "id": 319060145, "man_made": "works", "name": "BBS Bricks", "capacity": null, "content": null, "opening_hours": null, "generator:method": null, "generator:output:electricity": null, "generator:source": null, "generator:type": null, "power": null, "operator": null, "source": null, "drinking_water": null, "emergency": null, "product": null, "building": null, "landuse": "industrial", "industrial": null, "ref:LOCODE": null, "natural": null, "water": null, "wikimedia_commons": null, "description": null, "plant:method": null, "plant:output:electricity": null, "plant:source": null, "start_date": null, "wikidata": null, "wikipedia": null, "location": null, "tourism": null, "addr:state": null, "type": null }, "geometry": { "type": "Polygon", "coordinates": [ [ [ 88.4481817, 22.751095 ], [ 88.4485947, 22.7509751 ], [ 88.449058, 22.7507927 ], [ 88.449135, 22.7508749 ], [ 88.4492406, 22.751141 ], [ 88.4492534, 22.7512774 ], [ 88.4493094, 22.751415 ], [ 88.4491069, 22.7514891 ], [ 88.4486912, 22.7516405 ], [ 88.4482888, 22.7516302 ], [ 88.4482532, 22.7515128 ], [ 88.4481817, 22.751095 ] ] ] } },
{ "type": "Feature", "properties": { "element": "way", "id": 348966833, "man_made": "storage_tank", "name": null, "capacity": null, "content": "water", "opening_hours": null, "generator:method": null, "generator:output:electricity": null, "generator:source": null, "generator:type": null, "power": null, "operator": null, "source": null, "drinking_water": null, "emergency": null, "product": null, "building": null, "landuse": null, "industrial": null, "ref:LOCODE": null, "natural": null, "water": null, "wikimedia_commons": null, "description": null, "plant:method": null, "plant:output:electricity": null, "plant:source": null, "start_date": null, "wikidata": null, "wikipedia": null, "location": null, "tourism": null, "addr:state": null, "type": null }, "geometry": { "type": "Polygon", "coordinates": [ [ [ 88.4667007, 22.5728134 ], [ 88.4666688, 22.5728017 ], [ 88.4666345, 22.5728021 ], [ 88.4666031, 22.5728147 ], [ 88.4665792, 22.5728374 ], [ 88.4665665, 22.5728668 ], [ 88.466567, 22.5728985 ], [ 88.4665806, 22.5729276 ], [ 88.4666052, 22.5729496 ], [ 88.4666371, 22.5729613 ], [ 88.4666714, 22.5729608 ], [ 88.4667029, 22.5729483 ], [ 88.4667267, 22.5729256 ], [ 88.4667394, 22.5728961 ], [ 88.4667389, 22.5728645 ], [ 88.4667253, 22.5728354 ], [ 88.4667007, 22.5728134 ] ] ] } },
{ "type": "Feature", "properties": { "element": "way", "id": 348966837, "man_made": "storage_tank", "name": null, "capacity": null, "content": "water", "opening_hours": null, "generator:method": null, "generator:output:electricity": null, "generator:source": null, "generator:type": null, "power": null, "operator": null, "source": null, "drinking_water": null, "emergency": null, "product": null, "building": null, "landuse": null, "industrial": null, "ref:LOCODE": null, "natural": null, "water": null, "wikimedia_commons": null, "description": null, "plant:method": null, "plant:output:electricity": null, "plant:source": null, "start_date": null, "wikidata": null, "wikipedia": null, "location": null, "tourism": null, "addr:state": null, "type": null }, "geometry": { "type": "Polygon", "coordinates": [ [ [ 88.4727757, 22.573185 ], [ 88.4727388, 22.5731838 ], [ 88.4727043, 22.5731958 ], [ 88.4726773, 22.5732191 ], [ 88.4726621, 22.5732501 ], [ 88.4726609, 22.5732842 ], [ 88.4726739, 22.5733161 ], [ 88.4726991, 22.5733409 ], [ 88.4727327, 22.573355 ], [ 88.4727696, 22.5733561 ], [ 88.4728041, 22.5733441 ], [ 88.472831, 22.5733208 ], [ 88.4728463, 22.5732898 ], [ 88.4728475, 22.5732558 ], [ 88.4728345, 22.5732239 ], [ 88.4728093, 22.573199 ], [ 88.4727757, 22.573185 ] ] ] } },
{ "type": "Feature", "properties": { "element": "way", "id": 349699200, "man_made": "storage_tank", "name": null, "capacity": null, "content": "water", "opening_hours": null, "generator:method": null, "generator:output:electricity": null, "generator:source": null, "generator:type": null, "power": null, "operator": null, "source": null, "drinking_water": null, "emergency": null, "product": null, "building": null, "landuse": null, "industrial": null, "ref:LOCODE": null, "natural": null, "water": null, "wikimedia_commons": null, "description": null, "plant:method": null, "plant:output:electricity": null, "plant:source": null, "start_date": null, "wikidata": null, "wikipedia": null, "location": null, "tourism": null, "addr:state": null, "type": null }, "geometry": { "type": "Polygon", "coordinates": [ [ [ 88.4528639, 22.5783752 ], [ 88.4528319, 22.5783705 ], [ 88.4528004, 22.5783775 ], [ 88.4527741, 22.5783951 ], [ 88.4527572, 22.5784206 ], [ 88.4527521, 22.5784502 ], [ 88.4527597, 22.5784793 ], [ 88.4527787, 22.5785035 ], [ 88.4528064, 22.5785192 ], [ 88.4528384, 22.5785239 ], [ 88.4528699, 22.5785169 ], [ 88.4528962, 22.5784993 ], [ 88.4529131, 22.5784738 ], [ 88.4529182, 22.5784442 ], [ 88.4529106, 22.5784151 ], [ 88.4528916, 22.5783908 ], [ 88.4528639, 22.5783752 ] ] ] } },
{ "type": "Feature", "properties": { "element": "way", "id": 357320659, "man_made": "storage_tank", "name": null, "capacity": null, "content": "water", "opening_hours": null, "generator:method": null, "generator:output:electricity": null, "generator:source": null, "generator:type": null, "power": null, "operator": null, "source": null, "drinking_water": null, "emergency": null, "product": null, "building": null, "landuse": null, "industrial": null, "ref:LOCODE": null, "natural": null, "water": null, "wikimedia_commons": null, "description": null, "plant:method": null, "plant:output:electricity": null, "plant:source": null, "start_date": null, "wikidata": null, "wikipedia": null, "location": null, "tourism": null, "addr:state": null, "type": null }, "geometry": { "type": "Polygon", "coordinates": [ [ [ 88.4036785, 22.7416969 ], [ 88.4036706, 22.7416693 ], [ 88.4036519, 22.7416466 ], [ 88.4036252, 22.7416323 ], [ 88.4035945, 22.7416285 ], [ 88.4035647, 22.7416357 ], [ 88.4035401, 22.741653 ], [ 88.4035245, 22.7416776 ], [ 88.4035203, 22.7417059 ], [ 88.4035282, 22.7417334 ], [ 88.403547, 22.7417561 ], [ 88.4035737, 22.7417705 ], [ 88.4036043, 22.7417743 ], [ 88.4036342, 22.741767 ], [ 88.4036588, 22.7417498 ], [ 88.4036743, 22.7417251 ], [ 88.4036785, 22.7416969 ] ] ] } },
{ "type": "Feature", "properties": { "element": "way", "id": 357335128, "man_made": "storage_tank", "name": null, "capacity": null, "content": "water", "opening_hours": null, "generator:method": null, "generator:output:electricity": null, "generator:source": null, "generator:type": null, "power": null, "operator": null, "source": null, "drinking_water": null, "emergency": null, "product": null, "building": null, "landuse": null, "industrial": null, "ref:LOCODE": null, "natural": null, "water": null, "wikimedia_commons": null, "description": null, "plant:method": null, "plant:output:electricity": null, "plant:source": null, "start_date": null, "wikidata": null, "wikipedia": null, "location": null, "tourism": null, "addr:state": null, "type": null }, "geometry": { "type": "Polygon", "coordinates": [ [ [ 88.4073054, 22.7373534 ], [ 88.4072786, 22.7373434 ], [ 88.4072497, 22.7373436 ], [ 88.407223, 22.7373539 ], [ 88.4072027, 22.7373729 ], [ 88.4071918, 22.7373976 ], [ 88.407192, 22.7374243 ], [ 88.4072032, 22.7374489 ], [ 88.4072238, 22.7374676 ], [ 88.4072506, 22.7374777 ], [ 88.4072795, 22.7374775 ], [ 88.4073062, 22.7374672 ], [ 88.4073265, 22.7374482 ], [ 88.4073374, 22.7374235 ], [ 88.4073372, 22.7373968 ], [ 88.407326, 22.7373722 ], [ 88.4073054, 22.7373534 ] ] ] } },
{ "type": "Feature", "properties": { "element": "way", "id": 357431613, "man_made": "storage_tank", "name": null, "capacity": null, "content": "water", "opening_hours": null, "generator:method": null, "generator:output:electricity": null, "generator:source": null, "generator:type": null, "power": null, "operator": null, "source": null, "drinking_water": null, "emergency": null, "product": null, "building": null, "landuse": null, "industrial": null, "ref:LOCODE": null, "natural": null, "water": null, "wikimedia_commons": null, "description": null, "plant:method": null, "plant:output:electricity": null, "plant:source": null, "start_date": null, "wikidata": null, "wikipedia": null, "location": null, "tourism": null, "addr:state": null, "type": null }, "geometry": { "type": "Polygon", "coordinates": [ [ [ 88.3671692, 22.749155 ], [ 88.3671419, 22.7491658 ], [ 88.3671211, 22.7491854 ], [ 88.3671101, 22.7492109 ], [ 88.3671105, 22.7492383 ], [ 88.3671222, 22.7492635 ], [ 88.3671435, 22.7492826 ], [ 88.3671711, 22.7492928 ], [ 88.3672008, 22.7492924 ], [ 88.3672281, 22.7492816 ], [ 88.3672488, 22.749262 ], [ 88.3672599, 22.7492366 ], [ 88.3672595, 22.7492092 ], [ 88.3672478, 22.749184 ], [ 88.3672265, 22.7491648 ], [ 88.3671989, 22.7491547 ], [ 88.3671692, 22.749155 ] ] ] } },
{ "type": "Feature", "properties": { "element": "way", "id": 357584379, "man_made": "storage_tank", "name": null, "capacity": null, "content": "water", "opening_hours": null, "generator:method": null, "generator:output:electricity": null, "generator:source": null, "generator:type": null, "power": null, "operator": null, "source": null, "drinking_water": null, "emergency": null, "product": null, "building": null, "landuse": null, "industrial": null, "ref:LOCODE": null, "natural": null, "water": null, "wikimedia_commons": null, "description": null, "plant:method": null, "plant:output:electricity": null, "plant:source": null, "start_date": null, "wikidata": null, "wikipedia": null, "location": null, "tourism": null, "addr:state": null, "type": null }, "geometry": { "type": "Polygon", "coordinates": [ [ [ 88.3679355, 22.7435928 ], [ 88.367927, 22.743596 ], [ 88.3679205, 22.7436019 ], [ 88.3679169, 22.7436097 ], [ 88.3679169, 22.7436181 ], [ 88.3679203, 22.7436259 ], [ 88.3679267, 22.7436319 ], [ 88.3679351, 22.7436352 ], [ 88.3679442, 22.7436353 ], [ 88.3679527, 22.7436322 ], [ 88.3679592, 22.7436262 ], [ 88.3679628, 22.7436185 ], [ 88.3679629, 22.74361 ], [ 88.3679595, 22.7436022 ], [ 88.3679531, 22.7435962 ], [ 88.3679447, 22.7435929 ], [ 88.3679355, 22.7435928 ] ] ] } },
{ "type": "Feature", "properties": { "element": "way", "id": 357584380, "man_made": "storage_tank", "name": null, "capacity": null, "content": "water", "opening_hours": null, "generator:method": null, "generator:output:electricity": null, "generator:source": null, "generator:type": null, "power": null, "operator": null, "source": null, "drinking_water": null, "emergency": null, "product": null, "building": null, "landuse": null, "industrial": null, "ref:LOCODE": null, "natural": null, "water": null, "wikimedia_commons": null, "description": null, "plant:method": null, "plant:output:electricity": null, "plant:source": null, "start_date": null, "wikidata": null, "wikipedia": null, "location": null, "tourism": null, "addr:state": null, "type": null }, "geometry": { "type": "Polygon", "coordinates": [ [ [ 88.3679546, 22.7436495 ], [ 88.3679398, 22.7436538 ], [ 88.367928, 22.7436631 ], [ 88.3679208, 22.7436758 ], [ 88.3679195, 22.74369 ], [ 88.3679242, 22.7437036 ], [ 88.3679342, 22.7437145 ], [ 88.367948, 22.7437211 ], [ 88.3679635, 22.7437223 ], [ 88.3679782, 22.743718 ], [ 88.3679901, 22.7437087 ], [ 88.3679972, 22.743696 ], [ 88.3679985, 22.7436818 ], [ 88.3679938, 22.7436682 ], [ 88.3679838, 22.7436573 ], [ 88.36797, 22.7436507 ], [ 88.3679546, 22.7436495 ] ] ] } },
{ "type": "Feature", "properties": { "element": "way", "id": 357631439, "man_made": "storage_tank", "name": null, "capacity": null, "content": "water", "opening_hours": null, "generator:method": null, "generator:output:electricity": null, "generator:source": null, "generator:type": null, "power": null, "operator": null, "source": null, "drinking_water": null, "emergency": null, "product": null, "building": null, "landuse": null, "industrial": null, "ref:LOCODE": null, "natural": null, "water": null, "wikimedia_commons": null, "description": null, "plant:method": null, "plant:output:electricity": null, "plant:source": null, "start_date": null, "wikidata": null, "wikipedia": null, "location": null, "tourism": null, "addr:state": null, "type": null }, "geometry": { "type": "Polygon", "coordinates": [ [ [ 88.4020663, 22.7162974 ], [ 88.4020561, 22.7162949 ], [ 88.4020457, 22.7162961 ], [ 88.4020365, 22.7163009 ], [ 88.4020301, 22.7163086 ], [ 88.4020273, 22.7163179 ], [ 88.4020286, 22.7163276 ], [ 88.4020338, 22.716336 ], [ 88.4020421, 22.716342 ], [ 88.4020523, 22.7163445 ], [ 88.4020627, 22.7163433 ], [ 88.4020719, 22.7163385 ], [ 88.4020783, 22.7163308 ], [ 88.4020811, 22.7163215 ], [ 88.4020798, 22.7163118 ], [ 88.4020746, 22.7163034 ], [ 88.4020663, 22.7162974 ] ] ] } },
{ "type": "Feature", "properties": { "element": "way", "id": 357668100, "man_made": "storage_tank", "name": null, "capacity": null, "content": "water", "opening_hours": null, "generator:method": null, "generator:output:electricity": null, "generator:source": null, "generator:type": null, "power": null, "operator": null, "source": null, "drinking_water": null, "emergency": null, "product": null, "building": null, "landuse": null, "industrial": null, "ref:LOCODE": null, "natural": null, "water": null, "wikimedia_commons": null, "description": null, "plant:method": null, "plant:output:electricity": null, "plant:source": null, "start_date": null, "wikidata": null, "wikipedia": null, "location": null, "tourism": null, "addr:state": null, "type": null }, "geometry": { "type": "Polygon", "coordinates": [ [ [ 88.3986684, 22.7331551 ], [ 88.3986422, 22.7331456 ], [ 88.3986141, 22.7331461 ], [ 88.3985883, 22.7331565 ], [ 88.3985688, 22.7331752 ], [ 88.3985586, 22.7331993 ], [ 88.3985591, 22.7332253 ], [ 88.3985704, 22.733249 ], [ 88.3985906, 22.733267 ], [ 88.3986168, 22.7332765 ], [ 88.3986449, 22.733276 ], [ 88.3986707, 22.7332656 ], [ 88.3986902, 22.7332469 ], [ 88.3987004, 22.7332227 ], [ 88.3986999, 22.7331968 ], [ 88.3986886, 22.7331731 ], [ 88.3986684, 22.7331551 ] ] ] } },
{ "type": "Feature", "properties": { "element": "way", "id": 357714252, "man_made": "storage_tank", "name": null, "capacity": null, "content": null, "opening_hours": null, "generator:method": null, "generator:output:electricity": null, "generator:source": null, "generator:type": null, "power": null, "operator": null, "source": null, "drinking_water": null, "emergency": null, "product": null, "building": "yes", "landuse": null, "industrial": null, "ref:LOCODE": null, "natural": null, "water": null, "wikimedia_commons": null, "description": null, "plant:method": null, "plant:output:electricity": null, "plant:source": null, "start_date": null, "wikidata": null, "wikipedia": null, "location": null, "tourism": null, "addr:state": null, "type": null }, "geometry": { "type": "Polygon", "coordinates": [ [ [ 88.466228, 22.6290388 ], [ 88.4662029, 22.6290285 ], [ 88.4661754, 22.6290279 ], [ 88.4661498, 22.6290371 ], [ 88.46613, 22.6290546 ], [ 88.4661189, 22.6290778 ], [ 88.4661182, 22.6291032 ], [ 88.4661282, 22.6291268 ], [ 88.4661471, 22.6291451 ], [ 88.4661723, 22.6291554 ], [ 88.4661997, 22.629156 ], [ 88.4662253, 22.6291468 ], [ 88.4662452, 22.6291293 ], [ 88.4662563, 22.6291061 ], [ 88.4662569, 22.6290807 ], [ 88.466247, 22.6290571 ], [ 88.466228, 22.6290388 ] ] ] } },
{ "type": "Feature", "properties": { "element": "way", "id": 357755723, "man_made": "storage_tank", "name": null, "capacity": null, "content": "water", "opening_hours": null, "generator:method": null, "generator:output:electricity": null, "generator:source": null, "generator:type": null, "power": null, "operator": null, "source": null, "drinking_water": null, "emergency": null, "product": null, "building": null, "landuse": null, "industrial": null, "ref:LOCODE": null, "natural": null, "water": null, "wikimedia_commons": null, "description": null, "plant:method": null, "plant:output:electricity": null, "plant:source": null, "start_date": null, "wikidata": null, "wikipedia": null, "location": null, "tourism": null, "addr:state": null, "type": null }, "geometry": { "type": "Polygon", "coordinates": [ [ [ 88.369591, 22.6566619 ], [ 88.3695839, 22.6566523 ], [ 88.3695733, 22.6566459 ], [ 88.3695609, 22.6566438 ], [ 88.3695485, 22.6566462 ], [ 88.3695381, 22.6566528 ], [ 88.3695312, 22.6566625 ], [ 88.3695289, 22.656674 ], [ 88.3695315, 22.6566854 ], [ 88.3695386, 22.656695 ], [ 88.3695492, 22.6567014 ], [ 88.3695616, 22.6567035 ], [ 88.3695739, 22.6567011 ], [ 88.3695844, 22.6566945 ], [ 88.3695913, 22.6566848 ], [ 88.3695936, 22.6566733 ], [ 88.369591, 22.6566619 ] ] ] } },
{ "type": "Feature", "properties": { "element": "way", "id": 357769448, "man_made": "storage_tank", "name": null, "capacity": null, "content": "water", "opening_hours": null, "generator:method": null, "generator:output:electricity": null, "generator:source": null, "generator:type": null, "power": null, "operator": null, "source": null, "drinking_water": null, "emergency": null, "product": null, "building": null, "landuse": null, "industrial": null, "ref:LOCODE": null, "natural": null, "water": null, "wikimedia_commons": null, "description": null, "plant:method": null, "plant:output:electricity": null, "plant:source": null, "start_date": null, "wikidata": null, "wikipedia": null, "location": null, "tourism": null, "addr:state": null, "type": null }, "geometry": { "type": "Polygon", "coordinates": [ [ [ 88.3963092, 22.7030181 ], [ 88.3962682, 22.7030328 ], [ 88.3962363, 22.703061 ], [ 88.3962186, 22.7030982 ], [ 88.3962177, 22.7031389 ], [ 88.3962337, 22.7031768 ], [ 88.3962642, 22.7032062 ], [ 88.3963046, 22.7032225 ], [ 88.3963486, 22.7032234 ], [ 88.3963897, 22.7032086 ], [ 88.3964216, 22.7031805 ], [ 88.3964393, 22.7031432 ], [ 88.3964402, 22.7031026 ], [ 88.3964242, 22.7030647 ], [ 88.3963937, 22.7030353 ], [ 88.3963533, 22.7030189 ], [ 88.3963092, 22.7030181 ] ] ] } },
{ "type": "Feature", "properties": { "element": "way", "id": 357778433, "man_made": "storage_tank", "name": null, "capacity": null, "content": "water", "opening_hours": null, "generator:method": null, "generator:output:electricity": null, "generator:source": null, "generator:type": null, "power": null, "operator": null, "source": null, "drinking_water": null, "emergency": null, "product": null, "building": null, "landuse": null, "industrial": null, "ref:LOCODE": null, "natural": null, "water": null, "wikimedia_commons": null, "description": null, "plant:method": null, "plant:output:electricity": null, "plant:source": null, "start_date": null, "wikidata": null, "wikipedia": null, "location": null, "tourism": null, "addr:state": null, "type": null }, "geometry": { "type": "Polygon", "coordinates": [ [ [ 88.2945619, 22.5907457 ], [ 88.2945439, 22.5907687 ], [ 88.2945368, 22.5907963 ], [ 88.2945416, 22.5908243 ], [ 88.2945577, 22.5908485 ], [ 88.2945826, 22.5908651 ], [ 88.2946125, 22.5908717 ], [ 88.2946429, 22.5908672 ], [ 88.2946691, 22.5908523 ], [ 88.2946871, 22.5908293 ], [ 88.2946942, 22.5908017 ], [ 88.2946894, 22.5907737 ], [ 88.2946733, 22.5907495 ], [ 88.2946483, 22.5907329 ], [ 88.2946184, 22.5907263 ], [ 88.2945881, 22.5907308 ], [ 88.2945619, 22.5907457 ] ] ] } },
{ "type": "Feature", "properties": { "element": "way", "id": 357965405, "man_made": "storage_tank", "name": null, "capacity": null, "content": "water", "opening_hours": null, "generator:method": null, "generator:output:electricity": null, "generator:source": null, "generator:type": null, "power": null, "operator": null, "source": null, "drinking_water": null, "emergency": null, "product": null, "building": null, "landuse": null, "industrial": null, "ref:LOCODE": null, "natural": null, "water": null, "wikimedia_commons": null, "description": null, "plant:method": null, "plant:output:electricity": null, "plant:source": null, "start_date": null, "wikidata": null, "wikipedia": null, "location": null, "tourism": null, "addr:state": null, "type": null }, "geometry": { "type": "Polygon", "coordinates": [ [ [ 88.4822347, 22.6230341 ], [ 88.48222, 22.6230426 ], [ 88.4822099, 22.6230556 ], [ 88.482206, 22.6230712 ], [ 88.4822089, 22.6230871 ], [ 88.4822181, 22.6231007 ], [ 88.4822322, 22.62311 ], [ 88.4822491, 22.6231136 ], [ 88.4822663, 22.623111 ], [ 88.482281, 22.6231025 ], [ 88.4822911, 22.6230894 ], [ 88.482295, 22.6230738 ], [ 88.4822922, 22.6230579 ], [ 88.482283, 22.6230443 ], [ 88.4822688, 22.623035 ], [ 88.4822519, 22.6230314 ], [ 88.4822347, 22.6230341 ] ] ] } },
{ "type": "Feature", "properties": { "element": "way", "id": 357973723, "man_made": null, "name": null, "capacity": null, "content": null, "opening_hours": null, "generator:method": null, "generator:output:electricity": null, "generator:source": null, "generator:type": null, "power": "generator", "operator": "Dr. Sudhir Chandra Sur Institute of Technology and Sports Complex", "source": null, "drinking_water": null, "emergency": null, "product": null, "building": "yes", "landuse": null, "industrial": null, "ref:LOCODE": null, "natural": null, "water": null, "wikimedia_commons": null, "description": null, "plant:method": null, "plant:output:electricity": null, "plant:source": null, "start_date": null, "wikidata": null, "wikipedia": null, "location": null, "tourism": null, "addr:state": null, "type": null }, "geometry": { "type": "Polygon", "coordinates": [ [ [ 88.4048145, 22.6189773 ], [ 88.4051213, 22.618908 ], [ 88.4051086, 22.6188601 ], [ 88.4048018, 22.6189293 ], [ 88.4048145, 22.6189773 ] ] ] } },
{ "type": "Feature", "properties": { "element": "way", "id": 357981903, "man_made": "storage_tank", "name": null, "capacity": null, "content": "water", "opening_hours": null, "generator:method": null, "generator:output:electricity": null, "generator:source": null, "generator:type": null, "power": null, "operator": null, "source": null, "drinking_water": null, "emergency": null, "product": null, "building": null, "landuse": null, "industrial": null, "ref:LOCODE": null, "natural": null, "water": null, "wikimedia_commons": null, "description": null, "plant:method": null, "plant:output:electricity": null, "plant:source": null, "start_date": null, "wikidata": null, "wikipedia": null, "location": null, "tourism": null, "addr:state": null, "type": null }, "geometry": { "type": "Polygon", "coordinates": [ [ [ 88.418368, 22.6188839 ], [ 88.4183422, 22.6188637 ], [ 88.4183099, 22.6188542 ], [ 88.4182762, 22.6188568 ], [ 88.4182461, 22.6188712 ], [ 88.4182242, 22.618895 ], [ 88.4182139, 22.6189248 ], [ 88.4182167, 22.6189559 ], [ 88.4182322, 22.6189837 ], [ 88.4182581, 22.6190039 ], [ 88.4182903, 22.6190134 ], [ 88.4183241, 22.6190108 ], [ 88.4183542, 22.6189965 ], [ 88.418376, 22.6189726 ], [ 88.4183863, 22.6189429 ], [ 88.4183835, 22.6189117 ], [ 88.418368, 22.6188839 ] ] ] } },
{ "type": "Feature", "properties": { "element": "way", "id": 357994093, "man_made": "storage_tank", "name": null, "capacity": null, "content": "water", "opening_hours": null, "generator:method": null, "generator:output:electricity": null, "generator:source": null, "generator:type": null, "power": null, "operator": null, "source": null, "drinking_water": null, "emergency": null, "product": null, "building": null, "landuse": null, "industrial": null, "ref:LOCODE": null, "natural": null, "water": null, "wikimedia_commons": null, "description": null, "plant:method": null, "plant:output:electricity": null, "plant:source": null, "start_date": null, "wikidata": null, "wikipedia": null, "location": null, "tourism": null, "addr:state": null, "type": null }, "geometry": { "type": "Polygon", "coordinates": [ [ [ 88.3296151, 22.4634006 ], [ 88.3295875, 22.4634085 ], [ 88.3295653, 22.4634255 ], [ 88.3295518, 22.4634491 ], [ 88.3295491, 22.4634757 ], [ 88.3295576, 22.4635013 ], [ 88.3295761, 22.4635218 ], [ 88.3296016, 22.4635343 ], [ 88.3296304, 22.4635368 ], [ 88.329658, 22.4635289 ], [ 88.3296803, 22.4635118 ], [ 88.3296938, 22.4634882 ], [ 88.3296965, 22.4634616 ], [ 88.3296879, 22.4634361 ], [ 88.3296695, 22.4634155 ], [ 88.3296439, 22.463403 ], [ 88.3296151, 22.4634006 ] ] ] } },
{ "type": "Feature", "properties": { "element": "way", "id": 358026886, "man_made": "storage_tank", "name": null, "capacity": null, "content": "water", "opening_hours": null, "generator:method": null, "generator:output:electricity": null, "generator:source": null, "generator:type": null, "power": null, "operator": null, "source": null, "drinking_water": null, "emergency": null, "product": null, "building": null, "landuse": null, "industrial": null, "ref:LOCODE": null, "natural": null, "water": null, "wikimedia_commons": null, "description": null, "plant:method": null, "plant:output:electricity": null, "plant:source": null, "start_date": null, "wikidata": null, "wikipedia": null, "location": null, "tourism": null, "addr:state": null, "type": null }, "geometry": { "type": "Polygon", "coordinates": [ [ [ 88.3987878, 22.5962621 ], [ 88.3987509, 22.5962452 ], [ 88.3987098, 22.5962427 ], [ 88.3986709, 22.5962549 ], [ 88.3986399, 22.5962799 ], [ 88.3986217, 22.596314 ], [ 88.398619, 22.5963519 ], [ 88.3986322, 22.5963879 ], [ 88.3986593, 22.5964165 ], [ 88.3986962, 22.5964333 ], [ 88.3987372, 22.5964358 ], [ 88.3987762, 22.5964236 ], [ 88.3988072, 22.5963986 ], [ 88.3988254, 22.5963645 ], [ 88.3988281, 22.5963266 ], [ 88.3988149, 22.5962906 ], [ 88.3987878, 22.5962621 ] ] ] } },
{ "type": "Feature", "properties": { "element": "way", "id": 358051953, "man_made": "storage_tank", "name": null, "capacity": null, "content": "water", "opening_hours": null, "generator:method": null, "generator:output:electricity": null, "generator:source": null, "generator:type": null, "power": null, "operator": null, "source": null, "drinking_water": null, "emergency": null, "product": null, "building": null, "landuse": null, "industrial": null, "ref:LOCODE": null, "natural": null, "water": null, "wikimedia_commons": null, "description": null, "plant:method": null, "plant:output:electricity": null, "plant:source": null, "start_date": null, "wikidata": null, "wikipedia": null, "location": null, "tourism": null, "addr:state": null, "type": null }, "geometry": { "type": "Polygon", "coordinates": [ [ [ 88.4131506, 22.6283837 ], [ 88.4131193, 22.6283708 ], [ 88.4130852, 22.6283699 ], [ 88.4130532, 22.6283812 ], [ 88.4130284, 22.6284029 ], [ 88.4130144, 22.6284317 ], [ 88.4130135, 22.6284632 ], [ 88.4130257, 22.6284927 ], [ 88.4130492, 22.6285156 ], [ 88.4130804, 22.6285285 ], [ 88.4131145, 22.6285294 ], [ 88.4131465, 22.6285181 ], [ 88.4131713, 22.6284964 ], [ 88.4131853, 22.6284676 ], [ 88.4131862, 22.6284361 ], [ 88.413174, 22.6284066 ], [ 88.4131506, 22.6283837 ] ] ] } },
{ "type": "Feature", "properties": { "element": "way", "id": 358069002, "man_made": "storage_tank", "name": null, "capacity": null, "content": "water", "opening_hours": null, "generator:method": null, "generator:output:electricity": null, "generator:source": null, "generator:type": null, "power": null, "operator": null, "source": null, "drinking_water": null, "emergency": null, "product": null, "building": null, "landuse": null, "industrial": null, "ref:LOCODE": null, "natural": null, "water": null, "wikimedia_commons": null, "description": null, "plant:method": null, "plant:output:electricity": null, "plant:source": null, "start_date": null, "wikidata": null, "wikipedia": null, "location": null, "tourism": null, "addr:state": null, "type": null }, "geometry": { "type": "Polygon", "coordinates": [ [ [ 88.4066644, 22.605468 ], [ 88.406655, 22.605465 ], [ 88.406645, 22.6054655 ], [ 88.406636, 22.6054696 ], [ 88.4066294, 22.6054765 ], [ 88.4066261, 22.6054852 ], [ 88.4066267, 22.6054944 ], [ 88.4066311, 22.6055027 ], [ 88.4066386, 22.6055088 ], [ 88.406648, 22.6055118 ], [ 88.406658, 22.6055112 ], [ 88.406667, 22.6055072 ], [ 88.4066736, 22.6055003 ], [ 88.4066769, 22.6054916 ], [ 88.4066763, 22.6054824 ], [ 88.4066719, 22.6054741 ], [ 88.4066644, 22.605468 ] ] ] } },
{ "type": "Feature", "properties": { "element": "way", "id": 358076853, "man_made": "storage_tank", "name": null, "capacity": null, "content": "water", "opening_hours": null, "generator:method": null, "generator:output:electricity": null, "generator:source": null, "generator:type": null, "power": null, "operator": null, "source": null, "drinking_water": null, "emergency": null, "product": null, "building": null, "landuse": null, "industrial": null, "ref:LOCODE": null, "natural": null, "water": null, "wikimedia_commons": null, "description": null, "plant:method": null, "plant:output:electricity": null, "plant:source": null, "start_date": null, "wikidata": null, "wikipedia": null, "location": null, "tourism": null, "addr:state": null, "type": null }, "geometry": { "type": "Polygon", "coordinates": [ [ [ 88.4857866, 22.5936143 ], [ 88.4857492, 22.5936161 ], [ 88.4857154, 22.593631 ], [ 88.4856903, 22.5936567 ], [ 88.4856778, 22.5936892 ], [ 88.4856798, 22.5937238 ], [ 88.4856959, 22.593755 ], [ 88.4857237, 22.5937781 ], [ 88.485759, 22.5937896 ], [ 88.4857964, 22.5937878 ], [ 88.4858302, 22.593773 ], [ 88.4858553, 22.5937473 ], [ 88.4858678, 22.5937147 ], [ 88.4858658, 22.5936802 ], [ 88.4858497, 22.593649 ], [ 88.4858219, 22.5936258 ], [ 88.4857866, 22.5936143 ] ] ] } },
{ "type": "Feature", "properties": { "element": "way", "id": 358109049, "man_made": "storage_tank", "name": null, "capacity": null, "content": "water", "opening_hours": null, "generator:method": null, "generator:output:electricity": null, "generator:source": null, "generator:type": null, "power": null, "operator": null, "source": null, "drinking_water": null, "emergency": null, "product": null, "building": null, "landuse": null, "industrial": null, "ref:LOCODE": null, "natural": null, "water": null, "wikimedia_commons": null, "description": null, "plant:method": null, "plant:output:electricity": null, "plant:source": null, "start_date": null, "wikidata": null, "wikipedia": null, "location": null, "tourism": null, "addr:state": null, "type": null }, "geometry": { "type": "Polygon", "coordinates": [ [ [ 88.3948452, 22.7117989 ], [ 88.3947994, 22.7118108 ], [ 88.394762, 22.7118379 ], [ 88.3947386, 22.7118762 ], [ 88.3947329, 22.7119198 ], [ 88.3947458, 22.711962 ], [ 88.3947752, 22.7119966 ], [ 88.3948167, 22.7120181 ], [ 88.3948639, 22.7120233 ], [ 88.3949098, 22.7120115 ], [ 88.3949472, 22.7119844 ], [ 88.3949705, 22.7119461 ], [ 88.3949762, 22.7119025 ], [ 88.3949634, 22.7118602 ], [ 88.394934, 22.7118257 ], [ 88.3948925, 22.7118042 ], [ 88.3948452, 22.7117989 ] ] ] } },
{ "type": "Feature", "properties": { "element": "way", "id": 358112189, "man_made": "storage_tank", "name": null, "capacity": null, "content": "water", "opening_hours": null, "generator:method": null, "generator:output:electricity": null, "generator:source": null, "generator:type": null, "power": null, "operator": null, "source": null, "drinking_water": null, "emergency": null, "product": null, "building": null, "landuse": null, "industrial": null, "ref:LOCODE": null, "natural": null, "water": null, "wikimedia_commons": null, "description": null, "plant:method": null, "plant:output:electricity": null, "plant:source": null, "start_date": null, "wikidata": null, "wikipedia": null, "location": null, "tourism": null, "addr:state": null, "type": null }, "geometry": { "type": "Polygon", "coordinates": [ [ [ 88.4155274, 22.6043214 ], [ 88.4154867, 22.6042987 ], [ 88.4154398, 22.6042921 ], [ 88.4153937, 22.6043026 ], [ 88.4153555, 22.6043285 ], [ 88.4153309, 22.604366 ], [ 88.4153238, 22.6044093 ], [ 88.4153351, 22.6044519 ], [ 88.4153632, 22.6044872 ], [ 88.4154038, 22.6045099 ], [ 88.4154508, 22.6045165 ], [ 88.4154969, 22.604506 ], [ 88.4155351, 22.60448 ], [ 88.4155597, 22.6044425 ], [ 88.4155668, 22.6043992 ], [ 88.4155555, 22.6043567 ], [ 88.4155274, 22.6043214 ] ] ] } },
{ "type": "Feature", "properties": { "element": "way", "id": 358112190, "man_made": "storage_tank", "name": null, "capacity": null, "content": "water", "opening_hours": null, "generator:method": null, "generator:output:electricity": null, "generator:source": null, "generator:type": null, "power": null, "operator": null, "source": null, "drinking_water": null, "emergency": null, "product": null, "building": null, "landuse": null, "industrial": null, "ref:LOCODE": null, "natural": null, "water": null, "wikimedia_commons": null, "description": null, "plant:method": null, "plant:output:electricity": null, "plant:source": null, "start_date": null, "wikidata": null, "wikipedia": null, "location": null, "tourism": null, "addr:state": null, "type": null }, "geometry": { "type": "Polygon", "coordinates": [ [ [ 88.4153316, 22.6045652 ], [ 88.4152954, 22.6045371 ], [ 88.4152503, 22.6045239 ], [ 88.4152032, 22.6045276 ], [ 88.4151612, 22.6045477 ], [ 88.4151307, 22.6045812 ], [ 88.4151164, 22.6046228 ], [ 88.4151204, 22.6046663 ], [ 88.4151422, 22.6047051 ], [ 88.4151784, 22.6047333 ], [ 88.4152235, 22.6047465 ], [ 88.4152707, 22.6047427 ], [ 88.4153127, 22.6047226 ], [ 88.4153432, 22.6046892 ], [ 88.4153575, 22.6046475 ], [ 88.4153534, 22.604604 ], [ 88.4153316, 22.6045652 ] ] ] } },
{ "type": "Feature", "properties": { "element": "way", "id": 358112192, "man_made": "storage_tank", "name": null, "capacity": null, "content": "water", "opening_hours": null, "generator:method": null, "generator:output:electricity": null, "generator:source": null, "generator:type": null, "power": null, "operator": null, "source": null, "drinking_water": null, "emergency": null, "product": null, "building": null, "landuse": null, "industrial": null, "ref:LOCODE": null, "natural": null, "water": null, "wikimedia_commons": null, "description": null, "plant:method": null, "plant:output:electricity": null, "plant:source": null, "start_date": null, "wikidata": null, "wikipedia": null, "location": null, "tourism": null, "addr:state": null, "type": null }, "geometry": { "type": "Polygon", "coordinates": [ [ [ 88.4134493, 22.6043726 ], [ 88.4134114, 22.6043651 ], [ 88.4133733, 22.6043717 ], [ 88.4133408, 22.6043912 ], [ 88.4133189, 22.6044207 ], [ 88.4133109, 22.6044557 ], [ 88.413318, 22.6044909 ], [ 88.4133391, 22.6045209 ], [ 88.413371, 22.6045411 ], [ 88.413409, 22.6045485 ], [ 88.413447, 22.604542 ], [ 88.4134795, 22.6045224 ], [ 88.4135014, 22.6044929 ], [ 88.4135095, 22.6044579 ], [ 88.4135024, 22.6044228 ], [ 88.4134812, 22.6043928 ], [ 88.4134493, 22.6043726 ] ] ] } },
{ "type": "Feature", "properties": { "element": "way", "id": 358135695, "man_made": "storage_tank", "name": null, "capacity": null, "content": "water", "opening_hours": null, "generator:method": null, "generator:output:electricity": null, "generator:source": null, "generator:type": null, "power": null, "operator": null, "source": null, "drinking_water": null, "emergency": null, "product": null, "building": null, "landuse": null, "industrial": null, "ref:LOCODE": null, "natural": null, "water": null, "wikimedia_commons": null, "description": null, "plant:method": null, "plant:output:electricity": null, "plant:source": null, "start_date": null, "wikidata": null, "wikipedia": null, "location": null, "tourism": null, "addr:state": null, "type": null }, "geometry": { "type": "Polygon", "coordinates": [ [ [ 88.418914, 22.6388636 ], [ 88.4188841, 22.638844 ], [ 88.4188485, 22.6388364 ], [ 88.4188123, 22.6388421 ], [ 88.4187813, 22.63886 ], [ 88.4187601, 22.6388876 ], [ 88.4187519, 22.6389205 ], [ 88.418758, 22.6389538 ], [ 88.4187775, 22.6389825 ], [ 88.4188073, 22.6390021 ], [ 88.418843, 22.6390096 ], [ 88.4188791, 22.639004 ], [ 88.4189101, 22.638986 ], [ 88.4189314, 22.6389585 ], [ 88.4189395, 22.6389255 ], [ 88.4189334, 22.6388922 ], [ 88.418914, 22.6388636 ] ] ] } },
{ "type": "Feature", "properties": { "element": "way", "id": 358183016, "man_made": "storage_tank", "name": null, "capacity": null, "content": "water", "opening_hours": null, "generator:method": null, "generator:output:electricity": null, "generator:source": null, "generator:type": null, "power": null, "operator": null, "source": null, "drinking_water": null, "emergency": null, "product": null, "building": null, "landuse": null, "industrial": null, "ref:LOCODE": null, "natural": null, "water": null, "wikimedia_commons": null, "description": null, "plant:method": null, "plant:output:electricity": null, "plant:source": null, "start_date": null, "wikidata": null, "wikipedia": null, "location": null, "tourism": null, "addr:state": null, "type": null }, "geometry": { "type": "Polygon", "coordinates": [ [ [ 88.3449482, 22.6423501 ], [ 88.3449219, 22.6423611 ], [ 88.3449022, 22.6423805 ], [ 88.344892, 22.6424055 ], [ 88.3448929, 22.6424321 ], [ 88.3449048, 22.6424564 ], [ 88.3449259, 22.6424747 ], [ 88.344953, 22.6424841 ], [ 88.3449819, 22.6424832 ], [ 88.3450082, 22.6424722 ], [ 88.3450279, 22.6424527 ], [ 88.3450381, 22.6424278 ], [ 88.3450372, 22.6424011 ], [ 88.3450252, 22.6423768 ], [ 88.3450042, 22.6423586 ], [ 88.3449771, 22.6423492 ], [ 88.3449482, 22.6423501 ] ] ] } },
{ "type": "Feature", "properties": { "element": "way", "id": 358183017, "man_made": "storage_tank", "name": null, "capacity": null, "content": "water", "opening_hours": null, "generator:method": null, "generator:output:electricity": null, "generator:source": null, "generator:type": null, "power": null, "operator": null, "source": null, "drinking_water": null, "emergency": null, "product": null, "building": null, "landuse": null, "industrial": null, "ref:LOCODE": null, "natural": null, "water": null, "wikimedia_commons": null, "description": null, "plant:method": null, "plant:output:electricity": null, "plant:source": null, "start_date": null, "wikidata": null, "wikipedia": null, "location": null, "tourism": null, "addr:state": null, "type": null }, "geometry": { "type": "Polygon", "coordinates": [ [ [ 88.3448107, 22.6421783 ], [ 88.3447754, 22.6421931 ], [ 88.3447488, 22.6422193 ], [ 88.3447352, 22.6422528 ], [ 88.3447364, 22.6422886 ], [ 88.3447524, 22.6423212 ], [ 88.3447807, 22.6423457 ], [ 88.3448171, 22.6423583 ], [ 88.3448559, 22.6423571 ], [ 88.3448913, 22.6423423 ], [ 88.3449177, 22.6423162 ], [ 88.3449315, 22.6422827 ], [ 88.3449302, 22.6422469 ], [ 88.3449142, 22.6422142 ], [ 88.3448859, 22.6421898 ], [ 88.3448495, 22.6421771 ], [ 88.3448107, 22.6421783 ] ] ] } },
{ "type": "Feature", "properties": { "element": "way", "id": 358339964, "man_made": "storage_tank", "name": null, "capacity": null, "content": "water", "opening_hours": null, "generator:method": null, "generator:output:electricity": null, "generator:source": null, "generator:type": null, "power": null, "operator": null, "source": null, "drinking_water": null, "emergency": null, "product": null, "building": null, "landuse": null, "industrial": null, "ref:LOCODE": null, "natural": null, "water": null, "wikimedia_commons": null, "description": null, "plant:method": null, "plant:output:electricity": null, "plant:source": null, "start_date": null, "wikidata": null, "wikipedia": null, "location": null, "tourism": null, "addr:state": null, "type": null }, "geometry": { "type": "Polygon", "coordinates": [ [ [ 88.4095958, 22.6351166 ], [ 88.4095668, 22.6351002 ], [ 88.4095333, 22.6350954 ], [ 88.4095004, 22.6351027 ], [ 88.409473, 22.6351212 ], [ 88.4094553, 22.6351479 ], [ 88.40945, 22.6351788 ], [ 88.409458, 22.6352092 ], [ 88.4094779, 22.6352345 ], [ 88.4095069, 22.6352508 ], [ 88.4095404, 22.6352557 ], [ 88.4095734, 22.6352484 ], [ 88.4096008, 22.6352299 ], [ 88.4096184, 22.6352032 ], [ 88.4096237, 22.6351723 ], [ 88.4096158, 22.6351419 ], [ 88.4095958, 22.6351166 ] ] ] } },
{ "type": "Feature", "properties": { "element": "way", "id": 358339968, "man_made": "storage_tank", "name": null, "capacity": null, "content": "water", "opening_hours": null, "generator:method": null, "generator:output:electricity": null, "generator:source": null, "generator:type": null, "power": null, "operator": null, "source": null, "drinking_water": null, "emergency": null, "product": null, "building": null, "landuse": null, "industrial": null, "ref:LOCODE": null, "natural": null, "water": null, "wikimedia_commons": null, "description": null, "plant:method": null, "plant:output:electricity": null, "plant:source": null, "start_date": null, "wikidata": null, "wikipedia": null, "location": null, "tourism": null, "addr:state": null, "type": null }, "geometry": { "type": "Polygon", "coordinates": [ [ [ 88.409785, 22.6350821 ], [ 88.4097719, 22.6350688 ], [ 88.4097543, 22.6350612 ], [ 88.4097348, 22.6350603 ], [ 88.4097165, 22.6350664 ], [ 88.4097021, 22.6350785 ], [ 88.4096938, 22.6350947 ], [ 88.4096929, 22.6351127 ], [ 88.4096995, 22.6351296 ], [ 88.4097126, 22.6351429 ], [ 88.4097302, 22.6351505 ], [ 88.4097497, 22.6351514 ], [ 88.409768, 22.6351453 ], [ 88.4097824, 22.6351332 ], [ 88.4097907, 22.6351169 ], [ 88.4097916, 22.635099 ], [ 88.409785, 22.6350821 ] ] ] } },
{ "type": "Feature", "properties": { "element": "way", "id": 358739327, "man_made": "storage_tank", "name": null, "capacity": null, "content": "water", "opening_hours": null, "generator:method": null, "generator:output:electricity": null, "generator:source": null, "generator:type": null, "power": null, "operator": null, "source": null, "drinking_water": null, "emergency": null, "product": null, "building": null, "landuse": null, "industrial": null, "ref:LOCODE": null, "natural": null, "water": null, "wikimedia_commons": null, "description": null, "plant:method": null, "plant:output:electricity": null, "plant:source": null, "start_date": null, "wikidata": null, "wikipedia": null, "location": null, "tourism": null, "addr:state": null, "type": null }, "geometry": { "type": "Polygon", "coordinates": [ [ [ 88.3849756, 22.6930854 ], [ 88.3849826, 22.6931204 ], [ 88.3850036, 22.6931503 ], [ 88.3850354, 22.6931705 ], [ 88.3850731, 22.6931779 ], [ 88.3851111, 22.6931715 ], [ 88.3851435, 22.6931521 ], [ 88.3851654, 22.6931228 ], [ 88.3851734, 22.693088 ], [ 88.3851664, 22.6930529 ], [ 88.3851454, 22.6930231 ], [ 88.3851137, 22.6930029 ], [ 88.3850759, 22.6929954 ], [ 88.385038, 22.6930019 ], [ 88.3850056, 22.6930212 ], [ 88.3849837, 22.6930506 ], [ 88.3849756, 22.6930854 ] ] ] } },
{ "type": "Feature", "properties": { "element": "way", "id": 358765011, "man_made": "storage_tank", "name": null, "capacity": null, "content": "water", "opening_hours": null, "generator:method": null, "generator:output:electricity": null, "generator:source": null, "generator:type": null, "power": null, "operator": null, "source": null, "drinking_water": null, "emergency": null, "product": null, "building": null, "landuse": null, "industrial": null, "ref:LOCODE": null, "natural": null, "water": null, "wikimedia_commons": null, "description": null, "plant:method": null, "plant:output:electricity": null, "plant:source": null, "start_date": null, "wikidata": null, "wikipedia": null, "location": null, "tourism": null, "addr:state": null, "type": null }, "geometry": { "type": "Polygon", "coordinates": [ [ [ 88.3354491, 22.4666005 ], [ 88.3354078, 22.4666086 ], [ 88.3353731, 22.4666307 ], [ 88.3353501, 22.4666634 ], [ 88.3353424, 22.4667018 ], [ 88.3353512, 22.4667399 ], [ 88.3353751, 22.4667721 ], [ 88.3354106, 22.4667933 ], [ 88.3354521, 22.4668004 ], [ 88.3354933, 22.4667922 ], [ 88.3355281, 22.4667701 ], [ 88.3355511, 22.4667374 ], [ 88.3355588, 22.466699 ], [ 88.33555, 22.4666609 ], [ 88.335526, 22.4666288 ], [ 88.3354906, 22.4666075 ], [ 88.3354491, 22.4666005 ] ] ] } },
{ "type": "Feature", "properties": { "element": "way", "id": 358766440, "man_made": "storage_tank", "name": null, "capacity": null, "content": "water", "opening_hours": null, "generator:method": null, "generator:output:electricity": null, "generator:source": null, "generator:type": null, "power": null, "operator": null, "source": null, "drinking_water": null, "emergency": null, "product": null, "building": null, "landuse": null, "industrial": null, "ref:LOCODE": null, "natural": null, "water": null, "wikimedia_commons": null, "description": null, "plant:method": null, "plant:output:electricity": null, "plant:source": null, "start_date": null, "wikidata": null, "wikipedia": null, "location": null, "tourism": null, "addr:state": null, "type": null }, "geometry": { "type": "Polygon", "coordinates": [ [ [ 88.4027066, 22.6307438 ], [ 88.4026739, 22.6307269 ], [ 88.4026367, 22.6307229 ], [ 88.4026007, 22.6307323 ], [ 88.4025713, 22.6307537 ], [ 88.402553, 22.6307838 ], [ 88.4025486, 22.6308182 ], [ 88.4025588, 22.6308514 ], [ 88.402582, 22.6308786 ], [ 88.4026147, 22.6308954 ], [ 88.4026518, 22.6308995 ], [ 88.4026879, 22.6308901 ], [ 88.4027173, 22.6308687 ], [ 88.4027356, 22.6308385 ], [ 88.4027399, 22.6308042 ], [ 88.4027298, 22.6307709 ], [ 88.4027066, 22.6307438 ] ] ] } },
{ "type": "Feature", "properties": { "element": "way", "id": 358785592, "man_made": "storage_tank", "name": null, "capacity": null, "content": "water", "opening_hours": null, "generator:method": null, "generator:output:electricity": null, "generator:source": null, "generator:type": null, "power": null, "operator": null, "source": null, "drinking_water": null, "emergency": null, "product": null, "building": null, "landuse": null, "industrial": null, "ref:LOCODE": null, "natural": null, "water": null, "wikimedia_commons": null, "description": null, "plant:method": null, "plant:output:electricity": null, "plant:source": null, "start_date": null, "wikidata": null, "wikipedia": null, "location": null, "tourism": null, "addr:state": null, "type": null }, "geometry": { "type": "Polygon", "coordinates": [ [ [ 88.3919313, 22.6168679 ], [ 88.391923, 22.6168831 ], [ 88.3919216, 22.6169001 ], [ 88.3919273, 22.6169163 ], [ 88.3919393, 22.6169293 ], [ 88.3919558, 22.616937 ], [ 88.3919742, 22.6169383 ], [ 88.3919918, 22.616933 ], [ 88.3920058, 22.6169219 ], [ 88.3920142, 22.6169067 ], [ 88.3920156, 22.6168897 ], [ 88.3920098, 22.6168735 ], [ 88.3919978, 22.6168605 ], [ 88.3919813, 22.6168528 ], [ 88.3919629, 22.6168515 ], [ 88.3919453, 22.6168568 ], [ 88.3919313, 22.6168679 ] ] ] } },
{ "type": "Feature", "properties": { "element": "way", "id": 358792051, "man_made": "storage_tank", "name": null, "capacity": null, "content": "water", "opening_hours": null, "generator:method": null, "generator:output:electricity": null, "generator:source": null, "generator:type": null, "power": null, "operator": null, "source": null, "drinking_water": null, "emergency": null, "product": null, "building": null, "landuse": null, "industrial": null, "ref:LOCODE": null, "natural": null, "water": null, "wikimedia_commons": null, "description": null, "plant:method": null, "plant:output:electricity": null, "plant:source": null, "start_date": null, "wikidata": null, "wikipedia": null, "location": null, "tourism": null, "addr:state": null, "type": null }, "geometry": { "type": "Polygon", "coordinates": [ [ [ 88.4047854, 22.5904863 ], [ 88.4047809, 22.5904826 ], [ 88.4047754, 22.5904803 ], [ 88.4047688, 22.5904797 ], [ 88.4047623, 22.5904812 ], [ 88.4047567, 22.5904847 ], [ 88.4047529, 22.5904898 ], [ 88.4047511, 22.5904957 ], [ 88.4047516, 22.5905019 ], [ 88.4047544, 22.5905075 ], [ 88.4047591, 22.590512 ], [ 88.4047651, 22.5905146 ], [ 88.4047711, 22.5905152 ], [ 88.4047771, 22.5905141 ], [ 88.4047823, 22.5905114 ], [ 88.4047864, 22.5905073 ], [ 88.4047889, 22.5905022 ], [ 88.4047896, 22.5904966 ], [ 88.4047884, 22.5904912 ], [ 88.4047854, 22.5904863 ] ] ] } },
{ "type": "Feature", "properties": { "element": "way", "id": 358840563, "man_made": "storage_tank", "name": null, "capacity": null, "content": "water", "opening_hours": null, "generator:method": null, "generator:output:electricity": null, "generator:source": null, "generator:type": null, "power": null, "operator": null, "source": null, "drinking_water": null, "emergency": null, "product": null, "building": null, "landuse": null, "industrial": null, "ref:LOCODE": null, "natural": null, "water": null, "wikimedia_commons": null, "description": null, "plant:method": null, "plant:output:electricity": null, "plant:source": null, "start_date": null, "wikidata": null, "wikipedia": null, "location": null, "tourism": null, "addr:state": null, "type": null }, "geometry": { "type": "Polygon", "coordinates": [ [ [ 88.3637836, 22.5076058 ], [ 88.3637567, 22.5076101 ], [ 88.3637336, 22.5076236 ], [ 88.3637179, 22.5076441 ], [ 88.3637119, 22.5076687 ], [ 88.3637166, 22.5076936 ], [ 88.3637312, 22.5077149 ], [ 88.3637535, 22.5077294 ], [ 88.3637801, 22.5077349 ], [ 88.363807, 22.5077306 ], [ 88.36383, 22.5077171 ], [ 88.3638457, 22.5076965 ], [ 88.3638517, 22.5076719 ], [ 88.3638471, 22.5076471 ], [ 88.3638325, 22.5076258 ], [ 88.3638102, 22.5076113 ], [ 88.3637836, 22.5076058 ] ] ] } },
{ "type": "Feature", "properties": { "element": "way", "id": 358865372, "man_made": "storage_tank", "name": null, "capacity": null, "content": "water", "opening_hours": null, "generator:method": null, "generator:output:electricity": null, "generator:source": null, "generator:type": null, "power": null, "operator": null, "source": null, "drinking_water": null, "emergency": null, "product": null, "building": null, "landuse": null, "industrial": null, "ref:LOCODE": null, "natural": null, "water": null, "wikimedia_commons": null, "description": null, "plant:method": null, "plant:output:electricity": null, "plant:source": null, "start_date": null, "wikidata": null, "wikipedia": null, "location": null, "tourism": null, "addr:state": null, "type": null }, "geometry": { "type": "Polygon", "coordinates": [ [ [ 88.3553543, 22.6348582 ], [ 88.3553281, 22.6348449 ], [ 88.3552984, 22.6348419 ], [ 88.3552697, 22.6348495 ], [ 88.3552464, 22.6348668 ], [ 88.355232, 22.6348909 ], [ 88.3552287, 22.6349184 ], [ 88.355237, 22.6349449 ], [ 88.3552557, 22.6349664 ], [ 88.3552819, 22.6349797 ], [ 88.3553116, 22.6349828 ], [ 88.3553403, 22.6349751 ], [ 88.3553636, 22.6349578 ], [ 88.355378, 22.6349337 ], [ 88.3553813, 22.6349062 ], [ 88.355373, 22.6348797 ], [ 88.3553543, 22.6348582 ] ] ] } },
{ "type": "Feature", "properties": { "element": "way", "id": 358881228, "man_made": "storage_tank", "name": null, "capacity": null, "content": "water", "opening_hours": null, "generator:method": null, "generator:output:electricity": null, "generator:source": null, "generator:type": null, "power": null, "operator": null, "source": null, "drinking_water": null, "emergency": null, "product": null, "building": null, "landuse": null, "industrial": null, "ref:LOCODE": null, "natural": null, "water": null, "wikimedia_commons": null, "description": null, "plant:method": null, "plant:output:electricity": null, "plant:source": null, "start_date": null, "wikidata": null, "wikipedia": null, "location": null, "tourism": null, "addr:state": null, "type": null }, "geometry": { "type": "Polygon", "coordinates": [ [ [ 88.3432126, 22.6239568 ], [ 88.3431988, 22.623955 ], [ 88.3431853, 22.6239582 ], [ 88.3431741, 22.6239659 ], [ 88.343167, 22.623977 ], [ 88.3431651, 22.6239897 ], [ 88.3431686, 22.6240022 ], [ 88.3431769, 22.6240125 ], [ 88.3431889, 22.624019 ], [ 88.3432028, 22.6240208 ], [ 88.3432162, 22.6240176 ], [ 88.3432274, 22.6240099 ], [ 88.3432345, 22.6239988 ], [ 88.3432364, 22.6239861 ], [ 88.343233, 22.6239736 ], [ 88.3432246, 22.6239633 ], [ 88.3432126, 22.6239568 ] ] ] } },
{ "type": "Feature", "properties": { "element": "way", "id": 358886745, "man_made": "storage_tank", "name": null, "capacity": null, "content": "water", "opening_hours": null, "generator:method": null, "generator:output:electricity": null, "generator:source": null, "generator:type": null, "power": null, "operator": null, "source": null, "drinking_water": null, "emergency": null, "product": null, "building": null, "landuse": null, "industrial": null, "ref:LOCODE": null, "natural": null, "water": null, "wikimedia_commons": null, "description": null, "plant:method": null, "plant:output:electricity": null, "plant:source": null, "start_date": null, "wikidata": null, "wikipedia": null, "location": null, "tourism": null, "addr:state": null, "type": null }, "geometry": { "type": "Polygon", "coordinates": [ [ [ 88.4211166, 22.5767867 ], [ 88.421095, 22.5767798 ], [ 88.4210722, 22.576781 ], [ 88.4210517, 22.5767902 ], [ 88.4210366, 22.5768059 ], [ 88.4210291, 22.5768258 ], [ 88.4210304, 22.5768469 ], [ 88.4210404, 22.5768658 ], [ 88.4210574, 22.5768798 ], [ 88.421079, 22.5768867 ], [ 88.4211018, 22.5768855 ], [ 88.4211223, 22.5768763 ], [ 88.4211374, 22.5768606 ], [ 88.4211449, 22.5768406 ], [ 88.4211436, 22.5768196 ], [ 88.4211336, 22.5768007 ], [ 88.4211166, 22.5767867 ] ] ] } },
{ "type": "Feature", "properties": { "element": "way", "id": 359011213, "man_made": "storage_tank", "name": null, "capacity": null, "content": "water", "opening_hours": null, "generator:method": null, "generator:output:electricity": null, "generator:source": null, "generator:type": null, "power": null, "operator": null, "source": null, "drinking_water": null, "emergency": null, "product": null, "building": null, "landuse": null, "industrial": null, "ref:LOCODE": null, "natural": null, "water": null, "wikimedia_commons": null, "description": null, "plant:method": null, "plant:output:electricity": null, "plant:source": null, "start_date": null, "wikidata": null, "wikipedia": null, "location": null, "tourism": null, "addr:state": null, "type": null }, "geometry": { "type": "Polygon", "coordinates": [ [ [ 88.2978967, 22.6031834 ], [ 88.2978679, 22.6031729 ], [ 88.2978368, 22.6031734 ], [ 88.2978084, 22.6031848 ], [ 88.2977868, 22.6032054 ], [ 88.2977755, 22.6032321 ], [ 88.2977758, 22.6032506 ], [ 88.297776, 22.6032607 ], [ 88.2977884, 22.603287 ], [ 88.2978107, 22.6033069 ], [ 88.2978396, 22.6033174 ], [ 88.2978706, 22.6033169 ], [ 88.2978991, 22.6033054 ], [ 88.2979206, 22.6032848 ], [ 88.297932, 22.6032582 ], [ 88.2979314, 22.6032295 ], [ 88.2979191, 22.6032032 ], [ 88.2978967, 22.6031834 ] ] ] } },
{ "type": "Feature", "properties": { "element": "way", "id": 359026406, "man_made": "storage_tank", "name": null, "capacity": null, "content": "water", "opening_hours": null, "generator:method": null, "generator:output:electricity": null, "generator:source": null, "generator:type": null, "power": null, "operator": null, "source": null, "drinking_water": null, "emergency": null, "product": null, "building": null, "landuse": null, "industrial": null, "ref:LOCODE": null, "natural": null, "water": null, "wikimedia_commons": null, "description": null, "plant:method": null, "plant:output:electricity": null, "plant:source": null, "start_date": null, "wikidata": null, "wikipedia": null, "location": null, "tourism": null, "addr:state": null, "type": null }, "geometry": { "type": "Polygon", "coordinates": [ [ [ 88.3360649, 22.5260493 ], [ 88.3360676, 22.5260643 ], [ 88.3360762, 22.5260772 ], [ 88.3360896, 22.526086 ], [ 88.3361056, 22.5260894 ], [ 88.3361218, 22.526087 ], [ 88.3361358, 22.526079 ], [ 88.3361453, 22.5260666 ], [ 88.3361491, 22.5260519 ], [ 88.3361464, 22.5260369 ], [ 88.3361377, 22.526024 ], [ 88.3361244, 22.5260152 ], [ 88.3361084, 22.5260117 ], [ 88.3360922, 22.5260142 ], [ 88.3360782, 22.5260222 ], [ 88.3360686, 22.5260345 ], [ 88.3360649, 22.5260493 ] ] ] } },
{ "type": "Feature", "properties": { "element": "way", "id": 359026636, "man_made": "storage_tank", "name": null, "capacity": null, "content": null, "opening_hours": null, "generator:method": null, "generator:output:electricity": null, "generator:source": null, "generator:type": null, "power": null, "operator": null, "source": null, "drinking_water": null, "emergency": null, "product": null, "building": "storage_tank", "landuse": null, "industrial": null, "ref:LOCODE": null, "natural": null, "water": null, "wikimedia_commons": null, "description": null, "plant:method": null, "plant:output:electricity": null, "plant:source": null, "start_date": null, "wikidata": null, "wikipedia": null, "location": null, "tourism": null, "addr:state": null, "type": null }, "geometry": { "type": "Polygon", "coordinates": [ [ [ 88.2970274, 22.5344383 ], [ 88.2969901, 22.5344251 ], [ 88.2969502, 22.5344261 ], [ 88.2969138, 22.5344412 ], [ 88.2968864, 22.5344679 ], [ 88.2968721, 22.5345024 ], [ 88.2968732, 22.5345392 ], [ 88.2968895, 22.5345729 ], [ 88.2969184, 22.5345982 ], [ 88.2969557, 22.5346114 ], [ 88.2969956, 22.5346103 ], [ 88.297032, 22.5345953 ], [ 88.2970595, 22.5345685 ], [ 88.2970737, 22.5345341 ], [ 88.2970726, 22.5344973 ], [ 88.2970564, 22.5344636 ], [ 88.2970274, 22.5344383 ] ] ] } },
{ "type": "Feature", "properties": { "element": "way", "id": 359026641, "man_made": "storage_tank", "name": null, "capacity": null, "content": null, "opening_hours": null, "generator:method": null, "generator:output:electricity": null, "generator:source": null, "generator:type": null, "power": null, "operator": null, "source": null, "drinking_water": null, "emergency": null, "product": null, "building": "storage_tank", "landuse": null, "industrial": null, "ref:LOCODE": null, "natural": null, "water": null, "wikimedia_commons": null, "description": null, "plant:method": null, "plant:output:electricity": null, "plant:source": null, "start_date": null, "wikidata": null, "wikipedia": null, "location": null, "tourism": null, "addr:state": null, "type": null }, "geometry": { "type": "Polygon", "coordinates": [ [ [ 88.2970992, 22.5341722 ], [ 88.2970656, 22.534158 ], [ 88.2970287, 22.5341567 ], [ 88.296994, 22.5341687 ], [ 88.296967, 22.5341919 ], [ 88.2969516, 22.534223 ], [ 88.2969503, 22.5342571 ], [ 88.2969632, 22.5342891 ], [ 88.2969884, 22.5343141 ], [ 88.297022, 22.5343283 ], [ 88.2970589, 22.5343295 ], [ 88.2970936, 22.5343176 ], [ 88.2971206, 22.5342943 ], [ 88.297136, 22.5342633 ], [ 88.2971373, 22.5342292 ], [ 88.2971244, 22.5341972 ], [ 88.2970992, 22.5341722 ] ] ] } },
{ "type": "Feature", "properties": { "element": "way", "id": 359028966, "man_made": "storage_tank", "name": null, "capacity": null, "content": "water", "opening_hours": null, "generator:method": null, "generator:output:electricity": null, "generator:source": null, "generator:type": null, "power": null, "operator": null, "source": null, "drinking_water": null, "emergency": null, "product": null, "building": null, "landuse": null, "industrial": null, "ref:LOCODE": null, "natural": null, "water": null, "wikimedia_commons": null, "description": null, "plant:method": null, "plant:output:electricity": null, "plant:source": null, "start_date": null, "wikidata": null, "wikipedia": null, "location": null, "tourism": null, "addr:state": null, "type": null }, "geometry": { "type": "Polygon", "coordinates": [ [ [ 88.3399078, 22.5797417 ], [ 88.3399253, 22.5797194 ], [ 88.3399512, 22.5797058 ], [ 88.3399809, 22.5797034 ], [ 88.340009, 22.5797126 ], [ 88.3400304, 22.5797317 ], [ 88.3400403, 22.5797532 ], [ 88.3400414, 22.5797766 ], [ 88.3400333, 22.5797987 ], [ 88.3400173, 22.5798168 ], [ 88.3399953, 22.5798284 ], [ 88.3399703, 22.5798321 ], [ 88.3399438, 22.5798266 ], [ 88.3399215, 22.5798122 ], [ 88.3399068, 22.579791 ], [ 88.3399021, 22.5797663 ], [ 88.3399078, 22.5797417 ] ] ] } },
{ "type": "Feature", "properties": { "element": "way", "id": 359042066, "man_made": "storage_tank", "name": null, "capacity": null, "content": "water", "opening_hours": null, "generator:method": null, "generator:output:electricity": null, "generator:source": null, "generator:type": null, "power": null, "operator": null, "source": null, "drinking_water": null, "emergency": null, "product": null, "building": null, "landuse": null, "industrial": null, "ref:LOCODE": null, "natural": null, "water": null, "wikimedia_commons": null, "description": null, "plant:method": null, "plant:output:electricity": null, "plant:source": null, "start_date": null, "wikidata": null, "wikipedia": null, "location": null, "tourism": null, "addr:state": null, "type": null }, "geometry": { "type": "Polygon", "coordinates": [ [ [ 88.43587, 22.5819606 ], [ 88.4358464, 22.581957 ], [ 88.4358231, 22.5819621 ], [ 88.4358037, 22.581975 ], [ 88.4357911, 22.5819938 ], [ 88.4357872, 22.5820156 ], [ 88.4357927, 22.5820371 ], [ 88.4358066, 22.5820551 ], [ 88.435827, 22.5820667 ], [ 88.4358506, 22.5820703 ], [ 88.4358739, 22.5820652 ], [ 88.4358934, 22.5820523 ], [ 88.435906, 22.5820335 ], [ 88.4359098, 22.5820117 ], [ 88.4359044, 22.5819902 ], [ 88.4358904, 22.5819723 ], [ 88.43587, 22.5819606 ] ] ] } },
{ "type": "Feature", "properties": { "element": "way", "id": 359073767, "man_made": "storage_tank", "name": null, "capacity": null, "content": "water", "opening_hours": null, "generator:method": null, "generator:output:electricity": null, "generator:source": null, "generator:type": null, "power": null, "operator": null, "source": null, "drinking_water": null, "emergency": null, "product": null, "building": null, "landuse": null, "industrial": null, "ref:LOCODE": null, "natural": null, "water": null, "wikimedia_commons": null, "description": null, "plant:method": null, "plant:output:electricity": null, "plant:source": null, "start_date": null, "wikidata": null, "wikipedia": null, "location": null, "tourism": null, "addr:state": null, "type": null }, "geometry": { "type": "Polygon", "coordinates": [ [ [ 88.3856007, 22.4715773 ], [ 88.3855795, 22.4715636 ], [ 88.3855541, 22.4715584 ], [ 88.3855285, 22.4715625 ], [ 88.3855066, 22.4715754 ], [ 88.3854916, 22.4715951 ], [ 88.385486, 22.4716186 ], [ 88.3854905, 22.4716422 ], [ 88.3855045, 22.4716625 ], [ 88.3855258, 22.4716762 ], [ 88.3855512, 22.4716814 ], [ 88.3855768, 22.4716773 ], [ 88.3855987, 22.4716644 ], [ 88.3856136, 22.4716447 ], [ 88.3856192, 22.4716213 ], [ 88.3856147, 22.4715976 ], [ 88.3856007, 22.4715773 ] ] ] } },
{ "type": "Feature", "properties": { "element": "way", "id": 359084360, "man_made": "storage_tank", "name": null, "capacity": null, "content": "water", "opening_hours": null, "generator:method": null, "generator:output:electricity": null, "generator:source": null, "generator:type": null, "power": null, "operator": null, "source": null, "drinking_water": null, "emergency": null, "product": null, "building": null, "landuse": null, "industrial": null, "ref:LOCODE": null, "natural": null, "water": null, "wikimedia_commons": null, "description": null, "plant:method": null, "plant:output:electricity": null, "plant:source": null, "start_date": null, "wikidata": null, "wikipedia": null, "location": null, "tourism": null, "addr:state": null, "type": null }, "geometry": { "type": "Polygon", "coordinates": [ [ [ 88.3087739, 22.5164803 ], [ 88.3087559, 22.516485 ], [ 88.3087413, 22.5164957 ], [ 88.3087322, 22.5165108 ], [ 88.30873, 22.5165279 ], [ 88.3087351, 22.5165445 ], [ 88.3087467, 22.516558 ], [ 88.308763, 22.5165664 ], [ 88.3087816, 22.5165684 ], [ 88.3087995, 22.5165637 ], [ 88.3088141, 22.516553 ], [ 88.3088232, 22.516538 ], [ 88.3088254, 22.5165208 ], [ 88.3088203, 22.5165042 ], [ 88.3088087, 22.5164907 ], [ 88.3087924, 22.5164823 ], [ 88.3087739, 22.5164803 ] ] ] } },
{ "type": "Feature", "properties": { "element": "way", "id": 359084361, "man_made": "storage_tank", "name": null, "capacity": null, "content": "water", "opening_hours": null, "generator:method": null, "generator:output:electricity": null, "generator:source": null, "generator:type": null, "power": null, "operator": null, "source": null, "drinking_water": null, "emergency": null, "product": null, "building": null, "landuse": null, "industrial": null, "ref:LOCODE": null, "natural": null, "water": null, "wikimedia_commons": null, "description": null, "plant:method": null, "plant:output:electricity": null, "plant:source": null, "start_date": null, "wikidata": null, "wikipedia": null, "location": null, "tourism": null, "addr:state": null, "type": null }, "geometry": { "type": "Polygon", "coordinates": [ [ [ 88.3145645, 22.5177505 ], [ 88.3145397, 22.517755 ], [ 88.3145187, 22.517768 ], [ 88.3145046, 22.5177874 ], [ 88.3144997, 22.5178103 ], [ 88.3145046, 22.5178333 ], [ 88.3145187, 22.5178527 ], [ 88.3145397, 22.5178656 ], [ 88.3145645, 22.5178702 ], [ 88.3145893, 22.5178656 ], [ 88.3146103, 22.5178527 ], [ 88.3146244, 22.5178333 ], [ 88.3146293, 22.5178103 ], [ 88.3146244, 22.5177874 ], [ 88.3146103, 22.517768 ], [ 88.3145893, 22.517755 ], [ 88.3145645, 22.5177505 ] ] ] } },
{ "type": "Feature", "properties": { "element": "way", "id": 359096938, "man_made": "storage_tank", "name": null, "capacity": null, "content": "water", "opening_hours": null, "generator:method": null, "generator:output:electricity": null, "generator:source": null, "generator:type": null, "power": null, "operator": null, "source": null, "drinking_water": null, "emergency": null, "product": null, "building": null, "landuse": null, "industrial": null, "ref:LOCODE": null, "natural": null, "water": null, "wikimedia_commons": null, "description": null, "plant:method": null, "plant:output:electricity": null, "plant:source": null, "start_date": null, "wikidata": null, "wikipedia": null, "location": null, "tourism": null, "addr:state": null, "type": null }, "geometry": { "type": "Polygon", "coordinates": [ [ [ 88.4660741, 22.5677284 ], [ 88.4660431, 22.5677153 ], [ 88.466009, 22.5677142 ], [ 88.465977, 22.5677252 ], [ 88.4659521, 22.5677466 ], [ 88.4659379, 22.5677752 ], [ 88.4659366, 22.5678067 ], [ 88.4659485, 22.5678362 ], [ 88.4659717, 22.5678593 ], [ 88.4660027, 22.5678724 ], [ 88.4660368, 22.5678735 ], [ 88.4660688, 22.5678625 ], [ 88.4660937, 22.5678411 ], [ 88.4661079, 22.5678125 ], [ 88.4661092, 22.567781 ], [ 88.4660973, 22.5677515 ], [ 88.4660741, 22.5677284 ] ] ] } },
{ "type": "Feature", "properties": { "element": "way", "id": 359116836, "man_made": "storage_tank", "name": null, "capacity": null, "content": "water", "opening_hours": null, "generator:method": null, "generator:output:electricity": null, "generator:source": null, "generator:type": null, "power": null, "operator": null, "source": null, "drinking_water": null, "emergency": null, "product": null, "building": null, "landuse": null, "industrial": null, "ref:LOCODE": null, "natural": null, "water": null, "wikimedia_commons": null, "description": null, "plant:method": null, "plant:output:electricity": null, "plant:source": null, "start_date": null, "wikidata": null, "wikipedia": null, "location": null, "tourism": null, "addr:state": null, "type": null }, "geometry": { "type": "Polygon", "coordinates": [ [ [ 88.3996805, 22.5768354 ], [ 88.3996762, 22.5768208 ], [ 88.3996663, 22.5768089 ], [ 88.3996521, 22.5768014 ], [ 88.3996359, 22.5767994 ], [ 88.3996202, 22.5768033 ], [ 88.3996072, 22.5768125 ], [ 88.3995991, 22.5768256 ], [ 88.399597, 22.5768405 ], [ 88.3996012, 22.5768551 ], [ 88.3996112, 22.576867 ], [ 88.3996253, 22.5768746 ], [ 88.3996415, 22.5768765 ], [ 88.3996573, 22.5768726 ], [ 88.3996702, 22.5768634 ], [ 88.3996784, 22.5768503 ], [ 88.3996805, 22.5768354 ] ] ] } },
{ "type": "Feature", "properties": { "element": "way", "id": 359116837, "man_made": "storage_tank", "name": null, "capacity": null, "content": "water", "opening_hours": null, "generator:method": null, "generator:output:electricity": null, "generator:source": null, "generator:type": null, "power": null, "operator": null, "source": null, "drinking_water": null, "emergency": null, "product": null, "building": null, "landuse": null, "industrial": null, "ref:LOCODE": null, "natural": null, "water": null, "wikimedia_commons": null, "description": null, "plant:method": null, "plant:output:electricity": null, "plant:source": null, "start_date": null, "wikidata": null, "wikipedia": null, "location": null, "tourism": null, "addr:state": null, "type": null }, "geometry": { "type": "Polygon", "coordinates": [ [ [ 88.3995691, 22.5768213 ], [ 88.3995627, 22.5768015 ], [ 88.3995485, 22.5767855 ], [ 88.3995288, 22.5767758 ], [ 88.3995065, 22.5767737 ], [ 88.3994851, 22.5767797 ], [ 88.3994678, 22.5767928 ], [ 88.3994572, 22.576811 ], [ 88.399455, 22.5768315 ], [ 88.3994615, 22.5768513 ], [ 88.3994757, 22.5768673 ], [ 88.3994954, 22.576877 ], [ 88.3995176, 22.5768791 ], [ 88.3995391, 22.5768731 ], [ 88.3995564, 22.57686 ], [ 88.3995669, 22.5768418 ], [ 88.3995691, 22.5768213 ] ] ] } },
{ "type": "Feature", "properties": { "element": "way", "id": 359117168, "man_made": "storage_tank", "name": null, "capacity": null, "content": "water", "opening_hours": null, "generator:method": null, "generator:output:electricity": null, "generator:source": null, "generator:type": null, "power": null, "operator": null, "source": null, "drinking_water": null, "emergency": null, "product": null, "building": null, "landuse": null, "industrial": null, "ref:LOCODE": null, "natural": null, "water": null, "wikimedia_commons": null, "description": null, "plant:method": null, "plant:output:electricity": null, "plant:source": null, "start_date": null, "wikidata": null, "wikipedia": null, "location": null, "tourism": null, "addr:state": null, "type": null }, "geometry": { "type": "Polygon", "coordinates": [ [ [ 88.3275652, 22.497208 ], [ 88.3275373, 22.4972094 ], [ 88.3275122, 22.4972205 ], [ 88.3274936, 22.4972397 ], [ 88.3274844, 22.4972639 ], [ 88.3274859, 22.4972897 ], [ 88.3274979, 22.4973129 ], [ 88.3275187, 22.4973301 ], [ 88.327545, 22.4973386 ], [ 88.3275728, 22.4973372 ], [ 88.3275979, 22.4973261 ], [ 88.3276165, 22.4973069 ], [ 88.3276258, 22.4972826 ], [ 88.3276243, 22.4972569 ], [ 88.3276122, 22.4972337 ], [ 88.3275915, 22.4972165 ], [ 88.3275652, 22.497208 ] ] ] } },
{ "type": "Feature", "properties": { "element": "way", "id": 359125030, "man_made": "storage_tank", "name": null, "capacity": null, "content": "water", "opening_hours": null, "generator:method": null, "generator:output:electricity": null, "generator:source": null, "generator:type": null, "power": null, "operator": null, "source": null, "drinking_water": null, "emergency": null, "product": null, "building": null, "landuse": null, "industrial": null, "ref:LOCODE": null, "natural": null, "water": null, "wikimedia_commons": null, "description": null, "plant:method": null, "plant:output:electricity": null, "plant:source": null, "start_date": null, "wikidata": null, "wikipedia": null, "location": null, "tourism": null, "addr:state": null, "type": null }, "geometry": { "type": "Polygon", "coordinates": [ [ [ 88.3769497, 22.5090827 ], [ 88.3769229, 22.5090848 ], [ 88.376899, 22.5090962 ], [ 88.3768816, 22.5091152 ], [ 88.3768735, 22.5091389 ], [ 88.3768758, 22.5091637 ], [ 88.3768882, 22.5091857 ], [ 88.3769087, 22.5092017 ], [ 88.3769344, 22.5092093 ], [ 88.3769612, 22.5092072 ], [ 88.376985, 22.5091957 ], [ 88.3770024, 22.5091767 ], [ 88.3770105, 22.5091531 ], [ 88.3770082, 22.5091283 ], [ 88.3769958, 22.5091062 ], [ 88.3769753, 22.5090902 ], [ 88.3769497, 22.5090827 ] ] ] } },
{ "type": "Feature", "properties": { "element": "way", "id": 359128099, "man_made": "storage_tank", "name": null, "capacity": null, "content": "water", "opening_hours": null, "generator:method": null, "generator:output:electricity": null, "generator:source": null, "generator:type": null, "power": null, "operator": null, "source": null, "drinking_water": null, "emergency": null, "product": null, "building": null, "landuse": null, "industrial": null, "ref:LOCODE": null, "natural": null, "water": null, "wikimedia_commons": null, "description": null, "plant:method": null, "plant:output:electricity": null, "plant:source": null, "start_date": null, "wikidata": null, "wikipedia": null, "location": null, "tourism": null, "addr:state": null, "type": null }, "geometry": { "type": "Polygon", "coordinates": [ [ [ 88.338391, 22.5324464 ], [ 88.3383777, 22.5324526 ], [ 88.3383681, 22.5324629 ], [ 88.3383634, 22.5324759 ], [ 88.3383645, 22.5324896 ], [ 88.3383711, 22.5325018 ], [ 88.3383824, 22.5325108 ], [ 88.3383964, 22.5325151 ], [ 88.3384112, 22.5325141 ], [ 88.3384245, 22.5325079 ], [ 88.3384342, 22.5324976 ], [ 88.3384388, 22.5324846 ], [ 88.3384377, 22.5324709 ], [ 88.3384311, 22.5324587 ], [ 88.3384198, 22.5324497 ], [ 88.3384058, 22.5324454 ], [ 88.338391, 22.5324464 ] ] ] } },
{ "type": "Feature", "properties": { "element": "way", "id": 359132133, "man_made": "storage_tank", "name": null, "capacity": null, "content": "water", "opening_hours": null, "generator:method": null, "generator:output:electricity": null, "generator:source": null, "generator:type": null, "power": null, "operator": null, "source": null, "drinking_water": null, "emergency": null, "product": null, "building": null, "landuse": null, "industrial": null, "ref:LOCODE": null, "natural": null, "water": null, "wikimedia_commons": null, "description": null, "plant:method": null, "plant:output:electricity": null, "plant:source": null, "start_date": null, "wikidata": null, "wikipedia": null, "location": null, "tourism": null, "addr:state": null, "type": null }, "geometry": { "type": "Polygon", "coordinates": [ [ [ 88.447324, 22.5879311 ], [ 88.4472937, 22.5879326 ], [ 88.4472663, 22.5879446 ], [ 88.447246, 22.5879654 ], [ 88.4472359, 22.5879918 ], [ 88.4472375, 22.5880198 ], [ 88.4472506, 22.588045 ], [ 88.4472731, 22.5880638 ], [ 88.4473017, 22.5880731 ], [ 88.447332, 22.5880716 ], [ 88.4473593, 22.5880596 ], [ 88.4473796, 22.5880388 ], [ 88.4473897, 22.5880124 ], [ 88.4473881, 22.5879844 ], [ 88.4473751, 22.5879592 ], [ 88.4473525, 22.5879405 ], [ 88.447324, 22.5879311 ] ] ] } },
{ "type": "Feature", "properties": { "element": "way", "id": 359140699, "man_made": "storage_tank", "name": null, "capacity": null, "content": "water", "opening_hours": null, "generator:method": null, "generator:output:electricity": null, "generator:source": null, "generator:type": null, "power": null, "operator": null, "source": null, "drinking_water": null, "emergency": null, "product": null, "building": null, "landuse": null, "industrial": null, "ref:LOCODE": null, "natural": null, "water": null, "wikimedia_commons": null, "description": null, "plant:method": null, "plant:output:electricity": null, "plant:source": null, "start_date": null, "wikidata": null, "wikipedia": null, "location": null, "tourism": null, "addr:state": null, "type": null }, "geometry": { "type": "Polygon", "coordinates": [ [ [ 88.3912514, 22.5738858 ], [ 88.3912409, 22.5738993 ], [ 88.3912368, 22.5739155 ], [ 88.3912397, 22.5739319 ], [ 88.3912492, 22.573946 ], [ 88.3912638, 22.5739557 ], [ 88.3912813, 22.5739595 ], [ 88.3912991, 22.5739568 ], [ 88.3913144, 22.5739481 ], [ 88.3913249, 22.5739346 ], [ 88.391329, 22.5739184 ], [ 88.3913261, 22.573902 ], [ 88.3913166, 22.5738879 ], [ 88.391302, 22.5738782 ], [ 88.3912844, 22.5738744 ], [ 88.3912667, 22.5738771 ], [ 88.3912514, 22.5738858 ] ] ] } },
{ "type": "Feature", "properties": { "element": "way", "id": 359151675, "man_made": "storage_tank", "name": null, "capacity": null, "content": "water", "opening_hours": null, "generator:method": null, "generator:output:electricity": null, "generator:source": null, "generator:type": null, "power": null, "operator": null, "source": null, "drinking_water": null, "emergency": null, "product": null, "building": null, "landuse": null, "industrial": null, "ref:LOCODE": null, "natural": null, "water": null, "wikimedia_commons": null, "description": null, "plant:method": null, "plant:output:electricity": null, "plant:source": null, "start_date": null, "wikidata": null, "wikipedia": null, "location": null, "tourism": null, "addr:state": null, "type": null }, "geometry": { "type": "Polygon", "coordinates": [ [ [ 88.408749, 22.6450535 ], [ 88.4087107, 22.6450514 ], [ 88.4086744, 22.645063 ], [ 88.4086457, 22.6450865 ], [ 88.4086289, 22.6451184 ], [ 88.4086267, 22.6451537 ], [ 88.4086392, 22.6451872 ], [ 88.4086647, 22.6452137 ], [ 88.4086993, 22.6452292 ], [ 88.4087376, 22.6452313 ], [ 88.4087739, 22.6452197 ], [ 88.4088026, 22.6451962 ], [ 88.4088194, 22.6451643 ], [ 88.4088216, 22.6451289 ], [ 88.4088091, 22.6450954 ], [ 88.4087836, 22.6450689 ], [ 88.408749, 22.6450535 ] ] ] } },
{ "type": "Feature", "properties": { "element": "way", "id": 359279610, "man_made": "storage_tank", "name": null, "capacity": null, "content": "water", "opening_hours": null, "generator:method": null, "generator:output:electricity": null, "generator:source": null, "generator:type": null, "power": null, "operator": null, "source": null, "drinking_water": null, "emergency": null, "product": null, "building": null, "landuse": null, "industrial": null, "ref:LOCODE": null, "natural": null, "water": null, "wikimedia_commons": null, "description": null, "plant:method": null, "plant:output:electricity": null, "plant:source": null, "start_date": null, "wikidata": null, "wikipedia": null, "location": null, "tourism": null, "addr:state": null, "type": null }, "geometry": { "type": "Polygon", "coordinates": [ [ [ 88.3794241, 22.5180658 ], [ 88.3793965, 22.5180687 ], [ 88.3793722, 22.5180812 ], [ 88.3793549, 22.5181012 ], [ 88.3793473, 22.5181259 ], [ 88.3793504, 22.5181514 ], [ 88.3793639, 22.5181739 ], [ 88.3793856, 22.5181898 ], [ 88.3794123, 22.5181969 ], [ 88.3794399, 22.518194 ], [ 88.3794642, 22.5181816 ], [ 88.3794815, 22.5181615 ], [ 88.3794891, 22.5181368 ], [ 88.379486, 22.5181113 ], [ 88.3794725, 22.5180889 ], [ 88.3794508, 22.5180729 ], [ 88.3794241, 22.5180658 ] ] ] } },
{ "type": "Feature", "properties": { "element": "way", "id": 359300064, "man_made": "storage_tank", "name": null, "capacity": null, "content": "water", "opening_hours": null, "generator:method": null, "generator:output:electricity": null, "generator:source": null, "generator:type": null, "power": null, "operator": null, "source": null, "drinking_water": null, "emergency": null, "product": null, "building": null, "landuse": null, "industrial": null, "ref:LOCODE": null, "natural": null, "water": null, "wikimedia_commons": null, "description": null, "plant:method": null, "plant:output:electricity": null, "plant:source": null, "start_date": null, "wikidata": null, "wikipedia": null, "location": null, "tourism": null, "addr:state": null, "type": null }, "geometry": { "type": "Polygon", "coordinates": [ [ [ 88.3554267, 22.5018952 ], [ 88.3553997, 22.5018994 ], [ 88.3553765, 22.5019128 ], [ 88.3553605, 22.5019335 ], [ 88.3553544, 22.5019582 ], [ 88.355359, 22.5019831 ], [ 88.3553735, 22.5020046 ], [ 88.3553958, 22.5020193 ], [ 88.3554226, 22.502025 ], [ 88.3554496, 22.5020208 ], [ 88.3554728, 22.5020073 ], [ 88.3554887, 22.5019867 ], [ 88.3554949, 22.501962 ], [ 88.3554903, 22.501937 ], [ 88.3554758, 22.5019156 ], [ 88.3554534, 22.5019009 ], [ 88.3554267, 22.5018952 ] ] ] } },
{ "type": "Feature", "properties": { "element": "way", "id": 359313947, "man_made": "storage_tank", "name": null, "capacity": null, "content": "water", "opening_hours": null, "generator:method": null, "generator:output:electricity": null, "generator:source": null, "generator:type": null, "power": null, "operator": null, "source": null, "drinking_water": null, "emergency": null, "product": null, "building": null, "landuse": null, "industrial": null, "ref:LOCODE": null, "natural": null, "water": null, "wikimedia_commons": null, "description": null, "plant:method": null, "plant:output:electricity": null, "plant:source": null, "start_date": null, "wikidata": null, "wikipedia": null, "location": null, "tourism": null, "addr:state": null, "type": null }, "geometry": { "type": "Polygon", "coordinates": [ [ [ 88.4132752, 22.5657185 ], [ 88.4132539, 22.5657298 ], [ 88.413239, 22.5657477 ], [ 88.4132326, 22.5657696 ], [ 88.4132358, 22.5657921 ], [ 88.4132481, 22.5658117 ], [ 88.4132675, 22.5658255 ], [ 88.4132912, 22.5658314 ], [ 88.4133155, 22.5658284 ], [ 88.4133368, 22.5658171 ], [ 88.4133517, 22.5657991 ], [ 88.4133581, 22.5657773 ], [ 88.4133549, 22.5657548 ], [ 88.4133426, 22.5657352 ], [ 88.4133232, 22.5657214 ], [ 88.4132995, 22.5657155 ], [ 88.4132752, 22.5657185 ] ] ] } },
{ "type": "Feature", "properties": { "element": "way", "id": 359313948, "man_made": "storage_tank", "name": null, "capacity": null, "content": "water", "opening_hours": null, "generator:method": null, "generator:output:electricity": null, "generator:source": null, "generator:type": null, "power": null, "operator": null, "source": null, "drinking_water": null, "emergency": null, "product": null, "building": null, "landuse": null, "industrial": null, "ref:LOCODE": null, "natural": null, "water": null, "wikimedia_commons": null, "description": null, "plant:method": null, "plant:output:electricity": null, "plant:source": null, "start_date": null, "wikidata": null, "wikipedia": null, "location": null, "tourism": null, "addr:state": null, "type": null }, "geometry": { "type": "Polygon", "coordinates": [ [ [ 88.4176128, 22.5705274 ], [ 88.4175935, 22.5705394 ], [ 88.4175807, 22.5705573 ], [ 88.4175762, 22.5705784 ], [ 88.4175808, 22.5705994 ], [ 88.4175938, 22.5706172 ], [ 88.4176132, 22.5706291 ], [ 88.417636, 22.5706332 ], [ 88.4176587, 22.570629 ], [ 88.417678, 22.570617 ], [ 88.4176909, 22.5705991 ], [ 88.4176954, 22.570578 ], [ 88.4176908, 22.570557 ], [ 88.4176778, 22.5705392 ], [ 88.4176584, 22.5705273 ], [ 88.4176356, 22.5705232 ], [ 88.4176128, 22.5705274 ] ] ] } },
{ "type": "Feature", "properties": { "element": "way", "id": 359313949, "man_made": "storage_tank", "name": null, "capacity": null, "content": "water", "opening_hours": null, "generator:method": null, "generator:output:electricity": null, "generator:source": null, "generator:type": null, "power": null, "operator": null, "source": null, "drinking_water": null, "emergency": null, "product": null, "building": null, "landuse": null, "industrial": null, "ref:LOCODE": null, "natural": null, "water": null, "wikimedia_commons": null, "description": null, "plant:method": null, "plant:output:electricity": null, "plant:source": null, "start_date": null, "wikidata": null, "wikipedia": null, "location": null, "tourism": null, "addr:state": null, "type": null }, "geometry": { "type": "Polygon", "coordinates": [ [ [ 88.4150629, 22.5660846 ], [ 88.4150444, 22.5660995 ], [ 88.4150335, 22.5661198 ], [ 88.4150318, 22.5661425 ], [ 88.4150397, 22.566164 ], [ 88.4150558, 22.5661811 ], [ 88.4150778, 22.5661911 ], [ 88.4151023, 22.5661927 ], [ 88.4151256, 22.5661854 ], [ 88.4151441, 22.5661705 ], [ 88.415155, 22.5661502 ], [ 88.4151567, 22.5661276 ], [ 88.4151489, 22.5661061 ], [ 88.4151327, 22.566089 ], [ 88.4151107, 22.5660789 ], [ 88.4150862, 22.5660774 ], [ 88.4150629, 22.5660846 ] ] ] } },
{ "type": "Feature", "properties": { "element": "way", "id": 359324290, "man_made": "storage_tank", "name": null, "capacity": null, "content": "water", "opening_hours": null, "generator:method": null, "generator:output:electricity": null, "generator:source": null, "generator:type": null, "power": null, "operator": null, "source": null, "drinking_water": null, "emergency": null, "product": null, "building": null, "landuse": null, "industrial": null, "ref:LOCODE": null, "natural": null, "water": null, "wikimedia_commons": null, "description": null, "plant:method": null, "plant:output:electricity": null, "plant:source": null, "start_date": null, "wikidata": null, "wikipedia": null, "location": null, "tourism": null, "addr:state": null, "type": null }, "geometry": { "type": "Polygon", "coordinates": [ [ [ 88.3964776, 22.6148828 ], [ 88.3964623, 22.6149154 ], [ 88.3964618, 22.614951 ], [ 88.3964759, 22.614984 ], [ 88.3965028, 22.6150095 ], [ 88.3965381, 22.6150236 ], [ 88.3965766, 22.6150242 ], [ 88.3966124, 22.6150111 ], [ 88.3966401, 22.6149863 ], [ 88.3966554, 22.6149537 ], [ 88.3966559, 22.6149181 ], [ 88.3966418, 22.6148851 ], [ 88.3966149, 22.6148596 ], [ 88.3965796, 22.6148455 ], [ 88.3965411, 22.6148449 ], [ 88.3965053, 22.614858 ], [ 88.3964776, 22.6148828 ] ] ] } },
{ "type": "Feature", "properties": { "element": "way", "id": 359324291, "man_made": "storage_tank", "name": null, "capacity": null, "content": "water", "opening_hours": null, "generator:method": null, "generator:output:electricity": null, "generator:source": null, "generator:type": null, "power": null, "operator": null, "source": null, "drinking_water": null, "emergency": null, "product": null, "building": null, "landuse": null, "industrial": null, "ref:LOCODE": null, "natural": null, "water": null, "wikimedia_commons": null, "description": null, "plant:method": null, "plant:output:electricity": null, "plant:source": null, "start_date": null, "wikidata": null, "wikipedia": null, "location": null, "tourism": null, "addr:state": null, "type": null }, "geometry": { "type": "Polygon", "coordinates": [ [ [ 88.4078188, 22.6142253 ], [ 88.4077905, 22.6142549 ], [ 88.4077766, 22.6142922 ], [ 88.4077792, 22.6143316 ], [ 88.407798, 22.614367 ], [ 88.40783, 22.6143932 ], [ 88.4078704, 22.614406 ], [ 88.407913, 22.6144036 ], [ 88.4079515, 22.6143863 ], [ 88.4079798, 22.6143567 ], [ 88.4079937, 22.6143194 ], [ 88.4079911, 22.61428 ], [ 88.4079723, 22.6142446 ], [ 88.4079403, 22.6142184 ], [ 88.4078999, 22.6142056 ], [ 88.4078572, 22.614208 ], [ 88.4078188, 22.6142253 ] ] ] } },
{ "type": "Feature", "properties": { "element": "way", "id": 359354936, "man_made": "storage_tank", "name": null, "capacity": null, "content": "water", "opening_hours": null, "generator:method": null, "generator:output:electricity": null, "generator:source": null, "generator:type": null, "power": null, "operator": null, "source": null, "drinking_water": null, "emergency": null, "product": null, "building": null, "landuse": null, "industrial": null, "ref:LOCODE": null, "natural": null, "water": null, "wikimedia_commons": null, "description": null, "plant:method": null, "plant:output:electricity": null, "plant:source": null, "start_date": null, "wikidata": null, "wikipedia": null, "location": null, "tourism": null, "addr:state": null, "type": null }, "geometry": { "type": "Polygon", "coordinates": [ [ [ 88.3242939, 22.5186427 ], [ 88.3242819, 22.5186261 ], [ 88.324264, 22.5186151 ], [ 88.3242428, 22.5186112 ], [ 88.3242216, 22.5186151 ], [ 88.3242037, 22.5186262 ], [ 88.3241917, 22.5186428 ], [ 88.3241875, 22.5186623 ], [ 88.3241918, 22.5186818 ], [ 88.3242038, 22.5186984 ], [ 88.3242217, 22.5187095 ], [ 88.3242429, 22.5187133 ], [ 88.324264, 22.5187094 ], [ 88.324282, 22.5186984 ], [ 88.3242939, 22.5186818 ], [ 88.3242981, 22.5186622 ], [ 88.3242939, 22.5186427 ] ] ] } },
{ "type": "Feature", "properties": { "element": "way", "id": 359462423, "man_made": "storage_tank", "name": null, "capacity": null, "content": "water", "opening_hours": null, "generator:method": null, "generator:output:electricity": null, "generator:source": null, "generator:type": null, "power": null, "operator": null, "source": null, "drinking_water": null, "emergency": null, "product": null, "building": null, "landuse": null, "industrial": null, "ref:LOCODE": null, "natural": null, "water": null, "wikimedia_commons": null, "description": null, "plant:method": null, "plant:output:electricity": null, "plant:source": null, "start_date": null, "wikidata": null, "wikipedia": null, "location": null, "tourism": null, "addr:state": null, "type": null }, "geometry": { "type": "Polygon", "coordinates": [ [ [ 88.3312287, 22.5093425 ], [ 88.3312071, 22.5093353 ], [ 88.3311841, 22.5093363 ], [ 88.3311633, 22.5093454 ], [ 88.3311479, 22.5093611 ], [ 88.3311402, 22.5093811 ], [ 88.3311413, 22.5094023 ], [ 88.3311511, 22.5094215 ], [ 88.3311681, 22.5094358 ], [ 88.3311897, 22.5094429 ], [ 88.3312127, 22.5094419 ], [ 88.3312335, 22.5094328 ], [ 88.3312489, 22.5094171 ], [ 88.3312567, 22.5093971 ], [ 88.3312555, 22.5093759 ], [ 88.3312457, 22.5093567 ], [ 88.3312287, 22.5093425 ] ] ] } },
{ "type": "Feature", "properties": { "element": "way", "id": 359468127, "man_made": "storage_tank", "name": null, "capacity": null, "content": "water", "opening_hours": null, "generator:method": null, "generator:output:electricity": null, "generator:source": null, "generator:type": null, "power": null, "operator": null, "source": null, "drinking_water": null, "emergency": null, "product": null, "building": null, "landuse": null, "industrial": null, "ref:LOCODE": null, "natural": null, "water": null, "wikimedia_commons": null, "description": null, "plant:method": null, "plant:output:electricity": null, "plant:source": null, "start_date": null, "wikidata": null, "wikipedia": null, "location": null, "tourism": null, "addr:state": null, "type": null }, "geometry": { "type": "Polygon", "coordinates": [ [ [ 88.3725887, 22.6999795 ], [ 88.3725884, 22.699995 ], [ 88.3725944, 22.7000094 ], [ 88.3726059, 22.7000205 ], [ 88.3726212, 22.7000268 ], [ 88.372638, 22.7000271 ], [ 88.3726536, 22.7000216 ], [ 88.3726657, 22.7000109 ], [ 88.3726725, 22.6999968 ], [ 88.3726729, 22.6999813 ], [ 88.3726668, 22.6999669 ], [ 88.3726553, 22.6999558 ], [ 88.37264, 22.6999495 ], [ 88.3726232, 22.6999492 ], [ 88.3726076, 22.6999547 ], [ 88.3725955, 22.6999654 ], [ 88.3725887, 22.6999795 ] ] ] } },
{ "type": "Feature", "properties": { "element": "way", "id": 359482873, "man_made": "storage_tank", "name": null, "capacity": null, "content": "water", "opening_hours": null, "generator:method": null, "generator:output:electricity": null, "generator:source": null, "generator:type": null, "power": null, "operator": null, "source": null, "drinking_water": null, "emergency": null, "product": null, "building": null, "landuse": null, "industrial": null, "ref:LOCODE": null, "natural": null, "water": null, "wikimedia_commons": null, "description": null, "plant:method": null, "plant:output:electricity": null, "plant:source": null, "start_date": null, "wikidata": null, "wikipedia": null, "location": null, "tourism": null, "addr:state": null, "type": null }, "geometry": { "type": "Polygon", "coordinates": [ [ [ 88.378273, 22.4829598 ], [ 88.3782511, 22.4829503 ], [ 88.378227, 22.4829492 ], [ 88.3782043, 22.4829567 ], [ 88.3781864, 22.4829717 ], [ 88.3781761, 22.4829919 ], [ 88.3781749, 22.4830142 ], [ 88.378183, 22.4830352 ], [ 88.3781993, 22.4830517 ], [ 88.3782211, 22.4830612 ], [ 88.3782452, 22.4830623 ], [ 88.3782679, 22.4830548 ], [ 88.3782858, 22.4830398 ], [ 88.3782961, 22.4830196 ], [ 88.3782973, 22.4829973 ], [ 88.3782892, 22.4829763 ], [ 88.378273, 22.4829598 ] ] ] } },
{ "type": "Feature", "properties": { "element": "way", "id": 359515250, "man_made": "storage_tank", "name": null, "capacity": null, "content": "water", "opening_hours": null, "generator:method": null, "generator:output:electricity": null, "generator:source": null, "generator:type": null, "power": null, "operator": null, "source": null, "drinking_water": null, "emergency": null, "product": null, "building": null, "landuse": null, "industrial": null, "ref:LOCODE": null, "natural": null, "water": null, "wikimedia_commons": null, "description": null, "plant:method": null, "plant:output:electricity": null, "plant:source": null, "start_date": null, "wikidata": null, "wikipedia": null, "location": null, "tourism": null, "addr:state": null, "type": null }, "geometry": { "type": "Polygon", "coordinates": [ [ [ 88.3086123, 22.6029054 ], [ 88.3085773, 22.6029269 ], [ 88.3085539, 22.6029591 ], [ 88.3085457, 22.6029972 ], [ 88.3085538, 22.6030352 ], [ 88.3085771, 22.6030675 ], [ 88.308612, 22.6030891 ], [ 88.3086532, 22.6030967 ], [ 88.3086944, 22.6030892 ], [ 88.3087293, 22.6030677 ], [ 88.3087527, 22.6030355 ], [ 88.308761, 22.6029974 ], [ 88.3087528, 22.6029594 ], [ 88.3087296, 22.6029271 ], [ 88.3086947, 22.6029055 ], [ 88.3086535, 22.6028979 ], [ 88.3086123, 22.6029054 ] ] ] } },
{ "type": "Feature", "properties": { "element": "way", "id": 359538605, "man_made": "storage_tank", "name": null, "capacity": null, "content": "water", "opening_hours": null, "generator:method": null, "generator:output:electricity": null, "generator:source": null, "generator:type": null, "power": null, "operator": null, "source": null, "drinking_water": null, "emergency": null, "product": null, "building": null, "landuse": null, "industrial": null, "ref:LOCODE": null, "natural": null, "water": null, "wikimedia_commons": null, "description": null, "plant:method": null, "plant:output:electricity": null, "plant:source": null, "start_date": null, "wikidata": null, "wikipedia": null, "location": null, "tourism": null, "addr:state": null, "type": null }, "geometry": { "type": "Polygon", "coordinates": [ [ [ 88.3642553, 22.5052389 ], [ 88.364235, 22.5052426 ], [ 88.3642178, 22.5052533 ], [ 88.3642063, 22.5052692 ], [ 88.3642022, 22.505288 ], [ 88.3642063, 22.5053067 ], [ 88.3642178, 22.5053226 ], [ 88.364235, 22.5053333 ], [ 88.3642553, 22.505337 ], [ 88.3642757, 22.5053333 ], [ 88.3642929, 22.5053226 ], [ 88.3643044, 22.5053067 ], [ 88.3643084, 22.505288 ], [ 88.3643044, 22.5052692 ], [ 88.3642929, 22.5052533 ], [ 88.3642757, 22.5052426 ], [ 88.3642553, 22.5052389 ] ] ] } },
{ "type": "Feature", "properties": { "element": "way", "id": 359557677, "man_made": "storage_tank", "name": null, "capacity": null, "content": "water", "opening_hours": null, "generator:method": null, "generator:output:electricity": null, "generator:source": null, "generator:type": null, "power": null, "operator": null, "source": null, "drinking_water": null, "emergency": null, "product": null, "building": null, "landuse": null, "industrial": null, "ref:LOCODE": null, "natural": null, "water": null, "wikimedia_commons": null, "description": null, "plant:method": null, "plant:output:electricity": null, "plant:source": null, "start_date": null, "wikidata": null, "wikipedia": null, "location": null, "tourism": null, "addr:state": null, "type": null }, "geometry": { "type": "Polygon", "coordinates": [ [ [ 88.3663736, 22.5057228 ], [ 88.3663626, 22.5057242 ], [ 88.366353, 22.5057295 ], [ 88.3663464, 22.5057378 ], [ 88.3663436, 22.5057477 ], [ 88.3663452, 22.5057579 ], [ 88.3663509, 22.5057668 ], [ 88.3663599, 22.5057729 ], [ 88.3663707, 22.5057754 ], [ 88.3663817, 22.505774 ], [ 88.3663913, 22.5057687 ], [ 88.3663979, 22.5057604 ], [ 88.3664007, 22.5057505 ], [ 88.3663991, 22.5057403 ], [ 88.3663934, 22.5057314 ], [ 88.3663844, 22.5057253 ], [ 88.3663736, 22.5057228 ] ] ] } },
{ "type": "Feature", "properties": { "element": "way", "id": 359969068, "man_made": "storage_tank", "name": null, "capacity": null, "content": "water", "opening_hours": null, "generator:method": null, "generator:output:electricity": null, "generator:source": null, "generator:type": null, "power": null, "operator": null, "source": null, "drinking_water": null, "emergency": null, "product": null, "building": null, "landuse": null, "industrial": null, "ref:LOCODE": null, "natural": null, "water": null, "wikimedia_commons": null, "description": null, "plant:method": null, "plant:output:electricity": null, "plant:source": null, "start_date": null, "wikidata": null, "wikipedia": null, "location": null, "tourism": null, "addr:state": null, "type": null }, "geometry": { "type": "Polygon", "coordinates": [ [ [ 88.3624645, 22.5231962 ], [ 88.3624607, 22.5231792 ], [ 88.3624501, 22.5231648 ], [ 88.3624344, 22.5231553 ], [ 88.3624159, 22.5231521 ], [ 88.3623975, 22.5231556 ], [ 88.3623819, 22.5231654 ], [ 88.3623716, 22.5231799 ], [ 88.3623681, 22.523197 ], [ 88.3623719, 22.523214 ], [ 88.3623825, 22.5232284 ], [ 88.3623982, 22.5232379 ], [ 88.3624167, 22.5232411 ], [ 88.3624351, 22.5232376 ], [ 88.3624507, 22.5232278 ], [ 88.362461, 22.5232133 ], [ 88.3624645, 22.5231962 ] ] ] } },
{ "type": "Feature", "properties": { "element": "way", "id": 360303686, "man_made": "storage_tank", "name": null, "capacity": null, "content": null, "opening_hours": null, "generator:method": null, "generator:output:electricity": null, "generator:source": null, "generator:type": null, "power": null, "operator": null, "source": null, "drinking_water": null, "emergency": null, "product": null, "building": null, "landuse": null, "industrial": null, "ref:LOCODE": null, "natural": null, "water": null, "wikimedia_commons": null, "description": null, "plant:method": null, "plant:output:electricity": null, "plant:source": null, "start_date": null, "wikidata": null, "wikipedia": null, "location": null, "tourism": null, "addr:state": null, "type": null }, "geometry": { "type": "Polygon", "coordinates": [ [ [ 88.3759568, 22.53109 ], [ 88.3759482, 22.5310837 ], [ 88.3759377, 22.5310809 ], [ 88.3759267, 22.531082 ], [ 88.3759171, 22.5310869 ], [ 88.3759103, 22.5310948 ], [ 88.3759072, 22.5311046 ], [ 88.3759084, 22.5311147 ], [ 88.3759137, 22.5311236 ], [ 88.3759223, 22.5311299 ], [ 88.3759329, 22.5311327 ], [ 88.3759438, 22.5311316 ], [ 88.3759534, 22.5311267 ], [ 88.3759603, 22.5311188 ], [ 88.3759633, 22.531109 ], [ 88.3759621, 22.5310989 ], [ 88.3759568, 22.53109 ] ] ] } },
{ "type": "Feature", "properties": { "element": "way", "id": 360303687, "man_made": "storage_tank", "name": null, "capacity": null, "content": null, "opening_hours": null, "generator:method": null, "generator:output:electricity": null, "generator:source": null, "generator:type": null, "power": null, "operator": null, "source": null, "drinking_water": null, "emergency": null, "product": null, "building": null, "landuse": null, "industrial": null, "ref:LOCODE": null, "natural": null, "water": null, "wikimedia_commons": null, "description": null, "plant:method": null, "plant:output:electricity": null, "plant:source": null, "start_date": null, "wikidata": null, "wikipedia": null, "location": null, "tourism": null, "addr:state": null, "type": null }, "geometry": { "type": "Polygon", "coordinates": [ [ [ 88.3759295, 22.5310197 ], [ 88.3759209, 22.5310133 ], [ 88.3759103, 22.5310105 ], [ 88.3758994, 22.5310116 ], [ 88.3758898, 22.5310165 ], [ 88.3758829, 22.5310245 ], [ 88.3758799, 22.5310342 ], [ 88.3758811, 22.5310443 ], [ 88.3758864, 22.5310532 ], [ 88.375895, 22.5310595 ], [ 88.3759055, 22.5310623 ], [ 88.3759164, 22.5310612 ], [ 88.3759261, 22.5310563 ], [ 88.3759329, 22.5310484 ], [ 88.375936, 22.5310386 ], [ 88.3759348, 22.5310285 ], [ 88.3759295, 22.5310197 ] ] ] } },
{ "type": "Feature", "properties": { "element": "way", "id": 360486964, "man_made": "storage_tank", "name": null, "capacity": null, "content": null, "opening_hours": null, "generator:method": null, "generator:output:electricity": null, "generator:source": null, "generator:type": null, "power": null, "operator": null, "source": null, "drinking_water": null, "emergency": null, "product": null, "building": null, "landuse": null, "industrial": null, "ref:LOCODE": null, "natural": null, "water": null, "wikimedia_commons": null, "description": null, "plant:method": null, "plant:output:electricity": null, "plant:source": null, "start_date": null, "wikidata": null, "wikipedia": null, "location": null, "tourism": null, "addr:state": null, "type": null }, "geometry": { "type": "Polygon", "coordinates": [ [ [ 88.3848191, 22.536844 ], [ 88.3848054, 22.5368363 ], [ 88.3847895, 22.5368341 ], [ 88.3847739, 22.5368377 ], [ 88.384761, 22.5368465 ], [ 88.3847527, 22.5368592 ], [ 88.3847503, 22.5368739 ], [ 88.3847542, 22.5368883 ], [ 88.3847637, 22.5369002 ], [ 88.3847775, 22.5369079 ], [ 88.3847934, 22.5369101 ], [ 88.3848089, 22.5369065 ], [ 88.3848219, 22.5368977 ], [ 88.3848301, 22.536885 ], [ 88.3848325, 22.5368703 ], [ 88.3848287, 22.5368559 ], [ 88.3848191, 22.536844 ] ] ] } },
{ "type": "Feature", "properties": { "element": "way", "id": 361843949, "man_made": "storage_tank", "name": null, "capacity": null, "content": "water", "opening_hours": null, "generator:method": null, "generator:output:electricity": null, "generator:source": null, "generator:type": null, "power": null, "operator": null, "source": null, "drinking_water": null, "emergency": null, "product": null, "building": null, "landuse": null, "industrial": null, "ref:LOCODE": null, "natural": null, "water": null, "wikimedia_commons": null, "description": null, "plant:method": null, "plant:output:electricity": null, "plant:source": null, "start_date": null, "wikidata": null, "wikipedia": null, "location": null, "tourism": null, "addr:state": null, "type": null }, "geometry": { "type": "Polygon", "coordinates": [ [ [ 88.3661093, 22.702472 ], [ 88.3660952, 22.7024689 ], [ 88.366081, 22.7024711 ], [ 88.3660687, 22.7024781 ], [ 88.3660602, 22.7024889 ], [ 88.3660569, 22.7025019 ], [ 88.3660593, 22.7025151 ], [ 88.3660669, 22.7025264 ], [ 88.3660786, 22.7025342 ], [ 88.3660927, 22.7025373 ], [ 88.366107, 22.7025351 ], [ 88.3661193, 22.7025281 ], [ 88.3661277, 22.7025172 ], [ 88.366131, 22.7025043 ], [ 88.3661287, 22.7024911 ], [ 88.366121, 22.7024798 ], [ 88.3661093, 22.702472 ] ] ] } },
{ "type": "Feature", "properties": { "element": "way", "id": 361843952, "man_made": "storage_tank", "name": null, "capacity": null, "content": "water", "opening_hours": null, "generator:method": null, "generator:output:electricity": null, "generator:source": null, "generator:type": null, "power": null, "operator": null, "source": null, "drinking_water": null, "emergency": null, "product": null, "building": null, "landuse": null, "industrial": null, "ref:LOCODE": null, "natural": null, "water": null, "wikimedia_commons": null, "description": null, "plant:method": null, "plant:output:electricity": null, "plant:source": null, "start_date": null, "wikidata": null, "wikipedia": null, "location": null, "tourism": null, "addr:state": null, "type": null }, "geometry": { "type": "Polygon", "coordinates": [ [ [ 88.3663215, 22.7017846 ], [ 88.3663088, 22.7018091 ], [ 88.3663072, 22.7018362 ], [ 88.3663169, 22.7018618 ], [ 88.3663365, 22.7018821 ], [ 88.3663631, 22.7018938 ], [ 88.3663925, 22.7018953 ], [ 88.3664202, 22.7018863 ], [ 88.3664422, 22.7018682 ], [ 88.3664549, 22.7018437 ], [ 88.3664566, 22.7018166 ], [ 88.3664468, 22.701791 ], [ 88.3664272, 22.7017708 ], [ 88.3664006, 22.701759 ], [ 88.3663713, 22.7017575 ], [ 88.3663435, 22.7017665 ], [ 88.3663215, 22.7017846 ] ] ] } },
{ "type": "Feature", "properties": { "element": "way", "id": 361887492, "man_made": "storage_tank", "name": null, "capacity": null, "content": "water", "opening_hours": null, "generator:method": null, "generator:output:electricity": null, "generator:source": null, "generator:type": null, "power": null, "operator": null, "source": null, "drinking_water": null, "emergency": null, "product": null, "building": null, "landuse": null, "industrial": null, "ref:LOCODE": null, "natural": null, "water": null, "wikimedia_commons": null, "description": null, "plant:method": null, "plant:output:electricity": null, "plant:source": null, "start_date": null, "wikidata": null, "wikipedia": null, "location": null, "tourism": null, "addr:state": null, "type": null }, "geometry": { "type": "Polygon", "coordinates": [ [ [ 88.4043538, 22.7053907 ], [ 88.4043196, 22.7053875 ], [ 88.4042866, 22.7053967 ], [ 88.40426, 22.7054168 ], [ 88.4042437, 22.7054448 ], [ 88.4042403, 22.7054764 ], [ 88.4042502, 22.7055068 ], [ 88.404272, 22.7055314 ], [ 88.4043023, 22.7055464 ], [ 88.4043366, 22.7055496 ], [ 88.4043696, 22.7055404 ], [ 88.4043962, 22.7055203 ], [ 88.4044125, 22.7054923 ], [ 88.4044159, 22.7054607 ], [ 88.404406, 22.7054303 ], [ 88.4043842, 22.7054057 ], [ 88.4043538, 22.7053907 ] ] ] } },
{ "type": "Feature", "properties": { "element": "way", "id": 362198874, "man_made": "storage_tank", "name": null, "capacity": null, "content": "water", "opening_hours": null, "generator:method": null, "generator:output:electricity": null, "generator:source": null, "generator:type": null, "power": null, "operator": null, "source": null, "drinking_water": null, "emergency": null, "product": null, "building": null, "landuse": null, "industrial": null, "ref:LOCODE": null, "natural": null, "water": null, "wikimedia_commons": null, "description": null, "plant:method": null, "plant:output:electricity": null, "plant:source": null, "start_date": null, "wikidata": null, "wikipedia": null, "location": null, "tourism": null, "addr:state": null, "type": null }, "geometry": { "type": "Polygon", "coordinates": [ [ [ 88.4465821, 22.6902994 ], [ 88.4465642, 22.6902928 ], [ 88.446545, 22.690293 ], [ 88.4465274, 22.6902999 ], [ 88.4465139, 22.6903126 ], [ 88.4465068, 22.690329 ], [ 88.446507, 22.6903468 ], [ 88.4465145, 22.6903631 ], [ 88.4465283, 22.6903755 ], [ 88.4465461, 22.6903821 ], [ 88.4465653, 22.6903819 ], [ 88.446583, 22.6903749 ], [ 88.4465964, 22.6903622 ], [ 88.4466035, 22.6903458 ], [ 88.4466033, 22.6903281 ], [ 88.4465958, 22.6903118 ], [ 88.4465821, 22.6902994 ] ] ] } },
{ "type": "Feature", "properties": { "element": "way", "id": 362919987, "man_made": "storage_tank", "name": null, "capacity": null, "content": "water", "opening_hours": null, "generator:method": null, "generator:output:electricity": null, "generator:source": null, "generator:type": null, "power": null, "operator": null, "source": null, "drinking_water": null, "emergency": null, "product": null, "building": null, "landuse": null, "industrial": null, "ref:LOCODE": null, "natural": null, "water": null, "wikimedia_commons": null, "description": null, "plant:method": null, "plant:output:electricity": null, "plant:source": null, "start_date": null, "wikidata": null, "wikipedia": null, "location": null, "tourism": null, "addr:state": null, "type": null }, "geometry": { "type": "Polygon", "coordinates": [ [ [ 88.3089091, 22.5394137 ], [ 88.308891, 22.5394152 ], [ 88.308875, 22.5394229 ], [ 88.3088633, 22.5394358 ], [ 88.3088579, 22.5394518 ], [ 88.3088596, 22.5394685 ], [ 88.308868, 22.5394833 ], [ 88.3088819, 22.5394941 ], [ 88.3088993, 22.5394991 ], [ 88.3089173, 22.5394975 ], [ 88.3089334, 22.5394898 ], [ 88.308945, 22.5394769 ], [ 88.3089504, 22.5394609 ], [ 88.3089488, 22.5394442 ], [ 88.3089403, 22.5394294 ], [ 88.3089264, 22.5394186 ], [ 88.3089091, 22.5394137 ] ] ] } },
{ "type": "Feature", "properties": { "element": "way", "id": 362925218, "man_made": "storage_tank", "name": null, "capacity": null, "content": null, "opening_hours": null, "generator:method": null, "generator:output:electricity": null, "generator:source": null, "generator:type": null, "power": null, "operator": null, "source": null, "drinking_water": null, "emergency": null, "product": null, "building": "storage_tank", "landuse": null, "industrial": null, "ref:LOCODE": null, "natural": null, "water": null, "wikimedia_commons": null, "description": null, "plant:method": null, "plant:output:electricity": null, "plant:source": null, "start_date": null, "wikidata": null, "wikipedia": null, "location": null, "tourism": null, "addr:state": null, "type": null }, "geometry": { "type": "Polygon", "coordinates": [ [ [ 88.2973128, 22.5346757 ], [ 88.297284, 22.5346778 ], [ 88.2972814, 22.5346704 ], [ 88.297274, 22.5346626 ], [ 88.2972639, 22.5346579 ], [ 88.2972573, 22.5346575 ], [ 88.2972553, 22.5346367 ], [ 88.2972609, 22.5346353 ], [ 88.2972697, 22.534629 ], [ 88.2972752, 22.5346201 ], [ 88.2972766, 22.53461 ], [ 88.2972737, 22.5346001 ], [ 88.297267, 22.534592 ], [ 88.2972574, 22.5345869 ], [ 88.2972502, 22.534586 ], [ 88.297248, 22.5345631 ], [ 88.297251, 22.5345625 ], [ 88.2972604, 22.5345565 ], [ 88.2972667, 22.5345476 ], [ 88.2972688, 22.5345372 ], [ 88.2972664, 22.5345269 ], [ 88.2972599, 22.5345181 ], [ 88.2972503, 22.5345123 ], [ 88.2972391, 22.5345104 ], [ 88.2972278, 22.5345126 ], [ 88.2972184, 22.5345186 ], [ 88.2972121, 22.5345275 ], [ 88.29721, 22.5345379 ], [ 88.2972124, 22.5345482 ], [ 88.2972189, 22.534557 ], [ 88.2972285, 22.5345627 ], [ 88.2972378, 22.5345644 ], [ 88.29724, 22.5345872 ], [ 88.2972357, 22.5345882 ], [ 88.2972269, 22.5345945 ], [ 88.2972214, 22.5346034 ], [ 88.2972199, 22.5346135 ], [ 88.2972228, 22.5346234 ], [ 88.2972296, 22.5346315 ], [ 88.2972392, 22.5346366 ], [ 88.2972446, 22.5346373 ], [ 88.2972467, 22.5346591 ], [ 88.2972419, 22.5346605 ], [ 88.2972334, 22.5346674 ], [ 88.2972284, 22.5346767 ], [ 88.2972276, 22.5346871 ], [ 88.2972312, 22.534697 ], [ 88.2972386, 22.5347048 ], [ 88.2972487, 22.5347095 ], [ 88.2972599, 22.5347102 ], [ 88.2972706, 22.5347069 ], [ 88.2972791, 22.5347001 ], [ 88.2972842, 22.5346907 ], [ 88.2972845, 22.5346859 ], [ 88.2973144, 22.5346848 ], [ 88.2973155, 22.5346884 ], [ 88.2973226, 22.5346968 ], [ 88.2973326, 22.5347021 ], [ 88.2973441, 22.5347035 ], [ 88.2973552, 22.5347006 ], [ 88.2973644, 22.5346941 ], [ 88.2973701, 22.5346848 ], [ 88.2973716, 22.5346742 ], [ 88.2973685, 22.5346639 ], [ 88.2973614, 22.5346555 ], [ 88.2973514, 22.5346502 ], [ 88.297343, 22.5346492 ], [ 88.2973416, 22.5346338 ], [ 88.2973494, 22.534632 ], [ 88.2973581, 22.534626 ], [ 88.2973637, 22.5346173 ], [ 88.2973653, 22.5346074 ], [ 88.2973627, 22.5345977 ], [ 88.2973562, 22.5345896 ], [ 88.2973468, 22.5345845 ], [ 88.2973373, 22.5345832 ], [ 88.2973355, 22.534563 ], [ 88.2973421, 22.5345615 ], [ 88.297351, 22.5345553 ], [ 88.2973568, 22.5345464 ], [ 88.2973583, 22.5345361 ], [ 88.2973556, 22.5345261 ], [ 88.2973488, 22.5345178 ], [ 88.2973392, 22.5345125 ], [ 88.2973281, 22.534511 ], [ 88.2973172, 22.5345136 ], [ 88.2973083, 22.5345198 ], [ 88.2973025, 22.5345287 ], [ 88.297301, 22.534539 ], [ 88.2973037, 22.534549 ], [ 88.2973105, 22.5345573 ], [ 88.2973201, 22.5345626 ], [ 88.2973268, 22.5345635 ], [ 88.2973287, 22.5345847 ], [ 88.2973255, 22.5345855 ], [ 88.2973168, 22.5345914 ], [ 88.2973112, 22.5346001 ], [ 88.2973097, 22.53461 ], [ 88.2973123, 22.5346197 ], [ 88.2973188, 22.5346278 ], [ 88.2973281, 22.5346329 ], [ 88.2973331, 22.5346336 ], [ 88.2973346, 22.5346502 ], [ 88.2973288, 22.5346517 ], [ 88.2973196, 22.5346582 ], [ 88.2973139, 22.5346675 ], [ 88.2973128, 22.5346757 ] ] ] } },
{ "type": "Feature", "properties": { "element": "way", "id": 362925244, "man_made": "storage_tank", "name": null, "capacity": null, "content": null, "opening_hours": null, "generator:method": null, "generator:output:electricity": null, "generator:source": null, "generator:type": null, "power": null, "operator": null, "source": null, "drinking_water": null, "emergency": null, "product": null, "building": "yes", "landuse": null, "industrial": null, "ref:LOCODE": null, "natural": null, "water": null, "wikimedia_commons": null, "description": null, "plant:method": null, "plant:output:electricity": null, "plant:source": null, "start_date": null, "wikidata": null, "wikipedia": null, "location": null, "tourism": null, "addr:state": null, "type": null }, "geometry": { "type": "Polygon", "coordinates": [ [ [ 88.2975759, 22.5342352 ], [ 88.2975646, 22.5342321 ], [ 88.2975529, 22.5342331 ], [ 88.2975425, 22.5342382 ], [ 88.297535, 22.5342466 ], [ 88.2975316, 22.534257 ], [ 88.2975328, 22.5342679 ], [ 88.297533, 22.5342682 ], [ 88.2975107, 22.5342749 ], [ 88.2975106, 22.5342746 ], [ 88.2975032, 22.5342667 ], [ 88.2974932, 22.5342621 ], [ 88.2974819, 22.5342613 ], [ 88.2974712, 22.5342646 ], [ 88.2974627, 22.5342714 ], [ 88.2974577, 22.5342807 ], [ 88.2974568, 22.5342911 ], [ 88.2974604, 22.5343009 ], [ 88.2974678, 22.5343088 ], [ 88.2974778, 22.5343135 ], [ 88.2974891, 22.5343142 ], [ 88.2974997, 22.5343109 ], [ 88.2975083, 22.5343041 ], [ 88.2975133, 22.5342948 ], [ 88.2975141, 22.5342846 ], [ 88.2975386, 22.5342777 ], [ 88.2975474, 22.5342844 ], [ 88.2975587, 22.5342876 ], [ 88.2975704, 22.5342865 ], [ 88.2975808, 22.5342814 ], [ 88.2975883, 22.534273 ], [ 88.2975917, 22.5342626 ], [ 88.2975905, 22.5342517 ], [ 88.297585, 22.5342421 ], [ 88.2975759, 22.5342352 ] ] ] } },
{ "type": "Feature", "properties": { "element": "way", "id": 362950554, "man_made": "storage_tank", "name": null, "capacity": null, "content": null, "opening_hours": null, "generator:method": null, "generator:output:electricity": null, "generator:source": null, "generator:type": null, "power": null, "operator": null, "source": null, "drinking_water": null, "emergency": null, "product": null, "building": "yes", "landuse": null, "industrial": null, "ref:LOCODE": null, "natural": null, "water": null, "wikimedia_commons": null, "description": null, "plant:method": null, "plant:output:electricity": null, "plant:source": null, "start_date": null, "wikidata": null, "wikipedia": null, "location": null, "tourism": null, "addr:state": null, "type": null }, "geometry": { "type": "Polygon", "coordinates": [ [ [ 88.298219, 22.5336739 ], [ 88.2982033, 22.5336714 ], [ 88.2981878, 22.5336747 ], [ 88.2981748, 22.5336832 ], [ 88.2981663, 22.5336956 ], [ 88.2981636, 22.5337101 ], [ 88.2981671, 22.5337244 ], [ 88.2981763, 22.5337364 ], [ 88.2981898, 22.5337443 ], [ 88.2982055, 22.5337468 ], [ 88.298221, 22.5337435 ], [ 88.298234, 22.533735 ], [ 88.2982425, 22.5337226 ], [ 88.2982452, 22.5337081 ], [ 88.2982417, 22.5336938 ], [ 88.2982325, 22.5336818 ], [ 88.298219, 22.5336739 ] ] ] } },
{ "type": "Feature", "properties": { "element": "way", "id": 362950555, "man_made": "storage_tank", "name": null, "capacity": null, "content": null, "opening_hours": null, "generator:method": null, "generator:output:electricity": null, "generator:source": null, "generator:type": null, "power": null, "operator": null, "source": null, "drinking_water": null, "emergency": null, "product": null, "building": "yes", "landuse": null, "industrial": null, "ref:LOCODE": null, "natural": null, "water": null, "wikimedia_commons": null, "description": null, "plant:method": null, "plant:output:electricity": null, "plant:source": null, "start_date": null, "wikidata": null, "wikipedia": null, "location": null, "tourism": null, "addr:state": null, "type": null }, "geometry": { "type": "Polygon", "coordinates": [ [ [ 88.2981136, 22.5337035 ], [ 88.2980986, 22.5336991 ], [ 88.298083, 22.5337003 ], [ 88.298069, 22.533707 ], [ 88.2980589, 22.5337181 ], [ 88.2980541, 22.5337319 ], [ 88.2980554, 22.5337464 ], [ 88.2980627, 22.5337593 ], [ 88.2980747, 22.5337687 ], [ 88.2980897, 22.5337731 ], [ 88.2981053, 22.5337719 ], [ 88.2981193, 22.5337652 ], [ 88.2981295, 22.5337541 ], [ 88.2981342, 22.5337402 ], [ 88.2981329, 22.5337258 ], [ 88.2981257, 22.5337128 ], [ 88.2981136, 22.5337035 ] ] ] } },
{ "type": "Feature", "properties": { "element": "way", "id": 362955427, "man_made": "storage_tank", "name": null, "capacity": null, "content": "water", "opening_hours": null, "generator:method": null, "generator:output:electricity": null, "generator:source": null, "generator:type": null, "power": null, "operator": null, "source": null, "drinking_water": null, "emergency": null, "product": null, "building": null, "landuse": null, "industrial": null, "ref:LOCODE": null, "natural": null, "water": null, "wikimedia_commons": null, "description": null, "plant:method": null, "plant:output:electricity": null, "plant:source": null, "start_date": null, "wikidata": null, "wikipedia": null, "location": null, "tourism": null, "addr:state": null, "type": null }, "geometry": { "type": "Polygon", "coordinates": [ [ [ 88.332568, 22.5308725 ], [ 88.3325645, 22.5308611 ], [ 88.3325565, 22.5308518 ], [ 88.3325453, 22.5308461 ], [ 88.3325325, 22.5308447 ], [ 88.3325202, 22.530848 ], [ 88.3325102, 22.5308553 ], [ 88.3325039, 22.5308657 ], [ 88.3325025, 22.5308775 ], [ 88.332506, 22.5308889 ], [ 88.332514, 22.5308981 ], [ 88.3325252, 22.5309039 ], [ 88.332538, 22.5309052 ], [ 88.3325503, 22.530902 ], [ 88.3325603, 22.5308946 ], [ 88.3325666, 22.5308842 ], [ 88.332568, 22.5308725 ] ] ] } },
{ "type": "Feature", "properties": { "element": "way", "id": 362955428, "man_made": "storage_tank", "name": null, "capacity": null, "content": "water", "opening_hours": null, "generator:method": null, "generator:output:electricity": null, "generator:source": null, "generator:type": null, "power": null, "operator": null, "source": null, "drinking_water": null, "emergency": null, "product": null, "building": null, "landuse": null, "industrial": null, "ref:LOCODE": null, "natural": null, "water": null, "wikimedia_commons": null, "description": null, "plant:method": null, "plant:output:electricity": null, "plant:source": null, "start_date": null, "wikidata": null, "wikipedia": null, "location": null, "tourism": null, "addr:state": null, "type": null }, "geometry": { "type": "Polygon", "coordinates": [ [ [ 88.3347937, 22.5326697 ], [ 88.3347817, 22.5326711 ], [ 88.3347711, 22.5326767 ], [ 88.3347637, 22.5326856 ], [ 88.3347606, 22.5326964 ], [ 88.3347621, 22.5327075 ], [ 88.3347682, 22.5327172 ], [ 88.3347778, 22.5327241 ], [ 88.3347895, 22.532727 ], [ 88.3348015, 22.5327255 ], [ 88.334812, 22.53272 ], [ 88.3348194, 22.5327111 ], [ 88.3348226, 22.5327003 ], [ 88.334821, 22.5326892 ], [ 88.334815, 22.5326795 ], [ 88.3348054, 22.5326726 ], [ 88.3347937, 22.5326697 ] ] ] } },
{ "type": "Feature", "properties": { "element": "way", "id": 363071931, "man_made": "storage_tank", "name": null, "capacity": null, "content": "water", "opening_hours": null, "generator:method": null, "generator:output:electricity": null, "generator:source": null, "generator:type": null, "power": null, "operator": null, "source": null, "drinking_water": null, "emergency": null, "product": null, "building": null, "landuse": null, "industrial": null, "ref:LOCODE": null, "natural": null, "water": null, "wikimedia_commons": null, "description": null, "plant:method": null, "plant:output:electricity": null, "plant:source": null, "start_date": null, "wikidata": null, "wikipedia": null, "location": null, "tourism": null, "addr:state": null, "type": null }, "geometry": { "type": "Polygon", "coordinates": [ [ [ 88.3829746, 22.5731378 ], [ 88.3829508, 22.5731393 ], [ 88.3829294, 22.5731491 ], [ 88.3829136, 22.5731657 ], [ 88.382906, 22.5731866 ], [ 88.3829076, 22.5732086 ], [ 88.3829182, 22.5732284 ], [ 88.3829362, 22.5732429 ], [ 88.3829589, 22.5732499 ], [ 88.3829827, 22.5732484 ], [ 88.3830041, 22.5732386 ], [ 88.3830199, 22.573222 ], [ 88.3830275, 22.5732011 ], [ 88.3830259, 22.5731791 ], [ 88.3830153, 22.5731593 ], [ 88.3829973, 22.5731448 ], [ 88.3829746, 22.5731378 ] ] ] } },
{ "type": "Feature", "properties": { "element": "way", "id": 363071932, "man_made": "storage_tank", "name": null, "capacity": null, "content": "water", "opening_hours": null, "generator:method": null, "generator:output:electricity": null, "generator:source": null, "generator:type": null, "power": null, "operator": null, "source": null, "drinking_water": null, "emergency": null, "product": null, "building": null, "landuse": null, "industrial": null, "ref:LOCODE": null, "natural": null, "water": null, "wikimedia_commons": null, "description": null, "plant:method": null, "plant:output:electricity": null, "plant:source": null, "start_date": null, "wikidata": null, "wikipedia": null, "location": null, "tourism": null, "addr:state": null, "type": null }, "geometry": { "type": "Polygon", "coordinates": [ [ [ 88.379595, 22.5693874 ], [ 88.3795753, 22.5693765 ], [ 88.3795527, 22.5693734 ], [ 88.3795305, 22.5693786 ], [ 88.3795121, 22.5693911 ], [ 88.3795003, 22.5694093 ], [ 88.379497, 22.5694302 ], [ 88.3795025, 22.5694507 ], [ 88.3795161, 22.5694677 ], [ 88.3795358, 22.5694785 ], [ 88.3795584, 22.5694817 ], [ 88.3795806, 22.5694765 ], [ 88.379599, 22.5694639 ], [ 88.3796108, 22.5694458 ], [ 88.3796142, 22.5694249 ], [ 88.3796086, 22.5694044 ], [ 88.379595, 22.5693874 ] ] ] } },
{ "type": "Feature", "properties": { "element": "way", "id": 363076975, "man_made": "storage_tank", "name": null, "capacity": null, "content": "water", "opening_hours": null, "generator:method": null, "generator:output:electricity": null, "generator:source": null, "generator:type": null, "power": null, "operator": null, "source": null, "drinking_water": null, "emergency": null, "product": null, "building": null, "landuse": null, "industrial": null, "ref:LOCODE": null, "natural": null, "water": null, "wikimedia_commons": null, "description": null, "plant:method": null, "plant:output:electricity": null, "plant:source": null, "start_date": null, "wikidata": null, "wikipedia": null, "location": null, "tourism": null, "addr:state": null, "type": null }, "geometry": { "type": "Polygon", "coordinates": [ [ [ 88.3220211, 22.5342248 ], [ 88.3219985, 22.5342246 ], [ 88.3219776, 22.5342324 ], [ 88.3219614, 22.534247 ], [ 88.3219526, 22.5342662 ], [ 88.3219524, 22.5342871 ], [ 88.3219608, 22.5343064 ], [ 88.3219767, 22.5343213 ], [ 88.3219974, 22.5343295 ], [ 88.32202, 22.5343296 ], [ 88.322041, 22.5343218 ], [ 88.3220571, 22.5343072 ], [ 88.3220659, 22.534288 ], [ 88.3220661, 22.5342672 ], [ 88.3220577, 22.5342478 ], [ 88.3220419, 22.534233 ], [ 88.3220211, 22.5342248 ] ] ] } },
{ "type": "Feature", "properties": { "element": "way", "id": 363085101, "man_made": "storage_tank", "name": null, "capacity": null, "content": "water", "opening_hours": null, "generator:method": null, "generator:output:electricity": null, "generator:source": null, "generator:type": null, "power": null, "operator": null, "source": null, "drinking_water": null, "emergency": null, "product": null, "building": null, "landuse": null, "industrial": null, "ref:LOCODE": null, "natural": null, "water": null, "wikimedia_commons": null, "description": null, "plant:method": null, "plant:output:electricity": null, "plant:source": null, "start_date": null, "wikidata": null, "wikipedia": null, "location": null, "tourism": null, "addr:state": null, "type": null }, "geometry": { "type": "Polygon", "coordinates": [ [ [ 88.3428438, 22.5386559 ], [ 88.3428294, 22.5386557 ], [ 88.342816, 22.5386605 ], [ 88.3428057, 22.5386697 ], [ 88.3427999, 22.5386819 ], [ 88.3427997, 22.5386951 ], [ 88.3428049, 22.5387075 ], [ 88.3428149, 22.538717 ], [ 88.342828, 22.5387223 ], [ 88.3428424, 22.5387226 ], [ 88.3428558, 22.5387178 ], [ 88.3428661, 22.5387086 ], [ 88.3428719, 22.5386964 ], [ 88.3428721, 22.5386831 ], [ 88.3428669, 22.5386708 ], [ 88.3428569, 22.5386612 ], [ 88.3428438, 22.5386559 ] ] ] } },
{ "type": "Feature", "properties": { "element": "way", "id": 412641075, "man_made": "storage_tank", "name": null, "capacity": null, "content": null, "opening_hours": null, "generator:method": null, "generator:output:electricity": null, "generator:source": null, "generator:type": null, "power": null, "operator": null, "source": null, "drinking_water": null, "emergency": null, "product": null, "building": "yes", "landuse": null, "industrial": null, "ref:LOCODE": null, "natural": null, "water": null, "wikimedia_commons": null, "description": null, "plant:method": null, "plant:output:electricity": null, "plant:source": null, "start_date": null, "wikidata": null, "wikipedia": null, "location": null, "tourism": null, "addr:state": null, "type": null }, "geometry": { "type": "Polygon", "coordinates": [ [ [ 88.3024155, 22.4526649 ], [ 88.3024346, 22.4526842 ], [ 88.3024594, 22.4526967 ], [ 88.3024872, 22.4527011 ], [ 88.3025151, 22.4526969 ], [ 88.3025401, 22.4526846 ], [ 88.3025593, 22.4526654 ], [ 88.3025708, 22.4526415 ], [ 88.3025732, 22.4526155 ], [ 88.3025663, 22.4525901 ], [ 88.3025509, 22.4525682 ], [ 88.3025286, 22.4525521 ], [ 88.3025019, 22.4525436 ], [ 88.3024737, 22.4525435 ], [ 88.3024469, 22.4525519 ], [ 88.3024246, 22.4525679 ], [ 88.3024091, 22.4525897 ], [ 88.3024021, 22.452615 ], [ 88.3024043, 22.452641 ], [ 88.3024155, 22.4526649 ] ] ] } },
{ "type": "Feature", "properties": { "element": "way", "id": 421284603, "man_made": null, "name": "Kolkata Leather Complex", "capacity": null, "content": null, "opening_hours": null, "generator:method": null, "generator:output:electricity": null, "generator:source": null, "generator:type": null, "power": null, "operator": null, "source": null, "drinking_water": null, "emergency": null, "product": null, "building": null, "landuse": "industrial", "industrial": "leather", "ref:LOCODE": null, "natural": null, "water": null, "wikimedia_commons": null, "description": null, "plant:method": null, "plant:output:electricity": null, "plant:source": null, "start_date": null, "wikidata": null, "wikipedia": null, "location": null, "tourism": null, "addr:state": null, "type": null }, "geometry": { "type": "Polygon", "coordinates": [ [ [ 88.510958, 22.507145 ], [ 88.5109686, 22.5079395 ], [ 88.511188, 22.5079297 ], [ 88.511181, 22.507534 ], [ 88.5118357, 22.5075144 ], [ 88.5118109, 22.5070992 ], [ 88.5151555, 22.507024 ], [ 88.5166667, 22.5069913 ], [ 88.5171197, 22.5070501 ], [ 88.5178877, 22.5070207 ], [ 88.5180789, 22.5070959 ], [ 88.5180152, 22.5073117 ], [ 88.5180718, 22.5081651 ], [ 88.5183938, 22.5081618 ], [ 88.5185142, 22.5080539 ], [ 88.5185566, 22.5079853 ], [ 88.5187725, 22.5079885 ], [ 88.5190132, 22.5079754 ], [ 88.5198095, 22.5078806 ], [ 88.5209102, 22.507776 ], [ 88.5210199, 22.5076975 ], [ 88.5215225, 22.5076975 ], [ 88.5219366, 22.5076452 ], [ 88.5221702, 22.5076289 ], [ 88.5236425, 22.5076518 ], [ 88.5247963, 22.5076125 ], [ 88.525628, 22.5076419 ], [ 88.5256952, 22.5075667 ], [ 88.5257908, 22.5075798 ], [ 88.525989, 22.5073902 ], [ 88.5261836, 22.5071221 ], [ 88.5265375, 22.506563 ], [ 88.5267747, 22.5062164 ], [ 88.5268667, 22.5060693 ], [ 88.5269092, 22.5058273 ], [ 88.526833, 22.5050935 ], [ 88.5247969, 22.5051324 ], [ 88.5246059, 22.5000715 ], [ 88.5246015, 22.4999556 ], [ 88.5245183, 22.4965341 ], [ 88.524469, 22.4963633 ], [ 88.5243519, 22.4961384 ], [ 88.5243365, 22.495979 ], [ 88.5266397, 22.4959226 ], [ 88.5266243, 22.4951967 ], [ 88.526307, 22.4951995 ], [ 88.5262663, 22.4931407 ], [ 88.52593, 22.4931277 ], [ 88.5258786, 22.4919671 ], [ 88.5242649, 22.4919996 ], [ 88.5242015, 22.4919908 ], [ 88.5242015, 22.4925655 ], [ 88.522368, 22.4925993 ], [ 88.5222298, 22.4925092 ], [ 88.5218598, 22.4920246 ], [ 88.5215305, 22.4914236 ], [ 88.5212825, 22.4909165 ], [ 88.5209248, 22.4902479 ], [ 88.5203434, 22.4887867 ], [ 88.5198149, 22.4875246 ], [ 88.5195913, 22.4872429 ], [ 88.5193148, 22.4870212 ], [ 88.5188351, 22.4866832 ], [ 88.5186196, 22.4865404 ], [ 88.5183757, 22.4865066 ], [ 88.5182537, 22.4864014 ], [ 88.5176399, 22.4862963 ], [ 88.5172414, 22.4862512 ], [ 88.5168755, 22.4862174 ], [ 88.5166479, 22.4861535 ], [ 88.5157819, 22.4859244 ], [ 88.5155095, 22.4860145 ], [ 88.5151559, 22.4861948 ], [ 88.5149566, 22.4863301 ], [ 88.5146802, 22.4865367 ], [ 88.5139443, 22.4867057 ], [ 88.5136028, 22.4865705 ], [ 88.5135297, 22.4864428 ], [ 88.5131272, 22.4862249 ], [ 88.5126597, 22.4860596 ], [ 88.5123913, 22.4859131 ], [ 88.5122856, 22.4858906 ], [ 88.5119319, 22.4859544 ], [ 88.5113302, 22.4860784 ], [ 88.5102529, 22.4862512 ], [ 88.5102862, 22.4883611 ], [ 88.5078022, 22.4884475 ], [ 88.5078225, 22.4898035 ], [ 88.5078591, 22.4910506 ], [ 88.5066069, 22.4911107 ], [ 88.506611, 22.4913774 ], [ 88.5067492, 22.4923615 ], [ 88.5068346, 22.4935372 ], [ 88.5069281, 22.4951787 ], [ 88.5070623, 22.4961928 ], [ 88.5071151, 22.4966811 ], [ 88.507233, 22.4969703 ], [ 88.5073021, 22.4972445 ], [ 88.5073225, 22.4977891 ], [ 88.508042, 22.4977929 ], [ 88.5081681, 22.4979018 ], [ 88.510647, 22.4978558 ], [ 88.510958, 22.507145 ] ] ] } },
{ "type": "Feature", "properties": { "element": "way", "id": 621724881, "man_made": null, "name": "Joka Metro Depot", "capacity": null, "content": null, "opening_hours": null, "generator:method": null, "generator:output:electricity": null, "generator:source": null, "generator:type": null, "power": null, "operator": null, "source": null, "drinking_water": null, "emergency": null, "product": null, "building": null, "landuse": "industrial", "industrial": "depot", "ref:LOCODE": null, "natural": null, "water": null, "wikimedia_commons": "Category:Joka metro depot", "description": null, "plant:method": null, "plant:output:electricity": null, "plant:source": null, "start_date": null, "wikidata": null, "wikipedia": null, "location": null, "tourism": null, "addr:state": null, "type": null }, "geometry": { "type": "Polygon", "coordinates": [ [ [ 88.2852772, 22.4494153 ], [ 88.2842963, 22.4495031 ], [ 88.2747033, 22.4503164 ], [ 88.2708646, 22.4506039 ], [ 88.2679045, 22.4507415 ], [ 88.2678682, 22.4501219 ], [ 88.2677811, 22.4486344 ], [ 88.2678864, 22.4486017 ], [ 88.2702541, 22.447866 ], [ 88.2708979, 22.4488625 ], [ 88.2709488, 22.4494348 ], [ 88.2709676, 22.4496459 ], [ 88.27402, 22.4493781 ], [ 88.2743794, 22.4490955 ], [ 88.2742238, 22.4472908 ], [ 88.2776087, 22.4469983 ], [ 88.2784349, 22.4476379 ], [ 88.2790357, 22.4477321 ], [ 88.2804894, 22.4483171 ], [ 88.283354, 22.448565 ], [ 88.2841775, 22.4486493 ], [ 88.2855615, 22.448513 ], [ 88.2856893, 22.448779 ], [ 88.2857466, 22.4489923 ], [ 88.2865271, 22.4491575 ], [ 88.2864332, 22.4493186 ], [ 88.2859075, 22.4493509 ], [ 88.2852772, 22.4494153 ] ] ] } },
{ "type": "Feature", "properties": { "element": "way", "id": 687607099, "man_made": "storage_tank", "name": null, "capacity": null, "content": null, "opening_hours": null, "generator:method": null, "generator:output:electricity": null, "generator:source": null, "generator:type": null, "power": null, "operator": null, "source": null, "drinking_water": null, "emergency": null, "product": null, "building": null, "landuse": null, "industrial": null, "ref:LOCODE": null, "natural": null, "water": null, "wikimedia_commons": null, "description": null, "plant:method": null, "plant:output:electricity": null, "plant:source": null, "start_date": null, "wikidata": null, "wikipedia": null, "location": null, "tourism": null, "addr:state": null, "type": null }, "geometry": { "type": "Polygon", "coordinates": [ [ [ 88.3145924, 22.5279223 ], [ 88.3145731, 22.5279444 ], [ 88.3145613, 22.5279707 ], [ 88.314558, 22.527999 ], [ 88.3145635, 22.528027 ], [ 88.3145773, 22.5280524 ], [ 88.3145983, 22.5280732 ], [ 88.3146248, 22.5280877 ], [ 88.3146547, 22.5280947 ], [ 88.3146854, 22.5280937 ], [ 88.3147146, 22.5280847 ], [ 88.3147399, 22.5280684 ], [ 88.3147592, 22.5280463 ], [ 88.314771, 22.52802 ], [ 88.3147743, 22.5279917 ], [ 88.3147688, 22.5279637 ], [ 88.314755, 22.5279383 ], [ 88.314734, 22.5279175 ], [ 88.3147075, 22.527903 ], [ 88.3146776, 22.527896 ], [ 88.3146469, 22.527897 ], [ 88.3146177, 22.527906 ], [ 88.3145924, 22.5279223 ] ] ] } },
{ "type": "Feature", "properties": { "element": "way", "id": 687607100, "man_made": "storage_tank", "name": null, "capacity": null, "content": null, "opening_hours": null, "generator:method": null, "generator:output:electricity": null, "generator:source": null, "generator:type": null, "power": null, "operator": null, "source": null, "drinking_water": null, "emergency": null, "product": null, "building": null, "landuse": null, "industrial": null, "ref:LOCODE": null, "natural": null, "water": null, "wikimedia_commons": null, "description": null, "plant:method": null, "plant:output:electricity": null, "plant:source": null, "start_date": null, "wikidata": null, "wikipedia": null, "location": null, "tourism": null, "addr:state": null, "type": null }, "geometry": { "type": "Polygon", "coordinates": [ [ [ 88.314648, 22.5277061 ], [ 88.3146273, 22.5277296 ], [ 88.3146155, 22.5277579 ], [ 88.3146137, 22.5277882 ], [ 88.3146222, 22.5278175 ], [ 88.31464, 22.527843 ], [ 88.3146655, 22.5278621 ], [ 88.3146961, 22.527873 ], [ 88.3147289, 22.5278747 ], [ 88.3147606, 22.5278669 ], [ 88.3147882, 22.5278504 ], [ 88.3148089, 22.5278269 ], [ 88.3148207, 22.5277986 ], [ 88.3148225, 22.5277683 ], [ 88.3148141, 22.527739 ], [ 88.3147962, 22.5277135 ], [ 88.3147708, 22.5276944 ], [ 88.3147401, 22.5276835 ], [ 88.3147073, 22.5276818 ], [ 88.3146756, 22.5276896 ], [ 88.314648, 22.5277061 ] ] ] } },
{ "type": "Feature", "properties": { "element": "way", "id": 687607101, "man_made": "storage_tank", "name": null, "capacity": null, "content": null, "opening_hours": null, "generator:method": null, "generator:output:electricity": null, "generator:source": null, "generator:type": null, "power": null, "operator": null, "source": null, "drinking_water": null, "emergency": null, "product": null, "building": null, "landuse": null, "industrial": null, "ref:LOCODE": null, "natural": null, "water": null, "wikimedia_commons": null, "description": null, "plant:method": null, "plant:output:electricity": null, "plant:source": null, "start_date": null, "wikidata": null, "wikipedia": null, "location": null, "tourism": null, "addr:state": null, "type": null }, "geometry": { "type": "Polygon", "coordinates": [ [ [ 88.314705, 22.52748 ], [ 88.3146802, 22.5274976 ], [ 88.3146617, 22.5275209 ], [ 88.3146511, 22.527548 ], [ 88.3146492, 22.5275769 ], [ 88.3146561, 22.527605 ], [ 88.3146714, 22.5276302 ], [ 88.3146937, 22.5276505 ], [ 88.3147213, 22.527664 ], [ 88.314752, 22.5276699 ], [ 88.3147831, 22.5276675 ], [ 88.3148123, 22.5276572 ], [ 88.3148372, 22.5276396 ], [ 88.3148557, 22.5276163 ], [ 88.3148663, 22.5275891 ], [ 88.3148682, 22.5275603 ], [ 88.3148612, 22.5275321 ], [ 88.314846, 22.5275069 ], [ 88.3148236, 22.5274867 ], [ 88.314796, 22.5274731 ], [ 88.3147654, 22.5274673 ], [ 88.3147342, 22.5274696 ], [ 88.314705, 22.52748 ] ] ] } },
{ "type": "Feature", "properties": { "element": "way", "id": 687607102, "man_made": "storage_tank", "name": null, "capacity": null, "content": null, "opening_hours": null, "generator:method": null, "generator:output:electricity": null, "generator:source": null, "generator:type": null, "power": null, "operator": null, "source": null, "drinking_water": null, "emergency": null, "product": null, "building": null, "landuse": null, "industrial": null, "ref:LOCODE": null, "natural": null, "water": null, "wikimedia_commons": null, "description": null, "plant:method": null, "plant:output:electricity": null, "plant:source": null, "start_date": null, "wikidata": null, "wikipedia": null, "location": null, "tourism": null, "addr:state": null, "type": null }, "geometry": { "type": "Polygon", "coordinates": [ [ [ 88.3148076, 22.5288018 ], [ 88.3147935, 22.5288167 ], [ 88.3147866, 22.5288355 ], [ 88.3147881, 22.5288552 ], [ 88.3147976, 22.528873 ], [ 88.3148137, 22.5288861 ], [ 88.3148341, 22.5288924 ], [ 88.3148555, 22.5288911 ], [ 88.3148747, 22.5288823 ], [ 88.3148888, 22.5288674 ], [ 88.3148957, 22.5288486 ], [ 88.3148943, 22.5288288 ], [ 88.3148848, 22.5288111 ], [ 88.3148686, 22.528798 ], [ 88.3148483, 22.5287917 ], [ 88.3148269, 22.528793 ], [ 88.3148076, 22.5288018 ] ] ] } },
{ "type": "Feature", "properties": { "element": "way", "id": 687607103, "man_made": "storage_tank", "name": null, "capacity": null, "content": null, "opening_hours": null, "generator:method": null, "generator:output:electricity": null, "generator:source": null, "generator:type": null, "power": null, "operator": null, "source": null, "drinking_water": null, "emergency": null, "product": null, "building": null, "landuse": null, "industrial": null, "ref:LOCODE": null, "natural": null, "water": null, "wikimedia_commons": null, "description": null, "plant:method": null, "plant:output:electricity": null, "plant:source": null, "start_date": null, "wikidata": null, "wikipedia": null, "location": null, "tourism": null, "addr:state": null, "type": null }, "geometry": { "type": "Polygon", "coordinates": [ [ [ 88.3148284, 22.5286847 ], [ 88.3148152, 22.5287012 ], [ 88.3148097, 22.5287211 ], [ 88.314813, 22.5287414 ], [ 88.3148244, 22.528759 ], [ 88.3148422, 22.5287713 ], [ 88.3148638, 22.5287763 ], [ 88.3148858, 22.5287733 ], [ 88.3149049, 22.5287628 ], [ 88.3149181, 22.5287463 ], [ 88.3149235, 22.5287264 ], [ 88.3149203, 22.5287061 ], [ 88.3149089, 22.5286884 ], [ 88.314891, 22.5286762 ], [ 88.3148695, 22.5286712 ], [ 88.3148475, 22.5286742 ], [ 88.3148284, 22.5286847 ] ] ] } },
{ "type": "Feature", "properties": { "element": "way", "id": 687607104, "man_made": "storage_tank", "name": null, "capacity": null, "content": null, "opening_hours": null, "generator:method": null, "generator:output:electricity": null, "generator:source": null, "generator:type": null, "power": null, "operator": null, "source": null, "drinking_water": null, "emergency": null, "product": null, "building": null, "landuse": null, "industrial": null, "ref:LOCODE": null, "natural": null, "water": null, "wikimedia_commons": null, "description": null, "plant:method": null, "plant:output:electricity": null, "plant:source": null, "start_date": null, "wikidata": null, "wikipedia": null, "location": null, "tourism": null, "addr:state": null, "type": null }, "geometry": { "type": "Polygon", "coordinates": [ [ [ 88.3149451, 22.5287151 ], [ 88.3149337, 22.5287317 ], [ 88.3149301, 22.5287511 ], [ 88.3149348, 22.5287702 ], [ 88.3149471, 22.5287863 ], [ 88.3149651, 22.5287968 ], [ 88.3149861, 22.5288001 ], [ 88.3150068, 22.5287958 ], [ 88.3150242, 22.5287844 ], [ 88.3150356, 22.5287678 ], [ 88.3150392, 22.5287484 ], [ 88.3150345, 22.5287293 ], [ 88.3150222, 22.5287132 ], [ 88.3150042, 22.5287027 ], [ 88.3149832, 22.5286994 ], [ 88.3149625, 22.5287037 ], [ 88.3149451, 22.5287151 ] ] ] } },
{ "type": "Feature", "properties": { "element": "way", "id": 687607105, "man_made": "storage_tank", "name": null, "capacity": null, "content": null, "opening_hours": null, "generator:method": null, "generator:output:electricity": null, "generator:source": null, "generator:type": null, "power": null, "operator": null, "source": null, "drinking_water": null, "emergency": null, "product": null, "building": null, "landuse": null, "industrial": null, "ref:LOCODE": null, "natural": null, "water": null, "wikimedia_commons": null, "description": null, "plant:method": null, "plant:output:electricity": null, "plant:source": null, "start_date": null, "wikidata": null, "wikipedia": null, "location": null, "tourism": null, "addr:state": null, "type": null }, "geometry": { "type": "Polygon", "coordinates": [ [ [ 88.314925, 22.5288253 ], [ 88.3149117, 22.5288411 ], [ 88.314906, 22.5288603 ], [ 88.3149086, 22.5288801 ], [ 88.3149193, 22.5288975 ], [ 88.3149363, 22.5289097 ], [ 88.3149572, 22.5289151 ], [ 88.3149786, 22.5289126 ], [ 88.3149974, 22.5289027 ], [ 88.3150107, 22.528887 ], [ 88.3150164, 22.5288678 ], [ 88.3150138, 22.5288479 ], [ 88.3150031, 22.5288306 ], [ 88.3149861, 22.5288183 ], [ 88.3149652, 22.528813 ], [ 88.3149438, 22.5288155 ], [ 88.314925, 22.5288253 ] ] ] } },
{ "type": "Feature", "properties": { "element": "way", "id": 687607106, "man_made": "storage_tank", "name": null, "capacity": null, "content": null, "opening_hours": null, "generator:method": null, "generator:output:electricity": null, "generator:source": null, "generator:type": null, "power": null, "operator": null, "source": null, "drinking_water": null, "emergency": null, "product": null, "building": null, "landuse": null, "industrial": null, "ref:LOCODE": null, "natural": null, "water": null, "wikimedia_commons": null, "description": null, "plant:method": null, "plant:output:electricity": null, "plant:source": null, "start_date": null, "wikidata": null, "wikipedia": null, "location": null, "tourism": null, "addr:state": null, "type": null }, "geometry": { "type": "Polygon", "coordinates": [ [ [ 88.3149035, 22.5289405 ], [ 88.3148903, 22.5289561 ], [ 88.3148846, 22.5289752 ], [ 88.3148873, 22.5289948 ], [ 88.3148978, 22.5290121 ], [ 88.3149147, 22.5290242 ], [ 88.3149354, 22.5290295 ], [ 88.3149566, 22.5290271 ], [ 88.3149753, 22.5290173 ], [ 88.3149885, 22.5290017 ], [ 88.3149942, 22.5289826 ], [ 88.3149915, 22.528963 ], [ 88.314981, 22.5289458 ], [ 88.3149641, 22.5289336 ], [ 88.3149434, 22.5289283 ], [ 88.3149222, 22.5289308 ], [ 88.3149035, 22.5289405 ] ] ] } },
{ "type": "Feature", "properties": { "element": "way", "id": 687607107, "man_made": "storage_tank", "name": null, "capacity": null, "content": null, "opening_hours": null, "generator:method": null, "generator:output:electricity": null, "generator:source": null, "generator:type": null, "power": null, "operator": null, "source": null, "drinking_water": null, "emergency": null, "product": null, "building": null, "landuse": null, "industrial": null, "ref:LOCODE": null, "natural": null, "water": null, "wikimedia_commons": null, "description": null, "plant:method": null, "plant:output:electricity": null, "plant:source": null, "start_date": null, "wikidata": null, "wikipedia": null, "location": null, "tourism": null, "addr:state": null, "type": null }, "geometry": { "type": "Polygon", "coordinates": [ [ [ 88.3147842, 22.5289151 ], [ 88.3147703, 22.5289307 ], [ 88.314764, 22.52895 ], [ 88.3147661, 22.5289701 ], [ 88.3147765, 22.5289879 ], [ 88.3147933, 22.5290007 ], [ 88.3148143, 22.5290065 ], [ 88.314836, 22.5290045 ], [ 88.3148552, 22.528995 ], [ 88.3148691, 22.5289794 ], [ 88.3148754, 22.5289601 ], [ 88.3148733, 22.52894 ], [ 88.314863, 22.5289223 ], [ 88.3148461, 22.5289095 ], [ 88.3148252, 22.5289036 ], [ 88.3148034, 22.5289056 ], [ 88.3147842, 22.5289151 ] ] ] } },
{ "type": "Feature", "properties": { "element": "way", "id": 687607108, "man_made": "storage_tank", "name": null, "capacity": null, "content": null, "opening_hours": null, "generator:method": null, "generator:output:electricity": null, "generator:source": null, "generator:type": null, "power": null, "operator": null, "source": null, "drinking_water": null, "emergency": null, "product": null, "building": null, "landuse": null, "industrial": null, "ref:LOCODE": null, "natural": null, "water": null, "wikimedia_commons": null, "description": null, "plant:method": null, "plant:output:electricity": null, "plant:source": null, "start_date": null, "wikidata": null, "wikipedia": null, "location": null, "tourism": null, "addr:state": null, "type": null }, "geometry": { "type": "Polygon", "coordinates": [ [ [ 88.3144797, 22.5287956 ], [ 88.3144559, 22.5288097 ], [ 88.314438, 22.5288299 ], [ 88.3144277, 22.5288542 ], [ 88.314426, 22.5288803 ], [ 88.3144331, 22.5289055 ], [ 88.3144484, 22.5289275 ], [ 88.3144702, 22.5289441 ], [ 88.3144966, 22.5289536 ], [ 88.3145248, 22.5289552 ], [ 88.3145522, 22.5289486 ], [ 88.314576, 22.5289345 ], [ 88.3145939, 22.5289143 ], [ 88.3146042, 22.52889 ], [ 88.3146059, 22.5288639 ], [ 88.3145988, 22.5288386 ], [ 88.3145835, 22.5288166 ], [ 88.3145617, 22.5288001 ], [ 88.3145353, 22.5287905 ], [ 88.3145071, 22.528789 ], [ 88.3144797, 22.5287956 ] ] ] } },
{ "type": "Feature", "properties": { "element": "way", "id": 687607109, "man_made": "storage_tank", "name": null, "capacity": null, "content": null, "opening_hours": null, "generator:method": null, "generator:output:electricity": null, "generator:source": null, "generator:type": null, "power": null, "operator": null, "source": null, "drinking_water": null, "emergency": null, "product": null, "building": null, "landuse": null, "industrial": null, "ref:LOCODE": null, "natural": null, "water": null, "wikimedia_commons": null, "description": null, "plant:method": null, "plant:output:electricity": null, "plant:source": null, "start_date": null, "wikidata": null, "wikipedia": null, "location": null, "tourism": null, "addr:state": null, "type": null }, "geometry": { "type": "Polygon", "coordinates": [ [ [ 88.3145263, 22.5286126 ], [ 88.3145014, 22.5286243 ], [ 88.3144815, 22.5286425 ], [ 88.3144688, 22.5286655 ], [ 88.3144643, 22.5286911 ], [ 88.3144687, 22.5287166 ], [ 88.3144813, 22.5287397 ], [ 88.3145011, 22.528758 ], [ 88.314526, 22.5287698 ], [ 88.3145537, 22.5287739 ], [ 88.3145813, 22.5287699 ], [ 88.3146063, 22.5287582 ], [ 88.3146261, 22.5287399 ], [ 88.3146389, 22.5287169 ], [ 88.3146433, 22.5286914 ], [ 88.314639, 22.5286658 ], [ 88.3146263, 22.5286428 ], [ 88.3146066, 22.5286244 ], [ 88.3145816, 22.5286127 ], [ 88.314554, 22.5286086 ], [ 88.3145263, 22.5286126 ] ] ] } },
{ "type": "Feature", "properties": { "element": "way", "id": 687607718, "man_made": "storage_tank", "name": null, "capacity": null, "content": null, "opening_hours": null, "generator:method": null, "generator:output:electricity": null, "generator:source": null, "generator:type": null, "power": null, "operator": null, "source": null, "drinking_water": null, "emergency": null, "product": null, "building": null, "landuse": null, "industrial": null, "ref:LOCODE": null, "natural": null, "water": null, "wikimedia_commons": null, "description": null, "plant:method": null, "plant:output:electricity": null, "plant:source": null, "start_date": null, "wikidata": null, "wikipedia": null, "location": null, "tourism": null, "addr:state": null, "type": null }, "geometry": { "type": "Polygon", "coordinates": [ [ [ 88.314524, 22.5311034 ], [ 88.314509, 22.5311181 ], [ 88.3145013, 22.531137 ], [ 88.3145019, 22.5311571 ], [ 88.3145109, 22.5311755 ], [ 88.3145268, 22.5311894 ], [ 88.3145473, 22.5311965 ], [ 88.3145691, 22.5311959 ], [ 88.314589, 22.5311876 ], [ 88.314604, 22.5311729 ], [ 88.3146118, 22.531154 ], [ 88.3146111, 22.5311339 ], [ 88.3146021, 22.5311155 ], [ 88.3145862, 22.5311016 ], [ 88.3145658, 22.5310945 ], [ 88.3145439, 22.5310951 ], [ 88.314524, 22.5311034 ] ] ] } },
{ "type": "Feature", "properties": { "element": "way", "id": 687609370, "man_made": "storage_tank", "name": null, "capacity": null, "content": null, "opening_hours": null, "generator:method": null, "generator:output:electricity": null, "generator:source": null, "generator:type": null, "power": null, "operator": null, "source": null, "drinking_water": null, "emergency": null, "product": null, "building": null, "landuse": null, "industrial": null, "ref:LOCODE": null, "natural": null, "water": null, "wikimedia_commons": null, "description": null, "plant:method": null, "plant:output:electricity": null, "plant:source": null, "start_date": null, "wikidata": null, "wikipedia": null, "location": null, "tourism": null, "addr:state": null, "type": null }, "geometry": { "type": "Polygon", "coordinates": [ [ [ 88.2977407, 22.5347285 ], [ 88.297733, 22.5347378 ], [ 88.2977345, 22.5347494 ], [ 88.2977446, 22.5347566 ], [ 88.2977572, 22.5347551 ], [ 88.297765, 22.5347459 ], [ 88.2977634, 22.5347342 ], [ 88.2977533, 22.534727 ], [ 88.2977407, 22.5347285 ] ] ] } },
{ "type": "Feature", "properties": { "element": "way", "id": 687609373, "man_made": "storage_tank", "name": null, "capacity": null, "content": null, "opening_hours": null, "generator:method": null, "generator:output:electricity": null, "generator:source": null, "generator:type": null, "power": null, "operator": null, "source": null, "drinking_water": null, "emergency": null, "product": null, "building": null, "landuse": null, "industrial": null, "ref:LOCODE": null, "natural": null, "water": null, "wikimedia_commons": null, "description": null, "plant:method": null, "plant:output:electricity": null, "plant:source": null, "start_date": null, "wikidata": null, "wikipedia": null, "location": null, "tourism": null, "addr:state": null, "type": null }, "geometry": { "type": "Polygon", "coordinates": [ [ [ 88.297723, 22.5346672 ], [ 88.2977125, 22.5346781 ], [ 88.297711, 22.5346925 ], [ 88.297719, 22.5347051 ], [ 88.2977334, 22.5347109 ], [ 88.2977488, 22.5347078 ], [ 88.2977592, 22.5346969 ], [ 88.2977608, 22.5346824 ], [ 88.2977528, 22.5346699 ], [ 88.2977383, 22.5346641 ], [ 88.297723, 22.5346672 ] ] ] } },
{ "type": "Feature", "properties": { "element": "way", "id": 693325870, "man_made": "works", "name": "National Jute Manufacturers", "capacity": null, "content": null, "opening_hours": null, "generator:method": null, "generator:output:electricity": null, "generator:source": null, "generator:type": null, "power": null, "operator": null, "source": null, "drinking_water": null, "emergency": null, "product": null, "building": null, "landuse": null, "industrial": null, "ref:LOCODE": null, "natural": null, "water": null, "wikimedia_commons": null, "description": null, "plant:method": null, "plant:output:electricity": null, "plant:source": null, "start_date": null, "wikidata": null, "wikipedia": null, "location": null, "tourism": null, "addr:state": null, "type": null }, "geometry": { "type": "Polygon", "coordinates": [ [ [ 88.3630507, 22.7307426 ], [ 88.365199, 22.7306548 ], [ 88.366363, 22.7305014 ], [ 88.3675432, 22.7302837 ], [ 88.367334, 22.7295712 ], [ 88.3675647, 22.7285173 ], [ 88.366363, 22.7286113 ], [ 88.3662568, 22.7277906 ], [ 88.3634896, 22.7282134 ], [ 88.3619047, 22.7284912 ], [ 88.3618809, 22.7287224 ], [ 88.3618707, 22.7296404 ], [ 88.3619633, 22.7304675 ], [ 88.362337, 22.7303772 ], [ 88.3623806, 22.7308304 ], [ 88.3630507, 22.7307426 ] ] ] } },
{ "type": "Feature", "properties": { "element": "way", "id": 693325871, "man_made": "works", "name": null, "capacity": null, "content": null, "opening_hours": null, "generator:method": null, "generator:output:electricity": null, "generator:source": null, "generator:type": null, "power": null, "operator": null, "source": null, "drinking_water": null, "emergency": null, "product": null, "building": null, "landuse": null, "industrial": null, "ref:LOCODE": null, "natural": null, "water": null, "wikimedia_commons": null, "description": null, "plant:method": null, "plant:output:electricity": null, "plant:source": null, "start_date": null, "wikidata": null, "wikipedia": null, "location": null, "tourism": null, "addr:state": null, "type": null }, "geometry": { "type": "Polygon", "coordinates": [ [ [ 88.3697748, 22.7360774 ], [ 88.3702201, 22.7365078 ], [ 88.3712232, 22.7363347 ], [ 88.3719903, 22.7363891 ], [ 88.3726823, 22.7363594 ], [ 88.3728608, 22.7331533 ], [ 88.3700591, 22.7329851 ], [ 88.3692706, 22.733089 ], [ 88.3688595, 22.7332292 ], [ 88.3689326, 22.7337372 ], [ 88.3693725, 22.7338015 ], [ 88.3697104, 22.7341132 ], [ 88.3697319, 22.7352858 ], [ 88.368895, 22.7354441 ], [ 88.3697748, 22.7360774 ] ] ] } },
{ "type": "Feature", "properties": { "element": "way", "id": 693325891, "man_made": null, "name": "Titagarh Power Plant", "capacity": null, "content": null, "opening_hours": null, "generator:method": null, "generator:output:electricity": null, "generator:source": null, "generator:type": null, "power": "plant", "operator": null, "source": "http://globalenergyobservatory.org/geoid/5733", "drinking_water": null, "emergency": null, "product": null, "building": null, "landuse": "industrial", "industrial": null, "ref:LOCODE": null, "natural": null, "water": null, "wikimedia_commons": null, "description": null, "plant:method": null, "plant:output:electricity": null, "plant:source": null, "start_date": null, "wikidata": null, "wikipedia": null, "location": null, "tourism": null, "addr:state": null, "type": null }, "geometry": { "type": "Polygon", "coordinates": [ [ [ 88.3704396, 22.7297803 ], [ 88.3695656, 22.7297518 ], [ 88.3684793, 22.7302762 ], [ 88.3680046, 22.7309269 ], [ 88.3679295, 22.7315404 ], [ 88.3679777, 22.7335294 ], [ 88.3682728, 22.7335343 ], [ 88.3683854, 22.7333908 ], [ 88.3688595, 22.7332292 ], [ 88.3692706, 22.733089 ], [ 88.3700591, 22.7329851 ], [ 88.3728608, 22.7331533 ], [ 88.3730358, 22.7331638 ], [ 88.3731661, 22.729934 ], [ 88.3704396, 22.7297803 ] ] ] } },
{ "type": "Feature", "properties": { "element": "way", "id": 698812747, "man_made": null, "name": "Mukherjee Bituminas Plant", "capacity": null, "content": null, "opening_hours": null, "generator:method": null, "generator:output:electricity": null, "generator:source": null, "generator:type": null, "power": null, "operator": null, "source": null, "drinking_water": null, "emergency": null, "product": null, "building": null, "landuse": "industrial", "industrial": "grinding_mill", "ref:LOCODE": null, "natural": null, "water": null, "wikimedia_commons": null, "description": null, "plant:method": null, "plant:output:electricity": null, "plant:source": null, "start_date": null, "wikidata": null, "wikipedia": null, "location": null, "tourism": null, "addr:state": null, "type": null }, "geometry": { "type": "Polygon", "coordinates": [ [ [ 88.2504052, 22.5260454 ], [ 88.2503167, 22.5260503 ], [ 88.2501907, 22.5260999 ], [ 88.2500753, 22.5261395 ], [ 88.249952, 22.5262064 ], [ 88.2499493, 22.526308 ], [ 88.2499225, 22.5263625 ], [ 88.2500432, 22.5265285 ], [ 88.2501558, 22.5266871 ], [ 88.250247, 22.5267713 ], [ 88.2503141, 22.5267837 ], [ 88.250424, 22.5267119 ], [ 88.2505555, 22.526583 ], [ 88.2506601, 22.5264468 ], [ 88.250711, 22.5263774 ], [ 88.2506976, 22.5263254 ], [ 88.2506171, 22.526256 ], [ 88.2505715, 22.5261817 ], [ 88.2505635, 22.5261445 ], [ 88.2504643, 22.5260553 ], [ 88.2504052, 22.5260454 ] ] ] } },
{ "type": "Feature", "properties": { "element": "way", "id": 698812748, "man_made": null, "name": "Akra Eet Khola", "capacity": null, "content": null, "opening_hours": null, "generator:method": null, "generator:output:electricity": null, "generator:source": null, "generator:type": null, "power": null, "operator": null, "source": null, "drinking_water": null, "emergency": null, "product": null, "building": null, "landuse": "industrial", "industrial": "brickworks", "ref:LOCODE": null, "natural": null, "water": null, "wikimedia_commons": null, "description": null, "plant:method": null, "plant:output:electricity": null, "plant:source": null, "start_date": null, "wikidata": null, "wikipedia": null, "location": null, "tourism": null, "addr:state": null, "type": null }, "geometry": { "type": "Polygon", "coordinates": [ [ [ 88.2473073, 22.5241697 ], [ 88.2470309, 22.5241209 ], [ 88.2468032, 22.5241171 ], [ 88.2464536, 22.5241922 ], [ 88.2462625, 22.52435 ], [ 88.2460836, 22.5246541 ], [ 88.2459983, 22.5249358 ], [ 88.245982, 22.5251912 ], [ 88.2460511, 22.5254766 ], [ 88.2460592, 22.5256681 ], [ 88.2461446, 22.5259385 ], [ 88.2462828, 22.5262351 ], [ 88.2464698, 22.5265844 ], [ 88.2465999, 22.5266257 ], [ 88.2467422, 22.5266144 ], [ 88.2474618, 22.5264867 ], [ 88.2474171, 22.5263515 ], [ 88.2471976, 22.5260474 ], [ 88.2470851, 22.5257949 ], [ 88.2470024, 22.5256115 ], [ 88.2470648, 22.5255359 ], [ 88.2468479, 22.5254615 ], [ 88.2465186, 22.5254728 ], [ 88.2464983, 22.5253001 ], [ 88.2466365, 22.5251048 ], [ 88.2467829, 22.5251273 ], [ 88.2470634, 22.525255 ], [ 88.2471996, 22.5253725 ], [ 88.2475138, 22.5252643 ], [ 88.2477049, 22.5251733 ], [ 88.2478158, 22.5249114 ], [ 88.247535, 22.5247405 ], [ 88.2473968, 22.5246016 ], [ 88.2472951, 22.5244776 ], [ 88.2473073, 22.5241697 ] ] ] } },
{ "type": "Feature", "properties": { "element": "way", "id": 698812749, "man_made": null, "name": "Akra Eet khola", "capacity": null, "content": null, "opening_hours": null, "generator:method": null, "generator:output:electricity": null, "generator:source": null, "generator:type": null, "power": null, "operator": null, "source": null, "drinking_water": null, "emergency": null, "product": null, "building": null, "landuse": "industrial", "industrial": "brickworks", "ref:LOCODE": null, "natural": null, "water": null, "wikimedia_commons": null, "description": null, "plant:method": null, "plant:output:electricity": null, "plant:source": null, "start_date": null, "wikidata": null, "wikipedia": null, "location": null, "tourism": null, "addr:state": null, "type": null }, "geometry": { "type": "Polygon", "coordinates": [ [ [ 88.2490402, 22.5247547 ], [ 88.2489836, 22.5248658 ], [ 88.2491039, 22.5250097 ], [ 88.2491075, 22.5250424 ], [ 88.2489446, 22.5252669 ], [ 88.2489804, 22.5255148 ], [ 88.2493193, 22.5259132 ], [ 88.2496151, 22.5259701 ], [ 88.2498684, 22.5261049 ], [ 88.2499356, 22.5261343 ], [ 88.2500312, 22.5260591 ], [ 88.2499675, 22.5259251 ], [ 88.2497799, 22.5257518 ], [ 88.2498118, 22.5256439 ], [ 88.2499569, 22.5254772 ], [ 88.2498896, 22.5253628 ], [ 88.2495959, 22.5251307 ], [ 88.2493941, 22.5249835 ], [ 88.2490402, 22.5247547 ] ] ] } },
{ "type": "Feature", "properties": { "element": "way", "id": 698813515, "man_made": null, "name": null, "capacity": null, "content": null, "opening_hours": null, "generator:method": null, "generator:output:electricity": null, "generator:source": null, "generator:type": null, "power": null, "operator": null, "source": null, "drinking_water": null, "emergency": null, "product": null, "building": null, "landuse": "industrial", "industrial": "brickworks", "ref:LOCODE": null, "natural": null, "water": null, "wikimedia_commons": null, "description": null, "plant:method": null, "plant:output:electricity": null, "plant:source": null, "start_date": null, "wikidata": null, "wikipedia": null, "location": null, "tourism": null, "addr:state": null, "type": null }, "geometry": { "type": "Polygon", "coordinates": [ [ [ 88.235957, 22.5177035 ], [ 88.2358923, 22.5177348 ], [ 88.2358461, 22.5178231 ], [ 88.2357568, 22.5179028 ], [ 88.2358584, 22.5179881 ], [ 88.2362097, 22.5181162 ], [ 88.2364377, 22.5181675 ], [ 88.2365517, 22.5181646 ], [ 88.2366133, 22.5180878 ], [ 88.2366287, 22.5179853 ], [ 88.2365917, 22.5179056 ], [ 88.2363761, 22.5178202 ], [ 88.236182, 22.5177149 ], [ 88.2360248, 22.5176637 ], [ 88.235957, 22.5177035 ] ] ] } },
{ "type": "Feature", "properties": { "element": "way", "id": 724275560, "man_made": "storage_tank", "name": null, "capacity": null, "content": "water", "opening_hours": null, "generator:method": null, "generator:output:electricity": null, "generator:source": null, "generator:type": null, "power": null, "operator": null, "source": null, "drinking_water": null, "emergency": null, "product": null, "building": "yes", "landuse": null, "industrial": null, "ref:LOCODE": null, "natural": null, "water": null, "wikimedia_commons": null, "description": null, "plant:method": null, "plant:output:electricity": null, "plant:source": null, "start_date": null, "wikidata": null, "wikipedia": null, "location": null, "tourism": null, "addr:state": null, "type": null }, "geometry": { "type": "Polygon", "coordinates": [ [ [ 88.3666201, 22.4754165 ], [ 88.3666576, 22.4754128 ], [ 88.3666791, 22.475393 ], [ 88.3666979, 22.4753608 ], [ 88.3666939, 22.4753224 ], [ 88.3666737, 22.4753025 ], [ 88.3666362, 22.4752926 ], [ 88.3665986, 22.4752939 ], [ 88.3665705, 22.4753137 ], [ 88.3665544, 22.4753521 ], [ 88.3665665, 22.4753967 ], [ 88.3665906, 22.4754103 ], [ 88.3666201, 22.4754165 ] ] ] } },
{ "type": "Feature", "properties": { "element": "way", "id": 738048587, "man_made": "storage_tank", "name": null, "capacity": null, "content": "water", "opening_hours": null, "generator:method": null, "generator:output:electricity": null, "generator:source": null, "generator:type": null, "power": null, "operator": null, "source": null, "drinking_water": null, "emergency": null, "product": null, "building": null, "landuse": null, "industrial": null, "ref:LOCODE": null, "natural": null, "water": null, "wikimedia_commons": null, "description": null, "plant:method": null, "plant:output:electricity": null, "plant:source": null, "start_date": null, "wikidata": null, "wikipedia": null, "location": null, "tourism": null, "addr:state": null, "type": null }, "geometry": { "type": "Polygon", "coordinates": [ [ [ 88.4579439, 22.6288725 ], [ 88.4579958, 22.6288874 ], [ 88.4580473, 22.6288713 ], [ 88.4580787, 22.6288304 ], [ 88.458078, 22.6287802 ], [ 88.4580455, 22.62874 ], [ 88.4579937, 22.6287251 ], [ 88.4579422, 22.6287412 ], [ 88.4579108, 22.6287821 ], [ 88.4579115, 22.6288323 ], [ 88.4579439, 22.6288725 ] ] ] } },
{ "type": "Feature", "properties": { "element": "way", "id": 775141574, "man_made": "works", "name": null, "capacity": null, "content": null, "opening_hours": null, "generator:method": null, "generator:output:electricity": null, "generator:source": null, "generator:type": null, "power": null, "operator": null, "source": null, "drinking_water": null, "emergency": null, "product": null, "building": null, "landuse": null, "industrial": null, "ref:LOCODE": null, "natural": null, "water": null, "wikimedia_commons": null, "description": null, "plant:method": null, "plant:output:electricity": null, "plant:source": null, "start_date": null, "wikidata": null, "wikipedia": null, "location": null, "tourism": null, "addr:state": null, "type": null }, "geometry": { "type": "Polygon", "coordinates": [ [ [ 88.1771748, 22.5713467 ], [ 88.178359, 22.5708476 ], [ 88.1783026, 22.5702606 ], [ 88.1770983, 22.570382 ], [ 88.1771332, 22.5708736 ], [ 88.1771748, 22.5713467 ] ] ] } },
{ "type": "Feature", "properties": { "element": "way", "id": 775141575, "man_made": "works", "name": null, "capacity": null, "content": null, "opening_hours": null, "generator:method": null, "generator:output:electricity": null, "generator:source": null, "generator:type": null, "power": null, "operator": null, "source": null, "drinking_water": null, "emergency": null, "product": null, "building": null, "landuse": null, "industrial": null, "ref:LOCODE": null, "natural": null, "water": null, "wikimedia_commons": null, "description": null, "plant:method": null, "plant:output:electricity": null, "plant:source": null, "start_date": null, "wikidata": null, "wikipedia": null, "location": null, "tourism": null, "addr:state": null, "type": null }, "geometry": { "type": "Polygon", "coordinates": [ [ [ 88.1787191, 22.5708952 ], [ 88.1799141, 22.5703898 ], [ 88.1800102, 22.5714587 ], [ 88.1787782, 22.5715531 ], [ 88.1787191, 22.5708952 ] ] ] } },
{ "type": "Feature", "properties": { "element": "way", "id": 775141578, "man_made": "works", "name": null, "capacity": null, "content": null, "opening_hours": null, "generator:method": null, "generator:output:electricity": null, "generator:source": null, "generator:type": null, "power": null, "operator": null, "source": null, "drinking_water": null, "emergency": null, "product": null, "building": null, "landuse": null, "industrial": null, "ref:LOCODE": null, "natural": null, "water": null, "wikimedia_commons": null, "description": null, "plant:method": null, "plant:output:electricity": null, "plant:source": null, "start_date": null, "wikidata": null, "wikipedia": null, "location": null, "tourism": null, "addr:state": null, "type": null }, "geometry": { "type": "Polygon", "coordinates": [ [ [ 88.1762078, 22.5717566 ], [ 88.1776401, 22.5713851 ], [ 88.1783697, 22.5710556 ], [ 88.1785387, 22.5722965 ], [ 88.1786177, 22.5731179 ], [ 88.1763473, 22.5733714 ], [ 88.1757819, 22.573307 ], [ 88.175768, 22.5731708 ], [ 88.1755775, 22.573146 ], [ 88.1756218, 22.5727312 ], [ 88.1754635, 22.5727572 ], [ 88.1753066, 22.5720538 ], [ 88.175422, 22.572034 ], [ 88.1753884, 22.5718593 ], [ 88.1758162, 22.5718519 ], [ 88.1762078, 22.5717566 ] ] ] } },
{ "type": "Feature", "properties": { "element": "way", "id": 775141579, "man_made": "works", "name": null, "capacity": null, "content": null, "opening_hours": null, "generator:method": null, "generator:output:electricity": null, "generator:source": null, "generator:type": null, "power": null, "operator": null, "source": null, "drinking_water": null, "emergency": null, "product": null, "building": null, "landuse": null, "industrial": null, "ref:LOCODE": null, "natural": null, "water": null, "wikimedia_commons": null, "description": null, "plant:method": null, "plant:output:electricity": null, "plant:source": null, "start_date": null, "wikidata": null, "wikipedia": null, "location": null, "tourism": null, "addr:state": null, "type": null }, "geometry": { "type": "Polygon", "coordinates": [ [ [ 88.1704569, 22.5703867 ], [ 88.1703938, 22.5697655 ], [ 88.1726233, 22.5695723 ], [ 88.1726897, 22.5702263 ], [ 88.1723334, 22.5702519 ], [ 88.1715475, 22.570403 ], [ 88.1710553, 22.5704067 ], [ 88.1704569, 22.5703867 ] ] ] } },
{ "type": "Feature", "properties": { "element": "way", "id": 775141580, "man_made": "works", "name": null, "capacity": null, "content": null, "opening_hours": null, "generator:method": null, "generator:output:electricity": null, "generator:source": null, "generator:type": null, "power": null, "operator": null, "source": null, "drinking_water": null, "emergency": null, "product": null, "building": null, "landuse": null, "industrial": null, "ref:LOCODE": null, "natural": null, "water": null, "wikimedia_commons": null, "description": null, "plant:method": null, "plant:output:electricity": null, "plant:source": null, "start_date": null, "wikidata": null, "wikipedia": null, "location": null, "tourism": null, "addr:state": null, "type": null }, "geometry": { "type": "Polygon", "coordinates": [ [ [ 88.1742471, 22.571655 ], [ 88.1746361, 22.5716946 ], [ 88.1749392, 22.5717566 ], [ 88.1753603, 22.5717293 ], [ 88.1750974, 22.5693615 ], [ 88.1740245, 22.5694556 ], [ 88.1742471, 22.571655 ] ] ] } },
{ "type": "Feature", "properties": { "element": "way", "id": 829191045, "man_made": "works", "name": null, "capacity": null, "content": null, "opening_hours": null, "generator:method": null, "generator:output:electricity": null, "generator:source": null, "generator:type": null, "power": null, "operator": null, "source": null, "drinking_water": null, "emergency": null, "product": null, "building": null, "landuse": null, "industrial": null, "ref:LOCODE": null, "natural": null, "water": null, "wikimedia_commons": null, "description": null, "plant:method": null, "plant:output:electricity": null, "plant:source": null, "start_date": null, "wikidata": null, "wikipedia": null, "location": null, "tourism": null, "addr:state": null, "type": null }, "geometry": { "type": "Polygon", "coordinates": [ [ [ 88.2243669, 22.5921214 ], [ 88.2236427, 22.5923096 ], [ 88.2235193, 22.5918589 ], [ 88.2234174, 22.5913636 ], [ 88.2233047, 22.5909624 ], [ 88.2227361, 22.5911011 ], [ 88.2225269, 22.5903978 ], [ 88.2220173, 22.5905216 ], [ 88.2221246, 22.5909278 ], [ 88.2210265, 22.5914231 ], [ 88.2200529, 22.5902388 ], [ 88.2204509, 22.5900783 ], [ 88.2204133, 22.5898852 ], [ 88.2208183, 22.5897886 ], [ 88.2208317, 22.5898158 ], [ 88.2213816, 22.5896227 ], [ 88.2220039, 22.5895187 ], [ 88.2222104, 22.5894667 ], [ 88.2236924, 22.5889132 ], [ 88.2238626, 22.589328 ], [ 88.224096, 22.5892772 ], [ 88.2241577, 22.5894605 ], [ 88.2242703, 22.5894444 ], [ 88.224493, 22.5902814 ], [ 88.2247826, 22.5903978 ], [ 88.2249114, 22.5906479 ], [ 88.2251072, 22.5911308 ], [ 88.2252896, 22.591111 ], [ 88.2254934, 22.5918539 ], [ 88.2243669, 22.5921214 ] ] ] } },
{ "type": "Feature", "properties": { "element": "way", "id": 829191046, "man_made": "works", "name": null, "capacity": null, "content": null, "opening_hours": null, "generator:method": null, "generator:output:electricity": null, "generator:source": null, "generator:type": null, "power": null, "operator": null, "source": null, "drinking_water": null, "emergency": null, "product": null, "building": null, "landuse": null, "industrial": null, "ref:LOCODE": null, "natural": null, "water": null, "wikimedia_commons": null, "description": null, "plant:method": null, "plant:output:electricity": null, "plant:source": null, "start_date": null, "wikidata": null, "wikipedia": null, "location": null, "tourism": null, "addr:state": null, "type": null }, "geometry": { "type": "Polygon", "coordinates": [ [ [ 88.2192219, 22.5956549 ], [ 88.220982, 22.5951425 ], [ 88.2224102, 22.5949568 ], [ 88.223142, 22.5948727 ], [ 88.2216119, 22.5930274 ], [ 88.2196985, 22.5935985 ], [ 88.2196864, 22.5935663 ], [ 88.2191943, 22.5936753 ], [ 88.2188523, 22.5926885 ], [ 88.2185023, 22.5926959 ], [ 88.2170404, 22.592951 ], [ 88.2169452, 22.5929615 ], [ 88.2170525, 22.5933521 ], [ 88.2164611, 22.5934834 ], [ 88.2165214, 22.5936963 ], [ 88.2161137, 22.5938363 ], [ 88.2162344, 22.5942684 ], [ 88.2165483, 22.5947686 ], [ 88.2167722, 22.5951636 ], [ 88.2173355, 22.594989 ], [ 88.2177767, 22.5960959 ], [ 88.2183027, 22.5959101 ], [ 88.218316, 22.5959378 ], [ 88.2192219, 22.5956549 ] ] ] } },
{ "type": "Feature", "properties": { "element": "way", "id": 829191048, "man_made": "works", "name": null, "capacity": null, "content": null, "opening_hours": null, "generator:method": null, "generator:output:electricity": null, "generator:source": null, "generator:type": null, "power": null, "operator": null, "source": null, "drinking_water": null, "emergency": null, "product": null, "building": null, "landuse": null, "industrial": null, "ref:LOCODE": null, "natural": null, "water": null, "wikimedia_commons": null, "description": null, "plant:method": null, "plant:output:electricity": null, "plant:source": null, "start_date": null, "wikidata": null, "wikipedia": null, "location": null, "tourism": null, "addr:state": null, "type": null }, "geometry": { "type": "Polygon", "coordinates": [ [ [ 88.1938058, 22.5739534 ], [ 88.1946561, 22.5738147 ], [ 88.1949618, 22.5744364 ], [ 88.1956243, 22.5739757 ], [ 88.1953239, 22.5726878 ], [ 88.1958067, 22.5725739 ], [ 88.1955948, 22.5710086 ], [ 88.1958765, 22.5709417 ], [ 88.1956914, 22.570195 ], [ 88.1956485, 22.5695968 ], [ 88.1954232, 22.5696018 ], [ 88.1954017, 22.5687077 ], [ 88.1951818, 22.568081 ], [ 88.1951657, 22.5679386 ], [ 88.1953541, 22.5679059 ], [ 88.1952515, 22.5671893 ], [ 88.1950664, 22.5671993 ], [ 88.1950076, 22.5669807 ], [ 88.1948706, 22.5669962 ], [ 88.1946427, 22.5659633 ], [ 88.1937548, 22.5661491 ], [ 88.1936958, 22.5655423 ], [ 88.1933981, 22.5655571 ], [ 88.1932748, 22.5648339 ], [ 88.1919933, 22.5647975 ], [ 88.1924352, 22.5669887 ], [ 88.192285, 22.5670358 ], [ 88.1923547, 22.5672959 ], [ 88.1922019, 22.5673429 ], [ 88.1925023, 22.5680513 ], [ 88.1924218, 22.5682792 ], [ 88.1926578, 22.568772 ], [ 88.193441, 22.5715039 ], [ 88.1938058, 22.5739534 ] ] ] } },
{ "type": "Feature", "properties": { "element": "way", "id": 829191049, "man_made": "works", "name": null, "capacity": null, "content": null, "opening_hours": null, "generator:method": null, "generator:output:electricity": null, "generator:source": null, "generator:type": null, "power": null, "operator": null, "source": null, "drinking_water": null, "emergency": null, "product": null, "building": null, "landuse": null, "industrial": null, "ref:LOCODE": null, "natural": null, "water": null, "wikimedia_commons": null, "description": null, "plant:method": null, "plant:output:electricity": null, "plant:source": null, "start_date": null, "wikidata": null, "wikipedia": null, "location": null, "tourism": null, "addr:state": null, "type": null }, "geometry": { "type": "Polygon", "coordinates": [ [ [ 88.176861, 22.5612002 ], [ 88.1775007, 22.5609513 ], [ 88.1777957, 22.5617415 ], [ 88.1771466, 22.5619805 ], [ 88.176861, 22.5612002 ] ] ] } },
{ "type": "Feature", "properties": { "element": "way", "id": 829191050, "man_made": "works", "name": null, "capacity": null, "content": null, "opening_hours": null, "generator:method": null, "generator:output:electricity": null, "generator:source": null, "generator:type": null, "power": null, "operator": null, "source": null, "drinking_water": null, "emergency": null, "product": null, "building": null, "landuse": null, "industrial": null, "ref:LOCODE": null, "natural": null, "water": null, "wikimedia_commons": null, "description": null, "plant:method": null, "plant:output:electricity": null, "plant:source": null, "start_date": null, "wikidata": null, "wikipedia": null, "location": null, "tourism": null, "addr:state": null, "type": null }, "geometry": { "type": "Polygon", "coordinates": [ [ [ 88.178059, 22.5646064 ], [ 88.1776772, 22.5635922 ], [ 88.176667, 22.5639165 ], [ 88.1770489, 22.5649307 ], [ 88.178059, 22.5646064 ] ] ] } },
{ "type": "Feature", "properties": { "element": "way", "id": 829191051, "man_made": "works", "name": null, "capacity": null, "content": null, "opening_hours": null, "generator:method": null, "generator:output:electricity": null, "generator:source": null, "generator:type": null, "power": null, "operator": null, "source": null, "drinking_water": null, "emergency": null, "product": null, "building": null, "landuse": null, "industrial": null, "ref:LOCODE": null, "natural": null, "water": null, "wikimedia_commons": null, "description": null, "plant:method": null, "plant:output:electricity": null, "plant:source": null, "start_date": null, "wikidata": null, "wikipedia": null, "location": null, "tourism": null, "addr:state": null, "type": null }, "geometry": { "type": "Polygon", "coordinates": [ [ [ 88.17702, 22.5649355 ], [ 88.1770489, 22.5649307 ], [ 88.178059, 22.5646064 ], [ 88.1784212, 22.5655861 ], [ 88.1773782, 22.5659123 ], [ 88.17702, 22.5649355 ] ] ] } },
{ "type": "Feature", "properties": { "element": "way", "id": 829191052, "man_made": "works", "name": null, "capacity": null, "content": null, "opening_hours": null, "generator:method": null, "generator:output:electricity": null, "generator:source": null, "generator:type": null, "power": null, "operator": null, "source": null, "drinking_water": null, "emergency": null, "product": null, "building": null, "landuse": null, "industrial": null, "ref:LOCODE": null, "natural": null, "water": null, "wikimedia_commons": null, "description": null, "plant:method": null, "plant:output:electricity": null, "plant:source": null, "start_date": null, "wikidata": null, "wikipedia": null, "location": null, "tourism": null, "addr:state": null, "type": null }, "geometry": { "type": "Polygon", "coordinates": [ [ [ 88.1752047, 22.5650196 ], [ 88.1763715, 22.5647397 ], [ 88.1768301, 22.5660909 ], [ 88.1755655, 22.5664253 ], [ 88.1752047, 22.5650196 ] ] ] } },
{ "type": "Feature", "properties": { "element": "way", "id": 829191053, "man_made": "works", "name": null, "capacity": null, "content": null, "opening_hours": null, "generator:method": null, "generator:output:electricity": null, "generator:source": null, "generator:type": null, "power": null, "operator": null, "source": null, "drinking_water": null, "emergency": null, "product": null, "building": null, "landuse": null, "industrial": null, "ref:LOCODE": null, "natural": null, "water": null, "wikimedia_commons": null, "description": null, "plant:method": null, "plant:output:electricity": null, "plant:source": null, "start_date": null, "wikidata": null, "wikipedia": null, "location": null, "tourism": null, "addr:state": null, "type": null }, "geometry": { "type": "Polygon", "coordinates": [ [ [ 88.173182, 22.5656439 ], [ 88.1736107, 22.5656034 ], [ 88.1737972, 22.5672878 ], [ 88.1733685, 22.5673282 ], [ 88.173182, 22.5656439 ] ] ] } },
{ "type": "Feature", "properties": { "element": "way", "id": 829191054, "man_made": "works", "name": null, "capacity": null, "content": null, "opening_hours": null, "generator:method": null, "generator:output:electricity": null, "generator:source": null, "generator:type": null, "power": null, "operator": null, "source": null, "drinking_water": null, "emergency": null, "product": null, "building": null, "landuse": null, "industrial": null, "ref:LOCODE": null, "natural": null, "water": null, "wikimedia_commons": null, "description": null, "plant:method": null, "plant:output:electricity": null, "plant:source": null, "start_date": null, "wikidata": null, "wikipedia": null, "location": null, "tourism": null, "addr:state": null, "type": null }, "geometry": { "type": "Polygon", "coordinates": [ [ [ 88.1739213, 22.5682489 ], [ 88.174987, 22.5681482 ], [ 88.1748781, 22.5671651 ], [ 88.1738124, 22.5672658 ], [ 88.1739213, 22.5682489 ] ] ] } },
{ "type": "Feature", "properties": { "element": "way", "id": 829191055, "man_made": "works", "name": null, "capacity": null, "content": null, "opening_hours": null, "generator:method": null, "generator:output:electricity": null, "generator:source": null, "generator:type": null, "power": null, "operator": null, "source": null, "drinking_water": null, "emergency": null, "product": null, "building": null, "landuse": null, "industrial": null, "ref:LOCODE": null, "natural": null, "water": null, "wikimedia_commons": null, "description": null, "plant:method": null, "plant:output:electricity": null, "plant:source": null, "start_date": null, "wikidata": null, "wikipedia": null, "location": null, "tourism": null, "addr:state": null, "type": null }, "geometry": { "type": "Polygon", "coordinates": [ [ [ 88.1761209, 22.5708233 ], [ 88.1769778, 22.5707457 ], [ 88.1768137, 22.5692001 ], [ 88.1759569, 22.5692777 ], [ 88.1761209, 22.5708233 ] ] ] } },
{ "type": "Feature", "properties": { "element": "way", "id": 829191063, "man_made": "works", "name": null, "capacity": null, "content": null, "opening_hours": null, "generator:method": null, "generator:output:electricity": null, "generator:source": null, "generator:type": null, "power": null, "operator": null, "source": null, "drinking_water": null, "emergency": null, "product": null, "building": null, "landuse": null, "industrial": null, "ref:LOCODE": null, "natural": null, "water": null, "wikimedia_commons": null, "description": null, "plant:method": null, "plant:output:electricity": null, "plant:source": null, "start_date": null, "wikidata": null, "wikipedia": null, "location": null, "tourism": null, "addr:state": null, "type": null }, "geometry": { "type": "Polygon", "coordinates": [ [ [ 88.1896721, 22.5616502 ], [ 88.1898744, 22.5626182 ], [ 88.1888642, 22.5628955 ], [ 88.1885615, 22.561955 ], [ 88.1896721, 22.5616502 ] ] ] } },
{ "type": "Feature", "properties": { "element": "way", "id": 829191064, "man_made": "works", "name": null, "capacity": null, "content": null, "opening_hours": null, "generator:method": null, "generator:output:electricity": null, "generator:source": null, "generator:type": null, "power": null, "operator": null, "source": null, "drinking_water": null, "emergency": null, "product": null, "building": null, "landuse": null, "industrial": null, "ref:LOCODE": null, "natural": null, "water": null, "wikimedia_commons": null, "description": null, "plant:method": null, "plant:output:electricity": null, "plant:source": null, "start_date": null, "wikidata": null, "wikipedia": null, "location": null, "tourism": null, "addr:state": null, "type": null }, "geometry": { "type": "Polygon", "coordinates": [ [ [ 88.190259, 22.5625981 ], [ 88.190612, 22.5636739 ], [ 88.1893823, 22.564018 ], [ 88.1892876, 22.5637294 ], [ 88.1889163, 22.5638333 ], [ 88.188658, 22.5630461 ], [ 88.190259, 22.5625981 ] ] ] } },
{ "type": "Feature", "properties": { "element": "way", "id": 829191065, "man_made": "works", "name": null, "capacity": null, "content": null, "opening_hours": null, "generator:method": null, "generator:output:electricity": null, "generator:source": null, "generator:type": null, "power": null, "operator": null, "source": null, "drinking_water": null, "emergency": null, "product": null, "building": null, "landuse": null, "industrial": null, "ref:LOCODE": null, "natural": null, "water": null, "wikimedia_commons": null, "description": null, "plant:method": null, "plant:output:electricity": null, "plant:source": null, "start_date": null, "wikidata": null, "wikipedia": null, "location": null, "tourism": null, "addr:state": null, "type": null }, "geometry": { "type": "Polygon", "coordinates": [ [ [ 88.1825459, 22.5678432 ], [ 88.183305, 22.5675881 ], [ 88.1841043, 22.5686346 ], [ 88.1832044, 22.5688569 ], [ 88.1825459, 22.5678432 ] ] ] } },
{ "type": "Feature", "properties": { "element": "way", "id": 860910377, "man_made": null, "name": null, "capacity": null, "content": null, "opening_hours": null, "generator:method": null, "generator:output:electricity": null, "generator:source": null, "generator:type": null, "power": "plant", "operator": null, "source": null, "drinking_water": null, "emergency": null, "product": null, "building": null, "landuse": null, "industrial": null, "ref:LOCODE": null, "natural": null, "water": null, "wikimedia_commons": null, "description": "89120", "plant:method": "photovoltaic", "plant:output:electricity": "yes", "plant:source": "solar", "start_date": null, "wikidata": null, "wikipedia": null, "location": null, "tourism": null, "addr:state": null, "type": null }, "geometry": { "type": "Polygon", "coordinates": [ [ [ 88.4515031, 22.6793924 ], [ 88.45144, 22.6787514 ], [ 88.4516224, 22.6787255 ], [ 88.4514883, 22.6768743 ], [ 88.4515969, 22.6768384 ], [ 88.4517016, 22.6767938 ], [ 88.452293, 22.6766237 ], [ 88.4523593, 22.6772007 ], [ 88.4524633, 22.6783332 ], [ 88.4526195, 22.6783133 ], [ 88.4526484, 22.6783097 ], [ 88.4526993, 22.6784656 ], [ 88.4528388, 22.6784347 ], [ 88.4529273, 22.6790311 ], [ 88.4529936, 22.6794108 ], [ 88.4529816, 22.6794603 ], [ 88.4529574, 22.6795197 ], [ 88.4529025, 22.6795481 ], [ 88.4527683, 22.6795642 ], [ 88.4523319, 22.6795149 ], [ 88.4518397, 22.6794333 ], [ 88.4515031, 22.6793924 ] ] ] } },
{ "type": "Feature", "properties": { "element": "way", "id": 860910389, "man_made": null, "name": null, "capacity": null, "content": null, "opening_hours": null, "generator:method": null, "generator:output:electricity": null, "generator:source": null, "generator:type": null, "power": "plant", "operator": null, "source": null, "drinking_water": null, "emergency": null, "product": null, "building": null, "landuse": null, "industrial": null, "ref:LOCODE": null, "natural": null, "water": null, "wikimedia_commons": null, "description": null, "plant:method": "photovoltaic", "plant:output:electricity": "yes", "plant:source": "solar", "start_date": null, "wikidata": null, "wikipedia": null, "location": null, "tourism": null, "addr:state": null, "type": null }, "geometry": { "type": "Polygon", "coordinates": [ [ [ 88.4474365, 22.6373201 ], [ 88.4480905, 22.6372783 ], [ 88.4479992, 22.6358749 ], [ 88.4481673, 22.6358577 ], [ 88.4481486, 22.6355775 ], [ 88.4481206, 22.635125 ], [ 88.4479688, 22.6341994 ], [ 88.4477427, 22.6342062 ], [ 88.4477172, 22.6339304 ], [ 88.4470988, 22.6339506 ], [ 88.4473831, 22.6366486 ], [ 88.4474365, 22.6373201 ] ] ] } },
{ "type": "Feature", "properties": { "element": "way", "id": 914723347, "man_made": "works", "name": "Belting Factory", "capacity": null, "content": null, "opening_hours": null, "generator:method": null, "generator:output:electricity": null, "generator:source": null, "generator:type": null, "power": null, "operator": null, "source": null, "drinking_water": null, "emergency": null, "product": null, "building": null, "landuse": null, "industrial": null, "ref:LOCODE": null, "natural": null, "water": null, "wikimedia_commons": null, "description": null, "plant:method": null, "plant:output:electricity": null, "plant:source": null, "start_date": null, "wikidata": null, "wikipedia": null, "location": null, "tourism": null, "addr:state": null, "type": null }, "geometry": { "type": "Polygon", "coordinates": [ [ [ 88.3470118, 22.7451621 ], [ 88.3468187, 22.7443191 ], [ 88.3467672, 22.7441687 ], [ 88.3472184, 22.7440614 ], [ 88.3475094, 22.7439886 ], [ 88.3477034, 22.7439445 ], [ 88.3478882, 22.7439259 ], [ 88.347986, 22.745079 ], [ 88.3470118, 22.7451621 ] ] ] } },
{ "type": "Feature", "properties": { "element": "way", "id": 915848208, "man_made": "storage_tank", "name": null, "capacity": null, "content": "fuel", "opening_hours": null, "generator:method": null, "generator:output:electricity": null, "generator:source": null, "generator:type": null, "power": null, "operator": null, "source": null, "drinking_water": null, "emergency": null, "product": null, "building": "storage_tank", "landuse": null, "industrial": null, "ref:LOCODE": null, "natural": null, "water": null, "wikimedia_commons": null, "description": null, "plant:method": null, "plant:output:electricity": null, "plant:source": null, "start_date": null, "wikidata": null, "wikipedia": null, "location": null, "tourism": null, "addr:state": null, "type": null }, "geometry": { "type": "Polygon", "coordinates": [ [ [ 88.4435923, 22.6612122 ], [ 88.4435763, 22.6611841 ], [ 88.4435524, 22.6611612 ], [ 88.4435225, 22.6611455 ], [ 88.443489, 22.6611382 ], [ 88.4434547, 22.6611399 ], [ 88.4434222, 22.6611505 ], [ 88.4433943, 22.6611691 ], [ 88.4433732, 22.6611941 ], [ 88.4433606, 22.6612237 ], [ 88.4433576, 22.6612553 ], [ 88.4433643, 22.6612864 ], [ 88.4433802, 22.6613146 ], [ 88.4434041, 22.6613374 ], [ 88.443434, 22.6613531 ], [ 88.4434675, 22.6613604 ], [ 88.4435019, 22.6613587 ], [ 88.4435343, 22.6613482 ], [ 88.4435622, 22.6613296 ], [ 88.4435833, 22.6613045 ], [ 88.4435959, 22.661275 ], [ 88.443599, 22.6612433 ], [ 88.4435923, 22.6612122 ] ] ] } },
{ "type": "Feature", "properties": { "element": "way", "id": 915848209, "man_made": "storage_tank", "name": null, "capacity": null, "content": "fuel", "opening_hours": null, "generator:method": null, "generator:output:electricity": null, "generator:source": null, "generator:type": null, "power": null, "operator": null, "source": null, "drinking_water": null, "emergency": null, "product": null, "building": "storage_tank", "landuse": null, "industrial": null, "ref:LOCODE": null, "natural": null, "water": null, "wikimedia_commons": null, "description": null, "plant:method": null, "plant:output:electricity": null, "plant:source": null, "start_date": null, "wikidata": null, "wikipedia": null, "location": null, "tourism": null, "addr:state": null, "type": null }, "geometry": { "type": "Polygon", "coordinates": [ [ [ 88.4436705, 22.6615796 ], [ 88.4436583, 22.6615498 ], [ 88.4436382, 22.6615239 ], [ 88.4436115, 22.6615037 ], [ 88.44358, 22.6614906 ], [ 88.443546, 22.6614855 ], [ 88.4435116, 22.6614886 ], [ 88.4434793, 22.6614999 ], [ 88.4434513, 22.6615185 ], [ 88.4434294, 22.6615431 ], [ 88.4434152, 22.6615721 ], [ 88.4434096, 22.6616036 ], [ 88.443413, 22.6616353 ], [ 88.4434252, 22.6616651 ], [ 88.4434454, 22.661691 ], [ 88.4434721, 22.6617111 ], [ 88.4435035, 22.6617242 ], [ 88.4435376, 22.6617294 ], [ 88.443572, 22.6617262 ], [ 88.4436043, 22.661715 ], [ 88.4436323, 22.6616964 ], [ 88.4436542, 22.6616718 ], [ 88.4436684, 22.6616427 ], [ 88.443674, 22.6616113 ], [ 88.4436705, 22.6615796 ] ] ] } },
{ "type": "Feature", "properties": { "element": "way", "id": 944914951, "man_made": null, "name": "Southern CESC power station", "capacity": null, "content": null, "opening_hours": null, "generator:method": null, "generator:output:electricity": null, "generator:source": null, "generator:type": null, "power": "plant", "operator": "CESC Ltd", "source": null, "drinking_water": null, "emergency": null, "product": null, "building": null, "landuse": "industrial", "industrial": null, "ref:LOCODE": null, "natural": null, "water": null, "wikimedia_commons": null, "description": null, "plant:method": "combustion", "plant:output:electricity": "135 MW", "plant:source": "coal", "start_date": "1990", "wikidata": "Q15991754", "wikipedia": "en:Southern Thermal Power Station", "location": null, "tourism": null, "addr:state": null, "type": null }, "geometry": { "type": "Polygon", "coordinates": [ [ [ 88.2919109, 22.5503614 ], [ 88.2906679, 22.5498161 ], [ 88.2902549, 22.5485781 ], [ 88.2917548, 22.5481741 ], [ 88.2919312, 22.5486335 ], [ 88.2930967, 22.5483748 ], [ 88.2929229, 22.5475261 ], [ 88.2947244, 22.5468666 ], [ 88.2948203, 22.5462984 ], [ 88.29591, 22.545794 ], [ 88.2961473, 22.546256 ], [ 88.2974576, 22.5454857 ], [ 88.2977372, 22.5459528 ], [ 88.2963905, 22.5472892 ], [ 88.2950566, 22.5484678 ], [ 88.2943027, 22.5495517 ], [ 88.2919109, 22.5503614 ] ] ] } },
{ "type": "Feature", "properties": { "element": "way", "id": 986997167, "man_made": "storage_tank", "name": null, "capacity": null, "content": "water", "opening_hours": null, "generator:method": null, "generator:output:electricity": null, "generator:source": null, "generator:type": null, "power": null, "operator": null, "source": null, "drinking_water": null, "emergency": null, "product": null, "building": "yes", "landuse": null, "industrial": null, "ref:LOCODE": null, "natural": null, "water": null, "wikimedia_commons": null, "description": null, "plant:method": null, "plant:output:electricity": null, "plant:source": null, "start_date": null, "wikidata": null, "wikipedia": null, "location": null, "tourism": null, "addr:state": null, "type": null }, "geometry": { "type": "Polygon", "coordinates": [ [ [ 88.4295404, 22.5722627 ], [ 88.4295233, 22.5722999 ], [ 88.4294943, 22.5723302 ], [ 88.4294564, 22.5723504 ], [ 88.4294135, 22.5723585 ], [ 88.4293675, 22.5723529 ], [ 88.4293262, 22.5723334 ], [ 88.4292944, 22.5723022 ], [ 88.4292757, 22.572263 ], [ 88.4292724, 22.5722203 ], [ 88.4292848, 22.572179 ], [ 88.4293114, 22.5721439 ], [ 88.4293493, 22.5721192 ], [ 88.4293913, 22.5721078 ], [ 88.429435, 22.5721093 ], [ 88.429476, 22.5721236 ], [ 88.4295099, 22.5721491 ], [ 88.4295334, 22.5721832 ], [ 88.4295439, 22.5722224 ], [ 88.4295404, 22.5722627 ] ] ] } },
{ "type": "Feature", "properties": { "element": "way", "id": 986997227, "man_made": "storage_tank", "name": null, "capacity": null, "content": "water", "opening_hours": null, "generator:method": null, "generator:output:electricity": null, "generator:source": null, "generator:type": null, "power": null, "operator": null, "source": null, "drinking_water": null, "emergency": null, "product": null, "building": "yes", "landuse": null, "industrial": null, "ref:LOCODE": null, "natural": null, "water": null, "wikimedia_commons": null, "description": null, "plant:method": null, "plant:output:electricity": null, "plant:source": null, "start_date": null, "wikidata": null, "wikipedia": null, "location": null, "tourism": null, "addr:state": null, "type": null }, "geometry": { "type": "Polygon", "coordinates": [ [ [ 88.4235987, 22.5735556 ], [ 88.4236119, 22.5735603 ], [ 88.4236227, 22.5735688 ], [ 88.4236297, 22.5735801 ], [ 88.4236321, 22.573593 ], [ 88.4236297, 22.5736059 ], [ 88.4236227, 22.5736173 ], [ 88.423612, 22.5736258 ], [ 88.4235988, 22.5736305 ], [ 88.4235862, 22.573631 ], [ 88.423574, 22.5736279 ], [ 88.4235634, 22.5736216 ], [ 88.4235553, 22.5736126 ], [ 88.4235506, 22.5736018 ], [ 88.4235497, 22.5735902 ], [ 88.4235525, 22.5735788 ], [ 88.42356, 22.5735677 ], [ 88.4235711, 22.5735596 ], [ 88.4235845, 22.5735554 ], [ 88.4235987, 22.5735556 ] ] ] } },
{ "type": "Feature", "properties": { "element": "way", "id": 986997228, "man_made": "storage_tank", "name": null, "capacity": null, "content": "water", "opening_hours": null, "generator:method": null, "generator:output:electricity": null, "generator:source": null, "generator:type": null, "power": null, "operator": null, "source": null, "drinking_water": null, "emergency": null, "product": null, "building": "yes", "landuse": null, "industrial": null, "ref:LOCODE": null, "natural": null, "water": null, "wikimedia_commons": null, "description": null, "plant:method": null, "plant:output:electricity": null, "plant:source": null, "start_date": null, "wikidata": null, "wikipedia": null, "location": null, "tourism": null, "addr:state": null, "type": null }, "geometry": { "type": "Polygon", "coordinates": [ [ [ 88.4237391, 22.5736066 ], [ 88.4237523, 22.5736112 ], [ 88.4237631, 22.5736197 ], [ 88.4237701, 22.5736311 ], [ 88.4237725, 22.573644 ], [ 88.4237701, 22.5736569 ], [ 88.4237631, 22.5736682 ], [ 88.4237524, 22.5736768 ], [ 88.4237392, 22.5736814 ], [ 88.4237266, 22.5736819 ], [ 88.4237144, 22.5736789 ], [ 88.4237038, 22.5736725 ], [ 88.4236957, 22.5736635 ], [ 88.423691, 22.5736527 ], [ 88.42369, 22.5736411 ], [ 88.4236929, 22.5736298 ], [ 88.4237004, 22.5736186 ], [ 88.4237115, 22.5736105 ], [ 88.4237249, 22.5736063 ], [ 88.4237391, 22.5736066 ] ] ] } },
{ "type": "Feature", "properties": { "element": "way", "id": 1071300909, "man_made": "storage_tank", "name": null, "capacity": null, "content": "LPG", "opening_hours": null, "generator:method": null, "generator:output:electricity": null, "generator:source": null, "generator:type": null, "power": null, "operator": null, "source": null, "drinking_water": null, "emergency": null, "product": null, "building": null, "landuse": null, "industrial": null, "ref:LOCODE": null, "natural": null, "water": null, "wikimedia_commons": null, "description": null, "plant:method": null, "plant:output:electricity": null, "plant:source": null, "start_date": null, "wikidata": null, "wikipedia": null, "location": null, "tourism": null, "addr:state": null, "type": null }, "geometry": { "type": "Polygon", "coordinates": [ [ [ 88.4916256, 22.5613628 ], [ 88.4916162, 22.5613554 ], [ 88.4916088, 22.5613445 ], [ 88.4916028, 22.5613331 ], [ 88.4915994, 22.5613216 ], [ 88.4916168, 22.5613151 ], [ 88.4916192, 22.5613263 ], [ 88.4916239, 22.5613371 ], [ 88.4916309, 22.5613458 ], [ 88.4916383, 22.561352 ], [ 88.4916256, 22.5613628 ] ] ] } },
{ "type": "Feature", "properties": { "element": "way", "id": 1073372220, "man_made": "storage_tank", "name": null, "capacity": null, "content": "LPG", "opening_hours": null, "generator:method": null, "generator:output:electricity": null, "generator:source": null, "generator:type": null, "power": null, "operator": null, "source": null, "drinking_water": null, "emergency": null, "product": null, "building": null, "landuse": null, "industrial": null, "ref:LOCODE": null, "natural": null, "water": null, "wikimedia_commons": null, "description": null, "plant:method": null, "plant:output:electricity": null, "plant:source": null, "start_date": null, "wikidata": null, "wikipedia": null, "location": null, "tourism": null, "addr:state": null, "type": null }, "geometry": { "type": "Polygon", "coordinates": [ [ [ 88.4924067, 22.5632886 ], [ 88.4924145, 22.5632798 ], [ 88.4924262, 22.5632727 ], [ 88.4924384, 22.5632669 ], [ 88.4924507, 22.5632635 ], [ 88.4924582, 22.5632795 ], [ 88.4924461, 22.5632819 ], [ 88.4924345, 22.5632865 ], [ 88.4924252, 22.5632932 ], [ 88.4924187, 22.5633001 ], [ 88.4924067, 22.5632886 ] ] ] } },
{ "type": "Feature", "properties": { "element": "way", "id": 1073372221, "man_made": "storage_tank", "name": null, "capacity": null, "content": "LPG", "opening_hours": null, "generator:method": null, "generator:output:electricity": null, "generator:source": null, "generator:type": null, "power": null, "operator": null, "source": null, "drinking_water": null, "emergency": null, "product": null, "building": null, "landuse": null, "industrial": null, "ref:LOCODE": null, "natural": null, "water": null, "wikimedia_commons": null, "description": null, "plant:method": null, "plant:output:electricity": null, "plant:source": null, "start_date": null, "wikidata": null, "wikipedia": null, "location": null, "tourism": null, "addr:state": null, "type": null }, "geometry": { "type": "Polygon", "coordinates": [ [ [ 88.49061, 22.5634024 ], [ 88.4906197, 22.5634095 ], [ 88.4906276, 22.5634201 ], [ 88.490634, 22.5634313 ], [ 88.4906379, 22.5634426 ], [ 88.4906208, 22.5634498 ], [ 88.4906179, 22.5634387 ], [ 88.4906128, 22.563428 ], [ 88.4906054, 22.5634196 ], [ 88.4905978, 22.5634137 ], [ 88.49061, 22.5634024 ] ] ] } },
{ "type": "Feature", "properties": { "element": "way", "id": 1073372222, "man_made": "storage_tank", "name": null, "capacity": null, "content": "LPG", "opening_hours": null, "generator:method": null, "generator:output:electricity": null, "generator:source": null, "generator:type": null, "power": null, "operator": null, "source": null, "drinking_water": null, "emergency": null, "product": null, "building": null, "landuse": null, "industrial": null, "ref:LOCODE": null, "natural": null, "water": null, "wikimedia_commons": null, "description": null, "plant:method": null, "plant:output:electricity": null, "plant:source": null, "start_date": null, "wikidata": null, "wikipedia": null, "location": null, "tourism": null, "addr:state": null, "type": null }, "geometry": { "type": "Polygon", "coordinates": [ [ [ 88.4899616, 22.5624022 ], [ 88.4899717, 22.5624088 ], [ 88.4899802, 22.562419 ], [ 88.4899873, 22.5624298 ], [ 88.4899918, 22.562441 ], [ 88.4899751, 22.5624489 ], [ 88.4899716, 22.562438 ], [ 88.4899659, 22.5624276 ], [ 88.489958, 22.5624196 ], [ 88.48995, 22.562414 ], [ 88.4899616, 22.5624022 ] ] ] } },
{ "type": "Feature", "properties": { "element": "way", "id": 1148437513, "man_made": null, "name": "HM FACTORY", "capacity": null, "content": null, "opening_hours": null, "generator:method": null, "generator:output:electricity": null, "generator:source": null, "generator:type": null, "power": null, "operator": null, "source": null, "drinking_water": null, "emergency": null, "product": null, "building": null, "landuse": "industrial", "industrial": "factory", "ref:LOCODE": null, "natural": null, "water": null, "wikimedia_commons": null, "description": null, "plant:method": null, "plant:output:electricity": null, "plant:source": null, "start_date": null, "wikidata": null, "wikipedia": null, "location": null, "tourism": null, "addr:state": null, "type": null }, "geometry": { "type": "Polygon", "coordinates": [ [ [ 88.337069, 22.6835821 ], [ 88.3370877, 22.6831684 ], [ 88.3386755, 22.6830909 ], [ 88.3385914, 22.6810657 ], [ 88.3406742, 22.6809796 ], [ 88.3408237, 22.6829961 ], [ 88.3409825, 22.6830995 ], [ 88.3409825, 22.6834356 ], [ 88.3390958, 22.6835218 ], [ 88.337069, 22.6835821 ] ] ] } },
{ "type": "Feature", "properties": { "element": "way", "id": 1157886184, "man_made": null, "name": null, "capacity": null, "content": null, "opening_hours": null, "generator:method": "photovoltaic", "generator:output:electricity": "yes", "generator:source": "solar", "generator:type": "solar_photovoltaic_panel", "power": "generator", "operator": null, "source": null, "drinking_water": null, "emergency": null, "product": null, "building": null, "landuse": null, "industrial": null, "ref:LOCODE": null, "natural": null, "water": null, "wikimedia_commons": null, "description": null, "plant:method": null, "plant:output:electricity": null, "plant:source": null, "start_date": null, "wikidata": null, "wikipedia": null, "location": null, "tourism": null, "addr:state": null, "type": null }, "geometry": { "type": "Polygon", "coordinates": [ [ [ 88.4612529, 22.6084577 ], [ 88.4612516, 22.6084113 ], [ 88.4612911, 22.6084107 ], [ 88.4612911, 22.6084577 ], [ 88.4612529, 22.6084577 ] ] ] } },
{ "type": "Feature", "properties": { "element": "way", "id": 1158201996, "man_made": null, "name": "Solar Dome", "capacity": null, "content": null, "opening_hours": null, "generator:method": "photovoltaic", "generator:output:electricity": "180 kW", "generator:source": "solar", "generator:type": "solar_photovoltaic_panel", "power": "generator", "operator": null, "source": null, "drinking_water": null, "emergency": null, "product": null, "building": "yes", "landuse": null, "industrial": null, "ref:LOCODE": null, "natural": null, "water": null, "wikimedia_commons": null, "description": null, "plant:method": null, "plant:output:electricity": null, "plant:source": null, "start_date": null, "wikidata": null, "wikipedia": null, "location": "roof", "tourism": "museum", "addr:state": null, "type": null }, "geometry": { "type": "Polygon", "coordinates": [ [ [ 88.4651756, 22.6022098 ], [ 88.4651656, 22.6022532 ], [ 88.4651656, 22.6022976 ], [ 88.4651756, 22.602341 ], [ 88.4651951, 22.6023815 ], [ 88.4652234, 22.6024174 ], [ 88.4652591, 22.6024471 ], [ 88.4653007, 22.6024693 ], [ 88.4653464, 22.602483 ], [ 88.4653942, 22.6024876 ], [ 88.465442, 22.602483 ], [ 88.4654877, 22.6024693 ], [ 88.4655293, 22.6024471 ], [ 88.465565, 22.6024174 ], [ 88.4655933, 22.6023816 ], [ 88.4656128, 22.602341 ], [ 88.4656228, 22.6022976 ], [ 88.4656228, 22.6022533 ], [ 88.4656129, 22.6022099 ], [ 88.4655933, 22.6021694 ], [ 88.4655651, 22.6021335 ], [ 88.4655294, 22.6021038 ], [ 88.4654878, 22.6020816 ], [ 88.4654421, 22.6020679 ], [ 88.4653943, 22.6020632 ], [ 88.4653465, 22.6020678 ], [ 88.4653008, 22.6020815 ], [ 88.4652592, 22.6021037 ], [ 88.4652234, 22.6021334 ], [ 88.4651952, 22.6021693 ], [ 88.4651756, 22.6022098 ] ] ] } },
{ "type": "Feature", "properties": { "element": "way", "id": 1158240664, "man_made": null, "name": null, "capacity": null, "content": null, "opening_hours": null, "generator:method": "photovoltaic", "generator:output:electricity": "yes", "generator:source": "solar", "generator:type": "solar_photovoltaic_panel", "power": "generator", "operator": null, "source": null, "drinking_water": null, "emergency": null, "product": null, "building": null, "landuse": null, "industrial": null, "ref:LOCODE": null, "natural": null, "water": null, "wikimedia_commons": null, "description": null, "plant:method": null, "plant:output:electricity": null, "plant:source": null, "start_date": null, "wikidata": null, "wikipedia": null, "location": null, "tourism": null, "addr:state": null, "type": null }, "geometry": { "type": "Polygon", "coordinates": [ [ [ 88.462504, 22.6098008 ], [ 88.4641658, 22.6103019 ], [ 88.4641251, 22.6104171 ], [ 88.4624632, 22.609916 ], [ 88.462504, 22.6098008 ] ] ] } },
{ "type": "Feature", "properties": { "element": "way", "id": 1158240665, "man_made": null, "name": null, "capacity": null, "content": null, "opening_hours": null, "generator:method": "photovoltaic", "generator:output:electricity": "yes", "generator:source": "solar", "generator:type": "solar_photovoltaic_panel", "power": "generator", "operator": null, "source": null, "drinking_water": null, "emergency": null, "product": null, "building": null, "landuse": null, "industrial": null, "ref:LOCODE": null, "natural": null, "water": null, "wikimedia_commons": null, "description": null, "plant:method": null, "plant:output:electricity": null, "plant:source": null, "start_date": null, "wikidata": null, "wikipedia": null, "location": null, "tourism": null, "addr:state": null, "type": null }, "geometry": { "type": "Polygon", "coordinates": [ [ [ 88.4612668, 22.609424 ], [ 88.4622263, 22.6097186 ], [ 88.4621844, 22.6098348 ], [ 88.461225, 22.6095401 ], [ 88.4612668, 22.609424 ] ] ] } },
{ "type": "Feature", "properties": { "element": "way", "id": 1167786504, "man_made": null, "name": "Joka Bus Depot", "capacity": null, "content": null, "opening_hours": null, "generator:method": null, "generator:output:electricity": null, "generator:source": null, "generator:type": null, "power": null, "operator": null, "source": null, "drinking_water": null, "emergency": null, "product": null, "building": null, "landuse": "industrial", "industrial": "depot", "ref:LOCODE": null, "natural": null, "water": null, "wikimedia_commons": null, "description": null, "plant:method": null, "plant:output:electricity": null, "plant:source": null, "start_date": null, "wikidata": null, "wikipedia": null, "location": null, "tourism": null, "addr:state": null, "type": null }, "geometry": { "type": "Polygon", "coordinates": [ [ [ 88.2992985, 22.4508227 ], [ 88.3002239, 22.4504211 ], [ 88.3000898, 22.4501137 ], [ 88.2991935, 22.4504681 ], [ 88.2992218, 22.4505301 ], [ 88.2991682, 22.450551 ], [ 88.2992985, 22.4508227 ] ] ] } },
{ "type": "Feature", "properties": { "element": "way", "id": 1229644691, "man_made": "storage_tank", "name": null, "capacity": null, "content": "water", "opening_hours": null, "generator:method": null, "generator:output:electricity": null, "generator:source": null, "generator:type": null, "power": null, "operator": null, "source": null, "drinking_water": null, "emergency": null, "product": null, "building": null, "landuse": null, "industrial": null, "ref:LOCODE": null, "natural": null, "water": null, "wikimedia_commons": null, "description": null, "plant:method": null, "plant:output:electricity": null, "plant:source": null, "start_date": null, "wikidata": null, "wikipedia": null, "location": null, "tourism": null, "addr:state": null, "type": null }, "geometry": { "type": "Polygon", "coordinates": [ [ [ 88.371078, 22.7227271 ], [ 88.3710814, 22.722759 ], [ 88.3710737, 22.7227902 ], [ 88.3710557, 22.7228175 ], [ 88.3710293, 22.7228383 ], [ 88.3709971, 22.7228502 ], [ 88.3709624, 22.7228522 ], [ 88.3709289, 22.7228439 ], [ 88.3708982, 22.7228248 ], [ 88.3708762, 22.7227973 ], [ 88.3708656, 22.7227646 ], [ 88.3708675, 22.7227305 ], [ 88.3708818, 22.722699 ], [ 88.3709067, 22.7226737 ], [ 88.3709394, 22.7226577 ], [ 88.3709761, 22.7226527 ], [ 88.3710102, 22.7226587 ], [ 88.3710405, 22.7226743 ], [ 88.3710639, 22.7226979 ], [ 88.371078, 22.7227271 ] ] ] } },
{ "type": "Feature", "properties": { "element": "way", "id": 1301952810, "man_made": "storage_tank", "name": "4 No Water Tank", "capacity": null, "content": "water", "opening_hours": null, "generator:method": null, "generator:output:electricity": null, "generator:source": null, "generator:type": null, "power": null, "operator": "NKDA", "source": null, "drinking_water": null, "emergency": null, "product": null, "building": "storage_tank", "landuse": null, "industrial": null, "ref:LOCODE": null, "natural": null, "water": null, "wikimedia_commons": null, "description": null, "plant:method": null, "plant:output:electricity": null, "plant:source": null, "start_date": null, "wikidata": null, "wikipedia": null, "location": null, "tourism": null, "addr:state": "WB", "type": null }, "geometry": { "type": "Polygon", "coordinates": [ [ [ 88.4678529, 22.5828979 ], [ 88.4678225, 22.5829172 ], [ 88.4678088, 22.5829418 ], [ 88.4678009, 22.5829713 ], [ 88.4678042, 22.5830015 ], [ 88.4678181, 22.583029 ], [ 88.4678412, 22.5830507 ], [ 88.4678708, 22.583064 ], [ 88.4679015, 22.5830676 ], [ 88.4679319, 22.5830621 ], [ 88.4679589, 22.583048 ], [ 88.4679797, 22.5830269 ], [ 88.4679924, 22.5830008 ], [ 88.4679955, 22.5829723 ], [ 88.4679888, 22.5829444 ], [ 88.4679729, 22.5829199 ], [ 88.4679478, 22.5829002 ], [ 88.4679171, 22.5828893 ], [ 88.4678842, 22.5828886 ], [ 88.4678529, 22.5828979 ] ] ] } },
{ "type": "Feature", "properties": { "element": "way", "id": 1410016496, "man_made": "storage_tank", "name": null, "capacity": null, "content": "water", "opening_hours": null, "generator:method": null, "generator:output:electricity": null, "generator:source": null, "generator:type": null, "power": null, "operator": null, "source": null, "drinking_water": null, "emergency": null, "product": null, "building": null, "landuse": null, "industrial": null, "ref:LOCODE": null, "natural": null, "water": null, "wikimedia_commons": null, "description": null, "plant:method": null, "plant:output:electricity": null, "plant:source": null, "start_date": null, "wikidata": null, "wikipedia": null, "location": null, "tourism": null, "addr:state": null, "type": null }, "geometry": { "type": "Polygon", "coordinates": [ [ [ 88.4644005, 22.6819356 ], [ 88.4643721, 22.6819443 ], [ 88.4643485, 22.6819612 ], [ 88.4643323, 22.6819844 ], [ 88.4643252, 22.6820113 ], [ 88.4643282, 22.6820388 ], [ 88.4643409, 22.6820638 ], [ 88.4643618, 22.6820835 ], [ 88.4643876, 22.6820955 ], [ 88.4644162, 22.6820992 ], [ 88.4644446, 22.6820944 ], [ 88.4644698, 22.6820814 ], [ 88.4644892, 22.6820616 ], [ 88.4645008, 22.6820372 ], [ 88.4645032, 22.6820107 ], [ 88.4644964, 22.6819848 ], [ 88.464481, 22.6819622 ], [ 88.4644586, 22.6819454 ], [ 88.4644305, 22.6819359 ], [ 88.4644005, 22.6819356 ] ] ] } },
{ "type": "Feature", "properties": { "element": "way", "id": 1436399816, "man_made": null, "name": "All India Food Corporation", "capacity": null, "content": null, "opening_hours": null, "generator:method": null, "generator:output:electricity": null, "generator:source": null, "generator:type": null, "power": null, "operator": null, "source": null, "drinking_water": null, "emergency": null, "product": null, "building": null, "landuse": "industrial", "industrial": "storage", "ref:LOCODE": null, "natural": null, "water": null, "wikimedia_commons": null, "description": null, "plant:method": null, "plant:output:electricity": null, "plant:source": null, "start_date": null, "wikidata": null, "wikipedia": null, "location": null, "tourism": null, "addr:state": null, "type": null }, "geometry": { "type": "Polygon", "coordinates": [ [ [ 88.3453936, 22.7434236 ], [ 88.3452916, 22.743201 ], [ 88.3464718, 22.7427755 ], [ 88.3465415, 22.7429982 ], [ 88.3453936, 22.7434236 ] ] ] } },
{ "type": "Feature", "properties": { "element": "way", "id": 1462036794, "man_made": null, "name": "Hindustan Engineering & Industries Limited (HEIL)", "capacity": null, "content": null, "opening_hours": null, "generator:method": null, "generator:output:electricity": null, "generator:source": null, "generator:type": null, "power": null, "operator": null, "source": null, "drinking_water": null, "emergency": null, "product": null, "building": null, "landuse": "industrial", "industrial": "factory", "ref:LOCODE": null, "natural": null, "water": null, "wikimedia_commons": null, "description": null, "plant:method": null, "plant:output:electricity": null, "plant:source": null, "start_date": null, "wikidata": null, "wikipedia": null, "location": null, "tourism": null, "addr:state": null, "type": null }, "geometry": { "type": "Polygon", "coordinates": [ [ [ 88.3734715, 22.5338241 ], [ 88.3738781, 22.5337659 ], [ 88.3738348, 22.5331723 ], [ 88.374149, 22.5331217 ], [ 88.3740925, 22.5324209 ], [ 88.374183, 22.5324091 ], [ 88.3741748, 22.5323414 ], [ 88.3747833, 22.5322338 ], [ 88.3747454, 22.531035 ], [ 88.3739342, 22.5310412 ], [ 88.3738778, 22.530424 ], [ 88.3731242, 22.5304928 ], [ 88.3734715, 22.5338241 ] ] ] } },
{ "type": "Feature", "properties": { "element": "way", "id": 1532937833, "man_made": "gasometer", "name": null, "capacity": null, "content": null, "opening_hours": null, "generator:method": null, "generator:output:electricity": null, "generator:source": null, "generator:type": null, "power": null, "operator": null, "source": null, "drinking_water": null, "emergency": null, "product": null, "building": "yes", "landuse": null, "industrial": null, "ref:LOCODE": null, "natural": null, "water": null, "wikimedia_commons": null, "description": null, "plant:method": null, "plant:output:electricity": null, "plant:source": null, "start_date": null, "wikidata": null, "wikipedia": null, "location": null, "tourism": null, "addr:state": null, "type": null }, "geometry": { "type": "Polygon", "coordinates": [ [ [ 88.311338, 22.7883786 ], [ 88.3113542, 22.7883763 ], [ 88.3113705, 22.7883703 ], [ 88.3113802, 22.7883636 ], [ 88.3113892, 22.7883523 ], [ 88.3113957, 22.7883381 ], [ 88.311395, 22.7883238 ], [ 88.3113933, 22.7883073 ], [ 88.3113876, 22.7882946 ], [ 88.3113754, 22.7882819 ], [ 88.3113591, 22.7882736 ], [ 88.3113437, 22.7882736 ], [ 88.3113282, 22.7882736 ], [ 88.3113095, 22.7882796 ], [ 88.3112981, 22.7882901 ], [ 88.3112884, 22.7883036 ], [ 88.3112859, 22.7883223 ], [ 88.3112867, 22.7883411 ], [ 88.3112941, 22.7883553 ], [ 88.311303, 22.7883643 ], [ 88.311316, 22.7883741 ], [ 88.311338, 22.7883786 ] ] ] } },
{ "type": "Feature", "properties": { "element": "way", "id": 1532937834, "man_made": "gasometer", "name": null, "capacity": null, "content": null, "opening_hours": null, "generator:method": null, "generator:output:electricity": null, "generator:source": null, "generator:type": null, "power": null, "operator": null, "source": null, "drinking_water": null, "emergency": null, "product": null, "building": "yes", "landuse": null, "industrial": null, "ref:LOCODE": null, "natural": null, "water": null, "wikimedia_commons": null, "description": null, "plant:method": null, "plant:output:electricity": null, "plant:source": null, "start_date": null, "wikidata": null, "wikipedia": null, "location": null, "tourism": null, "addr:state": null, "type": null }, "geometry": { "type": "Polygon", "coordinates": [ [ [ 88.3114607, 22.7883274 ], [ 88.3114627, 22.788336 ], [ 88.311466, 22.7883427 ], [ 88.3114684, 22.7883499 ], [ 88.3114745, 22.7883555 ], [ 88.3114806, 22.7883611 ], [ 88.3114867, 22.7883656 ], [ 88.3114938, 22.7883694 ], [ 88.3115005, 22.7883723 ], [ 88.3115066, 22.7883746 ], [ 88.3115135, 22.7883753 ], [ 88.31152, 22.7883753 ], [ 88.3115278, 22.788375 ], [ 88.3115347, 22.7883731 ], [ 88.3115424, 22.7883708 ], [ 88.3115505, 22.7883682 ], [ 88.3115554, 22.7883652 ], [ 88.3115615, 22.7883607 ], [ 88.3115656, 22.7883562 ], [ 88.3115696, 22.7883514 ], [ 88.3115745, 22.7883446 ], [ 88.3115766, 22.7883364 ], [ 88.3115774, 22.7883266 ], [ 88.3115761, 22.788318 ], [ 88.3115761, 22.788312 ], [ 88.3115729, 22.7883019 ], [ 88.3115684, 22.788294 ], [ 88.3115631, 22.7882873 ], [ 88.3115566, 22.7882816 ], [ 88.3115481, 22.788276 ], [ 88.3115404, 22.7882715 ], [ 88.3115302, 22.7882689 ], [ 88.3115196, 22.7882696 ], [ 88.3115119, 22.78827 ], [ 88.311505, 22.7882715 ], [ 88.3114977, 22.788273 ], [ 88.3114916, 22.7882756 ], [ 88.3114839, 22.7882794 ], [ 88.3114765, 22.7882839 ], [ 88.3114696, 22.7882921 ], [ 88.3114631, 22.7883026 ], [ 88.3114602, 22.7883139 ], [ 88.3114607, 22.7883274 ] ] ] } },
{ "type": "Feature", "properties": { "element": "way", "id": 1532937835, "man_made": "gasometer", "name": null, "capacity": null, "content": null, "opening_hours": null, "generator:method": null, "generator:output:electricity": null, "generator:source": null, "generator:type": null, "power": null, "operator": null, "source": null, "drinking_water": null, "emergency": null, "product": null, "building": "yes", "landuse": null, "industrial": null, "ref:LOCODE": null, "natural": null, "water": null, "wikimedia_commons": null, "description": null, "plant:method": null, "plant:output:electricity": null, "plant:source": null, "start_date": null, "wikidata": null, "wikipedia": null, "location": null, "tourism": null, "addr:state": null, "type": null }, "geometry": { "type": "Polygon", "coordinates": [ [ [ 88.311865, 22.7883489 ], [ 88.3118703, 22.7883512 ], [ 88.311879, 22.7883541 ], [ 88.3118876, 22.7883575 ], [ 88.3118968, 22.7883598 ], [ 88.3119061, 22.788362 ], [ 88.3119153, 22.7883632 ], [ 88.3119252, 22.7883637 ], [ 88.3119344, 22.7883637 ], [ 88.3119437, 22.7883626 ], [ 88.3119554, 22.7883603 ], [ 88.3119671, 22.7883569 ], [ 88.3119794, 22.7883518 ], [ 88.3119911, 22.7883467 ], [ 88.312001, 22.7883427 ], [ 88.3120084, 22.7883399 ], [ 88.3120151, 22.7883336 ], [ 88.3120231, 22.7883297 ], [ 88.3120287, 22.788324 ], [ 88.3120342, 22.7883177 ], [ 88.3120404, 22.7883092 ], [ 88.3120466, 22.788299 ], [ 88.3120503, 22.788291 ], [ 88.3120552, 22.7882808 ], [ 88.3120577, 22.7882683 ], [ 88.3120595, 22.7882598 ], [ 88.3120614, 22.7882501 ], [ 88.3120614, 22.788241 ], [ 88.3120595, 22.788228 ], [ 88.3120564, 22.7882104 ], [ 88.3120521, 22.7881984 ], [ 88.3120466, 22.7881871 ], [ 88.3120384, 22.7881735 ], [ 88.3120319, 22.788165 ], [ 88.3120214, 22.7881555 ], [ 88.3120111, 22.7881465 ], [ 88.3119971, 22.7881379 ], [ 88.3119836, 22.7881305 ], [ 88.31197, 22.7881249 ], [ 88.3119546, 22.7881206 ], [ 88.311942, 22.7881193 ], [ 88.311928, 22.7881198 ], [ 88.3119098, 22.7881228 ], [ 88.3118981, 22.7881241 ], [ 88.3118869, 22.7881275 ], [ 88.3118761, 22.7881318 ], [ 88.3118677, 22.7881353 ], [ 88.3118598, 22.78814 ], [ 88.3118537, 22.7881447 ], [ 88.3118463, 22.7881495 ], [ 88.3118407, 22.7881538 ], [ 88.3118341, 22.7881594 ], [ 88.3118266, 22.788165 ], [ 88.3118197, 22.7881717 ], [ 88.3118152, 22.788177 ], [ 88.31181, 22.7881831 ], [ 88.3118063, 22.7881889 ], [ 88.3118033, 22.7881973 ], [ 88.3118014, 22.7882024 ], [ 88.3117991, 22.788211 ], [ 88.3117968, 22.7882184 ], [ 88.3117963, 22.788227 ], [ 88.3117949, 22.7882382 ], [ 88.3117949, 22.7882459 ], [ 88.3117954, 22.7882588 ], [ 88.3117972, 22.7882696 ], [ 88.3118, 22.7882778 ], [ 88.3118028, 22.788286 ], [ 88.3118066, 22.7882937 ], [ 88.3118112, 22.7883002 ], [ 88.3118168, 22.7883084 ], [ 88.311822, 22.7883144 ], [ 88.3118266, 22.7883217 ], [ 88.3118332, 22.7883282 ], [ 88.3118393, 22.7883333 ], [ 88.3118453, 22.7883376 ], [ 88.3118514, 22.7883411 ], [ 88.3118579, 22.7883454 ], [ 88.311865, 22.7883489 ] ] ] } },
{ "type": "Feature", "properties": { "element": "way", "id": 1547427679, "man_made": "works", "name": "Garage", "capacity": null, "content": null, "opening_hours": null, "generator:method": null, "generator:output:electricity": null, "generator:source": null, "generator:type": null, "power": null, "operator": null, "source": null, "drinking_water": null, "emergency": null, "product": "car,Truck", "building": null, "landuse": null, "industrial": null, "ref:LOCODE": null, "natural": null, "water": null, "wikimedia_commons": null, "description": null, "plant:method": null, "plant:output:electricity": null, "plant:source": null, "start_date": null, "wikidata": null, "wikipedia": null, "location": null, "tourism": null, "addr:state": null, "type": null }, "geometry": { "type": "Polygon", "coordinates": [ [ [ 88.3886348, 22.7702001 ], [ 88.3887201, 22.7704188 ], [ 88.3888946, 22.7703609 ], [ 88.3888092, 22.7701422 ], [ 88.3887298, 22.7701686 ], [ 88.3886348, 22.7702001 ] ] ] } }
]
}
